doc,sentence_id,election,year,party,sentence
EELV_2019,EELV_2019_1,EURO,2019,EELV,LE PLAN D’ACTION DES ÉCOLOGISTES POUR L’EUROPE.
EELV_2019,EELV_2019_2,EURO,2019,EELV,Election européenne du 26 mai 2019.
EELV_2019,EELV_2019_3,EURO,2019,EELV,Qu'est-ce qu'on attend pour tout changer.  #toutcommenceavecvous pourleclimat/eu.
EELV_2019,EELV_2019_4,EURO,2019,EELV,Europe-Ecologie-Les-Verts.
EELV_2019,EELV_2019_5,EURO,2019,EELV,2019 - 2024 : COMMENT TOUT A CHANGÉ.
EELV_2019,EELV_2019_6,EURO,2019,EELV,RETOUR SUR LES CINQ ANS QUI ONT SAUVÉ LE CLIMAT.
EELV_2019,EELV_2019_7,EURO,2019,EELV,Nous sommes en 2024.
EELV_2019,EELV_2019_8,EURO,2019,EELV,"Cinq ans plus tôt, on pensait que la planète allait mourir, que le climat était fichu."
EELV_2019,EELV_2019_9,EURO,2019,EELV,"Pourtant, en écho aux mouvements citoyens qui voulaient sauver le climat, un sursaut a eu lieu."
EELV_2019,EELV_2019_10,EURO,2019,EELV,Tout n’est pas gagné mais tout est redevenu possible.
EELV_2019,EELV_2019_11,EURO,2019,EELV,Que s’est-il passé ?
EELV_2019,EELV_2019_12,EURO,2019,EELV,"Cinq ans après les élections de 2019 et à l’aube des prochaines, retour en douze étapes sur le quinquennat européen qui a sauvé le climat."
EELV_2019,EELV_2019_13,EURO,2019,EELV,"Mai 2019 Il y avait eu quelques signes avant-coureurs, des succès en Belgique, en Allemagne, ou encore au Luxembourg."
EELV_2019,EELV_2019_14,EURO,2019,EELV,Le scrutin du 26 mai fait la bascule.
EELV_2019,EELV_2019_15,EURO,2019,EELV,Les partis écologistes réalisent des scores importants et établissent un rapport de force qui leur permet enfin de peser.
EELV_2019,EELV_2019_16,EURO,2019,EELV,La majorité du Parlement européen apporte espoir et nouveauté.
EELV_2019,EELV_2019_17,EURO,2019,EELV,"Avec 72,1% de participation à l’élection, les Européen.ne.s ne se sont jamais autant mobilisé.e.s pour élire leurs représentant.e.s."
EELV_2019,EELV_2019_18,EURO,2019,EELV,"Sans doute parce que, les années précédentes, les inquiétudes écologiques, sociales et démocratiques avaient déjà secoué le vieux continent."
EELV_2019,EELV_2019_19,EURO,2019,EELV,"En France, les écologistes ont fait campagne pour un traité environnemental européen, qui fait de l’écologie la norme juridique supérieure et tourne le dos à la logique productiviste des anciens traités."
EELV_2019,EELV_2019_20,EURO,2019,EELV,"Juillet 2019 Le Parlement européen affiche un visage inédit, rajeuni et féminisé."
EELV_2019,EELV_2019_21,EURO,2019,EELV,"Le discours inaugural accueille Greta Thunberg, jeune activiste climatique suédoise."
EELV_2019,EELV_2019_22,EURO,2019,EELV,Elle a tout juste 16 ans.
EELV_2019,EELV_2019_23,EURO,2019,EELV,"Alors que les mouvements de jeunesse pour le climat se sont multipliés les semaines précédentes, elle invite la nouvelle assemblée à mesurer sa responsabilité vis-à-vis des générations futures."
EELV_2019,EELV_2019_24,EURO,2019,EELV,"Loin de céder aux habituelles transactions qui voient la droite et la gauche procéder à des alliances confuses, les écologistes défendent l’idée d’une coalition pour le climat et présentent une feuille de route ambitieuse."
EELV_2019,EELV_2019_25,EURO,2019,EELV,Les écologistes sont désormais une force incontournable.
EELV_2019,EELV_2019_26,EURO,2019,EELV,"Ils sortent l’Europe des rancoeurs passéistes et des débats obsessionnels sur les restrictions budgétaires, les questions identitaires et la remise en cause de l’État de droit."
EELV_2019,EELV_2019_27,EURO,2019,EELV,"Pour la première fois dans l’histoire de l’Union, les parlementaires élisent un duo mixte à la tête de la Commission européenne."
EELV_2019,EELV_2019_28,EURO,2019,EELV,Les deux institutions se mettent au travail.
EELV_2019,EELV_2019_29,EURO,2019,EELV,Octobre 2019 Les premières mesures d’urgence sont votées.
EELV_2019,EELV_2019_30,EURO,2019,EELV,La Haute Autorité de la Transparence voit le jour.
EELV_2019,EELV_2019_31,EURO,2019,EELV,"Elle garantit l’indépendance des institutions, des agents publics et des élu.e.s vis-à-vis des intérêts privés."
EELV_2019,EELV_2019_32,EURO,2019,EELV,On tourne la page de l’opacité des lobbies.
EELV_2019,EELV_2019_33,EURO,2019,EELV,Les lanceurs et les lanceuses d’alerte bénéficient enfin d’une protection digne de ce nom.
EELV_2019,EELV_2019_34,EURO,2019,EELV,"Dans la foulée, deux autres changements majeurs entrent en vigueur : la transparence de l’utilisation des fonds de l’Union et la possibilité de poursuivre les gouvernements qui ne respectent pas l’État de droit."
EELV_2019,EELV_2019_35,EURO,2019,EELV,"Concrètement, en cas de manquements, les pays voient une partie de leurs subventions européennes gelées, puis redirigées vers les structures qui oeuvrent à préserver la démocratie sur leurs territoires."
EELV_2019,EELV_2019_36,EURO,2019,EELV,Janvier 2020 Le Parlement et la Commission recueillent les résultats des débats organisés partout dans les territoires à la rentrée précédente pour alimenter leur travail.
EELV_2019,EELV_2019_37,EURO,2019,EELV,"L’ouverture du droit de vote à partir de 16 ans ramène dans le jeu public la jeunesse européenne, galvanisée à l’idée de refonder l’Europe autour d’un projet commun."
EELV_2019,EELV_2019_38,EURO,2019,EELV,La génération climat entre en scène.
EELV_2019,EELV_2019_39,EURO,2019,EELV,Avril 2020 Le changement s’accélère : le budget de l’Union passe de 1% à 5% du PIB européen grâce à l’instauration d’une taxe sur les transactions financières.
EELV_2019,EELV_2019_40,EURO,2019,EELV,"Priorité de l’Union : le bien-être social et environnemental, un engagement pris devant les citoyennes et les citoyens pendant la campagne de 2019."
EELV_2019,EELV_2019_41,EURO,2019,EELV,"Octobre 2020 Le Plan d’investissement massif pour le climat, à visée écologique et sociale est prêt."
EELV_2019,EELV_2019_42,EURO,2019,EELV,"Chaque année et pendant dix ans, 100 milliards d’euros seront investis pour l’emploi et la transition écologique."
EELV_2019,EELV_2019_43,EURO,2019,EELV,"Un projet financé via la Banque Centrale Européenne grâce à l’arrêt du financement du système bancaire, à la Banque Européenne d’Investissement, à l’incitation aux investissements privés et aux ressources propres de l’Union en pleine forme grâce à la taxe sur les transactions financières."
EELV_2019,EELV_2019_44,EURO,2019,EELV,Jamais un montant aussi élevé n’avait été mobilisé pour répondre à la fois à l’urgence environnementale et aux objectifs de service public et de lutte contre la précarité.
EELV_2019,EELV_2019_45,EURO,2019,EELV,La transition écologique européenne est sociale.
EELV_2019,EELV_2019_46,EURO,2019,EELV,L’économie se transforme en profondeur notamment grâce aux grands plans de formation pour les travailleurs et travailleuses européen.ne.s.
EELV_2019,EELV_2019_47,EURO,2019,EELV,"Les grands groupes se réorientent, leurs commandes aussi : les TPE et PME sont dans les starting-blocks pour répondre à ces nouvelles demandes."
EELV_2019,EELV_2019_48,EURO,2019,EELV,"Pour qui a connu les années de chômage précédentes, c’est le monde à l’envers : les analystes prévoient la création de 6 millions d’emplois dans l’Union, les salaires augmentent et les mêmes éditorialistes qui se lamentaient sur l’absence de travail en viennent à redouter une pénurie de main d’oeuvre."
EELV_2019,EELV_2019_49,EURO,2019,EELV,"Fin 2020 Sous l’impulsion des écologistes, le Parlement Européen propose enfin une refondation complète de la politique agricole commune à l’occasion du budget de la PAC pour la période 2020-2026 : la fameuse Politique Agricole et Alimentaire Commune (PAAC)."
EELV_2019,EELV_2019_50,EURO,2019,EELV,"Ambition, montrer que la préservation de l’environnement crée des emplois."
EELV_2019,EELV_2019_51,EURO,2019,EELV,"Le volet est triple : social (on apporte des réponses aux difficultés du monde agricole et on crée des emplois), sanitaire (on protège la santé des producteurs. trices et des consommateurs.trices), et évidemment environnemental."
EELV_2019,EELV_2019_52,EURO,2019,EELV,Les subventions vont d’abord aux petites exploitations et à l’agriculture biologique pour assurer des revenus décents et des produits de qualité.
EELV_2019,EELV_2019_53,EURO,2019,EELV,L’agriculture européenne doit devenir 100% biologique et locale d’ici 2050.
EELV_2019,EELV_2019_54,EURO,2019,EELV,Janvier 2021 Le Traité pour la refondation de l’Europe est adopté.
EELV_2019,EELV_2019_55,EURO,2019,EELV,C’était une promesse de campagne des écologistes pour permettre à l’Europe de devenir le continent moteur de la transition écologique.
EELV_2019,EELV_2019_56,EURO,2019,EELV,"Les débats citoyens ont duré un an, pour enclencher un nouveau cycle historique."
EELV_2019,EELV_2019_57,EURO,2019,EELV,C’est un enjeu civilisationnel : les droits du vivant sont garantis.
EELV_2019,EELV_2019_58,EURO,2019,EELV,"Les crimes contre la nature, les écocides, sont enfin reconnus."
EELV_2019,EELV_2019_59,EURO,2019,EELV,Le principe de sobriété d’exposition porté par le traité environnemental protège la santé des populations.
EELV_2019,EELV_2019_60,EURO,2019,EELV,L’argent n’est plus la mesure de toute chose : la marchandisation du monde se voit opposer un texte fondamental européen qui refuse que la logique du marché soit notre loi commune.
EELV_2019,EELV_2019_61,EURO,2019,EELV,Mars 2021 Le Traité environnemental entre en vigueur au grand dam des industries chimiques et pétrolières dont le lobbying est impressionnant.
EELV_2019,EELV_2019_62,EURO,2019,EELV,La situation les rend nerveuses : elles ont déjà perdu leurs subventions dans le cadre du Plan d’investissement écologique.
EELV_2019,EELV_2019_63,EURO,2019,EELV,Les échanges sont vifs avec les associations de victimes du glyphosate ou de riverain.e.s des centrales à charbons.
EELV_2019,EELV_2019_64,EURO,2019,EELV,Le vote entérine des critères de convergence écologique.
EELV_2019,EELV_2019_65,EURO,2019,EELV,"Ce sont eux qui, depuis, matérialisent les objectifs de préservation de la santé et de l’environnement pour les citoyen.ne.s européen.ne.s, tout en empêchant le dumping environnemental et sanitaire des grands groupes continentaux."
EELV_2019,EELV_2019_66,EURO,2019,EELV,"2022 Lors des élections en Hongrie, les partis europhobes et anti-démocratiques s’effondrent."
EELV_2019,EELV_2019_67,EURO,2019,EELV,La réussite des politiques sociales et environnementales de l’Union européenne a mobilisé les électeurs et les électrices.
EELV_2019,EELV_2019_68,EURO,2019,EELV,Leur soutien au dynamisme démocratique et les garanties apportées aux droits de l’opposition ont permis le reste.
EELV_2019,EELV_2019_69,EURO,2019,EELV,2023 L’Europe fait face à une vague de froid historique jusqu’au Sud de la Méditerranée et en Asie centrale.
EELV_2019,EELV_2019_70,EURO,2019,EELV,"Quelques années plus tôt, on aurait redouté la pénurie d’énergie, la paralysie des transports et on se serait inquiété des familles en situation de précarité énergétique, surtout avec la suspension des exportations d’énergie de la Russie qui répondait d’abord à sa demande intérieure."
EELV_2019,EELV_2019_71,EURO,2019,EELV,"Mais, au retour du printemps, on constate que l’économie européenne n’a pas été paralysée."
EELV_2019,EELV_2019_72,EURO,2019,EELV,"Les transports ferroviaires locaux ont continué de circuler et, grâce aux programmes de rénovation thermique prévus par le Plan d’investissement écologique, la facture énergétique des ménages n’a pas flambé autant qu’on le craignait."
EELV_2019,EELV_2019_73,EURO,2019,EELV,Les systèmes énergétiques européens sont désormais interconnectés et reposent largement sur une production d’énergie locale et renouvelable.
EELV_2019,EELV_2019_74,EURO,2019,EELV,On table sur une décarbonation complète d’ici 2050.
EELV_2019,EELV_2019_75,EURO,2019,EELV,2024 L’Union européenne affiche une situation sociale et économique stable.
EELV_2019,EELV_2019_76,EURO,2019,EELV,"Les emplois qualifiés nondélocalisables créés par le Plan d’investissement écologique assurent la constance de la demande intérieure, et le Fond social pour la transition écologique, adossé au plan européen de lutte contre la pauvreté, a réduit les inégalités entre Européen.ne.s."
EELV_2019,EELV_2019_77,EURO,2019,EELV,"Aux États- Unis, la démocrate Alexandria Ocasio-Cortez candidate à la Maison Blanche pour 2026 promet l’instauration urgente de mesures similaires en cas de victoire."
EELV_2019,EELV_2019_78,EURO,2019,EELV,"Depuis le sursaut planétaire né en 2019 de l’urgence climatique, l’Europe comme de nombreuses régions du monde travaillent de concert à un futur solidaire."
EELV_2019,EELV_2019_79,EURO,2019,EELV,LE PLAN D’ACTION DES ÉCOLOGISTES POUR L’EUROPE.
EELV_2019,EELV_2019_80,EURO,2019,EELV,SAUVER L’EUROPE POUR SAUVER LE CLIMAT.
EELV_2019,EELV_2019_81,EURO,2019,EELV,La planète brûle et l’Europe se meurt.
EELV_2019,EELV_2019_82,EURO,2019,EELV,Voilà pourquoi les élections européennes à venir ne seront pas des élections comme les autres.
EELV_2019,EELV_2019_83,EURO,2019,EELV,"Nous avons le choix entre le sursaut ou la catastrophe, entre la solidarité ou la montée de la haine, entre l’invention d’une nouvelle manière de vivre ensemble ou la continuation des égoïsmes qui nous conduisent vers l’abîme, entre l’écologie ou la barbarie."
EELV_2019,EELV_2019_84,EURO,2019,EELV,L’histoire est en marche.
EELV_2019,EELV_2019_85,EURO,2019,EELV,"Nous sommes convaincu.e.s qu’elle n’appartient pas à des élites dépassées, ridiculement conservatrices et dangereusement obsédées par le pouvoir de l’argent."
EELV_2019,EELV_2019_86,EURO,2019,EELV,"Nous autres, écologistes, nous mettons au service des citoyennes et des citoyens qui n’attendent plus des discours mais des actes pour réorienter la marche du monde."
EELV_2019,EELV_2019_87,EURO,2019,EELV,"Nous, écologistes, nous mettons au service des citoyennes et des citoyens qui n’espèrent plus d’une démocratie représentative moribonde mais souhaitent faire irruption dans le débat public et la prise de décision dans les choix qui les concernent."
EELV_2019,EELV_2019_88,EURO,2019,EELV,"C’est un défi incroyable que nous avons à surmonter qui demande de la lucidité, de l’imagination et du courage."
EELV_2019,EELV_2019_89,EURO,2019,EELV,"Le système, la politique, nos vies : tout doit changer."
EELV_2019,EELV_2019_90,EURO,2019,EELV,Le chantier est immense.
EELV_2019,EELV_2019_91,EURO,2019,EELV,Nous n’y arriverons qu’ensemble.
EELV_2019,EELV_2019_92,EURO,2019,EELV,"La question cardinale est celle de la dégradation du climat, puisqu’elle menace notre survie elle-même."
EELV_2019,EELV_2019_93,EURO,2019,EELV,Qu’attendent les dirigeants européens pour prendre à bras le corps le problème le plus urgent de notre temps ?
EELV_2019,EELV_2019_94,EURO,2019,EELV,En France la démission du Ministre de l’environnement Nicolas Hulot a résonné comme un coup de tonnerre et la leçon à en tirer est simple : Il n’est plus temps d’attendre ou de prendre des demi- mesures.
EELV_2019,EELV_2019_95,EURO,2019,EELV,"Pourtant, tout se passe comme si de rien n’était."
EELV_2019,EELV_2019_96,EURO,2019,EELV,Emmanuel Macron fait des grands discours teintés de vert mais la politique qu’il conduit ne suit pas.
EELV_2019,EELV_2019_97,EURO,2019,EELV,"Rien de ce qu’il engage n’est à la hauteur de la crise écologique que nous vivons, alors même que la France pourrait être à la tête des nations qui font de l’écologie une priorité."
EELV_2019,EELV_2019_98,EURO,2019,EELV,"Entre la voix des lobbies et le choix de l’écologie, il faut trancher."
EELV_2019,EELV_2019_99,EURO,2019,EELV,On ne peut pas en même temps détruire la planète et la sauver.
EELV_2019,EELV_2019_100,EURO,2019,EELV,"Nous sommes donc vigilant.e.s, mobilisé.e.s et déterminé.e.s à tout faire pour qu’en France les choses changent."
EELV_2019,EELV_2019_101,EURO,2019,EELV,Les marches pour le climat et les mobilisations lycéennes à travers l’Europe et le monde montrent que la prise de conscience progresse.
EELV_2019,EELV_2019_102,EURO,2019,EELV,Une nouvelle génération réclame son droit à exister dans un monde vivable.
EELV_2019,EELV_2019_103,EURO,2019,EELV,Comment ne pas entendre son appel ?
EELV_2019,EELV_2019_104,EURO,2019,EELV,La génération climat qui se met en mouvement est celle qui sauvegardera l’avenir.
EELV_2019,EELV_2019_105,EURO,2019,EELV,Notre combat est planétaire.
EELV_2019,EELV_2019_106,EURO,2019,EELV,"Il ne connaît pas de frontières et nécessite d’agir à tous les échelons, de la plus petite commune jusqu’au niveau international."
EELV_2019,EELV_2019_107,EURO,2019,EELV,Chacun.e doit prendre sa part.
EELV_2019,EELV_2019_108,EURO,2019,EELV,Il faut dire la vérité : ce sont aujourd’hui les gouvernants qui sont à côté de la plaque.
EELV_2019,EELV_2019_109,EURO,2019,EELV,Ils nous conduisent dans le mur et ne proposent que des solutions qui ont déjà montré leur incapacité à améliorer nos vies.
EELV_2019,EELV_2019_110,EURO,2019,EELV,Ils favorisent l’extrême concentration des richesses alors qu’il faudrait organiser un partage plus juste.
EELV_2019,EELV_2019_111,EURO,2019,EELV,Ils veulent pomper jusqu’à la dernière goutte de pétrole alors qu’il faudrait décarboner l’économie.
EELV_2019,EELV_2019_112,EURO,2019,EELV,Ils cèdent tout aux géants du numérique au lieu d’utiliser les formidables capacités des nouvelles technologies au profit des peuples.
EELV_2019,EELV_2019_113,EURO,2019,EELV,Ils tournent le dos aux migrant.e.s qu’ils laissent mourir à nos frontières alors qu’il faut construire un monde de coopération et une Europe accueillante.
EELV_2019,EELV_2019_114,EURO,2019,EELV,Ils disent qu’ils sont raisonnables alors que la politique qu’ils conduisent est folle.
EELV_2019,EELV_2019_115,EURO,2019,EELV,"Il est faux de dire qu’il n’y a qu’une seule politique possible, en Europe comme en France."
EELV_2019,EELV_2019_116,EURO,2019,EELV,Il est temps que le pouvoir change de mains.
EELV_2019,EELV_2019_117,EURO,2019,EELV,Il faut un nouveau rapport de force politique.
EELV_2019,EELV_2019_118,EURO,2019,EELV,L’Europe est un espace majeur de la bataille pour la réinvention du monde.
EELV_2019,EELV_2019_119,EURO,2019,EELV,"Certains, surfant sur la colère et le découragement, proposent de tourner le dos à l’Europe."
EELV_2019,EELV_2019_120,EURO,2019,EELV,C’est une faute.
EELV_2019,EELV_2019_121,EURO,2019,EELV,Comment gagner la bataille engagée en désertant le champ de bataille ?
EELV_2019,EELV_2019_122,EURO,2019,EELV,"Seul.e.s derrière nos frontières, nous serions plus fort.e.s ?"
EELV_2019,EELV_2019_123,EURO,2019,EELV,C’est une illusion et une illusion dangereuse.
EELV_2019,EELV_2019_124,EURO,2019,EELV,Nous mesurons le désamour qui touche les institutions européennes.
EELV_2019,EELV_2019_125,EURO,2019,EELV,Et nous sommes en colère contre l’état actuel et le fonctionnement de l’Union européenne.
EELV_2019,EELV_2019_126,EURO,2019,EELV,"Mais l’idée d’Europe, nous la faisons toujours nôtre."
EELV_2019,EELV_2019_127,EURO,2019,EELV,Nous continuons à la défendre non pas parce qu’elle est parfaite telle qu’elle est mais par ce que nous ne confondons pas l’Europe avec ses dirigeants actuels.
EELV_2019,EELV_2019_128,EURO,2019,EELV,Nous ne céderons pas un pouce de terrain aux partisans du repli.
EELV_2019,EELV_2019_129,EURO,2019,EELV,"Parce que, pour surmonter les épreuves que nous traversons, notre avenir est forcément Européen."
EELV_2019,EELV_2019_130,EURO,2019,EELV,"De la Suède à la Grèce, de l’Irlande à Chypre, nous défendons une autre Europe."
EELV_2019,EELV_2019_131,EURO,2019,EELV,Les pages qui suivent présentent les grandes lignes de notre plan d’action.
EELV_2019,EELV_2019_132,EURO,2019,EELV,"Enrichissez-le, discutez-le, critiquez-le, pour que nos combats communs s’en trouvent renforcés."
EELV_2019,EELV_2019_133,EURO,2019,EELV,1 ADOPTER UN TRAITÉ ENVIRONNEMENTAL ET PROMOUVOIR LE PROTECTIONNISME VERT POUR FAIRE DE L’ÉCOLOGIE LA PRIORITÉ DE L’EUROPE.
EELV_2019,EELV_2019_134,EURO,2019,EELV,Tout le monde parle d’écologie mais qui agit ?
EELV_2019,EELV_2019_135,EURO,2019,EELV,Qui considère que cette question est une priorité qui doit conditionner l’ensemble des politiques publiques ?
EELV_2019,EELV_2019_136,EURO,2019,EELV,"Face à un capitalisme prédateur des ressources naturelles, il est temps de poser des limites et de renverser les priorités."
EELV_2019,EELV_2019_137,EURO,2019,EELV,Nous voulons donner aux questions environnementales une force normative qui détermine toute l’action politique et les choix de l’UE.
EELV_2019,EELV_2019_138,EURO,2019,EELV,"Voilà pourquoi nous défendons l’idée d’un traité environnemental européen, qui fait de l’écologie la norme juridique supérieure et tourne le dos à la logique productiviste des anciens traités."
EELV_2019,EELV_2019_139,EURO,2019,EELV,"Pour changer les règles du jeu face aux industries polluantes et leurs lobbies, la question environnementale doit être prioritaire."
EELV_2019,EELV_2019_140,EURO,2019,EELV,"CONTRE LES ÉCOCIDES, UNE JUSTICE ENVIRONNEMENTALE."
EELV_2019,EELV_2019_141,EURO,2019,EELV,"Nous devons instituer une justice environnementale : un parquet européen autonome, capable de lutter contre les écocrimes et les écocides, et la reconnaissance de droits à la nature : montagnes, fleuves, mers, océans, littoraux, plaines et forêts..."
EELV_2019,EELV_2019_142,EURO,2019,EELV,"Pour mieux les protéger, les communs environnementaux prendront part au débat politique européen à travers une Chambre du vivant et du temps long."
EELV_2019,EELV_2019_143,EURO,2019,EELV,RÉ-ENSAUVAGER L’EUROPE.
EELV_2019,EELV_2019_144,EURO,2019,EELV,"Face à poursuite de l’accaparement et de la privatisation, à l’industrie extensive de l’agriculture, des déchets ou de l’énergie, à l’artificialisation des sols, ré-ensauvageons l’Europe et créons un vaste patrimoine écologique terrestre et marin, zones protégées inter-connectées et corridors écologiques pour permettre à la faune et à la flore de se déployer de nouveau sur le sol européen."
EELV_2019,EELV_2019_145,EURO,2019,EELV,UNE EUROPE ZÉRO PRODUIT TOXIQUE.
EELV_2019,EELV_2019_146,EURO,2019,EELV,"Nous devons garantir une Europe de la sobriété, une Europe saine et sans produits toxiques : pesticides, perturbateurs endocriniens, diesel, nucléaire, métaux lourds ou charbon..."
EELV_2019,EELV_2019_147,EURO,2019,EELV,"Vivons dans le respect du vivant, pour sauver la planète et protéger nos enfants, pour garantir le droit à la santé pour tou.te.s les Européen. ne.s."
EELV_2019,EELV_2019_148,EURO,2019,EELV,DES CRITÈRES ÉCOLOGIQUES CONTRAIGNANTS.
EELV_2019,EELV_2019_149,EURO,2019,EELV,"Nous devons subordonner les critères économiques aux critères environnementaux : dorénavant, ce seront les États qui ne diminuent pas leurs budgets carbone ni leur empreinte écologique qui pourront faire l’objet de poursuites par la Commission européenne."
EELV_2019,EELV_2019_150,EURO,2019,EELV,"Pour y parvenir, nous devons sortir les dépenses d’investissement écologique de la règle de calcul des déficits."
EELV_2019,EELV_2019_151,EURO,2019,EELV,Nous remplacerons les indicateurs de richesse par des indicateurs du bien-vivre.
EELV_2019,EELV_2019_152,EURO,2019,EELV,UN PROTECTIONNISME VERT CONTRE LA DESTRUCTION DE LA PLANÈTE.
EELV_2019,EELV_2019_153,EURO,2019,EELV,"Ne cédons plus aux sirènes du libre-échange, qui permet de délocaliser emplois et pollutions d’un même mouvement."
EELV_2019,EELV_2019_154,EURO,2019,EELV,"Nous devons mettre en place un protectionnisme vert, avec une taxe socioenvironnementale aux frontières qui permettra de tenir compte du vrai coût des produits tout en progressant vers une TVA à 0% sur le territoire européen pour les biens de première nécessité."
EELV_2019,EELV_2019_155,EURO,2019,EELV,Les accords extérieurs répondront à ces critères.
EELV_2019,EELV_2019_156,EURO,2019,EELV,Des sanctions contraignantes empêcheront les entités qui en ont le pouvoir d’utiliser leurs moyens financiers pour se soustraire à cette transition.
EELV_2019,EELV_2019_157,EURO,2019,EELV,UNE EUROPE ZÉRO CARBONE.
EELV_2019,EELV_2019_158,EURO,2019,EELV,"Nous devons nous engager résolument dans une économie zéro carbone : l’Union européenne et ses États membres mettront fin à tous les soutiens, directs et indirects, publics et privés, vers les énergies fossiles."
EELV_2019,EELV_2019_159,EURO,2019,EELV,"Nous supprimerons les accords de libreéchange qui ruinent les territoires, du CETA au MERCOSUR en passant par le JEFTA."
EELV_2019,EELV_2019_160,EURO,2019,EELV,"Ensemble, nous pouvons faire de l’Europe la patrie des droits du vivant."
EELV_2019,EELV_2019_161,EURO,2019,EELV,2 CRÉER UNE BANQUE EUROPÉENNE DU CLIMAT ET DE LA BIODIVERSITÉ ET DÉVELOPPER UN PLAN D’INVESTISSEMENT MASSIF POUR SAUVER LE CLIMAT.
EELV_2019,EELV_2019_162,EURO,2019,EELV,Il n’est plus temps de parler mais d’agir.
EELV_2019,EELV_2019_163,EURO,2019,EELV,L’effondrement est en cours et les changements à opérer sont radicaux.
EELV_2019,EELV_2019_164,EURO,2019,EELV,L’Europe doit tout faire pour sauver le climat.
EELV_2019,EELV_2019_165,EURO,2019,EELV,"Face à la baisse de compétitivité et au chômage galopant, nous choisissons d’investir dans l’environnement."
EELV_2019,EELV_2019_166,EURO,2019,EELV,"Face au déficit de notre balance commerciale, nous choisissons de produire notre propre énergie pour regagner notre souveraineté sur des ressources inexistantes sur notre territoire et dont notre économie dépend en grande partie."
EELV_2019,EELV_2019_167,EURO,2019,EELV,"Face à la disparition des services publics, nous choisissons de réinvestir nos territoires car relocaliser les emplois, préserver les services publics et développer un grand plan de mobilité durable sont trois facettes d’une même vision."
EELV_2019,EELV_2019_168,EURO,2019,EELV,Le plan d’investissement massif pour le climat que nous proposons est un bouclier tant écologique que social.
EELV_2019,EELV_2019_169,EURO,2019,EELV,"0% CARBONE, 100% RENOUVELABLES."
EELV_2019,EELV_2019_170,EURO,2019,EELV,"L’Europe doit réduire ses émissions de 60% d’ici 2040, avec un pic d’émissions dès 2020, dans une grande accélération des politiques actuelles."
EELV_2019,EELV_2019_171,EURO,2019,EELV,"Pour lutter efficacement contre le réchauffement climatique et la perte du vivant, pour sortir définitivement du nucléaire et du charbon entre 2030 et 2050, nous avons besoin d’argent."
EELV_2019,EELV_2019_172,EURO,2019,EELV,Nous proposons de relever le budget de l’Union européenne à 5% de son PIB et d’en consacrer au moins 50% au climat.
EELV_2019,EELV_2019_173,EURO,2019,EELV,"Avec la Banque européenne du climat et de biodiversité, nous lancerons un grand plan d’investissement de 100 milliards d’euros par an pour la sobriété, l’efficacité énergétique, les énergies renouvelables et la mobilité durable."
EELV_2019,EELV_2019_174,EURO,2019,EELV,UN BOUCLIER ÉCOLOGIQUE ET SOCIAL.
EELV_2019,EELV_2019_175,EURO,2019,EELV,"La nouvelle politique énergétique européenne s’appuiera sur un fonds social pour la transition écologique et une assurance transition, visant à accompagner les régions et les travailleurs.euses des secteurs économiques les plus dépendants des énergies fossiles et toxiques vers une économie verte créatrice d’emplois."
EELV_2019,EELV_2019_176,EURO,2019,EELV,"Afin de protéger la santé de chacun.e sur son lieu de vie et de travail, une sécurité socio-environnementale sera créée, abondée par une taxation environnementale et transfrontière : des GAFAM aux pollutions générées par le kérosène des avions, les camions ou les paquebots à l’intérieur de l’UE."
EELV_2019,EELV_2019_177,EURO,2019,EELV,Nous engagerons ainsi une nouvelle révolution fiscale : celle qui fera vraiment payer les pollueurs.
EELV_2019,EELV_2019_178,EURO,2019,EELV,RÉPARER LES TERRITOIRES.
EELV_2019,EELV_2019_179,EURO,2019,EELV,"Cette politique d’investissement massif reposera sur l’égalité entre les territoires et leur revalorisation : pour sortir de la dépendance au tout-voiture, un Plan ferroviaire européen misant sur les petites lignes et les trains de nuit sera mis en oeuvre."
EELV_2019,EELV_2019_180,EURO,2019,EELV,"Pour les zones industrielles et agricoles sinistrées par les produits fossiles et chimiques, un fonds européen de dépollution des zones polluées et une obligation européenne de dépollution viendront réparer les territoires."
EELV_2019,EELV_2019_181,EURO,2019,EELV,"Pour éviter les grands projets désastreux aussi bien en termes démocratiques qu’écologiques, les citoyen.ne.s participeront à l’allocation des fonds européens de ce plan d’investissement et représenteront son véritable bouclier démocratique."
EELV_2019,EELV_2019_182,EURO,2019,EELV,UNE EUROPE ZÉRO PLASTIQUE.
EELV_2019,EELV_2019_183,EURO,2019,EELV,"Sortir de notre dépendance au pétrole, c’est aussi en finir avec la société du plastique et de sa pollution nocive pour l’environnement et la santé de nos enfants."
EELV_2019,EELV_2019_184,EURO,2019,EELV,"Nous voulons mettre en place un plan de lutte contre l’obsolescence programmée en investissant dans la prévention, la réparation et le réemploi."
EELV_2019,EELV_2019_185,EURO,2019,EELV,Les dispositifs bonus-malus pour les produits jetables seront généralisés au même titre que l’extension de garantie sur les produits.
EELV_2019,EELV_2019_186,EURO,2019,EELV,UN PLAN ANTI-TRUSTS CONTRE LES POLLUEURS.
EELV_2019,EELV_2019_187,EURO,2019,EELV,"Dans le secteur privé, la concentration du pouvoir économique et financier entre les mains de quelques-uns a engendré une perversion du système économique, le renchérissement des produits, l’usage de produits toxiques, des fraudes accrues et a renforcé le poids des lobbies."
EELV_2019,EELV_2019_188,EURO,2019,EELV,Nous proposons un plan anti-trusts contre les pollueurs.
EELV_2019,EELV_2019_189,EURO,2019,EELV,"Ensemble, nous pouvons faire de l’Europe le leader mondial de la transition écologique."
EELV_2019,EELV_2019_190,EURO,2019,EELV,3 METTRE LES PARADIS FISCAUX HORS DE L’EUROPE ET GARANTIR LE DROIT A L’EURO POUR REMETTRE LA FINANCE A SA PLACE.
EELV_2019,EELV_2019_191,EURO,2019,EELV,La présence de paradis fiscaux au coeur de l’Europe est un outil de démolition de l’Europe.
EELV_2019,EELV_2019_192,EURO,2019,EELV,"L’évasion atteint 1 000 milliards d’euros par an, tandis que l’exploitation illicite des ressources naturelles est devenue la première manne de financement des groupes armés."
EELV_2019,EELV_2019_193,EURO,2019,EELV,"Puisque les États qui pratiquent encore l’opacité fiscale sont aussi ceux qui bloquent les politiques européennes permettant de s’y confronter, nous souhaitons engager la sortie des paradis fiscaux de l’Union : les États qui contreviennent à l’intérêt général ne peuvent plus continuer à altérer le projet européen."
EELV_2019,EELV_2019_194,EURO,2019,EELV,L’Europe est l’otage de la finance.
EELV_2019,EELV_2019_195,EURO,2019,EELV,"Les politiques néolibérales qui s’y déploient depuis trop longtemps font la part belle à la dérégulation de l’économie, déconstruisent le lien social, et obèrent les capacités à mener une politique de réduction des inégalités, qui ne cessent de s’accroître."
EELV_2019,EELV_2019_196,EURO,2019,EELV,"La justice sociale est un enjeu de salubrité publique, et la justice fiscale en est un instrument majeur."
EELV_2019,EELV_2019_197,EURO,2019,EELV,"D’un côté, on tolère le dumping fiscal, qui introduit de fait une distorsion de concurrence entre les États, de l’autre, on veut obliger les États à suivre des règles comptables figées, dépassées et impropres à prendre en compte les enjeux écologiques auxquels nous sommes confronté.e.s."
EELV_2019,EELV_2019_198,EURO,2019,EELV,Tout ceci doit changer.
EELV_2019,EELV_2019_199,EURO,2019,EELV,REMETTRE LA FINANCE À SA PLACE.
EELV_2019,EELV_2019_200,EURO,2019,EELV,Nous voulons sortir de la règle de l’unanimité pour harmoniser les politiques fiscales européennes.
EELV_2019,EELV_2019_201,EURO,2019,EELV,Nous voulons des coopérations renforcées et des initiatives inter-territoriales et inter-régionales afin d’aller plus loin lorsque les majorités manquent.
EELV_2019,EELV_2019_202,EURO,2019,EELV,Nous voulons interdire l’accès aux marchés publics et financiers européens aux opérateurs disposant d’activités dans les paradis fiscaux.
EELV_2019,EELV_2019_203,EURO,2019,EELV,"Avec une taxe sur les transactions financières, jusqu’à 190 milliards d’euros pourraient nourrir les politiques sociales et écologiques de l’UE, sans taxer les ménages."
EELV_2019,EELV_2019_204,EURO,2019,EELV,Nous mettrons en place cette nécessaire taxe que le manque de volonté politique et les lobbies bancaires bloquent.
EELV_2019,EELV_2019_205,EURO,2019,EELV,INSTAURER LE DROIT À L’EURO.
EELV_2019,EELV_2019_206,EURO,2019,EELV,Les choix non démocratiques de la BCE sont aujourd’hui la source de tensions majeures dans l’Union.
EELV_2019,EELV_2019_207,EURO,2019,EELV,La Grèce en fut l’une des premières victimes.
EELV_2019,EELV_2019_208,EURO,2019,EELV,Le chantage à l’euro doit cesser.
EELV_2019,EELV_2019_209,EURO,2019,EELV,Nous voulons réformer la BCE pour garantir un droit à l’euro aux citoyen.ne.s européen.ne.s.
EELV_2019,EELV_2019_210,EURO,2019,EELV,Elle doit être démocratisée dans sa composition comme dans le choix de ses orientations économiques.
EELV_2019,EELV_2019_211,EURO,2019,EELV,L’ensemble de sa politique doit être dédiée à la protection du climat et du respect des limites planétaires et non plus au diktat de la non-inflation.
EELV_2019,EELV_2019_212,EURO,2019,EELV,"Elle doit pouvoir racheter, restructurer et effacer les dettes publiques tout en visant une convergence macro-économique."
EELV_2019,EELV_2019_213,EURO,2019,EELV,ENCADRER LE SECTEUR BANCAIRE.
EELV_2019,EELV_2019_214,EURO,2019,EELV,"Nous voulons réformer le secteur bancaire, afin que les profits puissent être mis à disposition des citoyen.ne.s."
EELV_2019,EELV_2019_215,EURO,2019,EELV,"Pour cela, nous voulons finaliser l’Union bancaire, en garantissant la séparation des banques de dépôt et de crédit."
EELV_2019,EELV_2019_216,EURO,2019,EELV,"Nous souhaitons interdire la titrisation des crédits bancaires, les marchés de gré à gré, le trading à haute fréquence et les opérations bancaires nourrissant la destruction de la planète."
EELV_2019,EELV_2019_217,EURO,2019,EELV,Nous souhaitons aussi taxer et limiter la rémunération des actionnaires et des spéculateurs.
EELV_2019,EELV_2019_218,EURO,2019,EELV,"JUSTICE SOCIALE, JUSTICE FISCALE."
EELV_2019,EELV_2019_219,EURO,2019,EELV,"Remettre la finance à sa place, c’est aussi garantir que l’harmonisation fiscale se fera au bénéfice des moins riches et permettra de réduire les inégalités tout en redynamisant l’économie réelle."
EELV_2019,EELV_2019_220,EURO,2019,EELV,"Nous souhaitons un plan européen de lutte contre la pauvreté, qui garantira à chacun.e un revenu minimum décent, de la naissance à la fin de vie, et dont le financement serait permis par la taxation des patrimoines, des actionnaires et de la spéculation bancaire."
EELV_2019,EELV_2019_221,EURO,2019,EELV,"Ensemble, nous pouvons remettre la finance à sa place."
EELV_2019,EELV_2019_222,EURO,2019,EELV,4 UNE AGRICULTURE 100% BIO POUR DÉFENDRE LES TERROIRS ET PROTÉGER LA QUALITÉ DE NOTRE ALIMENTATION.
EELV_2019,EELV_2019_223,EURO,2019,EELV,La question de l’alimentation est en enjeu sanitaire majeur pour nos sociétés.
EELV_2019,EELV_2019_224,EURO,2019,EELV,Mais c’est aussi un enjeu social et écologique déterminant.
EELV_2019,EELV_2019_225,EURO,2019,EELV,Il nous faut repenser l’ensemble de la chaîne de production jusqu’au modèle agricole en tant que tel.
EELV_2019,EELV_2019_226,EURO,2019,EELV,"Les ravages de l’industrialisation, le désespoir d’un monde paysan laissé à l’abandon, la surproduction et le chantage à la vie chère doivent cesser."
EELV_2019,EELV_2019_227,EURO,2019,EELV,UNE ALIMENTATION SAINE POUR TOU.TE.S.
EELV_2019,EELV_2019_228,EURO,2019,EELV,"Engrais, pesticides, élevage intensif, monocultures, dégradation des eaux et des sols, perte de biodiversité, désertification, risques sanitaires… Nous voulons une politique alimentaire et agricole commune, qui s’appuie sur des objectifs nouveaux."
EELV_2019,EELV_2019_229,EURO,2019,EELV,Les citoyen. ne.s ont le droit d’être traité.e.s convenablement et que soit respectée la possibilité pour chacun.e de se nourrir dignement avec des aliments sains.
EELV_2019,EELV_2019_230,EURO,2019,EELV,UNE EUROPE 100% BIO ET LOCALE.
EELV_2019,EELV_2019_231,EURO,2019,EELV,"Nous défendons une agriculture de qualité, respectueuse des territoires et des animaux, des produits locaux, saisonniers, de qualité et accessibles, une Union européenne qui s’appuie sur ses régions pour viser une agriculture 100% bio et locale avec une première échéance à 30% en 2025, l’interdiction des pesticides et de tous les OGM."
EELV_2019,EELV_2019_232,EURO,2019,EELV,"Nous voulons favoriser l’alimentation locale, avec la généralisation des plans alimentaires territoriaux, des journées européennes végétariennes et bio dans les cantines scolaires et la restauration collective, le retrait des aides de la PAC en cas d’exportation et l’instauration d’un conditionnement des aides à un critère territorial pour relocaliser l’agriculture."
EELV_2019,EELV_2019_233,EURO,2019,EELV,"PLUS D’EMPLOIS, MIEUX RÉMUNÉRÉS."
EELV_2019,EELV_2019_234,EURO,2019,EELV,"Nous voulons la juste rémunération des agriculteurs.trices, des paysan.ne.s, avec une aide plancher revalorisée (triplement des aides aux 52 premiers hectares, doublé d’un bonus indexé sur les emplois créés) et un plafond de versement pour les grosses exploitations."
EELV_2019,EELV_2019_235,EURO,2019,EELV,"Nous voulons une agriculture paysanne, dans laquelle les premier.e.s concerné.e.s participent aux comités régionaux des fonds PAAC européens."
EELV_2019,EELV_2019_236,EURO,2019,EELV,"Nous voulons une agriculture du vivant, qui encourage l’agroforesterie, favorise les protéines végétales et tourne le dos à l’exploitation animale avec une sortie progressive des fonds des exploitations ayant des pratiques de maltraitance (castration sans étourdissement, élevage de poules en cage, broyage des poussins...)."
EELV_2019,EELV_2019_237,EURO,2019,EELV,Nous voulons l’interdiction des fermes-usines et la fin des grands centres commerciaux qui consument les terres et épuisent l’économie locale.
EELV_2019,EELV_2019_238,EURO,2019,EELV,"Ensemble, nous pouvons réformer la PAC et sortir de la folie actuelle du gaspillage, de la malbouffe et de la détresse des paysans."
EELV_2019,EELV_2019_239,EURO,2019,EELV,5 EN FINIR AVEC LE POUVOIR DESTRUCTEUR DES LOBBIES ET DES TECHNOCRATES POUR RENDRE L’EUROPE AUX CITOYENNES ET AUX ET CITOYENS.
EELV_2019,EELV_2019_240,EURO,2019,EELV,L’Europe ne doit pas se construire contre les citoyen.ne.s mais au contraire devenir une Europe de la proximité.
EELV_2019,EELV_2019_241,EURO,2019,EELV,"Nous voulons une Europe des territoires, une Europe qui les associe aux décisions, qui respecte leurs identités et les protège des changements climatiques, une Europe qui donne toute sa place aux îles et aux territoires ultramarins."
EELV_2019,EELV_2019_242,EURO,2019,EELV,"Une Europe qui ne traite pas moins bien les zones dites périphériques que le continent, y interdit les mêmes pratiques destructrices et garantit le droit des zones dites périphériques à un commerce régional."
EELV_2019,EELV_2019_243,EURO,2019,EELV,UNE CONSTITUANTE EUROPÉENNE.
EELV_2019,EELV_2019_244,EURO,2019,EELV,L’Europe n’appartient pas aux technocrates.
EELV_2019,EELV_2019_245,EURO,2019,EELV,La question démocratique est première si on veut sauver l’Europe : nous proposons une Constituante européenne pour redistribuer les pouvoirs en Europe et renforcer le pouvoir des citoyen.ne.s.
EELV_2019,EELV_2019_246,EURO,2019,EELV,L’Union ne peut pas se contenter de se construire à travers le marché unique.
EELV_2019,EELV_2019_247,EURO,2019,EELV,"Nous voulons une Constitution européenne qui défende et élargisse les droits des femmes, des minorités, des jeunes avec un droit de vote à 16 ans, des réfugié.e.s, des territoires."
EELV_2019,EELV_2019_248,EURO,2019,EELV,"Cette nouvelle Constitution garantira les libertés fondamentales, l’État de droit et la liberté de la presse."
EELV_2019,EELV_2019_249,EURO,2019,EELV,"Elle défendra la dignité des personnes déplacées, quel que soit le motif de leur migration : que l’on soit migrant.e économique, demandeur. euse d’asile politique ou réfugié.e climatique, la démocratie impose le respect des droits humains."
EELV_2019,EELV_2019_250,EURO,2019,EELV,"Élaborée d’ici 2024 avec la participation des citoyen. ne.s européen.ne.s, elle visera à consolider la séparation des pouvoirs, renforcer le pouvoir du Parlement représentant les résident.e.s européen. ne.s et adopter comme fondements un socle de droits civiques, sociaux et environnementaux."
EELV_2019,EELV_2019_251,EURO,2019,EELV,UNE HAUTE AUTORITÉ DE LA TRANSPARENCE.
EELV_2019,EELV_2019_252,EURO,2019,EELV,"Conflits d’intérêts, opacité, pantouflage, trafic d’influence… L’accès à l’information et la prise de décision sont sévèrement menacés par les lobbies de même que la protection de celles et ceux qui agissent dans l’intérêt général en révélant fraudes, malversations et crimes."
EELV_2019,EELV_2019_253,EURO,2019,EELV,"Nous proposons de créer une Haute Autorité européenne de la Transparence garantissant l’indépendance des institutions, des agents publics et des élu.e.s vis-à-vis des intérêts privés et l’accès du public aux documents."
EELV_2019,EELV_2019_254,EURO,2019,EELV,Il est nécessaire d’abroger la directive sur le secret des affaires et d’adopter une protection européenne des lanceurs.euses d’alerte et des associations oeuvrant pour l’intérêt général.
EELV_2019,EELV_2019_255,EURO,2019,EELV,LUTTER CONTRE LA CORRUPTION.
EELV_2019,EELV_2019_256,EURO,2019,EELV,"La corruption coûte chaque année entre 179 et 990 milliards d’euros à l’UE, soit 6,3% du PIB des 28 Étatsmembres."
EELV_2019,EELV_2019_257,EURO,2019,EELV,Nous proposons de mettre en place des mesures de transparence sur l’utilisation des fonds de l’Union.
EELV_2019,EELV_2019_258,EURO,2019,EELV,"Lutter contre la corruption nécessite entre autres d’accroître les compétences du Procureur européen, récemment créé, et de renforcer plus généralement le contrôle judiciaire sur l’attribution des marchés publics."
EELV_2019,EELV_2019_259,EURO,2019,EELV,Les États-membres poursuivis pour non-respect de l’État de droit verront leurs fonds suspendus.
EELV_2019,EELV_2019_260,EURO,2019,EELV,Ces derniers seront redirigés directement vers les associations et structures oeuvrant pour l’intérêt général et la démocratie.
EELV_2019,EELV_2019_261,EURO,2019,EELV,ACTION DE GROUPE ET RIC EUROPÉEN.
EELV_2019,EELV_2019_262,EURO,2019,EELV,"Pour contrer la confiscation du pouvoir par certains groupes d’intérêts et le rendre aux citoyen. ne.s européen.ne.s, nous proposons d’instituer des référendums européens, thématiques, contraignants, d’initiative citoyenne ou parlementaire."
EELV_2019,EELV_2019_263,EURO,2019,EELV,Le suivi des initiatives citoyennes européennes sera rendu obligatoire.
EELV_2019,EELV_2019_264,EURO,2019,EELV,"Face aux multiples scandales et aux abus des groupes d’intérêts privés, nous voulons permettre les actions de groupe au niveau européen, ouvertes aux atteintes à l’environnement, à la consommation, à la santé et aux discriminations."
EELV_2019,EELV_2019_265,EURO,2019,EELV,"Les contrôles publics seront renforcés, pour les productions au sein de nos frontières comme pour nos importations."
EELV_2019,EELV_2019_266,EURO,2019,EELV,"Ensemble, nous pouvons donner un nouveau souffle à l’idée européenne."
EELV_2019,EELV_2019_267,EURO,2019,EELV,"CONTRE LA BARBARIE QUI VIENT, CHOISISSONS L’ÉCOLOGIE."
EELV_2019,EELV_2019_268,EURO,2019,EELV,TOUT DOIT CHANGER.
EELV_2019,EELV_2019_269,EURO,2019,EELV,L’histoire nous mord la nuque.
EELV_2019,EELV_2019_270,EURO,2019,EELV,"L’humanité est en péril : les forces de destruction s’organisent, se coalisent, gagnent en vigueur et en influence."
EELV_2019,EELV_2019_271,EURO,2019,EELV,L’effondrement de nos sociétés va de concert avec l’effondrement de la planète.
EELV_2019,EELV_2019_272,EURO,2019,EELV,Il nous faut engager la lutte contre la barbarie.
EELV_2019,EELV_2019_273,EURO,2019,EELV,C’est un enjeu de civilisation.
EELV_2019,EELV_2019_274,EURO,2019,EELV,"Nous devons remettre nos sociétés dans le bon sens, en redéfinissant des priorités qui construisent un meilleur avenir."
EELV_2019,EELV_2019_275,EURO,2019,EELV,"La planète est en danger : des espèces disparaissent, les écosystèmes souffrent, les ressources s’épuisent."
EELV_2019,EELV_2019_276,EURO,2019,EELV,"Nous devons défendre le vivant et les communs : la nature sous toutes ses formes, l’air, l’eau et la terre qui nous nourrit, les animaux qui sont exploités et maltraités pour une économie de surconsommation."
EELV_2019,EELV_2019_277,EURO,2019,EELV,La condition humaine n’est pas de détruire la vie sur Terre mais de la préserver.
EELV_2019,EELV_2019_278,EURO,2019,EELV,"Le propre de notre espèce n’est pas la domination mais la coopération, c’est ainsi que nous survivons depuis toujours."
EELV_2019,EELV_2019_279,EURO,2019,EELV,"Et la dégradation environnementale, qui se nourrit des inégalités et de l’accaparement des terres, ressources et richesses, renforce les injustices sociales et pèse d’abord sur les plus fragiles."
EELV_2019,EELV_2019_280,EURO,2019,EELV,"À l’heure où certains imaginent que ce sont les machines qui nous sauveront, que les algorithmes ou le transhumanisme nous remplaceront, ou que la conquête spatiale résoudra nos problèmes, nous disons que notre destin est humain et terrestre."
EELV_2019,EELV_2019_281,EURO,2019,EELV,Nous habitons cette planète et nous n’en avons pas d’autre.
EELV_2019,EELV_2019_282,EURO,2019,EELV,"Alors, construire un monde vivable pour toutes et tous, c’est la grande question de notre temps..."
EELV_2019,EELV_2019_283,EURO,2019,EELV,L’Europe ne peut pas se résumer à un grand marché où la loi de l’argent régnerait en maîtresse de toute chose.
EELV_2019,EELV_2019_284,EURO,2019,EELV,"Les libéraux ont voulu faire de l’économie la clef de toute chose, du profit la mesure de toute réussite et de la croissance le passeport de tout avenir."
EELV_2019,EELV_2019_285,EURO,2019,EELV,"Sur tous ces points, ils ont eu tort et nous payons durement le prix de leur échec."
EELV_2019,EELV_2019_286,EURO,2019,EELV,Un capitalisme barbare détruit la nature et humilie des millions d’êtres humains.
EELV_2019,EELV_2019_287,EURO,2019,EELV,"L’Europe actuelle n’a plus de sens : le nouveau modèle européen doit conjuguer préservation des écosystèmes, défense des droits sociaux et démocratie."
EELV_2019,EELV_2019_288,EURO,2019,EELV,"Hier, l’Europe s’est bâtie autour du charbon et de l’acier."
EELV_2019,EELV_2019_289,EURO,2019,EELV,Construisons-la aujourd’hui autour de l’objectif de sortir du carbone et du nucléaire et d’investir massivement dans la transition écologique.
EELV_2019,EELV_2019_290,EURO,2019,EELV,"Hier, au sortir d’une guerre qui a tant et tant blessé nos peuples, l’Europe avait à gérer la question des déplacé.e.s de l’intérieur."
EELV_2019,EELV_2019_291,EURO,2019,EELV,"Grâce à une politique d’asile réformée et unifiée, construisons une Europe capable d’assumer la question de l’accueil des hommes et des femmes que le fracas du monde a jeté.e.s sur les routes au péril de leur vie, une Europe capable de continuer à assurer la paix sur le continent."
EELV_2019,EELV_2019_292,EURO,2019,EELV,"Notre Europe n’est pas aveugle sur les blessures du monde et les périls qui grandissent… L’Europe doit tourner le dos aux industries barbares, comme les robots tueurs."
EELV_2019,EELV_2019_293,EURO,2019,EELV,L’Europe doit également engager le processus permettant d’adopter un Traité de nonprolifération des énergies fossiles.
EELV_2019,EELV_2019_294,EURO,2019,EELV,"Construisons une Europe ouverte sur le monde, Une Europe des communs, c’est-à-dire une Europe qui pense, parle et agit pour l’intérêt général de la planète, en ayant tiré les leçons de son histoire."
EELV_2019,EELV_2019_295,EURO,2019,EELV,Non pas une Europe qui vise à redevenir un empire mais une Europe qui tisse entre les peuples les conditions d’un partenariat équitable.
EELV_2019,EELV_2019_296,EURO,2019,EELV,Une Europe qui refuse la marche à la guerre et à la barbarie portée par l’ordre inégal du monde.
EELV_2019,EELV_2019_297,EURO,2019,EELV,Une Europe qui cherche le meilleur pour ses citoyennes et ses citoyens et l’offre en partage à l’humanité.
EELV_2019,EELV_2019_298,EURO,2019,EELV,Le monde a besoin de l’Europe.
EELV_2019,EELV_2019_299,EURO,2019,EELV,Nous sommes et devons demeurer une terre d’espoir.
EELV_2019,EELV_2019_300,EURO,2019,EELV,"Face aux États-Unis de Trump, face à la Russie de Poutine, au Brésil de Bolsonaro, face à la Chine de Xi Jinping, nous avons besoin de construire une Europe forte, fière de porter un nouveau modèle, son modèle."
EELV_2019,EELV_2019_301,EURO,2019,EELV,L’Europe doit absolument s’engager dans la lutte pour sauver le climat.
EELV_2019,EELV_2019_302,EURO,2019,EELV,C’est notre devoir et notre responsabilité.
EELV_2019,EELV_2019_303,EURO,2019,EELV,"Avec la famille verte européenne, nous nous engageons dans cette campagne de l’élection européenne avec une idée simple : nous voulons sauver l’Europe, pour sauver le climat."
EELV_2019,EELV_2019_304,EURO,2019,EELV,Notre plan d’action résume les grandes lignes de nos combats en Europe.
EELV_2019,EELV_2019_305,EURO,2019,EELV,"Ce document est un vade-mecum, un condensé de notre programme qui indique les grandes lignes de notre cohérence politique."
EELV_2019,EELV_2019_306,EURO,2019,EELV,"Telle ou telle proposition précise ne s’y retrouve pas forcément inscrite mais figure certainement dans le socle programmatique adopté par EELV au terme d’un travail de plus de six mois, au terme d’un processus participatif qui a associé consultation des mouvements sociaux et ONG, travail de nos eurodéputé.e.s, réflexion de fond de nos commissions."
EELV_2019,EELV_2019_307,EURO,2019,EELV,Ce plan d’action ne nous appartient pas : il est un outil mis à la disposition de celles et ceux qui veulent construire une autre Europe.
EELV_2019,EELV_2019_308,EURO,2019,EELV,"Enrichissez-le, discutez-le, critiquez-le, pour que nos combats communs s’en trouvent renforcés."
EELV_2019,EELV_2019_309,EURO,2019,EELV,"Ensemble, nous pouvons gagner."
EELV_2019,EELV_2019_310,EURO,2019,EELV,LISTE DES ÉCOLOGISTES MENÉE PAR YANNICK JADOT.  pourleclimat/eu.
LFI_2019,LFI_2019_311,EURO,2019,LFI,PROGRAMME DE LA FRANCE INSOUMISE POUR LES ÉLECTIONS EUROPÉENNES 2019.
LFI_2019,LFI_2019_312,EURO,2019,LFI,"L’Avenir en commun, en Europe aussi !"
LFI_2019,LFI_2019_313,EURO,2019,LFI,"Ce document programmatique pour les élections européennes vous est proposé par l’espace du programme de La France insoumise, coordonné par Charlotte Girard et Boris Bilia."
LFI_2019,LFI_2019_314,EURO,2019,LFI,Ce document s’appuie sur une version initiale rédigée par Matthias Tavel et validée par l’Assemblée Représentative de la France insoumise du samedi 7 avril et soumise à contributions sur la plate-forme.
LFI_2019,LFI_2019_315,EURO,2019,LFI,"Cette phase de contribution, ouverte entre le 12 avril et le 20 mai a donné lieu à 421 contributions."
LFI_2019,LFI_2019_316,EURO,2019,LFI,Ces contributions ont été recensées dans 6 synthèses (une pour l’introduction et les remarques générales et une pour chacune des 5 parties thématiques du texte) réalisées par six équipes de 4 à 6 insoumis qui se sont déclarés volontaires lors de l’Assemblée représentative.
LFI_2019,LFI_2019_317,EURO,2019,LFI,Ces synthèses ont ensuite été ouvertes aux remarques entre le 7 et le 14 juin dernier.
LFI_2019,LFI_2019_318,EURO,2019,LFI,"Sur la base de cette version initiale, de ces six synthèses, des contributions des livrets thématiques et des groupes politiques, et des remarques formulées par les insoumis·es, une nouvelle version de ce document programmatique finalisée par Sophie Rauszer et Hadrien Toucel a été soumise à contribution du 8 au 20 novembre derniers sur la plateforme."
LFI_2019,LFI_2019_319,EURO,2019,LFI,"Après étude des plus de 200 contributions qui ont été faites et un nouveau travail de synthèse, voici la version finale du texte programmatique pour les élections européennes qui a été soumise au vote."
LFI_2019,LFI_2019_320,EURO,2019,LFI,Sommaire.
LFI_2019,LFI_2019_321,EURO,2019,LFI,Nos combats européens.
LFI_2019,LFI_2019_322,EURO,2019,LFI,Introduction.
LFI_2019,LFI_2019_323,EURO,2019,LFI,1 Faire respecter la souveraineté des peuples.
LFI_2019,LFI_2019_324,EURO,2019,LFI,1-1 Garantir la souveraineté populaire.
LFI_2019,LFI_2019_325,EURO,2019,LFI,1-2 Zone euro et budget 2021-2027 : stopper la fuite en avant libérale !
LFI_2019,LFI_2019_326,EURO,2019,LFI,1-3 Dégager l’oligarchie européenne et donner de nouveaux droits démocratiques.
LFI_2019,LFI_2019_327,EURO,2019,LFI,1-4 Augmenter les pouvoirs des parlements nationaux et renforcer le parlement européen.
LFI_2019,LFI_2019_328,EURO,2019,LFI,"2 Face à l’urgence climatique, engager la planification écologique."
LFI_2019,LFI_2019_329,EURO,2019,LFI,"2-1 Protéger l’écosystème, la santé, les biens publics, et les animaux.  2-2 100% d’énergies renouvelables, en Europe aussi !"
LFI_2019,LFI_2019_330,EURO,2019,LFI,2-3 Mener une politique agricole commune écologique pour une alimentation de qualité.
LFI_2019,LFI_2019_331,EURO,2019,LFI,2-4 Mettre en place une planifi cation écologique européenne.
LFI_2019,LFI_2019_332,EURO,2019,LFI,"3 Mettre au pas la finance, en fi nir avec le dumping social et fiscal."
LFI_2019,LFI_2019_333,EURO,2019,LFI,"3-1 Stop au dumping social : non-régression, égalisation sociale et coopération."
LFI_2019,LFI_2019_334,EURO,2019,LFI,3-2 Développer les services publics et défendre la Sécurité sociale.
LFI_2019,LFI_2019_335,EURO,2019,LFI,"3-3 Plus aucun sacrifi ce pour l’euro, pour une relance sociale et écologique."
LFI_2019,LFI_2019_336,EURO,2019,LFI,"3-4 Mettre au pas la finance, les multinationales et les évadés fiscaux."
LFI_2019,LFI_2019_337,EURO,2019,LFI,3-5 Faire des outre-mer la pointe avancée du progrès humain.
LFI_2019,LFI_2019_338,EURO,2019,LFI,4 Construire la paix et les coopérations.
LFI_2019,LFI_2019_339,EURO,2019,LFI,"4-1 Stop au libre-échange, vive le protectionnisme solidaire."
LFI_2019,LFI_2019_340,EURO,2019,LFI,4-2 Coopérer avec les pays en développement.
LFI_2019,LFI_2019_341,EURO,2019,LFI,"4-3 Non à l’Europe de la guerre, construire la paix."
LFI_2019,LFI_2019_342,EURO,2019,LFI,"4-4 Lutter contre le terrorisme, refaire de la sûreté un droit fondamental."
LFI_2019,LFI_2019_343,EURO,2019,LFI,"5 Face aux réactionnaires, étendre les droits et les libertés."
LFI_2019,LFI_2019_344,EURO,2019,LFI,5-1 Promouvoir l’égalité.
LFI_2019,LFI_2019_345,EURO,2019,LFI,"5-2 Agir pour les libertés, l’émancipation et la laïcité."
LFI_2019,LFI_2019_346,EURO,2019,LFI,"5-3 Porter une ambition culturelle et éducative digne du 21e siècle  5-4 Arrêter la guerre aux migrants, permettre à chacun de « vivre et travailler au pays »."
LFI_2019,LFI_2019_347,EURO,2019,LFI,Nos combats européens.
LFI_2019,LFI_2019_348,EURO,2019,LFI,L’Europe de nos rêves est morte.
LFI_2019,LFI_2019_349,EURO,2019,LFI,L’Union européenne n’est pas l’Europe.
LFI_2019,LFI_2019_350,EURO,2019,LFI,L’Union actuelle se résume à un marché unique où les peuples sont soumis à la dictature des banques et de la finance.
LFI_2019,LFI_2019_351,EURO,2019,LFI,Comment stopper ce cauchemar ?
LFI_2019,LFI_2019_352,EURO,2019,LFI,"Nous devons sortir des traités européens actuels, qui alimentent le dumping social et fiscal et nous forcent à mener des politiques d’austérité, à anéantir nos États et ses investissements publics."
LFI_2019,LFI_2019_353,EURO,2019,LFI,Notre indépendance ne doit plus être sacrifiée aux obsessions idéologiques de la Commission européenne qui empêchent de mener des politiques de progrès social.
LFI_2019,LFI_2019_354,EURO,2019,LFI,Cette Union a dévoré nos acquis sociaux.
LFI_2019,LFI_2019_355,EURO,2019,LFI,"Elle attaque nos retraites et détruit nos services publics qu’il faut sans cesse marchandiser, libéraliser, vendre au privé."
LFI_2019,LFI_2019_356,EURO,2019,LFI,Elle impose le libre-échange contre les peuples et la nature.
LFI_2019,LFI_2019_357,EURO,2019,LFI,Elle pollue nos vies et notre santé.
LFI_2019,LFI_2019_358,EURO,2019,LFI,L’oligarchie qui la dirige utilise le carcan des traités européens pour maîtriser les peuples.
LFI_2019,LFI_2019_359,EURO,2019,LFI,La crise grecque a définitivement montré le caractère violemment antidémocratique et l’aveuglément libéral des institutions actuelles de l’Union européenne.
LFI_2019,LFI_2019_360,EURO,2019,LFI,"Emmanuel Macron, fils aîné de l’Union européenne, applique fidèlement les mêmes recettes libérales mises en oeuvre depuis 30 ans."
LFI_2019,LFI_2019_361,EURO,2019,LFI,Il poursuit l’oeuvre malhonnête de Nicolas Sarkozy qui a signé le traité de Lisbonne dans le dos du peuple français.
LFI_2019,LFI_2019_362,EURO,2019,LFI,Il applique sans ciller les traités qu’Hollande avait promis de renégocier.
LFI_2019,LFI_2019_363,EURO,2019,LFI,"Il se soumet volontiers aux ordres de la Commission, en allant même parfois plus loin que ses attentes."
LFI_2019,LFI_2019_364,EURO,2019,LFI,Il faut dire « Stop !
LFI_2019,LFI_2019_365,EURO,2019,LFI,"». 2019 sera un référendum contre Macron, contre son Europe, celle du fric, de l’austérité, de Merkel."
LFI_2019,LFI_2019_366,EURO,2019,LFI,Mais également un plébiscite pour une réelle alternative.
LFI_2019,LFI_2019_367,EURO,2019,LFI,L’Europe insoumise s’avance.
LFI_2019,LFI_2019_368,EURO,2019,LFI,"Nos combats portent l’intérêt général humain, pour éviter la catastrophe écologique et pour la souveraineté des peuples."
LFI_2019,LFI_2019_369,EURO,2019,LFI,Faisons fleurir l’insoumission en Europe.
LFI_2019,LFI_2019_370,EURO,2019,LFI,Osons les jours heureux en Europe aussi !
LFI_2019,LFI_2019_371,EURO,2019,LFI,"1) Face au verrouillage du jeu politique, mettons la souveraineté du peuple au coeur de l’Europe."
LFI_2019,LFI_2019_372,EURO,2019,LFI,"2) Face aux diktats austéritaires de Bruxelles, retrouvons la liberté d’investir en faveur du progrès social et écologique."
LFI_2019,LFI_2019_373,EURO,2019,LFI,"3) Face à l’interdiction des aides publiques, retrouvons la liberté d’organiser nos services publics et nos biens communs."
LFI_2019,LFI_2019_374,EURO,2019,LFI,"4) Face à l’Europe de la guerre, faisons l’Europe de la paix hors de l’OTAN."
LFI_2019,LFI_2019_375,EURO,2019,LFI,"5) Face au libre-échange, planifions la relocalisation écologique par le protectionnisme solidaire."
LFI_2019,LFI_2019_376,EURO,2019,LFI,"6) Face à l’agriculture productiviste t au glyphosate, choisissons l’agriculture paysanne, bio et de proximité."
LFI_2019,LFI_2019_377,EURO,2019,LFI,"7) Face à l’extinction animale et aux violences qui leur sont faites, préservons la biodiversité et combattons la maltraitance."
LFI_2019,LFI_2019_378,EURO,2019,LFI,"8) Face à l’impunité des multinationales, dégageons les lobbies."
LFI_2019,LFI_2019_379,EURO,2019,LFI,"9) Face aux paradis fiscaux au coeur de l’Europe, éradiquons l’évasion fiscale."
LFI_2019,LFI_2019_380,EURO,2019,LFI,"10) Face au dumping social, supprimons la directive sur le travail détaché."
LFI_2019,LFI_2019_381,EURO,2019,LFI,"11) Face à l’hécatombe de nos frontières, accueillons dignement les exilé•e•s tout en combattant les causes des migrations."
LFI_2019,LFI_2019_382,EURO,2019,LFI,"12) Face à la xénophobie et aux menaces qui pèsent sur la laïcité, l’égalité entre femmes et hommes ou les droits LGBT, créons l’Europe de l’émancipation, de la laïcité et de l’égalité !"
LFI_2019,LFI_2019_383,EURO,2019,LFI,Introduction.
LFI_2019,LFI_2019_384,EURO,2019,LFI,Le bonheur est toujours une idée neuve en Europe !
LFI_2019,LFI_2019_385,EURO,2019,LFI,"Nous voulons une Europe porteuse de paix, de progrès social, de démocratie, d’émancipation, qui assume sa responsabilité de lutter contre le changement climatique et la catastrophe écologique."
LFI_2019,LFI_2019_386,EURO,2019,LFI,"Nous portons un projet humaniste pour vivre en harmonie avec les autres êtres humains, la nature et les animaux."
LFI_2019,LFI_2019_387,EURO,2019,LFI,"Nous proposons une Europe, non de la concurrence, mais de la coopération fondée sur la liberté, l’égalité et la fraternité entre les personnes, les Nations européennes et le reste du monde."
LFI_2019,LFI_2019_388,EURO,2019,LFI,"Hélas, l’Union européenne et ses traités actuels ne permettent rien de tout cela."
LFI_2019,LFI_2019_389,EURO,2019,LFI,L’Union ne porte aucun projet de civilisation.
LFI_2019,LFI_2019_390,EURO,2019,LFI,"Elle étouffe la démocratie et écrase la souveraineté populaire, comme on l’a vu en France après le « non » de 2005 au traité constitutionnel européen."
LFI_2019,LFI_2019_391,EURO,2019,LFI,L’euro a servi de garrot pour étrangler la Grèce et d’autres pays.
LFI_2019,LFI_2019_392,EURO,2019,LFI,"Sous la houlette de l’Allemagne de Merkel, l’Union aggrave son aspect austéritaire : toujours plus d’austérité de façon toujours plus autoritaire."
LFI_2019,LFI_2019_393,EURO,2019,LFI,"Le libreéchange, les délocalisations, le dumping social et environnemental suppriment des emplois en France et opposent les peuples les uns aux autres."
LFI_2019,LFI_2019_394,EURO,2019,LFI,Les droits sociaux et les services publics sont attaqués par l’Union et son dogme de la « concurrence libre et non faussée ».
LFI_2019,LFI_2019_395,EURO,2019,LFI,"Le dérèglement climatique s’accélère, mais les lobbies productivistes continuent de faire la loi."
LFI_2019,LFI_2019_396,EURO,2019,LFI,L’Union européenne offre les pleins pouvoirs à la finance et aux évadés fiscaux contre l’intérêt général.
LFI_2019,LFI_2019_397,EURO,2019,LFI,"Elle se soumet à l’OTAN et pousse à la guerre, notamment avec la Russie."
LFI_2019,LFI_2019_398,EURO,2019,LFI,"Elle refuse le co-développement avec les autres peuples, saccage leurs marchés nationaux et pousse à l’exil les travailleurs paupérisés."
LFI_2019,LFI_2019_399,EURO,2019,LFI,Nous dénonçons cette privatisation et ce sabotage libéral de l’idéal européen.
LFI_2019,LFI_2019_400,EURO,2019,LFI,Le marché carbone est une supercherie à l’heure où se lèvent des révoltes contre les cadeaux aux plus riches.
LFI_2019,LFI_2019_401,EURO,2019,LFI,"Quand les plus pauvres paient la facture écologique, ce sont les grands pollueurs qu’il faut contrer !"
LFI_2019,LFI_2019_402,EURO,2019,LFI,L’Europe court au désastre.
LFI_2019,LFI_2019_403,EURO,2019,LFI,"Ces politiques conduisent à la dislocation de l’Union, comme le montre le Brexit."
LFI_2019,LFI_2019_404,EURO,2019,LFI,"Les euro-libéraux retirent aux peuples le droit de décider de leur avenir et multiplient les coups de force, banalisant les idées antidémocratiques de l’extrême-droite."
LFI_2019,LFI_2019_405,EURO,2019,LFI,L’impact des politiques de Macron et consorts renforcent les Le Pen européens.
LFI_2019,LFI_2019_406,EURO,2019,LFI,Les nationalistes progressent partout en Europe pourtant leurs politiques anti-migrants sont acceptées à Bruxelles !
LFI_2019,LFI_2019_407,EURO,2019,LFI,"En France, l’élection présidentielle de 2017 n’a rien réglé."
LFI_2019,LFI_2019_408,EURO,2019,LFI,Les politiques libérales et injustes sont aggravées.
LFI_2019,LFI_2019_409,EURO,2019,LFI,"Macron, président des riches, applique avec zèle les mesures de régressions voulues par la finance et les lobbies et imposées par la Commission européenne : destruction du service public de la SNCF, coupes budgétaires massives, évasion fiscale à échelle industrielle, réduction des droits sociaux, démantèlement du Code du travail, poursuite du pesticide glyphosate, etc."
LFI_2019,LFI_2019_410,EURO,2019,LFI,"Heureusement, une alternative existe !"
LFI_2019,LFI_2019_411,EURO,2019,LFI,Nous ne sommes pas condamnés à subir sans riposter.
LFI_2019,LFI_2019_412,EURO,2019,LFI,La France insoumise et ses alliés étrangers sont l’opposition populaire à cette Europe de l’argent-roi.
LFI_2019,LFI_2019_413,EURO,2019,LFI,Nous sommes l’espoir d’autres gouvernements pour poser les bases d’une alliance nouvelle en Europe.
LFI_2019,LFI_2019_414,EURO,2019,LFI,"Dans ce but, nous construisons un mouvement européen."
LFI_2019,LFI_2019_415,EURO,2019,LFI,C’est le sens de l’appel « Maintenant le peuple !
LFI_2019,LFI_2019_416,EURO,2019,LFI,"Pour une révolution citoyenne en Europe » signé le 12 avril 2018 à Lisbonne, au Portugal."
LFI_2019,LFI_2019_417,EURO,2019,LFI,C’est en quelque sorte l’antithèse du Traité de Lisbonne signé 11 ans plus tôt.
LFI_2019,LFI_2019_418,EURO,2019,LFI,"Dans tous les pays, nous portons le même message, celui d’une Europe des peuples !"
LFI_2019,LFI_2019_419,EURO,2019,LFI,Envoyons au Parlement européen des parlementaires de combat.
LFI_2019,LFI_2019_420,EURO,2019,LFI,"Ce seront des élu·e·s pour informer le grand public, accompagner les luttes qui ont lieu en France et en Europe, protéger les lanceurs d’alerte et débusquer les lobbies."
LFI_2019,LFI_2019_421,EURO,2019,LFI,"Ce seront des élu.e.s proches du peuple, qui construiront avec les citoyen·ne·s des propositions concrètes dans des ateliers des directives, inspirés des ateliers des lois, utilisant l’éducation populaire comme méthode."
LFI_2019,LFI_2019_422,EURO,2019,LFI,Chaque élu·e insoumis·e sera un porte-parole de nos idées face à la Commission européenne à Bruxelles et face à Macron en France !
LFI_2019,LFI_2019_423,EURO,2019,LFI,Ce Parlement européen sera fragmenté comme jamais.
LFI_2019,LFI_2019_424,EURO,2019,LFI,Nos élu·e·s pourront y gagner des batailles concrètes.
LFI_2019,LFI_2019_425,EURO,2019,LFI,L’adoption du paquet ferroviaire s’est jouée à 15 voix près.
LFI_2019,LFI_2019_426,EURO,2019,LFI,"Et cette dernière année, avec un seul eurodéputé, nous avons pu interdire la pêche électrique ou obtenir un programme de dépollution des océans !"
LFI_2019,LFI_2019_427,EURO,2019,LFI,"À l’image du groupe parlementaire de la France insoumise à l’Assemblée nationale, nos députés mèneront le combat sur les thèmes phares du programme, proposeront des commissions d’enquête, alerteront sur les tentatives de verrouiller le débat démocratique et s’engageront partout où cela est possible pour faire évoluer les législations dans le bon sens."
LFI_2019,LFI_2019_428,EURO,2019,LFI,Mais nous savons que l’application de notre programme L’Avenir en commun nécessite des ruptures majeures en Europe.
LFI_2019,LFI_2019_429,EURO,2019,LFI,"Pour cela, le préalable est de sortir des actuels traités européens."
LFI_2019,LFI_2019_430,EURO,2019,LFI,Ils organisent la guerre économique à l’intérieur de l’Union européenne et avec le reste du monde.
LFI_2019,LFI_2019_431,EURO,2019,LFI,Ils menacent nos droits.
LFI_2019,LFI_2019_432,EURO,2019,LFI,Ils corsètent la souveraineté des peuples.
LFI_2019,LFI_2019_433,EURO,2019,LFI,"Ils empêchent d’affronter l’urgence écologique, de mettre en place un protectionnisme solidaire et mettent en danger notre avenir."
LFI_2019,LFI_2019_434,EURO,2019,LFI,"Pour rompre avec ces traités, nous proposons une stratégie claire et démocratique combinant négociations et désobéissances immédiates autour d’un plan A et d’un plan B."
LFI_2019,LFI_2019_435,EURO,2019,LFI,"Le plan A implique la renégociation collective des traités pour permettre notamment l’harmonisation sociale et fiscale, la mise d’en place d’un protectionnisme solidaire et écologique, une politique distributive et une réorientation des missions de la Banque centrale européenne."
LFI_2019,LFI_2019_436,EURO,2019,LFI,Le plan B est notre arme indispensable dans le rapport de force.
LFI_2019,LFI_2019_437,EURO,2019,LFI,Il n’est pas le même selon le poids de chaque pays européen et le rapport de force qu’il est en mesure d’imposer.
LFI_2019,LFI_2019_438,EURO,2019,LFI,"Pour la France, sans laquelle l’Union européenne ne survivra pas, il s’agira, en cas d’impossibilité à faire appliquer le plan A, de construire de nouvelles coopérations européennes libérées des traités austéritaires avec l’ensemble des pays qui partageront ce projet."
LFI_2019,LFI_2019_439,EURO,2019,LFI,"Au-delà des batailles immédiates, nos eurodéputés seront donc des éclaireurs pour cette stratégie."
LFI_2019,LFI_2019_440,EURO,2019,LFI,Ils construiront les alliances nécessaires en Europe et seront les relais et points d’appui d’un futur gouvernement insoumis dans notre pays !
LFI_2019,LFI_2019_441,EURO,2019,LFI,"En parallèle de notre stratégie plan A / plan B ainsi que les alliances nécessaires pour cela, la France insoumise est prête à prendre les mesures unilatérales qui s’imposent."
LFI_2019,LFI_2019_442,EURO,2019,LFI,Par exemple face au refus de M.
LFI_2019,LFI_2019_443,EURO,2019,LFI,"Macron d’interdire le glyphosate en France, nous désobéirons aux règles qui autorisent ce pesticide dans l’Union européenne et empêchent d’interdire l’importation en France de produits glyphosatés."
LFI_2019,LFI_2019_444,EURO,2019,LFI,"Dans la même veine, nous bloquerons la contribution française au budget européen tant que l’Union européenne continuera de promouvoir une politique d’inégalités (concurrence déloyale, travail détaché, délocalisations internes, inégalités des règles écologiques, etc.) et tant que les règles de déficit public et les rabais ne sont pas revus."
LFI_2019,LFI_2019_445,EURO,2019,LFI,"D’ailleurs, la France désobéit déjà à certaines règles européennes par exemple sur la qualité de l’air !"
LFI_2019,LFI_2019_446,EURO,2019,LFI,Il est donc possible de choisir de désobéir dès à présent.
LFI_2019,LFI_2019_447,EURO,2019,LFI,C’est une question de volonté politique.
LFI_2019,LFI_2019_448,EURO,2019,LFI,"Aux élections européennes de 2019, nous avons donc l’occasion de dire très clairement : « Dégagez !"
LFI_2019,LFI_2019_449,EURO,2019,LFI,».
LFI_2019,LFI_2019_450,EURO,2019,LFI,"Elles seront un référendum contre la politique de Macron, contre son Europe, celle de Merkel et des libéraux."
LFI_2019,LFI_2019_451,EURO,2019,LFI,Elles seront l’opportunité de faire vivre notre programme L’avenir en commun et de faire rentrer le peuple au Parlement Européen !
LFI_2019,LFI_2019_452,EURO,2019,LFI,1 Faire respecter la souveraineté des peuples.
LFI_2019,LFI_2019_453,EURO,2019,LFI,L’Union européenne est engagée sur une pente autoritaire.
LFI_2019,LFI_2019_454,EURO,2019,LFI,La démocratie est en 2005. qui coeur en Europe. un problème pour la caste qui gouverne l’UE bafoués comme l’a été le vote « non » des Français au traité constitutionnel La Grèce a été étranglée a annulé le référendum populaire et placé des technocrates européens à la tête du pays.
LFI_2019,LFI_2019_455,EURO,2019,LFI,Les gouvernements nationaux sont à la merci des menaces l’UE.
LFI_2019,LFI_2019_456,EURO,2019,LFI,"Les votes des peuples sont dans un véritable coup d’État fi nancier, et du chantage de la Commission, de la Banque centrale européenne, et du Mécanisme européen de stabilité."
LFI_2019,LFI_2019_457,EURO,2019,LFI,"La droite allemande, l’oligarchie et les lobbys s’en donnent à coeoeoeur joie pour faire la loi dans les institutions européennes."
LFI_2019,LFI_2019_458,EURO,2019,LFI,Ça ne peut plus durer !
LFI_2019,LFI_2019_459,EURO,2019,LFI,Les peuples doivent devenir souverains 1-1 Garantir la souveraineté populaire.
LFI_2019,LFI_2019_460,EURO,2019,LFI,Proposer la sortie des traités européens actuels en cohérence avec notre stratégie plan A / plan B : nos députés européens demanderont que soit engagée la procédure de révision des traités prévue par l’article 48 du traité sur l’Union européenne pour aboutir à un nouveau traité fondateur.
LFI_2019,LFI_2019_461,EURO,2019,LFI,Défendre la souveraineté populaire notamment en matière sociale et budgétaire en s’exonérant des règles du pacte de stabilité et du traité budgétaire ; refusant d’appliquer le semestre européen et le mécanisme de contrôle des budgets nationaux en attendant que de nouveaux traités européens soient négociés.
LFI_2019,LFI_2019_462,EURO,2019,LFI,Reconnaître le droit à la désobéissance aux règles européennes lorsqu’un État estime que ses intérêts fondamentaux sont mis en cause selon les principes du compromis de Luxembourg et les exemptions accordées à certains États (opt-out).
LFI_2019,LFI_2019_463,EURO,2019,LFI,1-2 Zone euro et budget 2021-2027 : stopper la fuite en avant libérale !
LFI_2019,LFI_2019_464,EURO,2019,LFI,Proposer la refondation de l’Union européenne sur la base du mieux-disant social et environnemental en garantissant l’harmonisation des droits par le haut à travers.
LFI_2019,LFI_2019_465,EURO,2019,LFI,A l’aide d’un principe de faveur : les droits nationaux les plus favorables en matières sociale et environnementale doivent être pris pour modèles et étendus aux autres.
LFI_2019,LFI_2019_466,EURO,2019,LFI,"Avec une clause générale de non-régression assurant la primauté du droit national le plus favorable sur le droit européen, notamment en matière de droits social et environnemental."
LFI_2019,LFI_2019_467,EURO,2019,LFI,Refuser le gouvernement austéritaire de la zone euro et l’indépendance de la Banque centrale européenne qui agit sans aucun contrôle démocratique.
LFI_2019,LFI_2019_468,EURO,2019,LFI,"La tutelle imposée par la troïka (FMI, Commission européenne et BCE), qui conduit à des politiques austéritaires, ne doit pas devenir le fonctionnement général de la zone euro et doit cesser partout."
LFI_2019,LFI_2019_469,EURO,2019,LFI,L’euro doit être transformé pour servir l’emploi et la transition écologique et la BCE doit rendre des comptes à une instance démocratique.
LFI_2019,LFI_2019_470,EURO,2019,LFI,"Conditionner tout élargissement à de nouveaux membres (Balkans, Turquie, Ukraine, etc) à l’harmonisation sociale, fiscale et environnementale préalable."
LFI_2019,LFI_2019_471,EURO,2019,LFI,"À défaut, ce serait seulement un élargissement de la guerre économique et du dumping."
LFI_2019,LFI_2019_472,EURO,2019,LFI,"Bloquer la contribution française au budget européen tant que l’UE continue de promouvoir une politique d’inégalités (concurrence déloyale, travail détaché, délocalisations internes, inégalités des règles écologiques, etc.) et tant que les règles de déficit public et les rabais ne sont pas revus."
LFI_2019,LFI_2019_473,EURO,2019,LFI,La solidarité européenne doit permettre un progrès partagé par tous les peuples européens.
LFI_2019,LFI_2019_474,EURO,2019,LFI,Refuser les coupes aveugles dans la Politique Agricole Commune (PAC) et les fonds de cohésion et de solidarité régionale prévues dans le budget 2021- 2027 proposé par la Commission.
LFI_2019,LFI_2019_475,EURO,2019,LFI,Refuser que les fonds européens soient conditionnés à l’application des réformes structurelles qui détruisent les droits sociaux.
LFI_2019,LFI_2019_476,EURO,2019,LFI,Exiger systématiquement l’ouverture d’enquêtes parlementaires en cas de procédure de sanctions budgétaires.
LFI_2019,LFI_2019_477,EURO,2019,LFI,1-3 Dégager l’oligarchie européenne en donnant de nouveaux droits démocratiques.
LFI_2019,LFI_2019_478,EURO,2019,LFI,Combattre la cogestion de l’UE par les conservateurs et les socialistes européens.
LFI_2019,LFI_2019_479,EURO,2019,LFI,"Défendre l’inscription dans les traités d’un droit de révoquer les députés européens et responsables publics européens par référendum, ainsi qu’une motion de censure citoyenne permettant de renverser la Commission même si les députés européens s’y refusent, comme avec Jean- Claude Juncker, président de la commission européenne et mis en cause par les révélations du scandale d’évasion fiscale Luxleaks."
LFI_2019,LFI_2019_480,EURO,2019,LFI,Obliger la Commission européenne à donner des suites législatives aux Initiatives Citoyennes Européennes (ICE).
LFI_2019,LFI_2019_481,EURO,2019,LFI,"Abroger la directive sur le secret des affaires qui protège les intérêts particuliers des entreprises au détriment des lanceurs d’alerte et proposer une directive protégeant le droit à l’information, renforçant la protection des lanceurs d’alerte, et limitant la concentration des médias entre les mains de groupes industriels et financiers."
LFI_2019,LFI_2019_482,EURO,2019,LFI,Dégager les lobbys privés des institutions européennes.
LFI_2019,LFI_2019_483,EURO,2019,LFI,"Rendre obligatoire un registre des lobbys et lobbyistes, la publication de tous les rendez-vous des députés, commissaires ou fonctionnaires européens avec des lobbyistes."
LFI_2019,LFI_2019_484,EURO,2019,LFI,Interdire les cadeaux aux parlementaires ou commissaires européens.
LFI_2019,LFI_2019_485,EURO,2019,LFI,"L’activité de lobbying doit être interdite en cas de con- damnation de l’entreprise pour des faits de corruption, de prise illégale d’intérêts, de trafic d’influence, et de fraude fiscale."
LFI_2019,LFI_2019_486,EURO,2019,LFI,Interdire à tout dirigeant ou fonctionnaire européen de servir les intérêts des banques ou des multinationales pendant 10 ans après ses fonctions publiques.
LFI_2019,LFI_2019_487,EURO,2019,LFI,"Exiger la transparence et la publicité des débats au sein du Conseil européen, de l’Eurogroupe (réunion informelle mais décisionnaire des ministres des finances de la zone euro) et des « trilogues » (négociations informelles mais décisives de la Commission avec des représentants du Parlement et du Conseil sur une directive ou un règlement)."
LFI_2019,LFI_2019_488,EURO,2019,LFI,1-4 Augmenter les pouvoirs des parlements nationaux et renforcer le parlement européen.
LFI_2019,LFI_2019_489,EURO,2019,LFI,Exiger qu’une révision des traités établisse le pouvoir d’initiative des actes législatifs européens au Parlement européen.
LFI_2019,LFI_2019_490,EURO,2019,LFI,Instaurer un « mois parlementaire européen » pendant lequel les parlements nationaux se prononcent sur les textes européens avant leur mise en débat au niveau européen.
LFI_2019,LFI_2019_491,EURO,2019,LFI,Proposer la création d’un mécanisme de « carton rouge » permettant aux parlements nationaux de bloquer un texte européen (pas seulement d’en demander le réexamen).
LFI_2019,LFI_2019_492,EURO,2019,LFI,Exiger que le futur parlement européen élu en 2019 vote le budget 2021-2027 alors que les dirigeants européens veulent le faire adopter par le parlement sortant.
LFI_2019,LFI_2019_493,EURO,2019,LFI,Exiger que le Parlement européen vote publiquement l’investiture du futur président de la BCE et ne soit pas seulement « consulté ».
LFI_2019,LFI_2019_494,EURO,2019,LFI,"Refuser l’investiture de l’actuel président de la Bundesbank, qui a écrasé la Grèce, Chypre, l’Irlande, le Portugal et l’Espagne."
LFI_2019,LFI_2019_495,EURO,2019,LFI,"Renforcer le pouvoir parlementaire de contrôle de l’exécutif européen par l’ouverture d’enquêtes parlementaires sur le pouvoir des lobbys, le rôle des agences de la Commission dans l’autorisation de mise sur le marché de produits et le rôle des directions générales de la Commission."
LFI_2019,LFI_2019_496,EURO,2019,LFI,Défendre le siège du Parlement européen à Strasbourg.
LFI_2019,LFI_2019_497,EURO,2019,LFI,"2 Face à l’urgence climatique, engager la planification écologique."
LFI_2019,LFI_2019_498,EURO,2019,LFI,"Nicolas Hulot lui-même disait que « l’UE ne nous avait pas beaucoup aidés pendant la COP21 », la conférence de l’ONU sur le changement climatique."
LFI_2019,LFI_2019_499,EURO,2019,LFI,C’était en 2015 avant qu’il devienne ministre de Macron puis qu’il démissionne en dénonçant notamment le carcan budgétaire européen.
LFI_2019,LFI_2019_500,EURO,2019,LFI,L’Europe devrait être à la pointe de la lutte pour la préservation de l’écosystème.
LFI_2019,LFI_2019_501,EURO,2019,LFI,"Elle en a les moyens financiers, techniques, humains."
LFI_2019,LFI_2019_502,EURO,2019,LFI,"Au lieu de cela, l’UE traine les pieds."
LFI_2019,LFI_2019_503,EURO,2019,LFI,Elle met en place des outils contreproductifs comme le « marché carbone ».
LFI_2019,LFI_2019_504,EURO,2019,LFI,Elle laisse tout le pouvoir aux lobbys et à l’industrie chimique contre la santé et l’environnement comme on le voit avec les autorisations accordées aux pesticides.
LFI_2019,LFI_2019_505,EURO,2019,LFI,"Le libre-échange et la politique agricole européenne favorisent l’expansion d’une agriculture industrielle, polluante et aggravent le changement climatique, aux dépens de l’agriculture écologique et paysanne."
LFI_2019,LFI_2019_506,EURO,2019,LFI,Ça suffit.
LFI_2019,LFI_2019_507,EURO,2019,LFI,"Nous devons changer les modes de production, de consommation et d’échange."
LFI_2019,LFI_2019_508,EURO,2019,LFI,"Europe aussi, il est temps d’instaurer la règle verte la planète qu’elle ne peut supporter."
LFI_2019,LFI_2019_509,EURO,2019,LFI,"Pour vivre enfi n en harmonie avec les êtres humains, la nature et les animaux."
LFI_2019,LFI_2019_510,EURO,2019,LFI,"C’est aussi une occasion majeure lutte contre les inégalités environnementales qui frappent d’abord les plus pauvres (pollution, malbouffe etc)."
LFI_2019,LFI_2019_511,EURO,2019,LFI,"2-1 Protéger l’écosystème, la santé, les biens communs et les animaux."
LFI_2019,LFI_2019_512,EURO,2019,LFI,Introduire et généraliser l’évaluation des politiques publiques sur d’autres critères que le PIB en imposant des Indicateurs de progrès humain.
LFI_2019,LFI_2019_513,EURO,2019,LFI,Instaurer la règle verte au niveau européen c’est-à-dire l’interdiction de prélever davantage à l’écosystème que ce qu’il est capable de supporter.
LFI_2019,LFI_2019_514,EURO,2019,LFI,Faire de l’énergie un bien commun en garantissant l’accès en fonction des besoins de chacun.e et en assurant la gestion publique.
LFI_2019,LFI_2019_515,EURO,2019,LFI,"Arrêter la privatisation et la destruction des services publics nécessaires à la transition énergétique (train, barrages hydroélectriques, etc.)."
LFI_2019,LFI_2019_516,EURO,2019,LFI,"Revoir à la hausse les objectifs de réduction des émissions de CO2 adoptés lors de la COP 21 pour atteindre l’objectif de neutralité carbone en 2050 (émissions de gaz à effet de serre inférieures à ce que l’écosystème peut absorber), porter, au minimum, la part d’énergie renouvelable à 45% et améliorer l’efficacité énergetique de 40% en 2030 au niveau européen."
LFI_2019,LFI_2019_517,EURO,2019,LFI,Soutenir la proposition d’un tribunal international de justice climatique et contre les écocides (crimes écologiques) pour juger États et multinationales.
LFI_2019,LFI_2019_518,EURO,2019,LFI,"Éradiquer les conflits d’intérêts et garantir l’indépendance des agences européennes de contrôle des médicaments, de l’alimentation et de l’environnement pour éradiquer les conflits d’intérêts et garantir leur indépendance."
LFI_2019,LFI_2019_519,EURO,2019,LFI,Interdire les perturbateurs endocriniens par une définition stricte et des sanctions dissuasives.
LFI_2019,LFI_2019_520,EURO,2019,LFI,Prévoir la révision des règlements et directives sur les substances chimiques afin de garantir le plus haut niveau de protection sanitaire et environnemental.
LFI_2019,LFI_2019_521,EURO,2019,LFI,"Faire adopter une charte européenne des droits des animaux et lutter contre la maltraitance des animaux : interdiction des élevages en batterie, limitation du nombre d’animaux par exploitation pour empêcher les fermes des 1 000 vaches par exemple, interdiction des sévices sur animaux vivants."
LFI_2019,LFI_2019_522,EURO,2019,LFI,Interdire les transports d’animaux vivants sur de longues distances entre États- Membres comme vers l’Union ainsi que la production et la vente de fourrures.
LFI_2019,LFI_2019_523,EURO,2019,LFI,Soutenir la proposition du Parlement européen visant à interdire mondialement l’expérimentation animale dans les cosmétiques.
LFI_2019,LFI_2019_524,EURO,2019,LFI,"Protéger les animaux utilisés à des fins scientifiques : étudier sur du matériel humain (culture de cellules, tissus humains, organes sur puces, etc) ou des données humaines (banques de données, épidémiologie, etc), ne pas nuire (ne pas utiliser des animaux en bonne santé afin de les rendre malades), rendre obligatoire l’utilisation de méthodes substitutives déjà validées, interdire toutes expériences sur les singes, les chiens et les chats… Adopter un plan de sauvegarde pour la biodiversité en Europe intégrant la protection des abeilles et oiseaux, la gestion durable des forêts et la préservation des forêts primaires, comme meilleure manière de stocker le carbone dans les sols, ainsi que les trésors de biodiversité notamment dans les outre-mer pour enrayer la nouvelle vague d’extinction des espèces."
LFI_2019,LFI_2019_525,EURO,2019,LFI,"Faire du droit à l’eau un droit fondamental en Europe et instaurer la gratuité de l’accès aux m3 vitaux, à des fontaines et à des bains douches."
LFI_2019,LFI_2019_526,EURO,2019,LFI,Définir les paramètres et nouveaux seuils de conformité sanitaire sur l’eau du robinet.
LFI_2019,LFI_2019_527,EURO,2019,LFI,Interdire la brevetabilité du vivant et exiger du Luxembourg qu’il renonce à la possibilité de privatiser les ressources trouvées dans l’espace.
LFI_2019,LFI_2019_528,EURO,2019,LFI,"Demander la révision de la directive plastique afin d’interdire tous les plastiques à usage unique, sauf exception et de faire financer la dépollution plastique en mettant à contribution les entreprises responsables. 2-2 100% d’énergies renouvelables, en Europe aussi !"
LFI_2019,LFI_2019_529,EURO,2019,LFI,"Supprimer les subventions directes et indirectes accordées aux énergies fossiles (pétrole, gaz, charbon, gaz de schistes) et interdire toute nouvelle exploitation d’énergies fossiles dans l’UE."
LFI_2019,LFI_2019_530,EURO,2019,LFI,Proposer un plan européen de sortie concertée du charbon et du nucléaire dans l’UE pour aller vers 100% d’énergies renouvelables en 2050 comprenant les financements adéquats pour la formation professionnelle des professionnels du secteur.
LFI_2019,LFI_2019_531,EURO,2019,LFI,Établir un moratoire européen sur l’ouverture de toute nouvelle centrale.
LFI_2019,LFI_2019_532,EURO,2019,LFI,"Mettre fin à l’évaluation par les pairs entre hauts fonctionnaires, au profit d’une directive contraignante en matière de sécurité nucléaire."
LFI_2019,LFI_2019_533,EURO,2019,LFI,"Dissoudre Euratom, qui promeut le nucléaire aux frais des contribuables européens, y compris de pays non-nucléaires."
LFI_2019,LFI_2019_534,EURO,2019,LFI,Créer un institut européen public de recherches sur la transition énergétique.
LFI_2019,LFI_2019_535,EURO,2019,LFI,Engager un plan d’investissement public dans les économies d’énergies et les énergies renouvelables.
LFI_2019,LFI_2019_536,EURO,2019,LFI,"Arrêter la privatisation et la destruction des services publics nécessaires à la transition énergétique (train, barrages hydroélectriques, etc)."
LFI_2019,LFI_2019_537,EURO,2019,LFI,"Abandonner le marché carbone qui consiste à acheter le droit à polluer et le remplacer par des interdictions et taxations sur les grands pollueurs… Mettre en place une taxe carbone aux frontières, sans dérogations, pour favoriser les productions écologiques et de proximité stoppant ainsi le déménagement du monde."
LFI_2019,LFI_2019_538,EURO,2019,LFI,Bloquer le démantèlement des entreprises industrielles par des rachats hostiles et exiger un droit de regard du Parlement sur les autorisations de fusionsacquisitions décidées par la Commission européenne.
LFI_2019,LFI_2019_539,EURO,2019,LFI,Voter une fiscalité carbone et kérosène.
LFI_2019,LFI_2019_540,EURO,2019,LFI,Donner tous les moyens nécessaires à l’enquête européenne sur la fraude des constructeurs automobiles concernant les émissions de diesel ainsi que leurs ententes illégales.
LFI_2019,LFI_2019_541,EURO,2019,LFI,"Exiger des États membres qu’ils ouvrent chacun une enquête, alors que la Commission européenne essaie d’étouffer le scandale."
LFI_2019,LFI_2019_542,EURO,2019,LFI,Interdire la publicité lumineuse qui consomme de grande quantité d’énergie et pousse au consumérisme.
LFI_2019,LFI_2019_543,EURO,2019,LFI,2-3 Mener une politique agricole commune écologique pour une alimentation de qualité.
LFI_2019,LFI_2019_544,EURO,2019,LFI,Ajouter un volet « alimentation de qualité » à la PAC pour en faire une politique agricole et alimentaire commune.
LFI_2019,LFI_2019_545,EURO,2019,LFI,"Assurer la souveraineté alimentaire : refus du modèle d’agro-business tourné vers l’export hors de l’UE, protection des productions agricoles européennes de qualité (labels, appellations d’origine protégées non-reconnues par les accords de libre-échange comme le CETA)."
LFI_2019,LFI_2019_546,EURO,2019,LFI,"Développer l’agriculture écologique et paysanne : transfert massif des subventions de la PAC vers les petites exploitations et l’agriculture bio, plafonnement des aides pour les grosses exploitations, renforcement des aides à la conversion vers l’agriculture bio."
LFI_2019,LFI_2019_547,EURO,2019,LFI,"Garantir des prix rémunérateurs aux paysans : promouvoir les circuits courts, encadrer les marges des transformateurs et distributeurs, empêcher le dumping qui tire les prix et les revenus vers le bas."
LFI_2019,LFI_2019_548,EURO,2019,LFI,Réduire fortement la part de l’alimentation carnée notamment en favorisant des subventions de la PAC pour les cultures végétales à destination de l’alimentation humaine.
LFI_2019,LFI_2019_549,EURO,2019,LFI,"Sortir des pesticides, des néonicotinoïdes et des OGM : interdiction européenne du glyphosate et plan de sortie des pesticides, interdiction de la culture et de l’importation d’OGM, y compris OGM cachés."
LFI_2019,LFI_2019_550,EURO,2019,LFI,"Si l’UE ne prend pas ces mesures, chaque Etat doit pouvoir les appliquer unilatéralement y compris vis-à-vis des importations en provenance d’autres pays de l’UE."
LFI_2019,LFI_2019_551,EURO,2019,LFI,"Rompre avec le droit de la concurrence actuel pour pouvoir imposer 100% d’alimentation bio, locale et en proposant des repas végétariens, dans la restauration scolaire partout en Europe."
LFI_2019,LFI_2019_552,EURO,2019,LFI,"Interdire l’importation des produits issus de la déforestation, et notamment de l’huile de palme destinée à la fabrication de carburants, le soja et autres céréales et légumineuses à destination du bétail européen."
LFI_2019,LFI_2019_553,EURO,2019,LFI,Interdire les agrocarburants qui entrent en compétition avec les usages alimentaires.
LFI_2019,LFI_2019_554,EURO,2019,LFI,"Interdire l’utilisation directe ou indirecte des aides de la PAC pour exporter à des prix de dumping, notamment dans le cadre des accords de libre-échange, auxquels nous nous opposons."
LFI_2019,LFI_2019_555,EURO,2019,LFI,"Pour atteindre une consommation de viande à un niveau écologiquement soutenable, revoir les aides agricoles de façon à rémunérer l’engagement de l’éleveur en faveur du bien-être animal et du rôle paysager et environnemental du cheptel, sans perte de revenu."
LFI_2019,LFI_2019_556,EURO,2019,LFI,Fermer les fermes usines et passer de l’élevage intensif et industriel à une agriculture biologique et paysanne prenant en compte la condition animale et les protéines dans leur diversité.
LFI_2019,LFI_2019_557,EURO,2019,LFI,Interdire les financements de la pêche au chalut et de toutes les pêches qui ravagent les océans.
LFI_2019,LFI_2019_558,EURO,2019,LFI,"Engager la reconversion vers la production d’algues à destination de l’alimentation humaine, excellente source de protéines, écologiquement durable."
LFI_2019,LFI_2019_559,EURO,2019,LFI,Permettre que le bio et le local soit économiquement et écologiquement soutenable et accessible à tous notamment en soutenant la production de protéines végétales à destination de l’alimentation humaine.
LFI_2019,LFI_2019_560,EURO,2019,LFI,2-4 Mettre en place une planification écologique européenne.
LFI_2019,LFI_2019_561,EURO,2019,LFI,"Défendre un aménagement écologique et social du territoire : refus de la métropolisation, amélioration des conditions de vie, d’activité et d’accès aux services publics dans les zones rurales et les quartiers populaires, lutte contre l’imperméabilisation des sols par l’urbanisation et leur appauvrissement par les pratiques agricoles destructrices et soutenir à ce titre la revendication de la campagne People4Soil et une directive- cadre sur les sols européens, afin de préserver leur vie, leur fertilité et leur capacité absorbante."
LFI_2019,LFI_2019_562,EURO,2019,LFI,"Élaborer un plan européen de recours obligatoire au transport ferroviaire de fret sur longue distance dans toutes ses composantes (wagons isolés, trains entiers, transport combiné classique, ferroutage lorsque celui-ci est pertinent) et plus généralement de report modal de la route vers les modes moins polluants."
LFI_2019,LFI_2019_563,EURO,2019,LFI,"Engager un « plan mer » européen pour développer l’économie maritime dans une perspective de créations d’emplois et de transition écologique : développer les énergies marines renouvelables en lien avec les pêcheurs et les autres usagers de la mer pour limiter les conflits d’usage, refuser de la marchandisation de la politique commune des pêches et les concessions de pêche transférables, combattre la surpêche, la pêche illégale et les méthodes destructrices, accompagner les pêcheurs artisanaux dans le renouvellement de leur flotte pour des raisons écologiques et de sécurité."
LFI_2019,LFI_2019_564,EURO,2019,LFI,"Lancer un programme européen de dépollution des mers et océans (récupérations des déchets plastiques, équipements des littoraux en stations d’épuration etc)."
LFI_2019,LFI_2019_565,EURO,2019,LFI,"Construire une Europe « 0 déchet » par la réduction des déchets à la source et le soutien à l’économie circulaire avec recyclage, consigne ou compostage obligatoire, lutte contre le suremballage et l’obsolescence programmée."
LFI_2019,LFI_2019_566,EURO,2019,LFI,Interdire l’exportation de déchets européens hors de l’UE.
LFI_2019,LFI_2019_567,EURO,2019,LFI,"Protéger le littoral européen en renforçant les normes et les contrôles sur les activités industrielles et agricoles à fort potentiel de pollution, en proposant aux pays du Maghreb d’étendre le réseau Natura 2000 à leurs côtes ainsi qu’aux eaux profondes méditerranéennes ; et en imposant des règles strictes pour lutter contre les projets immobiliers qui défigurent les paysages côtiers."
LFI_2019,LFI_2019_568,EURO,2019,LFI,"Lutter contre le gaspillage alimentaire (90 millions de tonnes de nourriture sont jetées et détruites chaque année en Europe, soit… 180kg par personne !)"
LFI_2019,LFI_2019_569,EURO,2019,LFI,par une directive organisant la répartition des invendus et les obligations de la grande distribution.
LFI_2019,LFI_2019_570,EURO,2019,LFI,"3 Mettre au pas la finance, en fi nir avec le dumping social et fi scal La transition écologique appelle des investissements publics et permettrait de construire un nouveau modèle social."
LFI_2019,LFI_2019_571,EURO,2019,LFI,"Or, aujourd’hui l’Union européenne impose l’austérité, défait les services publics et organise la concurrence déloyale entre ses membres pour le seul profit des actionnaires et de la fi nance."
LFI_2019,LFI_2019_572,EURO,2019,LFI,Les riches se gavent pendant que les peuples en bavent.
LFI_2019,LFI_2019_573,EURO,2019,LFI,La course au moins disant social ou fiscal ne doit plus être le fondement de l’Europe !
LFI_2019,LFI_2019_574,EURO,2019,LFI,Place à la coopération et au progrès partagé !
LFI_2019,LFI_2019_575,EURO,2019,LFI,"3-1 Stop au dumping social : non-régression, égalisation sociale et coopération."
LFI_2019,LFI_2019_576,EURO,2019,LFI,"Abolir la directive de détachement de travailleurs : les salariés détachés doivent relever intégralement du droit du pays d’accueil (horaires, salaires, cotisations sociales, indemnités, congés etc) s’il est plus favorable que leur pays d’origine."
LFI_2019,LFI_2019_577,EURO,2019,LFI,Mettre fin au dumping et imposer l’harmonisation sociale par le haut grâce à une clause de non-régression des droits sociaux dans les pays les plus protecteurs.
LFI_2019,LFI_2019_578,EURO,2019,LFI,Accorder la primauté au droit du travail sur le droit de la concurrence en cas de conflit y compris entre un droit du travail national et le droit de la concurrence européen.
LFI_2019,LFI_2019_579,EURO,2019,LFI,Accorder la primauté aux conventions de l’Organisation internationale du travail lorsqu’elles sont plus favorables que le droit européen.
LFI_2019,LFI_2019_580,EURO,2019,LFI,Mettre en place des écluses douanières dans l’UE par groupes de pays pour stopper les délocalisations internes à l’UE et obliger à l’égalisation sociale.
LFI_2019,LFI_2019_581,EURO,2019,LFI,Instaurer un SMIC dans chaque pays européen à 75% du salaire médian avec un mécanisme de convergence rapide entre les pays vers un SMIC européen digne.
LFI_2019,LFI_2019_582,EURO,2019,LFI,"Réduire la durée maximale de travail autorisée par le droit européen, aujourd’hui de 48 h par semaine, avec même des exceptions jusqu’à 65h."
LFI_2019,LFI_2019_583,EURO,2019,LFI,Instaurer un salaire maximum européen : plafonner les écarts de rémunérations à l’intérieur des groupes européens de 1 à 20 entre les salariés les moins et les mieux payés.
LFI_2019,LFI_2019_584,EURO,2019,LFI,Étendre le droit syndical le plus favorable à toutes les filiales d’un même groupe présent dans différents pays européens.
LFI_2019,LFI_2019_585,EURO,2019,LFI,Réviser les règles des marchés publics pour favoriser les entreprises qui respectent les droits des travailleurs et l’écosystème.
LFI_2019,LFI_2019_586,EURO,2019,LFI,Promouvoir une économie numérique coopérative écartant l’ubérisation qui détruit les conditions de travail et d’emploi.
LFI_2019,LFI_2019_587,EURO,2019,LFI,Revoir la directive « Droits des actionnaires » et interdire aux entreprises de distribuer un montant de dividendes supérieur à leur bénéfice et donc d’emprunter pour distribuer des dividendes.
LFI_2019,LFI_2019_588,EURO,2019,LFI,"Simplifier et augmenter le Fonds Européen d’Aide aux plus Démunis (FEAD) à hauteur de 2 milliards par an afin de soutenir les plus de 40 000 associations qui sur le territoire de l’Union européenne fournissent chaque jour 2,7 millions de repas et aident chaque année près de 7 millions de personnes, et afin de pouvoir décemment financer les associations qui s’occupent d’aider les personnes dans le besoin à pouvoir s’habiller et à bénéficier des besoins matériels de première nécessité."
LFI_2019,LFI_2019_589,EURO,2019,LFI,3-2 Développer les services publics et défendre la Sécurité sociale.
LFI_2019,LFI_2019_590,EURO,2019,LFI,"Refuser l’ouverture à la concurrence et la privatisation des services publics, abroger les paquets ferroviaires et énergie, garantir la maîtrise publique des activités d’intérêt général et de souveraineté."
LFI_2019,LFI_2019_591,EURO,2019,LFI,Permettre le maintien des monopoles publics (SNCF par exemple) et l’attribution de la gestion de services publics sans mise en concurrence (barrages hydroélectriques etc).
LFI_2019,LFI_2019_592,EURO,2019,LFI,"Stopper les politiques d’austérité budgétaires pour financer les services publics partout (école, santé, accueil des personnes âgées etc)."
LFI_2019,LFI_2019_593,EURO,2019,LFI,Autoriser les aides d’État aux secteurs stratégiques sans blocage de la Commission européenne.
LFI_2019,LFI_2019_594,EURO,2019,LFI,"S’opposer à la marchandisation des services publics d’éducation et d’enseignement supérieur et à leur colonisation par les lobbies, GAFAM et intérêts économiques, sous la forme par exemple de sponsorisation d’établissements, d’équipements informatiques – hardware et software – ou de diplômes."
LFI_2019,LFI_2019_595,EURO,2019,LFI,"Protéger la sécurité sociale et les retraites contre les logiques austéritaires, la hausse du recours aux assurances privées et la réduction du périmètre de la protection sociale solidaire."
LFI_2019,LFI_2019_596,EURO,2019,LFI,Maintenir ainsi un accès à la santé garanti par un système de protection basé sur la Sécurité sociale.
LFI_2019,LFI_2019_597,EURO,2019,LFI,"3-3 Plus aucun sacrifice pour l’euro, pour une relance sociale et écologique."
LFI_2019,LFI_2019_598,EURO,2019,LFI,"Engager un plan de relance par l’investissement public pour soutenir la création d’emplois, la transition écologique, et la relocalisation des productions."
LFI_2019,LFI_2019_599,EURO,2019,LFI,"Mettre fin à la toute-puissance et à l’indépendance de la Banque centrale européenne, modifier ses missions et statuts pour financer l’emploi et la transition écologique, autoriser le rachat de la dette publique directement aux États et aux banques publiques d’investissement, interdire à la BCE de couper les liquidités à un État membre comme elle l’a fait en Grèce et à Chypre."
LFI_2019,LFI_2019_600,EURO,2019,LFI,Combattre les réformes structurelles contre par exemple le droit du travail ou l’âge de la retraite et refuser les plans d’austérité par l’UE ou le Mécanisme européen de stabilité.
LFI_2019,LFI_2019_601,EURO,2019,LFI,"Organiser une conférence européenne sur les dettes souveraines sur la base d’audits citoyens et débouchant sur des moratoires, une baisse des taux d’intérêt, des rééchelonnements ou annulations partielles."
LFI_2019,LFI_2019_602,EURO,2019,LFI,"3-4 Mettre au pas la finance, les multinationales et les évadés fiscaux."
LFI_2019,LFI_2019_603,EURO,2019,LFI,S’engager dans la démarche initiée par l’ONU pour un traité international contraignant les multinationales à respecter les droits humains.
LFI_2019,LFI_2019_604,EURO,2019,LFI,Combattre les privilèges juridiques des multinationales et les mécanismes de règlements des différends entre investisseurs et États permettant aux multinationales de se soustraire à la justice ordinaire des États (tribunaux d’arbitrage).
LFI_2019,LFI_2019_605,EURO,2019,LFI,"Imposer aux multinationales européennes de respecter le droit européen en matière sociale et environnementale pour leurs activités hors de l’UE, interdire aux multinationales opérant en Europe d’être liées à des processus d’accaparement de terres agricoles, de déforestation, d’exploitation des travailleurs."
LFI_2019,LFI_2019_606,EURO,2019,LFI,"Taxer enfin les transactions financières, avec un taux progressif et interdire les instruments financiers toxiques (titrisation, ventes de gré à gré, trading à haute fréquence), s’opposer à la constitution d’un « marché unique des capitaux » qui laisserait les mains libres à la finance."
LFI_2019,LFI_2019_607,EURO,2019,LFI,Bloquer par une directive européenne la rémunération des traders et les stockoptions.
LFI_2019,LFI_2019_608,EURO,2019,LFI,Introduire la possibilité légale de poursuivre tous les délinquants financiers avec le renforcement du Parquet européen et en parallèle le renforcement des services étatiques publics sur le contrôle et la fiscalité dans chaque État européen.
LFI_2019,LFI_2019_609,EURO,2019,LFI,Contrôler les mouvements de capitaux pour lutter contre les attaques spéculatives et l’évasion fiscale.
LFI_2019,LFI_2019_610,EURO,2019,LFI,"Séparer les banques de dépôt et d’investissement, protéger les épargnants lors des faillites bancaires en créant un véritable mécanisme de garantie des dépôts actuellement bloqué par les banques allemandes."
LFI_2019,LFI_2019_611,EURO,2019,LFI,"Élargir la liste noire européenne des paradis fiscaux pour en faire une liste réaliste et exhaustive, en y incluant les pays de l’UE qui répondent aux critères (Luxembourg, Irlande, Pays-Bas, Malte, Chypre, etc.)."
LFI_2019,LFI_2019_612,EURO,2019,LFI,"Obliger les paradis fiscaux européens à mettre fin à leurs pratiques fiscales déloyales, puis instaurer une frontière fiscale extérieure commune pour empêcher les profits non taxés dans l’UE de fuir vers des pays tiers (Bermudes, Îles Caïmans, etc)."
LFI_2019,LFI_2019_613,EURO,2019,LFI,Mettre un terme au nivellement par le bas de l’impôt sur les sociétés en instaurant un taux d’imposition effectif minimum sur les sociétés.
LFI_2019,LFI_2019_614,EURO,2019,LFI,"Obliger les multinationales à déclarer publiquement leur activité et impôts effectivement payés pays par pays pour taxer vraiment leurs bénéfices, revoir la directive « mère-fille » qui facilite l’évasion fiscale, faire aboutir l’idée d’une assiette commune consolidée pour l’impôt sur les sociétés permettant une harmonisation fiscale par le haut."
LFI_2019,LFI_2019_615,EURO,2019,LFI,"En attendant, refuser la taxe Macron/Moscovici sur le chiffre d’affaires des entreprises du numérique pour proposer à la place une modification des règles de la fiscalité du numérique et leur appliquer l’impôt sur les sociétés sur la base d’une ventilation par pays de leurs bénéfices mondiaux pour en finir avec l’évasion fiscale."
LFI_2019,LFI_2019_616,EURO,2019,LFI,"Retirer les licences des banques dont l’activité déclarée ne correspond pas à leur activité économique réelle dans les paradis fiscaux, interdire l’accès aux marchés publics aux entreprises ayant des activités déclarées déconnectées de leur activité économique réelle dans les paradis fiscaux, sanctionner les entreprises ayant recours aux paradis fiscaux pour transférer artificiellement leurs bénéfices et payer moins d’impôt."
LFI_2019,LFI_2019_617,EURO,2019,LFI,"Mettre en place l’impôt universel pour les particuliers au sein de l’Union, afin d’en finir avec l’évasion fiscale : chaque ressortissant paie des impôts dans son pays d’accueil, mais s’il en paie moins que dans le pays d’origine, il s’acquitte de la différence auprès du Trésor public du pays d’origine."
LFI_2019,LFI_2019_618,EURO,2019,LFI,"Réviser la directive sur les comités d’entreprise européens (CEE) pour protéger l’appareil productif, refuser les délocalisations, les fusions-acquisitions, les cessions ou les fermetures de sites par la consultation contraignante des CEE et la prise en compte des avis émis sur les choix stratégiques des multinationales."
LFI_2019,LFI_2019_619,EURO,2019,LFI,3-5 Faire des outre-mer la pointe avancée du progrès humain.
LFI_2019,LFI_2019_620,EURO,2019,LFI,Transformer le statut des outre-mer de « régions ultra-périphériques » en « régions universelles de progrès » pour en finir avec le mépris et une vision européocentrée et pour en faire des passerelles de la coopération internationale avec leur environnement régional.
LFI_2019,LFI_2019_621,EURO,2019,LFI,"Refuser la baisse des fonds européens de la politique de cohésion, défendre l’augmentation des fonds de la politique agricole commune dédiés aux outre-mer (POSEI) et non le baisser comme veut le faire la commission européenne."
LFI_2019,LFI_2019_622,EURO,2019,LFI,"Financer un plan de rattrapage social et environnemental, d’investissement public et de planification écologique dans les outre-mer."
LFI_2019,LFI_2019_623,EURO,2019,LFI,"Faire des outre-mer des territoires pilotes de la transition écologique en allant vers l’autonomie énergétique, l’autosuffisance alimentaire, la préservation de la biodiversité."
LFI_2019,LFI_2019_624,EURO,2019,LFI,4 Construire la paix et les coopérations.
LFI_2019,LFI_2019_625,EURO,2019,LFI,L’idée européenne est une promesse de paix.
LFI_2019,LFI_2019_626,EURO,2019,LFI,Mais les traités entretiennent la guerre économique et commerciale au lieu de la coopération.
LFI_2019,LFI_2019_627,EURO,2019,LFI,"L’UE, soumise à l’OTAN et à la logique guerrière des Etats-Unis d’Amérique, s’acoquine avec des régimes infréquentables comme la Turquie d’Erdogan."
LFI_2019,LFI_2019_628,EURO,2019,LFI,Son attitude au sujet des migrants en Libye a été jugée honteuse par l’ONU.
LFI_2019,LFI_2019_629,EURO,2019,LFI,Et les reculs des droits et libertés pour cause de lutte anti-terroriste ont été condamnés partout.
LFI_2019,LFI_2019_630,EURO,2019,LFI,Stop !
LFI_2019,LFI_2019_631,EURO,2019,LFI,"Nous avons besoin d’une Europe altermondialiste au service de la paix, de la sûreté et de la coopération dans le cadre de l’ONU."
LFI_2019,LFI_2019_632,EURO,2019,LFI,Elle doit commencer par stopper la marche à la guerre sur le sol européen.
LFI_2019,LFI_2019_633,EURO,2019,LFI,"4-1 Stop au libre-échange, vive le protectionnisme solidaire."
LFI_2019,LFI_2019_634,EURO,2019,LFI,"Promouvoir des relations commerciales internationales fondées sur le co-développement et la coopération, dans l’esprit de la Charte de la Havane de 1948 plutôt que sur la guerre économique qu’est le libre-échange."
LFI_2019,LFI_2019_635,EURO,2019,LFI,"Refuser tout nouvel accord de libreéchange européen (Mercosur, Japon, États-Unis, Australie-Nouvelle Zélande) et combattre la ratification de l’accord UE-Canada (CETA) par la France pour bloquer ce traité."
LFI_2019,LFI_2019_636,EURO,2019,LFI,"Instaurer une taxe carbone aux frontières de l’UE pour favoriser les productions écologiques et de proximité, et pénaliser les productions issues de pays ne respectant pas les normes écologiques européennes et le transport de marchandises sur longue distance."
LFI_2019,LFI_2019_637,EURO,2019,LFI,"Surtaxer les importations en provenance de pays ne respectant pas les conventions de l’Organisation Internationale du Travail ou avec des salaires trop bas, interdire l’importation de produits venant de pays aux conditions de travail inhumaines."
LFI_2019,LFI_2019_638,EURO,2019,LFI,Donner la priorité aux productions locales dans les appels d’offres pour la commande publique.
LFI_2019,LFI_2019_639,EURO,2019,LFI,"Protéger les industries stratégiques contre le pillage par la finance (acier, énergie, numérique, télécom, transport, spatial, etc.)."
LFI_2019,LFI_2019_640,EURO,2019,LFI,"Combattre l’hégémonie monétaire des États-Unis et l’utilisation du dollar à des fins géopolitiques et agir pour la construction d’un nouvel ordre monétaire international et d’une monnaie commune mondiale de réserve avec les BRICS (Brésil, Russie, Inde, Chine, Afrique du Sud)."
LFI_2019,LFI_2019_641,EURO,2019,LFI,4-2 Coopérer avec les pays en développement.
LFI_2019,LFI_2019_642,EURO,2019,LFI,"Porter l’aide publique au développement à 0,7% du PIB pour tous les pays européens qui ne l’ont pas encore fait, dont la France."
LFI_2019,LFI_2019_643,EURO,2019,LFI,Financer la lutte contre le changement climatique et l’action pour l’atténuation et l’adaptation à ses effets dans les pays en développement et les territoires insulaires ou côtiers.
LFI_2019,LFI_2019_644,EURO,2019,LFI,"Rejeter les « Accords de partenariats économiques » inégaux avec les pays d’Afrique, des Caraïbes et du Pacifique (APE) ainsi que les accords de pêches privant les pêcheurs de ces pays d’accès à la ressource."
LFI_2019,LFI_2019_645,EURO,2019,LFI,"Promouvoir les coopérations internationales pour le co-développement, construire un Partenariat méditerranéen en commençant par relancer la démarche 5+5 pour de nouvelles coopérations écologiques, universitaires, culturelles et économiques entre les pays de la Méditerranée occidentale (Portugal, Espagne, Italie, France, Malte, Mauritanie, Maroc, Algérie, Tunisie, Libye)."
LFI_2019,LFI_2019_646,EURO,2019,LFI,"Soutenir les pays en développement souhaitant défendre leur souveraineté économique (souveraineté alimentaire, industrialisation, lutte contre l’évasion fiscale, la mainmise des multinationales, l’accaparement des terres), protéger l’écosystème et la biodiversité et engager la transition écologique, organiser la redistribution des richesses et revenus en faveur de l’économie populaire (paysannerie, entreprises locales, etc.), développer des systèmes de santé et d’éducation pour toutes et tous."
LFI_2019,LFI_2019_647,EURO,2019,LFI,"Généraliser l’importation de produits issus du commerce équitable garantissant notamment un prix minimum aux producteurs par des mécanismes contraignants (quotas, normes, taxes)."
LFI_2019,LFI_2019_648,EURO,2019,LFI,"4-3 Non à l’Europe de la guerre, construire la paix."
LFI_2019,LFI_2019_649,EURO,2019,LFI,Agir pour un monde ordonné : réaffirmer que l’ONU est le seul organe légitime pour la sécurité collective aux yeux de la France.
LFI_2019,LFI_2019_650,EURO,2019,LFI,Défendre la sortie de la France de l’OTAN et la fin de l’ingérence états-unienne en Europe.
LFI_2019,LFI_2019_651,EURO,2019,LFI,"Refuser l’Europe de la défense, à plus forte raison soumise à l’Otan et tournée contre la Russie, relancer les négociations, gelées depuis 2008, pour le renouvellement du partenariat stratégique avec la Russie, sur la base de la coopération, du dialogue et de la sécurité commune."
LFI_2019,LFI_2019_652,EURO,2019,LFI,"Organiser une conférence européenne sur les frontières intérieures et extérieures de l’UE, la paix et la sécurité collective dans le cadre de l’Organisation pour la sécurité et la coopération en Europe (OSCE) pour promouvoir la paix et la coopération transfrontalière (Irlande, Chypre, Hongrie, Autriche/Italie, Catalogne, Ukraine/Russie etc)."
LFI_2019,LFI_2019_653,EURO,2019,LFI,"Conserver la maîtrise nationale de l’arme nucléaire et ne pas l’étendre à l’ensemble du territoire européen, conformément au traité de non-prolifération des armes nucléaires."
LFI_2019,LFI_2019_654,EURO,2019,LFI,"Relancer un processus international de désarmement nucléaire dans le cadre de l’ONU, abandonner le bouclier anti-missile de l’OTAN en Europe."
LFI_2019,LFI_2019_655,EURO,2019,LFI,"Sanctionner les gouvernements qui entretiennent la guerre au Moyen Orient comme la Turquie et Arabie Saoudite (faire respecter la décision européenne sur l’embargo sur les ventes d’armes, gel des avoirs des dirigeants etc.)."
LFI_2019,LFI_2019_656,EURO,2019,LFI,"Défendre l’application stricte de l’accord sur le nucléaire iranien malgré le retrait des États-Unis, agir pour la dénucléarisation du Moyen-Orient, la résolution diplomatique et politique du conflit syrien permettant des élections libres."
LFI_2019,LFI_2019_657,EURO,2019,LFI,"Reconnaître l’État de Palestine, suspendre l’accord d’association UE-Israël tant que celui-ci ne respecte pas le droit international vis-à-vis de la Palestine, agir pour l’application des résolutions de l’ONU pour une solution à deux États vivant en paix et en sécurité."
LFI_2019,LFI_2019_658,EURO,2019,LFI,"Renforcer la coopération contre tous les réseaux mafieux, de trafics d’êtres humains, d’armes, de drogues et de pédopornographie."
LFI_2019,LFI_2019_659,EURO,2019,LFI,La levée du secret bancaire en est le préalable.
LFI_2019,LFI_2019_660,EURO,2019,LFI,Refuser tout financement communautaire de « trolls internet » pour promouvoir les politiques de la Commission européenne.
LFI_2019,LFI_2019_661,EURO,2019,LFI,"4-4 Lutter contre le terrorisme, refaire de la sûreté un droit fondamental Défendre l’indépendance de la France, le principe d’une action de police et non militaire, et le renforcement des moyens de l’État pour lutter contre le terrorisme."
LFI_2019,LFI_2019_662,EURO,2019,LFI,"Saisir l’occasion du Brexit pour « dés-otaniser » et recontinentaliser nos politiques antiterroristes et de renseignement, notamment en termes d’architecture de notre dispositif et de renforcement de notre indépendance en matière de surveillance électronique."
LFI_2019,LFI_2019_663,EURO,2019,LFI,"Refuser la soumission de l’UE aux États-Unis au nom de la lutte antiterrorisme (transferts unilatéraux de données personnelles, prisons secrètes de la CIA en Europe, espionnage de masse des institutions et dirigeants européens par les États-Unis, etc.)."
LFI_2019,LFI_2019_664,EURO,2019,LFI,"Organiser un débat sur la hiérarchisation des menaces qui pèsent sur le continent et les budgets qui leur sont alloués (entre terrorisme, guerre de l’information, dérégulation des marchés, espionnage économique, etc.) et demander une évaluation européenne de la lutte contre la radicalisation imposée par Londres en 2005 et adoptée depuis par tous les grands pays de l’UE en mettant en balance son coût et ses risques de stigmatisation des populations musulmanes."
LFI_2019,LFI_2019_665,EURO,2019,LFI,Promouvoir une analyse républicaine et laïque du phénomène terroriste qui n’organise pas le « choc des civilisations ».
LFI_2019,LFI_2019_666,EURO,2019,LFI,"Renforcer Europol pour identifier et surveiller la grande majorité de djihadistes restés sur place en parallèle, séparer les djihadistes des autres prisonniers et prévoir des programmes spécifiques de rééducation en prévenant tout prosélytisme carcéral."
LFI_2019,LFI_2019_667,EURO,2019,LFI,"Rééquilibrer la coopération entre services de renseignement, de l’Est du continent vers le Sud de la Méditerranée."
LFI_2019,LFI_2019_668,EURO,2019,LFI,"Lutter contre le financement des réseaux terroristes, les mafias et la criminalité en col blanc par le contrôle des mouvements de capitaux et le renforcement des moyens des administrations fiscales, police, justice et douanes."
LFI_2019,LFI_2019_669,EURO,2019,LFI,Garantir le respect des libertés fondamentales et l’intervention préalable du juge dans toutes mesures de restriction de ces libertés.
LFI_2019,LFI_2019_670,EURO,2019,LFI,"Proposer une directive pour une meilleure protection des données personnelles avec notamment la remise à plat du PNR (Passenger Name Record) et oeuvrer à la création d’un « Comité d’éthique » chargé de contrôler et lutter contre la généralisation des algorithmes en commençant par exiger la transparence des variables et des données utilisées, évaluer régulièrement l’impact de ces outils mathématiques sur les utilisateurs afin d’en corriger les effets pervers."
LFI_2019,LFI_2019_671,EURO,2019,LFI,"5 Face aux réactionnaires, étendre les droits et libertés."
LFI_2019,LFI_2019_672,EURO,2019,LFI,L’Union européenne ne protège pas les libertés.
LFI_2019,LFI_2019_673,EURO,2019,LFI,Elle reste silencieuse devant la montée des extrêmes-droites même quand celles-ci participent à des gouvernements nationaux !
LFI_2019,LFI_2019_674,EURO,2019,LFI,Elle refuse brutalement les politiques anti-austérité mais s’accommode des politiques contraires aux droits humains ou à l’égalité et de la présence de l’extrême-droite dans plusieurs Mme Merkel et M.
LFI_2019,LFI_2019_675,EURO,2019,LFI,Juncker sont membres du même parti européen que le dictateur hongrois Viktor Orban !
LFI_2019,LFI_2019_676,EURO,2019,LFI,Ça suffit !
LFI_2019,LFI_2019_677,EURO,2019,LFI,5-1 Promouvoir l’égalité.
LFI_2019,LFI_2019_678,EURO,2019,LFI,"Faire aboutir le projet de directive globale et universelle de l’UE contre toutes les discriminations, bloqué depuis 2004 par les gouvernements conservateurs, et combattre ainsi toutes les formes de racisme et de discriminations, liées aux origines, au sexe, au handicap, à l’orientation sexuelle ou à l’identité de genre."
LFI_2019,LFI_2019_679,EURO,2019,LFI,"Intégrer aux politiques européennes de sûreté la lutte contre les violences domestiques et les violences affectant les personnes exposées à des discriminations (contrôles au faciès, injures racistes ou sexistes, incitations à la haine, …)."
LFI_2019,LFI_2019_680,EURO,2019,LFI,"Défendre les droits des femmes et agir pour l’égalité femmes-hommes : appliquer la clause de l’européenne la plus favorisée proposée par le mouvement féministe pour harmoniser par le haut les droits des femmes en Europe, soutenir le projet de directive sur l’égalité inscrivant dans le droit européen un congé de 10 jours pour le parent qui n’accouche pas et le droit à un congé parental individuel de 4 mois rémunéré à 50% du salaire."
LFI_2019,LFI_2019_681,EURO,2019,LFI,"Permettre la reconnaissance mutuelle des droits des familles vers l’égalité des droits pour les couples (unions civiles, mariages) et pour le régime de la filiation (reconnaissance par l’UE de l’homoparentalité, des enfants nés par procréation médicalement assistée), faciliter le droit à l’adoption."
LFI_2019,LFI_2019_682,EURO,2019,LFI,"Garantir que dans les actes de l’UE, la notion de mariage vise l’union légale entre personnes de même sexe ou de sexe différent."
LFI_2019,LFI_2019_683,EURO,2019,LFI,Enrichir la notion de droits sociaux pour y inclure un droit au logement opposable protégé par le droit européen et garantissant des conditions d’existence conformes à la dignité humaine.
LFI_2019,LFI_2019_684,EURO,2019,LFI,Imposer dans les conditions d’accès aux marchés publics le respect de l’égalité salariale.
LFI_2019,LFI_2019_685,EURO,2019,LFI,"5-2 Agir pour les libertés, l’émancipation et la laïcité."
LFI_2019,LFI_2019_686,EURO,2019,LFI,"Faire appliquer le principe de laïcité aux institutions de l’Union européenne, refuser l’expression de chefs religieux dans les institutions, le financement d’organisations religieuses avec des fonds européens, et le « dialogue avec les Églises » prévu par le traité de Lisbonne."
LFI_2019,LFI_2019_687,EURO,2019,LFI,Défendre l’abolition du délit de blasphème dans les pays européens où il existe encore.
LFI_2019,LFI_2019_688,EURO,2019,LFI,"Accompagner la population d’Andorre pour se libérer du prince-évêque nommé par le Vatican, qui bloque le droit à l’IVG."
LFI_2019,LFI_2019_689,EURO,2019,LFI,"Reconnaître le droit à la contraception, à l’avortement et à la fin de vie assistée dans toute l’UE comme droits fondamentaux permettant la libre disposition de son corps."
LFI_2019,LFI_2019_690,EURO,2019,LFI,Garantir les budgets de santé assurant l’effectivité de ces droits.
LFI_2019,LFI_2019_691,EURO,2019,LFI,Faire appliquer dans les États de l’UE le principe d’auto-détermination du genre préconisé par la Résolution n°2048 de 2015 du Conseil de l’Europe et interdire les mutilations de personnes intersexes.
LFI_2019,LFI_2019_692,EURO,2019,LFI,"Veiller à l’application effective de la Convention du Conseil de l’Europe sur la prévention et la lutte contre la violence à l’égard des femmes et la violence domestique, notamment en accordant à toute personne subissant des violences domestiques (violences parentales sur les jeunes ou violences dans le couple) une allocation d’autonomie et un logement (ainsi qu’un titre de séjour pour les personnes étrangères) d’une durée suffisante pour se protéger et retrouver ou accéder à l’autonomie ; enjoindre les États-membres qui ne l’ont pas encore fait à la ratifier."
LFI_2019,LFI_2019_693,EURO,2019,LFI,"Protéger les données personnelles contre les géants du numérique, la marchandisation et interdire l’export hors de l’UE des données personnelles collectées dans l’UE."
LFI_2019,LFI_2019_694,EURO,2019,LFI,"Proposer une directive d’humanisation et de meilleur contrôle des conditions carcérales en se fondant sur les situations les plus favorables aux droits des personnes dans les différents pays de l’UE et selon les critères suivants notamment : taux d’occupation, accès à la culture/ éducation/citoyenneté pour les personnes détenues, contrôle par l’autorité judiciaire des conditions de détention avec moyens contraignants en cas de conditions inhumaines et dégradantes Garantir la neutralité du net en Europe comme une liberté fondamentale face aux pressions et aux régressions aux États-Unis, garantir l’égal accès à un internet libre et ouvert, imposer le développement des logiciels libres et de matériel informatique écologique dans les institutions européennes, exiger la transparence des algorithmes d’intelligence artificielle 5-3 Porter une ambition culturelle et éducative digne du 21e siècle."
LFI_2019,LFI_2019_695,EURO,2019,LFI,Défendre l’usage de la langue française dans les institutions européennes mis à mal par les coupes dans les budgets d’interprétation et de traduction et promouvoir le multilinguisme contre le tout-anglais.
LFI_2019,LFI_2019_696,EURO,2019,LFI,"Organiser d’urgence la lutte contre la pédocriminalité en faisant de la protection de l’enfance et la lutte contre la pédocriminalité une Grande Cause Européenne en 2020 et ce, par le vote d’une résolution du Parlement européen."
LFI_2019,LFI_2019_697,EURO,2019,LFI,"Créer un Conseil Européen de Protection de l’Enfance (CEPE), qui aura dans ses compétences : la coordination de la lutte contre les pédocriminalités transnationales en lien avec Europol, la centralisation des disparitions de mineurs actuelles et passées (tels les enfants volés du franquisme) et l’activation de plan « alerte enlèvement » dans l’Union européenne, et autres missions en lien avec la protection de l’enfance."
LFI_2019,LFI_2019_698,EURO,2019,LFI,Rapprocher les législations communautaires avec l’objectif de fixer la majorité sexuelle à 15 ans et ainsi faire cesser les injonctions aux victimes mineur·e·s de 15 ans d’avoir à prouver qu’elles n’étaient pas consentantes.
LFI_2019,LFI_2019_699,EURO,2019,LFI,"Accorder à chaque jeune européen entre 16 et 25 ans une allocation d’autonomie d’une durée d’un an pour étudier, se former, travailler dans un autre pays européen."
LFI_2019,LFI_2019_700,EURO,2019,LFI,Promouvoir un programme européen de formation professionnelle en lien avec les établissements scolaires valorisant l’apprentissage et la formation continue.
LFI_2019,LFI_2019_701,EURO,2019,LFI,"Créer une direction de l’Économie Sociale et Solidaire stimulant la création d’emplois d’utilité sociale dans les domaines éducatifs, culturels, sportifs et environnementaux."
LFI_2019,LFI_2019_702,EURO,2019,LFI,"Élargir le programme Erasmus à l’ensemble des pays francophones y compris hors d’Europe, construire un espace international solidaire grâce à l’augmentation des bourses européennes de mobilité et des places en résidence étudiante et à des dispositifs d’accompagnement pédagogique et administratif, en particulier pour les migrants et réfugiés."
LFI_2019,LFI_2019_703,EURO,2019,LFI,"Protéger l’exception culturelle et l’étendre à la sphère numérique en brisant le monopole des GAFAM (Google, Apple, Facebook, Amazon et Microsoft), augmenter les budgets pour la culture, garantir le droit des artistes à vivre de leur travail et l’accès pour tous, créer des Centres de recherche artistiques européens dans les domaines des arts vivants (danse, théâtre, musique), du cinéma, des arts plastiques."
LFI_2019,LFI_2019_704,EURO,2019,LFI,"Créer des réseaux européens pérennes de recherches sur les grands enjeux de société liés à la transition écologique et sociale de nos sociétés, créer des laboratoires de recherche publique européens dans les domaines de la santé, des sciences de l’éducation, de l’environnement, de l’énergie, de la mer et de l’espace, augmenter de manière considérable l’effort financier en faveur de la recherche, ce qui permettrait entre autres de rattraper le manque d’investissements de ces dernières décennies et d’éviter la fuite des cerveaux de France et d’Europe, et de sanctuariser et renforcer le financement public de la recherche fondamentale."
LFI_2019,LFI_2019_705,EURO,2019,LFI,Augmenter les budgets européens alloués à la recherche publique et harmonisés avec l’enseignement supérieur avec un objectif de 3% du PIB à y consacrer.
LFI_2019,LFI_2019_706,EURO,2019,LFI,"Exclure de ces versements les laboratoires scientifiques qui sont directement alimentés par le mécénat bien intéressé de grandes multinationales (Total, LVMH, …)."
LFI_2019,LFI_2019_707,EURO,2019,LFI,"Refonder radicalement la politique européenne de l’enseignement supérieur et de la recherche afin de promouvoir la sécurité des statuts sociaux, la collégialité, la diversité des recherches, et redonner aux chercheurs le droit au temps long dont ils ont besoin."
LFI_2019,LFI_2019_708,EURO,2019,LFI,"Défendre le droit à la gratuité et le libre accès à l’Université en Europe, créer un réseau labellisé d’ « Universités européennes » reposant notamment sur le principe de gratuité d’accès, de l’échange entre chercheurs et citoyens, les recherches participatives avec par exemple l’expérimentation de conseils d’orientation associant citoyens tirés au sort, associations et chercheurs."
LFI_2019,LFI_2019_709,EURO,2019,LFI,Créer une plateforme européenne de publication scientifique gratuite et libre d’accès gérée par les chercheurs.
LFI_2019,LFI_2019_710,EURO,2019,LFI,"5-4 Arrêter la guerre aux migrants, permettre à chacun de « vivre et travailler au pays »."
LFI_2019,LFI_2019_711,EURO,2019,LFI,"Organiser une conférence internationale sur les migrations, sous l’égide de l’ONU, combinant la lutte contre les causes de l’exil forcé, les réponses d’urgence, le soutien aux pays d’accueil, la préparation du retour des réfugiés et l’anticipation des millions de réfugiés climatiques des décennies à venir ; défendre à ce titre la création d’un statut de détresse climatique et humanitaire."
LFI_2019,LFI_2019_712,EURO,2019,LFI,"Combattre les causes de l’exil forcé qu’est l’émigration : stopper les accords commerciaux et économiques inégaux avec les pays en développement, lutter contre le changement climatique et soutenir l’adaptation à ses effets, agir pour mettre fin aux guerres."
LFI_2019,LFI_2019_713,EURO,2019,LFI,Créer un corps européen civil de secours et de sauvetage en mer pour éviter les milliers de noyés en Méditerranée.
LFI_2019,LFI_2019_714,EURO,2019,LFI,"Sortir de l’impasse Schengen et Frontex : refonder la politique européenne de contrôle des frontières extérieures, refuser la militarisation de la politique de contrôle des flux migratoires et les accords honteux qui maintiennent les migrants dans des pays non démocratiques (Turquie, Libye) au mépris des droits humains les plus élémentaires."
LFI_2019,LFI_2019_715,EURO,2019,LFI,Mettre fin aux règlements de Dublin qui placent les exilé.e.s dans des situations absurdes où ils ne peuvent ni rejoindre le pays qu’ils souhaitent ni être régularisés dans celui où ils se trouvent !
LFI_2019,LFI_2019_716,EURO,2019,LFI,Mettre en place des règles d’harmonisation du système d’asile et refuser le principe de « pays tiers sûrs » visant à « sous-traiter » l’examen des demandes d’asile en contradiction avec le droit d’asile prévu par la Constitution française.
LFI_2019,LFI_2019_717,EURO,2019,LFI,"Dans le cadre du Brexit, mettre fin aux accords du Touquet avec le Royaume- Uni, responsables de la situation des migrants à Calais."
LFI_2019,LFI_2019_718,EURO,2019,LFI,"Garantir le droit d’asile, accueillir dignement les exilé·e·s en mobilisant des financements européens et en permettant aux États qui le souhaitent de s’exonérer immédiatement des règles austéritaires européennes, garantir l’accès aux droits fondamentaux et à l’asile, interdire le placement en centre de rétention de mineurs et familles."
LFI_2019,LFI_2019_719,EURO,2019,LFI,Défendre l’abolition du délit de solidarité au niveau européen.
LFI_2019,LFI_2019_720,EURO,2019,LFI,Garantir le droit d’asile des personnes LGBTQIA sous statut de la Convention de Genève au sein du Régime d’asile européen commun en faisant respecter la décision de la Cour de justice de l’UE du 25 janvier 2018 condamnant la Hongrie pour ses pratiques de tests psychologiques sur les demandeurs d’asile LGBTQIA.
LFI_2019,LFI_2019_721,EURO,2019,LFI,Construire un programme pour l’aide au retour des réfugiés qui le souhaitent lorsque la situation de leur pays d’origine le permet.
LR_2019,LR_2019_722,EURO,2019,LR,CONSEIL NATIONAL DES RÉPUBLICAINS Lyon - 16 mars 2019 POUR LA FRANCE : TRANSFORMER L’EUROPE.
LR_2019,LR_2019_723,EURO,2019,LR,Nos premières propositions.
LR_2019,LR_2019_724,EURO,2019,LR,"Les Républicains, les centristes, le Nouveau Centre."
LR_2019,LR_2019_725,EURO,2019,LR,INTRODUCTION.
LR_2019,LR_2019_726,EURO,2019,LR,"Le 26 mai prochain, vous voterez pour désigner les 79 députés qui représenteront la France au Parlement européen."
LR_2019,LR_2019_727,EURO,2019,LR,"Le 26 mai prochain, vous aurez la responsabilité d’élire des députés européens dévoués et utiles pour défendre vos intérêts et porter vos convictions."
LR_2019,LR_2019_728,EURO,2019,LR,"Le 26 mai prochain, vous aurez entre vos mains une part de l’avenir de notre pays et de notre continent."
LR_2019,LR_2019_729,EURO,2019,LR,Pourquoi cette élection est-elle décisive pour notre avenir ?
LR_2019,LR_2019_730,EURO,2019,LR,"Parce que nous, les Républicains, savons que la France n’a jamais eu autant besoin de l’Europe face à l’immigration de masse, face à la Chine et aux États- Unis qui n’hésitent pas à défendre leurs intérêts, face aux défis des géants du numérique, face au changement climatique, face à la montée de l’islamisme."
LR_2019,LR_2019_731,EURO,2019,LR,"Et pourtant, jamais l’Europe n’est apparue aussi défaillante."
LR_2019,LR_2019_732,EURO,2019,LR,"Pour la sauver, nous devons changer l’Europe."
LR_2019,LR_2019_733,EURO,2019,LR,"Parce que nous, les Républicains, membres du Parti populaire européen (PPE), la première force politique européenne, avons des alliés et des interlocuteurs pour changer l’Europe."
LR_2019,LR_2019_734,EURO,2019,LR,Nous refusons de fracturer l’Europe entre « progressistes » et « nationalistes ».
LR_2019,LR_2019_735,EURO,2019,LR,L’Europe ne progressera que si elle s’appuie sur les nations qui la composent.
LR_2019,LR_2019_736,EURO,2019,LR,"Pour tous les Européens convaincus dont nous sommes, les inquiétudes légitimes exprimées par les peuples européens – tant à l’occasion du Brexit que des élections en Autriche, en Allemagne ou en Italie – doivent être perçues comme de salutaires électrochocs et l’occasion d’une refondation du projet européen."
LR_2019,LR_2019_737,EURO,2019,LR,Notre ennemi n’est pas le repli nationaliste mais ce qui produit le repli nationaliste.
LR_2019,LR_2019_738,EURO,2019,LR,C’est ce à quoi nous allons nous attaquer.
LR_2019,LR_2019_739,EURO,2019,LR,"Parce que nous, les Républicains, n’oublions pas que l’Union européenne, la plus belle construction politique depuis la Seconde Guerre mondiale, garante de la paix, doit avoir pour raison d’être la protection des peuples européens."
LR_2019,LR_2019_740,EURO,2019,LR,Nous devons nous mobiliser pour lui redonner un avenir.
LR_2019,LR_2019_741,EURO,2019,LR,Une France forte dans une Nouvelle Europe.
LR_2019,LR_2019_742,EURO,2019,LR,"Nous, les Républicains, refusons que l’Union européenne soit le paravent des lâchetés politiques, qui depuis tant d’années conduisent à ne jamais oser réformer vraiment notre pays ; une France qui doit lutter contre le gaspillage de l’argent public, régler son problème de sous-compétitivité chronique, adopter un plafond d’immigration légale pour choisir qui s’installe sur son sol, s’attaquer aux dérives de l’assistanat et mieux valoriser le travail, en replaçant le respect et l’autorité à leurs justes places."
LR_2019,LR_2019_743,EURO,2019,LR,"Si la France a rarement été aussi isolée sur la scène européenne, c’est parce qu’elle n’est pas en position de force : pour la première fois, notre pays aura cette année le déficit public le plus élevé de tous les pays de la zone euro."
LR_2019,LR_2019_744,EURO,2019,LR,"Pour que la France retrouve une voix en Europe, nous devons commencer par être exemplaires dans la gestion de notre pays."
LR_2019,LR_2019_745,EURO,2019,LR,"Cette responsabilité, c’est celle d’Emmanuel Macron."
LR_2019,LR_2019_746,EURO,2019,LR,"Contrairement à ce qu’affirment les extrémistes, tous ces maux de notre pays ne sont pas imputables à la construction européenne."
LR_2019,LR_2019_747,EURO,2019,LR,"Mais ce n’est pas une raison pour fermer les yeux face aux défaillances de l’Union européenne, qui doit plus que jamais faire la preuve de son efficacité au service des peuples européens."
LR_2019,LR_2019_748,EURO,2019,LR,"L’Europe doit être un levier de puissance pour notre pays, non un frein à son essor et son rayonnement international."
LR_2019,LR_2019_749,EURO,2019,LR,Il y a un autre chemin pour l’Europe.
LR_2019,LR_2019_750,EURO,2019,LR,"Nous, les Républicains, constatons qu’il y a aujourd’hui deux impasses pour l’Europe."
LR_2019,LR_2019_751,EURO,2019,LR,"La première impasse est celle des extrêmes, qui ont toujours pour horizon la déconstruction de l’Union européenne et de l’euro."
LR_2019,LR_2019_752,EURO,2019,LR,"Ce serait un désastre pour la France, dont le coût pèserait d’abord sur les Français."
LR_2019,LR_2019_753,EURO,2019,LR,"8 INTRODUCTION Avec une nouvelle monnaie dévaluée, leur épargne et leur pouvoir d’achat seraient attaqués."
LR_2019,LR_2019_754,EURO,2019,LR,"Avec pour seule perspective d’isoler notre nation, ce sont les intérêts de la France qui seraient directement atteints."
LR_2019,LR_2019_755,EURO,2019,LR,Marine Le Pen et son ex-futur Premier ministre Nicolas Dupont- Aignan proposent un grand saut dans le vide.
LR_2019,LR_2019_756,EURO,2019,LR,Comment souhaiter un « Frexit » alors même que le Brexit démontre sous nos yeux que les apprentis-sorciers ne mènent qu’au désordre ?
LR_2019,LR_2019_757,EURO,2019,LR,"La deuxième voie sans issue est la fuite en avant incarnée par Emmanuel Macron, proposant toujours plus de ce qui n’a pas marché : toujours plus d’élargissements (aux pays des Balkans comme il l’a appelé de ses voeux à Trieste en juillet 2017), toujours plus de bureaucratie (en proposant la création de quinze nouvelles agences ou structures européennes), toujours plus d’immigration (puisqu’il se refuse de ramener les bateaux de passeurs sur les côtes africaines et qu’il souhaite répartir les migrants entre pays européens)."
LR_2019,LR_2019_758,EURO,2019,LR,Il propose aussi de créer une fiscalité européenne pour financer des institutions supplémentaires : nous refuserons toute nouvelle taxation des entreprises ou des ménages européens alors que notre pays a le record des prélèvements obligatoires de l’OCDE.
LR_2019,LR_2019_759,EURO,2019,LR,"Les postures d’Emmanuel Macron varient au gré du vent, mais sa volonté d’enfermer le débat européen dans un choix binaire reste intacte : en opposant les auto-proclamés « progressistes » à la prétendue « lèpre nationaliste », il isole la France et menace de faire imploser l’Union européenne."
LR_2019,LR_2019_760,EURO,2019,LR,"Depuis son discours sur l’Europe à la Sorbonne il y a un an et demi, aucune de ses grandes idées ne s’est traduite en actes concrets."
LR_2019,LR_2019_761,EURO,2019,LR,Nous devons lever le voile sur cette réalité.
LR_2019,LR_2019_762,EURO,2019,LR,« Il est temps de dire la vérité aux Français.
LR_2019,LR_2019_763,EURO,2019,LR,"Il est si facile, comme le font certains, d’adopter des postures stériles qui trompent les citoyens."
LR_2019,LR_2019_764,EURO,2019,LR,Chacun doit saisir l’enjeu de cette élection européenne.
LR_2019,LR_2019_765,EURO,2019,LR,Il y aura le choix entre trois attitudes.
LR_2019,LR_2019_766,EURO,2019,LR,"La première, celle de Marine Le Pen, consiste à sauter de la voiture, une folie."
LR_2019,LR_2019_767,EURO,2019,LR,"La deuxième, celle d’Emmanuel Macron, repose sur les mêmes discours tenus depuis des décennies et a une conséquence : accélérer dans le mur."
LR_2019,LR_2019_768,EURO,2019,LR,Nous voulons un changement de direction.
LR_2019,LR_2019_769,EURO,2019,LR,Redonnons au projet européen des pierres d’angle.
LR_2019,LR_2019_770,EURO,2019,LR,"Je crois en une Europe qui défend sa civilisation, qui assume le rapport de force avec les géants du XXIe siècle et qui protège efficacement nos frontières."
LR_2019,LR_2019_771,EURO,2019,LR,"Oui, il y a un autre chemin pour l’Europe »."
LR_2019,LR_2019_772,EURO,2019,LR,Laurent Wauquiez.
LR_2019,LR_2019_773,EURO,2019,LR,"Un projet conquérant pour une Europe qui protège nos frontières, nos entreprises et notre civilisation."
LR_2019,LR_2019_774,EURO,2019,LR,L’Europe ne doit pas être le nom d’un vide.
LR_2019,LR_2019_775,EURO,2019,LR,Elle est d’abord une civilisation dont le mode de vie est aussi précieux que les valeurs.
LR_2019,LR_2019_776,EURO,2019,LR,"L’Europe ne vient pas de nulle part : elle est le fruit de racines gréco-latines, judéo-chrétiennes et de l’héritage des Lumières."
LR_2019,LR_2019_777,EURO,2019,LR,"Dans une mondialisation déséquilibrée, nous avons la responsabilité de porter une voix unique qu’il s’agit de transmettre aux générations à venir."
LR_2019,LR_2019_778,EURO,2019,LR,Ce combat est d’autant plus important face à la montée de l’islamisme qui menace les fondements mêmes de notre civilisation.
LR_2019,LR_2019_779,EURO,2019,LR,La France a besoin d’une Europe qui sait qui elle est et qui sait ce qu’elle veut.
LR_2019,LR_2019_780,EURO,2019,LR,"Si nous sommes attachés à cette maison commune qu’est l’Europe, si le projet européen est inscrit dans l’ADN de notre famille politique, nous devons mesurer et combattre les dysfonctionnements profonds de l’Union européenne."
LR_2019,LR_2019_781,EURO,2019,LR,"Agir au coeur des institutions européennes pour être utiles, combatifs et efficaces au service des intérêts des Français : telle est notre ambition."
LR_2019,LR_2019_782,EURO,2019,LR,"Alors qu’Emmanuel Macron avait soulevé l’espoir de remettre l’Europe en marche, il a mis la France en marge de l’Europe."
LR_2019,LR_2019_783,EURO,2019,LR,"Nous voulons nous appuyer sur les nouveaux leaders de la droite européenne pour changer l’Europe, défendre et mieux protéger la France et les Français, en bâtissant."
LR_2019,LR_2019_784,EURO,2019,LR,SOMMAIRE.
LR_2019,LR_2019_785,EURO,2019,LR,"I L’Europe Frontière, qui arrête enfin l’immigration de masse, nous défend face au terrorisme islamiste et protège notre territoire, en refusant tout nouvel élargissement."
LR_2019,LR_2019_786,EURO,2019,LR,"II L’Europe Civilisation, qui assume et défend notre histoire, transmet et fait rayonner avec fierté notre identité et nos valeurs."
LR_2019,LR_2019_787,EURO,2019,LR,"III L’Europe Puissance, qui sort de la naïveté et assume la défense de nos intérêts, de nos emplois, de nos entreprises, face aux géants de la mondialisation - Etats-Unis et Chine en tête."
LR_2019,LR_2019_788,EURO,2019,LR,"IV L’Europe Projet, éloignée du «toujours plus» de normes et axée sur le développement prioritaire de grands projets stratégiques, utiles pour notre économie, pour notre influence, pour notre futur."
LR_2019,LR_2019_789,EURO,2019,LR,"V L’Europe Efficace, dont l’action sera plus rapide, plus démocratique, moins technocratique, respectueuse des citoyens et des nations européennes."
LR_2019,LR_2019_790,EURO,2019,LR,"I #   Europe Frontières L’Europe qui protège notre territoire, arrête l’immigration de masse, lutte contre le terrorisme islamiste et refuse tout élargissement."
LR_2019,LR_2019_791,EURO,2019,LR,Lutter contre l’immigration illégale.
LR_2019,LR_2019_792,EURO,2019,LR,#   PROPOSITION 1.
LR_2019,LR_2019_793,EURO,2019,LR,"Mettre en place une double protection de nos frontières : une protection européenne et une protection française, pour arrêter l’immigration de masse."
LR_2019,LR_2019_794,EURO,2019,LR,"Réformer le « Codes frontières » pour pérenniser le rétablissement des contrôles aux frontières intérieures, tant que les frontières extérieures de l’Union européenne ne nous protègent pas efficacement des flux migratoires incontrôlés."
LR_2019,LR_2019_795,EURO,2019,LR,#   PROPOSITION 2.
LR_2019,LR_2019_796,EURO,2019,LR,"Désormais, les demandes d’asile doivent être traitées en dehors de nos frontières, en amont de l’immigration en Europe, en refusant l’ouverture de nouveaux centres d’accueil européens proposée par Emmanuel Macron."
LR_2019,LR_2019_797,EURO,2019,LR,"Ainsi, des centres internationaux d’étude de l’asile, situés notamment sur la rive Sud de la Méditerranée ou au Proche-Orient, serviront à déterminer la réalité du statut de réfugié des populations candidates à l’immigration sur le sol européen."
LR_2019,LR_2019_798,EURO,2019,LR,#   PROPOSITION 3.
LR_2019,LR_2019_799,EURO,2019,LR,"Toute personne qui n’aurait pas respecté la procédure de demande d’asile via les centres internationaux d’étude de l’asile, devra se voir refuser l’entrée sur le territoire de l’UE et être expulsée – c’est ainsi que procèdent les Etats-Unis et l’Australie."
LR_2019,LR_2019_800,EURO,2019,LR,#   PROPOSITION 4.
LR_2019,LR_2019_801,EURO,2019,LR,"Doter l’Europe d’un véritable Corps de garde-côtes et garde-frontières chargé d’empêcher les entrées illégales en Europe, et en tripler le budget pour systématiser les contrôles aux frontières extérieures de l’Union, en faisant monter en puissance les forces de contrôle naval et aérien de la Méditerranée."
LR_2019,LR_2019_802,EURO,2019,LR,#   PROPOSITION 5.
LR_2019,LR_2019_803,EURO,2019,LR,"Ramener systématiquement les bateaux de migrants sur les côtes africaines pour sauver des vies et stopper les filières mafieuses d’immigration illégale, en travaillant précisément, avec les pays d’origine, à la neutralisation de ces bateaux de passeurs, notamment dès les ports de départ."
LR_2019,LR_2019_804,EURO,2019,LR,#   PROPOSITION 6.
LR_2019,LR_2019_805,EURO,2019,LR,Permettre une plus grande efficacité dans les expulsions de personnes en situation irrégulière : grâce au partage des données via un fichier européen des personnes faisant l’objet d’une obligation de quitter le territoire pour qu’elle soit effective dans tous les pays de l’espace Schengen et en harmonisant au niveau européen les procédures d’expulsion de personnes en situation irrégulière.
LR_2019,LR_2019_806,EURO,2019,LR,#   PROPOSITION 7.
LR_2019,LR_2019_807,EURO,2019,LR,"Multiplier les vols groupés organisés par FRONTEX au niveau européen, pour expulser les immigrés illégaux."
LR_2019,LR_2019_808,EURO,2019,LR,#   PROPOSITION 8.
LR_2019,LR_2019_809,EURO,2019,LR,"Ne plus octroyer d’aide au développement ou des visas aux pays tiers d’Afrique, du Moyen-Orient ou d’Asie, qui refusent le retour de leurs ressortissants arrivés illégalement en Europe."
LR_2019,LR_2019_810,EURO,2019,LR,"L’UE ne peut plus octroyer des milliards d’euros d’aide à des pays, sans les obliger à agir contre l’immigration illégale et les filières mafieuses."
LR_2019,LR_2019_811,EURO,2019,LR,#   PROPOSITION 9.
LR_2019,LR_2019_812,EURO,2019,LR,Faire financer l’augmentation des moyens de Frontex pour le contrôle de nos frontières par les visas et titres de séjour.
LR_2019,LR_2019_813,EURO,2019,LR,#   PROPOSITION 10.
LR_2019,LR_2019_814,EURO,2019,LR,"Mettre fin à l’accès automatique aux prestations sociales pour les étrangers extra-européens (minima sociaux, accès aux logements sociaux et allocations familiales) s’il n’y a pas eu au moins trois années de cotisations préalables."
LR_2019,LR_2019_815,EURO,2019,LR,#   PROPOSITION 11.
LR_2019,LR_2019_816,EURO,2019,LR,Dénoncer au niveau européen le Pacte de Marrakech qui encourage l’immigration et promeut le multiculturalisme.
LR_2019,LR_2019_817,EURO,2019,LR,C’est aux Etats et aux peuples européens de décider qui entre en Europe.
LR_2019,LR_2019_818,EURO,2019,LR,I #   Europe Frontière.
LR_2019,LR_2019_819,EURO,2019,LR,"L’Europe qui protège notre territoire, arrête l’immigration de masse, lutte contre le terrorisme islamiste et refuse tout élargissement."
LR_2019,LR_2019_820,EURO,2019,LR,Lutter contre le terrorisme islamiste.
LR_2019,LR_2019_821,EURO,2019,LR,#   PROPOSITION 12.
LR_2019,LR_2019_822,EURO,2019,LR,"Adopter un Bouclier européen contre l’islamisme, comprenant : le strict contrôle et la possibilité d’interdire les financements extra-européens de l’islam, la fermeture immédiate des lieux de culte islamistes, l’identification commune des imams salafistes, l’expulsion des étrangers radicalisés et le refus du retour de djihadistes sur le sol européen."
LR_2019,LR_2019_823,EURO,2019,LR,#   PROPOSITION 13.
LR_2019,LR_2019_824,EURO,2019,LR,"Renforcer d’un point de vue technique, humain et budgétaire, les structures européennes comme les agences Europol et Eurojust pour traquer les terroristes et accroître le partage d’informations entre autorités nationales."
LR_2019,LR_2019_825,EURO,2019,LR,#   PROPOSITION 14?
LR_2019,LR_2019_826,EURO,2019,LR,"Doter le futur Parquet européen, opérationnel en 2020, de compétences additionnelles en matière de lutte contre le terrorisme et la criminalité organisée, soutenant la coordination des enquêtes entre autorités nationales et locales et permettant un échange d’informations clés sur les filières criminelles et terroristes."
LR_2019,LR_2019_827,EURO,2019,LR,#   PROPOSITION 15.
LR_2019,LR_2019_828,EURO,2019,LR,Généraliser le contrôle des vols aériens (PNR – « Passenger Name Record ») aux vols intérieurs et partager les renseignements sur les individus radicalisés.
LR_2019,LR_2019_829,EURO,2019,LR,I #   Europe Frontière.
LR_2019,LR_2019_830,EURO,2019,LR,"L’Europe qui protège notre territoire, arrête l’immigration de masse, lutte contre le terrorisme islamiste et refuse tout élargissement."
LR_2019,LR_2019_831,EURO,2019,LR,Des frontières stables : aucun nouvel élargissement de l’UE ou de l’espace Schengen.
LR_2019,LR_2019_832,EURO,2019,LR,#   PROPOSITION 16.
LR_2019,LR_2019_833,EURO,2019,LR,"Refuser tout nouvel élargissement de l’Union européenne, contrairement à Emmanuel Macron qui a appelé de ses voeux l’élargissement aux pays des Balkans à Trieste en juillet 2017."
LR_2019,LR_2019_834,EURO,2019,LR,La France doit exiger l’arrêt de tout élargissement.
LR_2019,LR_2019_835,EURO,2019,LR,#   PROPOSITION 17.
LR_2019,LR_2019_836,EURO,2019,LR,Arrêter définitivement le processus d’adhésion de la Turquie à l’Union européenne.
LR_2019,LR_2019_837,EURO,2019,LR,#   PROPOSITION 18.
LR_2019,LR_2019_838,EURO,2019,LR,"Stopper l’extension de l’espace Schengen, contrairement à Emmanuel Macron qui souhaite y intégrer la Roumanie."
LR_2019,LR_2019_839,EURO,2019,LR,Nos députés européens s’y opposeront.
LR_2019,LR_2019_840,EURO,2019,LR,II #   Europe Civilisation.
LR_2019,LR_2019_841,EURO,2019,LR,"L’Europe qui assume et défend notre histoire, fait rayonner notre identité et nos valeurs."
LR_2019,LR_2019_842,EURO,2019,LR,L’Europe qui s’affirme en tant que civilisation.
LR_2019,LR_2019_843,EURO,2019,LR,#   PROPOSITION 19.
LR_2019,LR_2019_844,EURO,2019,LR,"Inscrire les racines judéo-chrétiennes de l’Europe, ainsi que l’héritage gréco-romain et celui des Lumières, dans les Traités européens et dans une nouvelle Charte européenne des valeurs et des devoirs."
LR_2019,LR_2019_845,EURO,2019,LR,#   PROPOSITION 20.
LR_2019,LR_2019_846,EURO,2019,LR,"Conditionner l’obtention ou le renouvellement d’un titre de séjour à l’adhésion à la Charte européenne des valeurs et des devoirs - comprenant notamment la réaffirmation absolue des principes de mixité et d’égalité entre les hommes et les femmes, le respect de la liberté d’expression, l’interdiction de la polygamie, de l’excision et l’intangible supériorité des lois politiques sur les lois religieuses - dont la méconnaissance ou nonsignature vaudra rejet automatique de la demande de titre de séjour et l’expulsion du territoire européen."
LR_2019,LR_2019_847,EURO,2019,LR,#   PROPOSITION 21.
LR_2019,LR_2019_848,EURO,2019,LR,"Etablir un Pacte européen contre l’antisémitisme, pour transmettre durablement la mémoire, mettre un terme aux discours de haine, notamment sur les réseaux sociaux et adopter une définition européenne de l’antisémitisme, incluant la négation de l’Etat d’Israël."
LR_2019,LR_2019_849,EURO,2019,LR,#   PROPOSITION 22.
LR_2019,LR_2019_850,EURO,2019,LR,"Lancer une initiative juridique européenne pour protéger la dignité humaine, en interdisant la Gestation pour autrui (GPA) et en luttant contre la marchandisation du corps humain et le trafic d’organes."
LR_2019,LR_2019_851,EURO,2019,LR,II #   Europe Civilisation.
LR_2019,LR_2019_852,EURO,2019,LR,L’Europe qui protège notre patrimoine culturel comme notre environnement naturel Défendre un patrimoine culturel unique.
LR_2019,LR_2019_853,EURO,2019,LR,#   PROPOSITION 23.
LR_2019,LR_2019_854,EURO,2019,LR,"Instaurer le « 1% culture » européen : faire passer le budget dédié à la politique culturelle de 0,15% à 1% du budget européen pour préserver notre patrimoine dans nos territoires (églises, châteaux…) #   PROPOSITION 24."
LR_2019,LR_2019_855,EURO,2019,LR,"Instaurer un fléchage obligatoire d’une partie des fonds européens dédiés aux Régions, pour la préservation du patrimoine ; et faire monter en puissance le Label du Patrimoine européen pour valoriser les sites culturels témoins de l’histoire et de la construction européenne."
LR_2019,LR_2019_856,EURO,2019,LR,#   PROPOSITION 25.
LR_2019,LR_2019_857,EURO,2019,LR,Défendre la diversité linguistique au sein des institutions européennes.
LR_2019,LR_2019_858,EURO,2019,LR,"L’anglais ne doit donc pas demeurer la langue de travail dominante de l’Union européenne, d’autant plus dans le contexte du Brexit."
LR_2019,LR_2019_859,EURO,2019,LR,La promotion de la langue française dans les institutions européennes doit être une priorité.
LR_2019,LR_2019_860,EURO,2019,LR,Rendre obligatoire l’utilisation du français pour la diffusion des contenus des sites internet d’information des institutions et agences de l’Union européenne.
LR_2019,LR_2019_861,EURO,2019,LR,Chaque citoyen européen doit avoir accès aux informations publiques de l’UE dans sa langue maternelle.
LR_2019,LR_2019_862,EURO,2019,LR,"#   PROPOSITION 26 Instaurer un « Erasmus 3.0 » universel : 30 ans après sa création, renforcer le programme pour permettre à chaque jeune, collégien, lycéen, apprenti ou en études supérieures, d’effectuer dans son parcours, un trimestre ou un semestre éducatif, académique ou de formation professionnelle dans un autre pays européen."
LR_2019,LR_2019_863,EURO,2019,LR,"#   PROPOSITION 27 Transmettre aux plus jeunes le sens de la civilisation européenne, en renforçant notamment l’apprentissage de l’histoire de l’Europe et du fonctionnement de l’Union européenne dès l’école primaire, en généralisant les jumelages pour tous les collèges et lycées avec des établissements d’autres Etats membres, et en développant les systèmes de correspondance entre ces élèves (notamment grâce aux outils numériques)."
LR_2019,LR_2019_864,EURO,2019,LR,#   PROPOSITION 28.
LR_2019,LR_2019_865,EURO,2019,LR,"Faire de Strasbourg le siège unique du Parlement européen pour le travail parlementaire, administratif et législatif, en respectant ainsi les Traités européens et l’histoire de la construction européenne."
LR_2019,LR_2019_866,EURO,2019,LR,"Dès lors, refuser tout rassemblement des institutions européennes exclusivement à Bruxelles."
LR_2019,LR_2019_867,EURO,2019,LR,#   PROPOSITION 29.
LR_2019,LR_2019_868,EURO,2019,LR,Créer un Grand Musée européen de l’Histoire et de la Civilisation européenne à Strasbourg et développer des antennes dans chaque capitale de l’UE.
LR_2019,LR_2019_869,EURO,2019,LR,#   PROPOSITION 30.
LR_2019,LR_2019_870,EURO,2019,LR,"Faire figurer sur les futurs billets d’euro la devise de l’Union européenne, des grandes figures historiques européennes (des auteurs, à l’image de Goethe, Molière ou Cervantès, des scientifiques, comme Einstein ou Pierre et Marie Curie, des grands artistes, comme l’étaient Mozart, Rembrandt, Van Gogh ou Maria Callas) et des monuments incarnant nos racines latines et judéo-chrétiennes, nos métropoles et territoires européens, leur culture et leur génie architectural (comme l’Acropole d’Athènes, le Mont-Saint-Michel, le Dôme de Berlin, la Cathédrale de Milan ou le Pont de l’Europe)."
LR_2019,LR_2019_871,EURO,2019,LR,II #   Europe Civilisation.
LR_2019,LR_2019_872,EURO,2019,LR,L’Europe qui protège notre patrimoine culturel comme notre environnement naturel Protéger l’environnement naturel du continent.
LR_2019,LR_2019_873,EURO,2019,LR,#   PROPOSITION 31.
LR_2019,LR_2019_874,EURO,2019,LR,"Instaurer une « Barrière écologique », grâce à la mise en oeuvre de droits de douane anti-pollution sur les produits importés de pays qui ne respectent pas nos normes environnementales ou sociales, pour augmenter le budget européen dédié à la recherche et l’innovation."
LR_2019,LR_2019_875,EURO,2019,LR,#   PROPOSITION 32.
LR_2019,LR_2019_876,EURO,2019,LR,"Mettre en oeuvre un Plan européen pour le climat, piloté par un « Haut-Commissaire européen pour le climat et la biodiversité » favorisant notamment les prêts à taux zéro de la Banque européenne d’investissement aux Etats membres, aux collectivités, aux entreprises et aux particuliers."
LR_2019,LR_2019_877,EURO,2019,LR,#   PROPOSITION 33.
LR_2019,LR_2019_878,EURO,2019,LR,"Lutter contre le dérèglement climatique et réduire notre dépendance énergétique, en visant le « 0 carbone » à horizon 2050 et en favorisant un mix énergétique adapté aux réalités des territoires."
LR_2019,LR_2019_879,EURO,2019,LR,#   PROPOSITION 34.
LR_2019,LR_2019_880,EURO,2019,LR,"Renforcer l’économie circulaire, notamment en valorisant les filières de recyclage pour bénéficier des opportunités du traitement des déchets et promouvoir la bioéconomie, véritable vecteur de croissance et de valeur ajoutée, particulièrement pour nos agriculteurs."
LR_2019,LR_2019_881,EURO,2019,LR,#   PROPOSITION 35.
LR_2019,LR_2019_882,EURO,2019,LR,Mettre en place une « Stratégie plastique » ambitieuse au niveau européen consistant à systématiser les modes de collecte et de recyclage à l’échelle de l’UE en les rendant au plus simples et plus efficaces.
LR_2019,LR_2019_883,EURO,2019,LR,III #   Europe Puissance.
LR_2019,LR_2019_884,EURO,2019,LR,"L’Europe qui défend nos entreprises, nos emplois et nos intérêts face aux géants de la mondialisation."
LR_2019,LR_2019_885,EURO,2019,LR,L’Europe qui renoue avec la préférence européennE et française pour nos entreprises.
LR_2019,LR_2019_886,EURO,2019,LR,#   PROPOSITION 36.
LR_2019,LR_2019_887,EURO,2019,LR,"Face aux produits étrangers, mettre en place une « double préférence » : européenne et française, sur le modèle du « Buy American Act », en assumant de donner la priorité à nos entreprises et nos emplois."
LR_2019,LR_2019_888,EURO,2019,LR,#   PROPOSITION 37.
LR_2019,LR_2019_889,EURO,2019,LR,"Créer un droit permettant de réserver 50% de nos marchés publics aux entreprises locales, particulièrement les PME."
LR_2019,LR_2019_890,EURO,2019,LR,#   PROPOSITION 38.
LR_2019,LR_2019_891,EURO,2019,LR,Imposer la stricte réciprocité dans les échanges internationaux : un pays qui ne laisse pas entrer nos entreprises françaises et européennes sur son marché ne doit plus pouvoir accéder au marché européen.
LR_2019,LR_2019_892,EURO,2019,LR,#   PROPOSITION 39.
LR_2019,LR_2019_893,EURO,2019,LR,"Mettre en oeuvre dans les meilleurs délais le mécanisme européen de filtrage des investissements étrangers, porté par les Républicains au Parlement européen, pour protéger durablement nos secteurs stratégiques, en développant une coopération européenne structurée pour l’intelligence économique."
LR_2019,LR_2019_894,EURO,2019,LR,#   PROPOSITION 40.
LR_2019,LR_2019_895,EURO,2019,LR,"Instaurer un Fonds européen d’investissement, financé notamment par la Banque européenne d’investissement (BEI) pour amplifier le Plan d’investissement pour l’Europe dit « Plan Juncker », dédié aux PME familiales et aux savoir-faire d’excellence."
LR_2019,LR_2019_896,EURO,2019,LR,#  .
LR_2019,LR_2019_897,EURO,2019,LR,PROPOSITION 41.
LR_2019,LR_2019_898,EURO,2019,LR,Refonder la politique de négociations commerciales de l’Union européenne.
LR_2019,LR_2019_899,EURO,2019,LR,Imposer la stricte réciprocité dans l’ouverture des marchés publics avec nos partenaires étrangers.
LR_2019,LR_2019_900,EURO,2019,LR,"Pour tous les accords commerciaux envisagés ou en cours de négociation par la Commission européenne, imposer la « compétence mixte » qui permet de rendre obligatoire la consultation des parlements nationaux sur l’accord conclu."
LR_2019,LR_2019_901,EURO,2019,LR,"Imposer, pour tous ces accords, une évaluation automatique tous les 5 ans, avec une clause de revoyure de l’accord si celui-ci s’avère défavorable à l’Union ou à certains de ses Etats membres."
LR_2019,LR_2019_902,EURO,2019,LR,"Actualiser les mandats de négociations commerciales de l’UE avec des pays-tiers, dont certains datent de plusieurs années (comme celui avec le Mercosur auquel nous nous opposons fermement), afin de s’adapter aux réalités économiques actuelles pour défendre efficacement nos intérêts."
LR_2019,LR_2019_903,EURO,2019,LR,III #   Europe Puissance.
LR_2019,LR_2019_904,EURO,2019,LR,"L’Europe qui défend nos entreprises, nos emplois et nos intérêts face aux géants de la mondialisation."
LR_2019,LR_2019_905,EURO,2019,LR,Promouvoir l’agriculture française en Europe et dans le monde.
LR_2019,LR_2019_906,EURO,2019,LR,#   PROPOSITION 42.
LR_2019,LR_2019_907,EURO,2019,LR,"S’opposer à la baisse prévue du budget de la PAC (jusqu’à 15%) et le maintenir intégralement, en conservant notamment pleinement les paiements directs, pour protéger notre agriculture française en Europe."
LR_2019,LR_2019_908,EURO,2019,LR,#   PROPOSITION 43.
LR_2019,LR_2019_909,EURO,2019,LR,"Rétablir la préférence communautaire dans le domaine agricole, au service de la sécurité alimentaire de l’Europe."
LR_2019,LR_2019_910,EURO,2019,LR,#   PROPOSITION 44.
LR_2019,LR_2019_911,EURO,2019,LR,"Créer un « Fonds européen permanent de prévention et de gestion des crises agricoles » viable, flexible et efficace pour intervenir rapidement en dehors du principe budgétaire d’annualité de la PAC."
LR_2019,LR_2019_912,EURO,2019,LR,#  PROPOSITION 45.
LR_2019,LR_2019_913,EURO,2019,LR,Construire une agriculture d’avenir.
LR_2019,LR_2019_914,EURO,2019,LR,Assurer le renouvellement des exploitations agricoles par un soutien massif aux jeunes agriculteurs.
LR_2019,LR_2019_915,EURO,2019,LR,Développer des stratégies de modernisation des exploitations.
LR_2019,LR_2019_916,EURO,2019,LR,Renforcer les aides à la conversion vers l’agriculture biologique.
LR_2019,LR_2019_917,EURO,2019,LR,Défendre des synergies avec d’autres programmes européens (ex : les applications du secteur spatial au secteur agricole dans la gestion des terres et des ressources).
LR_2019,LR_2019_918,EURO,2019,LR,Protéger durablement les terres agricoles françaises et européennes face aux phénomènes de financiarisation et de concentration des exploitations agricoles.
LR_2019,LR_2019_919,EURO,2019,LR,#   PROPOSITION 46.
LR_2019,LR_2019_920,EURO,2019,LR,"Au-delà des mécanismes nationaux, confier aux régions la gestion de tous les fonds européens du 2ème pilier de la PAC pour dynamiser le soutien local aux projets agricoles."
LR_2019,LR_2019_921,EURO,2019,LR,#  PROPOSITION 47.
LR_2019,LR_2019_922,EURO,2019,LR,"S’opposer à la baisse prévue du Fonds européen pour les affaires maritimes et la pêche (FEAMP) : Développer des outils d’accompagnement pour les pêcheurs (soutien, formation…), notamment pour nos pêcheurs artisanaux et pour nos jeunes pêcheurs."
LR_2019,LR_2019_923,EURO,2019,LR,Financer la modernisation des flottes.
LR_2019,LR_2019_924,EURO,2019,LR,Assurer la préservation des ressources halieutiques en combattant les pratiques de pêche nuisibles à l’environnement telles que la pêche électrique.
LR_2019,LR_2019_925,EURO,2019,LR,#  PROPOSITION 48.
LR_2019,LR_2019_926,EURO,2019,LR,Négocier un accord spécifique avec le Royaume- Uni dans le cadre du Brexit pour défendre l’accès des pêcheurs français aux eaux britanniques.
LR_2019,LR_2019_927,EURO,2019,LR,#  PROPOSITION 49.
LR_2019,LR_2019_928,EURO,2019,LR,"Adopter une politique européenne d’incitation à la consommation de produits agricoles et de pêche locaux, notamment dans les cantines scolaires, favorisant les circuits courts et l’approvisionnement local."
LR_2019,LR_2019_929,EURO,2019,LR,Cela est à la fois bénéfique pour l’environnement et pour nos agriculteurs.
LR_2019,LR_2019_930,EURO,2019,LR,Il est absurde d’importer des produits agricoles qui proviennent de l’autre bout du monde.
LR_2019,LR_2019_931,EURO,2019,LR,III #  Europe Puissance.
LR_2019,LR_2019_932,EURO,2019,LR,"L’Europe qui défend nos entreprises, nos emplois et nos intérêts face aux géants de la mondialisation."
LR_2019,LR_2019_933,EURO,2019,LR,L’Europe qui combat la concurrence déloyale et qui défend son industrie.
LR_2019,LR_2019_934,EURO,2019,LR,# PROPOSITION 50.
LR_2019,LR_2019_935,EURO,2019,LR,Faire cesser le dumping social au sein de l’UE.
LR_2019,LR_2019_936,EURO,2019,LR,"Défendre une vraie révision de la directive sur les travailleurs détachés, pour faire cesser le dumping social au sein de l’Union européenne."
LR_2019,LR_2019_937,EURO,2019,LR,Réviser le règlement européen sur les systèmes de sécurité sociale : les travailleurs détachés doivent payer les cotisations sociales du pays dans lequel ils travaillent.
LR_2019,LR_2019_938,EURO,2019,LR,"Porter une révision ambitieuse des règles du transport routier européen, pour mettre un terme à la concurrence déloyale dans ce secteur."
LR_2019,LR_2019_939,EURO,2019,LR,Renforcer l’arsenal de contrôle et de sanction des structures spécialisées dans le détachement des travailleurs.
LR_2019,LR_2019_940,EURO,2019,LR,# PROPOSITION 51.
LR_2019,LR_2019_941,EURO,2019,LR,"Renforcer massivement le contrôle des produits importés pour vérifier qu’ils respectent nos normes de sécurité, sanitaires et environnementales, et alléger les contrôles sur les producteurs européens qui respectent déjà les standards les plus élevés du monde."
LR_2019,LR_2019_942,EURO,2019,LR,# PROPOSITION 52.
LR_2019,LR_2019_943,EURO,2019,LR,Transformer radicalement la politique européenne de concurrence.
LR_2019,LR_2019_944,EURO,2019,LR,Cette politique doit cesser d’être un frein à la constitution de champions européens mais s’adapter aux priorités industrielles de l’Union.
LR_2019,LR_2019_945,EURO,2019,LR,"Etablir une liste de secteurs stratégiques (environnement, énergie, défense, numérique…) dérogatoire des règles de la concurrence européenne, pour permettre l’émergence de leaders continentaux performants à l’échelle mondiale (sur le modèle d’Airbus)."
LR_2019,LR_2019_946,EURO,2019,LR,"Donner aux Etats membres la possibilité de faire appel des décisions de la Commission européenne en matière de politique de concurrence, et leur laisser le choix final pour affirmer leurs stratégies industrielles."
LR_2019,LR_2019_947,EURO,2019,LR,"Engager une réforme des plafonds d’intervention publique pour les régions, pour soutenir durablement les acteurs économiques des territoires, en relevant notamment le plafond d’aides aux PME."
LR_2019,LR_2019_948,EURO,2019,LR,# PROPOSITION 53.
LR_2019,LR_2019_949,EURO,2019,LR,"Défendre l’euro, car cette monnaie est une protection pour les Français et les Européens."
LR_2019,LR_2019_950,EURO,2019,LR,"Dans un pays marqué par une dette et un déficit publics catastrophiques, retrouver une souveraineté monétaire et sortir de l’euro comme le proposent Marine Le Pen et Nicolas Dupont-Aignan serait un danger pour tous les Français : pour leur épargne, pour leur pouvoir d’achat, pour nos entreprises et nos emplois."
LR_2019,LR_2019_951,EURO,2019,LR,# PROPOSITION 54.
LR_2019,LR_2019_952,EURO,2019,LR,"Être conquérants, c’est affirmer le rôle international de l’euro comme alternative au dollar."
LR_2019,LR_2019_953,EURO,2019,LR,"L’euro est la 2e monnaie mondiale, constituant 20% des réserves de banques centrales et utilisée dans près de 40% des échanges internationaux."
LR_2019,LR_2019_954,EURO,2019,LR,Les accords commerciaux négociés par l’Union européenne devront contenir des clauses obligeant les échanges à être effectués en euro.
LR_2019,LR_2019_955,EURO,2019,LR,"L’euro doit aussi être renforcé comme monnaie de réserve, notamment en développant une alternative européenne au système de transactions bancaires internationales SWIFT utilisé pour promouvoir les intérêts américains."
LR_2019,LR_2019_956,EURO,2019,LR,# PROPOSITION 55.
LR_2019,LR_2019_957,EURO,2019,LR,"Doter l’Europe de « Blocs de coopération », pour permettre au continent d’avancer à plusieurs vitesses autour de stratégies communes."
LR_2019,LR_2019_958,EURO,2019,LR,"Par exemple, en amplifiant la convergence nécessaire en matière fiscale et sociale, afin de lutter contre le dumping et les écarts trop importants entre Etats européens, qui nuisent à la compétitivité de nos entreprises françaises."
LR_2019,LR_2019_959,EURO,2019,LR,# PROPOSITION 56.
LR_2019,LR_2019_960,EURO,2019,LR,"La taxation des entreprises doit être équitable entre toutes les entreprises en Europe : mettre en place une taxe d’égalisation des géants extra-européens du numérique (dits « GAFAM » pour Google, Apple, Facebook, Amazon, Microsoft), pour financer l’investissement public européen dans la recherche et l’innovation, notamment dans l’intelligence artificielle."
LR_2019,LR_2019_961,EURO,2019,LR,III #  Europe Puissance.
LR_2019,LR_2019_962,EURO,2019,LR,"L’Europe qui défend nos entreprises, nos emplois et nos intérêts face aux géants de la mondialisation."
LR_2019,LR_2019_963,EURO,2019,LR,"L’Europe puissante grâce à sa défense, grâce à l’ensemble de ses territoires et grâce à son rayonnement international."
LR_2019,LR_2019_964,EURO,2019,LR,# PROPOSITION 57.
LR_2019,LR_2019_965,EURO,2019,LR,"Instaurer un Etat-major permanent de planification et de conduite des opérations (comme le Centre de planification et de conduite des opérations - CPCO en France ou le Grand Quartier général des puissances alliées en Europe - SHAPE de l’OTAN), qui serait basé à la Forteresse du Mont Valérien en France afin de planifier et conduire les opérations décidées et menées souverainement par les Etats membres de l’Union qui le souhaiteront (exemples actuels : Mali, République centrafricaine…)."
LR_2019,LR_2019_966,EURO,2019,LR,# PROPOSITION 58.
LR_2019,LR_2019_967,EURO,2019,LR,"Assurer l’autonomie stratégique de l’Europe en matière de défense pour faire face aux menaces d’un contexte international plus instable que jamais, en soutenant des coopérations européennes militaires, opérationnelles et industrielles, qui permettent de ne pas dépendre d’autres puissances."
LR_2019,LR_2019_968,EURO,2019,LR,# PROPOSITION 59.
LR_2019,LR_2019_969,EURO,2019,LR,"Les flux du Fonds européen pour l’industrie de défense doivent être exclusivement dédiés aux entreprises européennes et non à des structures détenues par des capitaux extra-européens, même en cas d’implantation sur le continent européen."
LR_2019,LR_2019_970,EURO,2019,LR,# PROPOSITION 60.
LR_2019,LR_2019_971,EURO,2019,LR,"Développer une solidarité plus forte, financière et logistique, avec les pays qui, comme la France, s’engagent fortement pour la sécurité de tous (particulièrement en Afrique sub-saharienne et au Moyen-Orient)."
LR_2019,LR_2019_972,EURO,2019,LR,"Parce que les pays qui investissent dans leurs armées protègent l’ensemble de l’Union européenne, les dépenses militaires des Etats membres doivent sortir des critères budgétaires stricts, issus du Traité de Maastricht."
LR_2019,LR_2019_973,EURO,2019,LR,# PROPOSITION 61.
LR_2019,LR_2019_974,EURO,2019,LR,"Les Outre-mer sont une richesse pour la France, au service de la puissance de l’Union européenne au-delà des frontières continentales."
LR_2019,LR_2019_975,EURO,2019,LR,"L’insularité, l’éloignement géographique ou les spécificités économiques de nos territoires d’Outremer doivent cependant être défendus sans relâche pour adapter la législation européenne à leurs caractéristiques et besoins, particulièrement dans le cadre de la mise en oeuvre des Fonds européens structurels dans ces territoires ou des négociations commerciales UE - pays tiers."
LR_2019,LR_2019_976,EURO,2019,LR,# PROPOSITION 62.
LR_2019,LR_2019_977,EURO,2019,LR,"Promouvoir un Plan Marshall Euro-Africain de croissance partagée, en investissant dans les infrastructures, l’éducation, la santé, l’emploi des femmes ou le numérique."
LR_2019,LR_2019_978,EURO,2019,LR,"Cela entraînera des retombées importantes pour nos entreprises européennes, tout en permettant au continent africain de prendre pleinement en main son destin et sa croissance démographique."
LR_2019,LR_2019_979,EURO,2019,LR,IV #  Europe PROJET.
LR_2019,LR_2019_980,EURO,2019,LR,"L’Europe qui se consacre en priorité à quelques grands programmes stratégiques, utiles pour nos emplois, pour notre influence, pour notre avenir."
LR_2019,LR_2019_981,EURO,2019,LR,# PROPOSITION 63.
LR_2019,LR_2019_982,EURO,2019,LR,"Adopter une « Grande cause européenne » : dans les cinq années du mandat européen à venir, développer les projets communs de recherche médicale entre Etats membres pour découvrir le remède à Alzheimer, Parkinson et les maladies neuro-dégénératives."
LR_2019,LR_2019_983,EURO,2019,LR,# PROPOSITION 64.
LR_2019,LR_2019_984,EURO,2019,LR,"Etablir une véritable Stratégie européenne pour l’Intelligence artificielle (IA) : investir massivement grâce à des appels à projet européens publics/privés pour faire de l’Europe le pôle mondial d’innovation dans le domaine de l’IA et du big data, et pour ne pas laisser cette révolution industrielle aux Etats-Unis et à la Chine."
LR_2019,LR_2019_985,EURO,2019,LR,Cette maîtrise de l’Intelligence artificielle européenne doit se faire au service des citoyens et des entreprises européennes.
LR_2019,LR_2019_986,EURO,2019,LR,# PROPOSITION 65.
LR_2019,LR_2019_987,EURO,2019,LR,"Lancer des coopérations renforcées pour assurer notre indépendance stratégique, notamment dans le secteur spatial ou la cybersécurité."
LR_2019,LR_2019_988,EURO,2019,LR,Les Européens doivent pouvoir se défendre avec leurs propres moyens technologiques et militaires et avancer plus rapidement entre Etats membres lorsqu’ils ont des intérêts communs.
LR_2019,LR_2019_989,EURO,2019,LR,# PROPOSITION 66.
LR_2019,LR_2019_990,EURO,2019,LR,"Grâce à un Plan européen des nouvelles mobilités, développer des projets innovants en matière d’infrastructures de transports, notamment sur les autoroutes européennes pour y déployer massivement des réseaux d’approvisionnement en hydrogène et de recharge électrique."
LR_2019,LR_2019_991,EURO,2019,LR,L’Europe doit devenir le leader mondial du véhicule électrique sur l’ensemble de la chaîne de valeur (notamment sur la production de batteries) mais aussi du véhicule à hydrogène.
LR_2019,LR_2019_992,EURO,2019,LR,# PROPOSITION 67.
LR_2019,LR_2019_993,EURO,2019,LR,"Accroître les investissements stratégiques pour éliminer toutes les zones blanches, particulièrement dans les territoires ruraux et dans les transports en commun, et équiper en Internet très haut débit et en 4G/5G l’ensemble de l’Union européenne, grâce à la mobilisation prioritaire d’entreprises européennes afin de garantir une maîtrise de ces outils de souveraineté que sont les réseaux très haut-débit, 4G et 5G."
LR_2019,LR_2019_994,EURO,2019,LR,V #  Europe EFFICACE.
LR_2019,LR_2019_995,EURO,2019,LR,"L’Europe dont l’action doit être moins technocratique et plus rapide, plus démocratique, plus respectueuse des citoyens et des nations européennes."
LR_2019,LR_2019_996,EURO,2019,LR,# PROPOSITION 68.
LR_2019,LR_2019_997,EURO,2019,LR,"Refuser toute taxation intérieure supplémentaire des entreprises ou des ménages européens, notamment sur les carburants ou l’énergie, comme le souhaite Emmanuel Macron."
LR_2019,LR_2019_998,EURO,2019,LR,"Plutôt que de créer de nouvelles agences fédérales ou de nouveaux budgets communautaires, l’UE doit consacrer son action à des investissements stratégiques pour renforcer notre compétitivité."
LR_2019,LR_2019_999,EURO,2019,LR,# PROPOSITION 69.
LR_2019,LR_2019_1000,EURO,2019,LR,"Engager un Plan de lutte contre le gaspillage de l’argent public au sein des institutions européennes, pour rationnaliser le fonctionnement administratif et concentrer les efforts de la Commission européenne sur des priorités."
LR_2019,LR_2019_1001,EURO,2019,LR,# PROPOSITION 70.
LR_2019,LR_2019_1002,EURO,2019,LR,Rétablir l’Europe qui fonctionnait.
LR_2019,LR_2019_1003,EURO,2019,LR,"Grâce à un « grand soir » des compétences, faire de la Commission européenne non plus une Commission des normes, mais une Commission des projets."
LR_2019,LR_2019_1004,EURO,2019,LR,"Il faut limiter son pouvoir normatif au strict nécessaire, et orienter son action sur la conduite de grands projets structurants, comme la réalisation d’infrastructures numériques ou ferroviaires."
LR_2019,LR_2019_1005,EURO,2019,LR,# PROPOSITION 71.
LR_2019,LR_2019_1006,EURO,2019,LR,Consacrer l’initiative législative aux seuls Parlement européen et Conseil.
LR_2019,LR_2019_1007,EURO,2019,LR,Il doit revenir aux acteurs démocratiquement élus d’impulser la législation européenne.
LR_2019,LR_2019_1008,EURO,2019,LR,# PROPOSITION 72.
LR_2019,LR_2019_1009,EURO,2019,LR,"Accélérer le processus décisionnel européen : donner la possibilité aux Etats membres de définir chaque année un nombre limité de priorités stratégiques, votées par le Parlement européen ; limiter à 12 mois le cycle législatif complet, à savoir 6 mois pour les négociations Parlement européen – Conseil de l’UE et 6 mois pour la transposition (le cas échéant) de la législation européenne dans les Etats membres."
LR_2019,LR_2019_1010,EURO,2019,LR,# PROPOSITION 73.
LR_2019,LR_2019_1011,EURO,2019,LR,"Défendre le principe de subsidiarité : l’Europe doit agir lorsqu’elle a une vraie plus-value, à l’image de la PAC et doit laisser aux Etats membres une flexibilité nécessaire le reste du temps."
LR_2019,LR_2019_1012,EURO,2019,LR,"Par exemple, la France doit pouvoir réviser la directive européenne de 2003 sur le temps de travail, pour permettre à nos forces armées, nos forces de l’ordre et nos sapeurs-pompiers (professionnels ou volontaires) de s’organiser librement, de façon adaptée à la réalité des besoins d’intervention."
LR_2019,LR_2019_1013,EURO,2019,LR,# PROPOSITION 74.
LR_2019,LR_2019_1014,EURO,2019,LR,"Stopper l’inflation normative, en Europe comme en France."
LR_2019,LR_2019_1015,EURO,2019,LR,Supprimer toutes les réglementations européennes obsolètes sur le prochain mandat européen.
LR_2019,LR_2019_1016,EURO,2019,LR,"Interdire la surtransposition des normes européennes à l’échelle nationale, et purger le stock de normes « surtransposées » en France."
LR_2019,LR_2019_1017,EURO,2019,LR,# PROPOSITION 75.
LR_2019,LR_2019_1018,EURO,2019,LR,"Permette l’expression directe de la parole citoyenne en cours d’un mandat européen, en réformant l’Initiative citoyenne européenne (ICE) pour la rendre plus accessible et transparente."
LR_2019,LR_2019_1019,EURO,2019,LR,"Pour l’heure, lorsqu’une initiative a recueilli 1 million de signatures venant d’au moins 25% des pays membres, « la Commission décide des mesures de suivi à lui donner »."
LR_2019,LR_2019_1020,EURO,2019,LR,"Désormais, l’examen d’une Initiative citoyenne européenne devrait être rendu obligatoire par le Parlement européen."
LR_2019,LR_2019_1021,EURO,2019,LR,Il en rendrait ensuite compte devant les citoyens européens.
LR_2019,LR_2019_1022,EURO,2019,LR,REJOIGNEZ-NOUS !
PCF_2019,PCF_2019_1023,EURO,2019,PCF,PARTI COMMUNISTE FRANÇAIS.
PCF_2019,PCF_2019_1024,EURO,2019,PCF,Le programme.
PCF_2019,PCF_2019_1025,EURO,2019,PCF,Table des matières.
PCF_2019,PCF_2019_1026,EURO,2019,PCF,Introduction.
PCF_2019,PCF_2019_1027,EURO,2019,PCF,L’Union européenne capitaliste roule vers l’abîme.
PCF_2019,PCF_2019_1028,EURO,2019,PCF,Des élu·e·s communistes indispensables au Parlement européen.
PCF_2019,PCF_2019_1029,EURO,2019,PCF,L’Humain et la planète d’abord !
PCF_2019,PCF_2019_1030,EURO,2019,PCF,12 propositions pour la France et pour l’Europe.
PCF_2019,PCF_2019_1031,EURO,2019,PCF,Contester et rompre avec les fondements de classe de l’Union européenne.
PCF_2019,PCF_2019_1032,EURO,2019,PCF,Remettre en cause les traités européens.
PCF_2019,PCF_2019_1033,EURO,2019,PCF,Sortir de l’UE ou de la zone euro ?
PCF_2019,PCF_2019_1034,EURO,2019,PCF,Notre projet européen.
PCF_2019,PCF_2019_1035,EURO,2019,PCF,Nos combats pour refonder l’Europe.
PCF_2019,PCF_2019_1036,EURO,2019,PCF,1 Un travail qui paie pour une vie digne.
PCF_2019,PCF_2019_1037,EURO,2019,PCF,2 Défendre et étendre les services publics en Europe.
PCF_2019,PCF_2019_1038,EURO,2019,PCF,3 Pour le climat : il y a urgence !
PCF_2019,PCF_2019_1039,EURO,2019,PCF,4 Prendre le pouvoir sur l’argent.
PCF_2019,PCF_2019_1040,EURO,2019,PCF,5 La démocratie maintenant !
PCF_2019,PCF_2019_1041,EURO,2019,PCF,6 Un nouveau modèle agricole et industriel.
PCF_2019,PCF_2019_1042,EURO,2019,PCF,7 L’Europe de l’égalité des droits et des libertés.
PCF_2019,PCF_2019_1043,EURO,2019,PCF,"8 Une Europe de la paix, de la sécurité collective et de la coopération."
PCF_2019,PCF_2019_1044,EURO,2019,PCF,Introduction.
PCF_2019,PCF_2019_1045,EURO,2019,PCF,"La liste « Pour l’Europe des gens, contre l’Europe de l’argent », conduite par Ian Brossat est la liste du monde du travail."
PCF_2019,PCF_2019_1046,EURO,2019,PCF,"Elle est composée d’actrices et d’acteurs des luttes, des mouvements sociaux, des mobilisations citoyennes et de l’engagement associatif, avec les deux député·e·s européen ·ne·s communistes sortant·e·s, Patrick Le Hyaric et Marie-Pierre Vieu."
PCF_2019,PCF_2019_1047,EURO,2019,PCF,"Elle porte l’ambition d’élire la première ouvrière qui ira siéger à Strasbourg, en la personne de Marie-Hélène Bourlard."
PCF_2019,PCF_2019_1048,EURO,2019,PCF,Notre liste est composée à 50% d’ouvrier·e·s et d’employé·e·s.
PCF_2019,PCF_2019_1049,EURO,2019,PCF,"La liste est présentée par le PCF avec le soutien de République et Socialisme, du Parti communiste martiniquais et du Parti communiste réunionnais."
PCF_2019,PCF_2019_1050,EURO,2019,PCF,Notre liste porte une opposition et une alternative résolues à la politique d’Emmanuel Macron.
PCF_2019,PCF_2019_1051,EURO,2019,PCF,"Sa politique est une véritable politique de casse sociale, de remise en cause frontale des conquêtes sociales du monde du travail depuis le Front populaire."
PCF_2019,PCF_2019_1052,EURO,2019,PCF,Sa politique est un danger pour l’avenir de la planète.
PCF_2019,PCF_2019_1053,EURO,2019,PCF,"Sa politique, autoritaire, risque de remettre en cause les principes républicains et les libertés fondamentales qui fondent le socle de notre pays."
PCF_2019,PCF_2019_1054,EURO,2019,PCF,Sa politique remet en cause la place de la France dans le monde.
PCF_2019,PCF_2019_1055,EURO,2019,PCF,"Nous luttons pied à pied contre cette politique et pour une véritable alternative sociale et écologique, pour des politiques en faveur du plus grand nombre."
PCF_2019,PCF_2019_1056,EURO,2019,PCF,Emmanuel Macron rêve d’être le sauveur de l’Europe néolibérale.
PCF_2019,PCF_2019_1057,EURO,2019,PCF,Nous nous battons pour une Europe sociale et écologique.
PCF_2019,PCF_2019_1058,EURO,2019,PCF,Notre liste se situe dans le prolongement des combats contre les projets d’intégration capitaliste néolibérale européenne portés par le PCF depuis les débuts de cette construction européenne.
PCF_2019,PCF_2019_1059,EURO,2019,PCF,"Le PCF est le seul parti français représenté sans discontinuité, à la fois dans les deux chambres du Parlement français et au Parlement européen, à s’être opposé sans compromis à l’ensemble des traités européens."
PCF_2019,PCF_2019_1060,EURO,2019,PCF,Le PCF a été le moteur des campagnes du non de gauche au traité de Maastricht (1992) et au traité constitutionnel européen (2005).
PCF_2019,PCF_2019_1061,EURO,2019,PCF,"Cette opposition au projet néolibéral des classes dirigeantes européennes d’une Europe de la guerre anti-sociale interne et externe est indissociable d’un autre combat, celui pour un autre projet européen, d’une union des peuples et des nations libres, souverains et associés pour coopérer."
PCF_2019,PCF_2019_1062,EURO,2019,PCF,"Ce projet porté aujourd’hui par la liste « Pour l’Europe des gens, contre l’Europe de l’argent » fera élire des député·e·s européen·ne·s qui porteront les exigences de respect de la souveraineté des peuples et des nations et celles de justice sociale, de justice fiscale, de lutte pour la sécurité de l’emploi et la formation, le climat, la démocratie, les droits, l’émancipation humaine et la paix partout en Europe comme dans le monde."
PCF_2019,PCF_2019_1063,EURO,2019,PCF,"Les mouvements pour les salaires, pour les retraites, pour les services publics en Allemagne et en Belgique, les mouvements contre les effets de la privatisation des ports, la grève européenne de Ryanair, les mouvements pour les droits des femmes en Irlande, en Pologne, en Espagne, sont des points d’appui."
PCF_2019,PCF_2019_1064,EURO,2019,PCF,La formidable mobilisation de la jeunesse européenne sur le climat l’est également.
PCF_2019,PCF_2019_1065,EURO,2019,PCF,"L’aspiration à la justice fiscale, à la justice sociale, au renforcement de la démocratie en France à travers le mouvement des gilets jaunes et d’autres mouvements sociaux, sont non seulement des points d’appui, mais posent également la question de l’exigence des contenus."
PCF_2019,PCF_2019_1066,EURO,2019,PCF,Notre liste porte cette exigence.
PCF_2019,PCF_2019_1067,EURO,2019,PCF,« Le PCF est le seul parti de gauche à avoir rejeté tous les traités libéraux européens sans discontinuité ».
PCF_2019,PCF_2019_1068,EURO,2019,PCF,Ian Brossat.
PCF_2019,PCF_2019_1069,EURO,2019,PCF,L’Union européenne capitaliste roule vers l’abîme.
PCF_2019,PCF_2019_1070,EURO,2019,PCF,Le projet d’intégration libérale capitaliste de l’Union européenne (UE) connaît une crise majeure et cela a des impacts concrets sur les peuples.
PCF_2019,PCF_2019_1071,EURO,2019,PCF,"C’est le type de construction à l’oeuvre depuis trente ans et mis en place par les classes dirigeantes européennes, bourgeoisie allemande en tête, qui emmène les peuples et les nations d’Europe dans l’abîme."
PCF_2019,PCF_2019_1072,EURO,2019,PCF,"Les mécanismes autoritaires associés à la monnaie unique, c’est-à-dire les dogmes budgétaires (60 % du PIB pour la dette, 0,5 % de déficit structurel), l’ensemble des mécanismes de contrôle de la Commission européenne (semestre européen, two-pack, six-pack), et une Banque centrale européenne « indépendante » distribuant des milliards d’euros aux banques et focalisée uniquement sur la stabilité des prix, imposent des politiques d’austérité."
PCF_2019,PCF_2019_1073,EURO,2019,PCF,"Cela a des conséquences concrètes : alors que la richesse produite dans l’UE est passée de 15 000 à 17 200 milliards d’euros en 10 ans, le taux de travailleurs pauvres n’a cessé d’augmenter. 1 salarié·e sur 6 est aujourd’hui est un·e travailleur·euse pauvre dans l’UE."
PCF_2019,PCF_2019_1074,EURO,2019,PCF,"Les services publics n’ont cessé de se dégrader, hôpitaux, écoles, postes, transports."
PCF_2019,PCF_2019_1075,EURO,2019,PCF,Mais attention : les directives et les règlements qui ont institué ces mécanismes autoritaires n’existent que parce qu’une majorité de député·e·s les ont approuvés !
PCF_2019,PCF_2019_1076,EURO,2019,PCF,"C’est dire l’importance de renforcer dans le prochain Parlement européen les élu·e·s qui, à l’instar de Ian Brossat et des candidat·e·s de notre liste, n’ont jamais cautionné ni ne cautionneront jamais de telles mesures !"
PCF_2019,PCF_2019_1077,EURO,2019,PCF,Le Brexit démontre l’impasse des classes dirigeantes européennes.
PCF_2019,PCF_2019_1078,EURO,2019,PCF,Les appels de Macron à la « Renaissance européenne » jouent sur les mots : son Europe se situe en fait dans la continuité de l’Europe actuelle.
PCF_2019,PCF_2019_1079,EURO,2019,PCF,Les impasses politiques alliées aux effets sociaux des politiques d’austérité et aux paniques identitaires font le lit de l’extrême-droite et d’une droite radicalisée qui reprend un discours ethniciste et qui sont aujourd’hui au pouvoir dans huit pays de l’UE.
PCF_2019,PCF_2019_1080,EURO,2019,PCF,Les espoirs de la social-démocratie d’ajouter un supplément d’âme social à l’Europe libérale ont buté sur l’impossibilité de le faire.
PCF_2019,PCF_2019_1081,EURO,2019,PCF,"« L’Europe qui protège » ne peut pas être l’UE du tout carbone et du tout routier, l’UE soumise aux intérêts des lobbys des multinationales et ouverte aux quatre vents des traités de libreéchange."
PCF_2019,PCF_2019_1082,EURO,2019,PCF,"Les émissions de carbone sont reparties à la hausse dans l’UE, malgré les engagements de la COP 21."
PCF_2019,PCF_2019_1083,EURO,2019,PCF,"De plus, « l’Europe qui protège » ne peut pas être liée à l’OTAN, ni se trouver sous les pressions américaines pour augmenter le budget militaire à 2 % du budget associé à la relance de la course aux armements qui fait peser une lourde menace sur la paix."
PCF_2019,PCF_2019_1084,EURO,2019,PCF,"Face à l’ensemble de ces défis de civilisation, il y a urgence !"
PCF_2019,PCF_2019_1085,EURO,2019,PCF,Des élu·e·s communistes indispensables au Parlement européen.
PCF_2019,PCF_2019_1086,EURO,2019,PCF,"Contrairement à une opinion répandue, le Parlement européen a désormais des pouvoirs importants."
PCF_2019,PCF_2019_1087,EURO,2019,PCF,C’est même la seule institution européenne dont les prérogatives se sont considérablement élargies ces dernières années.
PCF_2019,PCF_2019_1088,EURO,2019,PCF,Le Parlement européen a notamment.
PCF_2019,PCF_2019_1089,EURO,2019,PCF,Un pouvoir politique : le Parlement ratifie la composition de la commission européenne.
PCF_2019,PCF_2019_1090,EURO,2019,PCF,Son·sa président·e est élu·e par le Parlement européen.
PCF_2019,PCF_2019_1091,EURO,2019,PCF,Il peut aussi renverser la commission en votant contre elle une motion de censure.
PCF_2019,PCF_2019_1092,EURO,2019,PCF,"En revanche, personne ne peut dissoudre le Parlement."
PCF_2019,PCF_2019_1093,EURO,2019,PCF,Un pouvoir législatif : le Parlement européen « co-décide » des lois européennes (les directives) avec le conseil des ministres de l’Union européenne.
PCF_2019,PCF_2019_1094,EURO,2019,PCF,"Concrètement, aucune loi européenne n’est adoptée sans que le Parlement ne l’ait ratifiée."
PCF_2019,PCF_2019_1095,EURO,2019,PCF,"Un pouvoir budgétaire : le Parlement forme, avec le conseil des ministres de l’UE, l’autorité budgétaire de l’Union."
PCF_2019,PCF_2019_1096,EURO,2019,PCF,Ils fixent les priorités budgétaires de l’UE et votent le projet de budget annuel.
PCF_2019,PCF_2019_1097,EURO,2019,PCF,Il approuve également cadre financier pluriannuel qui fixe les grandes lignes du budget sur 6 ans.
PCF_2019,PCF_2019_1098,EURO,2019,PCF,La prochaine mandature (2019-2024) sera cruciale pour l’avenir de l’Union européenne.
PCF_2019,PCF_2019_1099,EURO,2019,PCF,Elle aura notamment à son ordre du jour : L’adoption du cadre financier pluriannuel pour 2021-2027 : nos élu·e·s agiront contre la baisse actuellement prévue du budget de la Politique agricole commune et des fonds structurels européens.
PCF_2019,PCF_2019_1100,EURO,2019,PCF,"La réforme de la PAC : nos élu·e·s agiront pour un nouveau modèle agricole refondant totalement la PAC, afin d’assurer des revenus décents, la relocalisation des productions, l’harmonisation des normes environnementales par le haut et la fin de la spéculation sur les produits alimentaires."
PCF_2019,PCF_2019_1101,EURO,2019,PCF,"La redéfinition de la stratégie industrielle de l’UE : nos élu·e·s agiront pour des sanctions sévères contre les délocalisations et pour construire de nouvelles coopérations industrielles en Europe, en particulier sur les transports, l’énergie et les télécommunications."
PCF_2019,PCF_2019_1102,EURO,2019,PCF,"La politique des frontières de l’UE : nos élu·e·s agiront pour la réorientation de Frontex vers le sauvetage en mer, l’instauration de visas humanitaires et pour la réforme des règlements de Dublin."
PCF_2019,PCF_2019_1103,EURO,2019,PCF,"Les traités de libre-échange : nos élu·e·s s’opposeront à ces traités léonins de casse sociale, démocratique et écologique et défendront de nouvelles coopérations mutuellement bénéfiques pour les peuples."
PCF_2019,PCF_2019_1104,EURO,2019,PCF,La défense européenne : nos élu·e·s agiront pour la rupture du lien de subordination à l’OTAN et pour la constitution d’un espace de paix et de sécurité collective européen.
PCF_2019,PCF_2019_1105,EURO,2019,PCF,"Oui, des élu·e·s communistes au Parlement européen sont indispensables pour porter la voix de l’intérêt des peuples et des travailleurs !"
PCF_2019,PCF_2019_1106,EURO,2019,PCF,« Des élu·e·s communistes indispensables au Parlement européen pour porter la voix de l’intérêt des peuples et des travailleurs » Patrick Le Hyaric Marie-Pierre Vieu.
PCF_2019,PCF_2019_1107,EURO,2019,PCF,L’Humain et la planète d’abord !
PCF_2019,PCF_2019_1108,EURO,2019,PCF,12 propositions pour la France et pour l’Europe.
PCF_2019,PCF_2019_1109,EURO,2019,PCF,Un travail qui paie : un salaire minimum européen établi dans chaque pays à au moins 60% du salaire moyen (1400 euros net en France) et la mise en place d’une clause de non-regression sociale : un État membre pourra s’opposer à toute décision de l’Union européenne qui conduit à dégrader nos conditions de vie.
PCF_2019,PCF_2019_1110,EURO,2019,PCF,Agir pour l’emploi : la relocalisation de nos productions par une clause de proximité dans tous les marchés publics.
PCF_2019,PCF_2019_1111,EURO,2019,PCF,Egalité complète entre travailleur.euse.s détachés et locaux avec un haut niveau de protection sociale.
PCF_2019,PCF_2019_1112,EURO,2019,PCF,Création d’une « sécurité sociale professionnelle européenne » par une directive-cadre.
PCF_2019,PCF_2019_1113,EURO,2019,PCF,Un moratoire sur les libéralisations de services publics et la création d’un fonds pour le progrès social et écologique et le développement des services publics financé par la Banque centrale européenne.
PCF_2019,PCF_2019_1114,EURO,2019,PCF,Agir pour le climat : doubler la part du transport par fret ferroviaire en Europe et mettre en oeuvre un plan européen de rénovation énergétique des logements.
PCF_2019,PCF_2019_1115,EURO,2019,PCF,"La refonte totale de la Politique agricole commune pour assurer des revenus décents aux agriculteurs, relocaliser les productions, harmoniser les normes environnementales vers le haut, garantir la souveraineté et la sécurité alimentaire."
PCF_2019,PCF_2019_1116,EURO,2019,PCF,"Agir pour l’interdiction de l’évasion fiscale, mettre en place le prélèvement à la source des multinationales avec un taux minimal d’imposition des profits à 20 %, diviser par trois le salaire du Président de la Commission européenne."
PCF_2019,PCF_2019_1117,EURO,2019,PCF,Refuser de soumettre le budget de la France à la commission européenne et organiser un processus citoyen pour élaborer un nouveau traité européen.
PCF_2019,PCF_2019_1118,EURO,2019,PCF,Couper les liens entre les institutions européennes et les lobbys des mutlinationales : un commissaire européen ou un député européen n’aura pas le droit d’exercer une fonction de direction dans une banque ou une multinationale pendant les 7 ans qui suivent son mandat.
PCF_2019,PCF_2019_1119,EURO,2019,PCF,Une clause de l’européenne la plus favorisée : les droits les plus élevés en matière d’égalité femme-homme doivent bénéficier à tous les peuples européens.
PCF_2019,PCF_2019_1120,EURO,2019,PCF,Cela doit également être la règle pour les droits des personnes LGBTI.
PCF_2019,PCF_2019_1121,EURO,2019,PCF,Organiser un accueil digne et solidaire des migrant.e.s.
PCF_2019,PCF_2019_1122,EURO,2019,PCF,La sortie de la France de l’OTAN et l’engagement de négociations avec les États pour qu’ils ratifient le traité de désarmement nucléaire adopté à l’ONU en 2017.
PCF_2019,PCF_2019_1123,EURO,2019,PCF,"La fin des négociations et ratifications en cours des accords de libre-échange (CETA, JEFTA, traité Europe - États-Unis) et une politique de coopération internationale et d’investissement dans l’élévation des conditions sociales, sous contrôle des travailleurs de l’UE et des pays concernés."
PCF_2019,PCF_2019_1124,EURO,2019,PCF,Les candidats.
PCF_2019,PCF_2019_1125,EURO,2019,PCF,1 Ian BROSSAT Tête de liste. 39 ans.
PCF_2019,PCF_2019_1126,EURO,2019,PCF,"Professeur de français, maire-adjoint de Paris chargé du logement et de l’hébergement d’urgence, il est l’auteur d’un essai sur la nouvelle économie : « Airbnb, la ville ubérisée »."
PCF_2019,PCF_2019_1127,EURO,2019,PCF,"Outre son combat pour la régulation des géants du numérique, Ian Brossat a ouvert le premier centre d’hébergement pour sans-abris dans le 16e arrondissement de Paris (75)."
PCF_2019,PCF_2019_1128,EURO,2019,PCF,2 Marie-Hélène BOURLARD 62 ans.
PCF_2019,PCF_2019_1129,EURO,2019,PCF,Ouvrière textile pendant 43 ans à Poix-du-Nord (59) et figure du documentaire Merci Patron !
PCF_2019,PCF_2019_1130,EURO,2019,PCF,3 Patrick LE HYARIC 62 ans.
PCF_2019,PCF_2019_1131,EURO,2019,PCF,"Directeur du journal L’Humanité, Patrick Le Hyaric est également député européen (93)."
PCF_2019,PCF_2019_1132,EURO,2019,PCF,4 Marie-Pierre VIEU 52 ans.
PCF_2019,PCF_2019_1133,EURO,2019,PCF,"Éditrice, députée européenne (65)."
PCF_2019,PCF_2019_1134,EURO,2019,PCF,5 Mamoudou BASSOUM 35 ans.
PCF_2019,PCF_2019_1135,EURO,2019,PCF,"Champion d’Europe de taekwando, ingénieur."
PCF_2019,PCF_2019_1136,EURO,2019,PCF,(45).
PCF_2019,PCF_2019_1137,EURO,2019,PCF,6 Julie PONTALBA 42 ans.
PCF_2019,PCF_2019_1138,EURO,2019,PCF,Professeure (La Réunion) (974).
PCF_2019,PCF_2019_1139,EURO,2019,PCF,7 Antony GONÇALVES 48 ans.
PCF_2019,PCF_2019_1140,EURO,2019,PCF,Cancérologue et enseignant à la faculté de médecine à Marseille (13).
PCF_2019,PCF_2019_1141,EURO,2019,PCF,8 Maryam MADJIDI 38 ans.
PCF_2019,PCF_2019_1142,EURO,2019,PCF,"Écrivaine, prix Goncourt du premier roman (2017) (75)."
PCF_2019,PCF_2019_1143,EURO,2019,PCF,9 Benjamin AMAR 43 ans.
PCF_2019,PCF_2019_1144,EURO,2019,PCF,Professeur d’histoire-géographie responsable syndical dans le Val-de-Marne (94).
PCF_2019,PCF_2019_1145,EURO,2019,PCF,10 Barbara FILHOL 44 ans.
PCF_2019,PCF_2019_1146,EURO,2019,PCF,"Aidesoignante en EHPAD, ssyndicaliste (94)."
PCF_2019,PCF_2019_1147,EURO,2019,PCF,11 Arthur HAY 30 ans.
PCF_2019,PCF_2019_1148,EURO,2019,PCF,Livreur à l’initiative du premier syndicat de France des coursiers à vélo (33).
PCF_2019,PCF_2019_1149,EURO,2019,PCF,12 Claire RENKLIÇAY 51 ans.
PCF_2019,PCF_2019_1150,EURO,2019,PCF,"Dirigeante du Conseil démocratique kurde de France, militante pour la paix et élue à Grigny (91)."
PCF_2019,PCF_2019_1151,EURO,2019,PCF,13  Michel JALLAMION 45 ans.
PCF_2019,PCF_2019_1152,EURO,2019,PCF,"Responsable associatif engagé pour les services publics, conseiller régional République et Socialisme d’Îlede- France (75)."
PCF_2019,PCF_2019_1153,EURO,2019,PCF,14 Sophia HOCINI 26 ans.
PCF_2019,PCF_2019_1154,EURO,2019,PCF,"Salariée de l’économie sociale et solidaire à Paris, militante associative dans les quartiers populaires (75)."
PCF_2019,PCF_2019_1155,EURO,2019,PCF,15 Stanislas BAUGÉ 39 ans.
PCF_2019,PCF_2019_1156,EURO,2019,PCF,Chauffeur routier à La Rochelle (17).
PCF_2019,PCF_2019_1157,EURO,2019,PCF,16  Manuela DONA 48 ans.
PCF_2019,PCF_2019_1158,EURO,2019,PCF,Douanière et syndicaliste au Havre (76).
PCF_2019,PCF_2019_1159,EURO,2019,PCF,17 Michel BRANCHI 78 ans.
PCF_2019,PCF_2019_1160,EURO,2019,PCF,"Économiste, élu à l’Assemblée de Martinique (972)."
PCF_2019,PCF_2019_1161,EURO,2019,PCF,18 Elina DUMONT 51 ans.
PCF_2019,PCF_2019_1162,EURO,2019,PCF,"SDF pendant 15 ans, comédienne (75)."
PCF_2019,PCF_2019_1163,EURO,2019,PCF,19 Franck SAILLIOT 51 ans.
PCF_2019,PCF_2019_1164,EURO,2019,PCF,"Ouvrier de la papeterie Arjowiggins de Wizernes, dans le Pas-de-Calais (62)."
PCF_2019,PCF_2019_1165,EURO,2019,PCF,20 Sarah LAMOINE-CHAUSSY 34 ans.
PCF_2019,PCF_2019_1166,EURO,2019,PCF,Paysanne (07).
PCF_2019,PCF_2019_1167,EURO,2019,PCF,21 Loïc PEN 50 ans.
PCF_2019,PCF_2019_1168,EURO,2019,PCF,Médecin urgentiste (60).
PCF_2019,PCF_2019_1169,EURO,2019,PCF,22 Christine MEQUIGNON 42 ans.
PCF_2019,PCF_2019_1170,EURO,2019,PCF,Cheminote en Auvergne-Rhône-Alpes (63).
PCF_2019,PCF_2019_1171,EURO,2019,PCF,23 Pascal PONTAC 50 ans.
PCF_2019,PCF_2019_1172,EURO,2019,PCF,Grutier au port de Saint-Nazaire responsable d’un syndicat des ports et docks (44).
PCF_2019,PCF_2019_1173,EURO,2019,PCF,24 Michèle PICARD 52 ans.
PCF_2019,PCF_2019_1174,EURO,2019,PCF,Maire de Vénissieux (69).
PCF_2019,PCF_2019_1175,EURO,2019,PCF,25 Ralph BLINDAUER 64 ans.
PCF_2019,PCF_2019_1176,EURO,2019,PCF,Avocat au barreau de Metz (57).
PCF_2019,PCF_2019_1177,EURO,2019,PCF,26 Anne-Laure PEREZ 43 ans.
PCF_2019,PCF_2019_1178,EURO,2019,PCF,Maire adjointe de la ville de Gennevilliers (92).
PCF_2019,PCF_2019_1179,EURO,2019,PCF,27 Franck MEROUZE 50 ans.
PCF_2019,PCF_2019_1180,EURO,2019,PCF,Salarié de la grande distribution (14).
PCF_2019,PCF_2019_1181,EURO,2019,PCF,28 Marianne JOURNIAC 62 ans.
PCF_2019,PCF_2019_1182,EURO,2019,PCF,Syndicaliste à l’Assistance publique – Hôpitaux de Paris (AP-HP).
PCF_2019,PCF_2019_1183,EURO,2019,PCF,Dirigeante de République et socialisme (92).
PCF_2019,PCF_2019_1184,EURO,2019,PCF,29 Belaïde BEDREDDINE 48 ans.
PCF_2019,PCF_2019_1185,EURO,2019,PCF,Vice- Président du Conseil départemental de Seine-Saint-Denis en charge de l’écologie urbaine (93).
PCF_2019,PCF_2019_1186,EURO,2019,PCF,30 Amandine MIGUEL 34 ans.
PCF_2019,PCF_2019_1187,EURO,2019,PCF,"Ancienne porte-parole nationale d’une association de défense des droits des personnes LGBTI, militante féministe(75)."
PCF_2019,PCF_2019_1188,EURO,2019,PCF,31 Nacim BARDI 42 ans.
PCF_2019,PCF_2019_1189,EURO,2019,PCF,Ouvrier métallurgiste à Saint- Saulve et représentant syndicaliste sur son lieu de travail (59).
PCF_2019,PCF_2019_1190,EURO,2019,PCF,32 Cinderella BERNARD 40 ans.
PCF_2019,PCF_2019_1191,EURO,2019,PCF,Militante associative (22).
PCF_2019,PCF_2019_1192,EURO,2019,PCF,33 Jean-Luc BOU 61 ans.
PCF_2019,PCF_2019_1193,EURO,2019,PCF,"Enseignant, militant droits Humains, membre du Collectif Sète Terre d’accueil (34)."
PCF_2019,PCF_2019_1194,EURO,2019,PCF,34 Isabelle LIRON 53 ans.
PCF_2019,PCF_2019_1195,EURO,2019,PCF,"Salariée à Pôle emploi, syndicaliste (58)."
PCF_2019,PCF_2019_1196,EURO,2019,PCF,35 Dominique PANI 57 ans.
PCF_2019,PCF_2019_1197,EURO,2019,PCF,Employé retraité du secteur de l’énergie (26).
PCF_2019,PCF_2019_1198,EURO,2019,PCF,36 Hülliya TURAN 41 ans.
PCF_2019,PCF_2019_1199,EURO,2019,PCF,"Assistante sociale, militante des droits humains à Strasbourg (67)."
PCF_2019,PCF_2019_1200,EURO,2019,PCF,37 Khaled BOUCHAJRA 35 ans.
PCF_2019,PCF_2019_1201,EURO,2019,PCF,Employé chez Amazon.
PCF_2019,PCF_2019_1202,EURO,2019,PCF,Syndicaliste sur le site de Saran dans le Loiret (45).
PCF_2019,PCF_2019_1203,EURO,2019,PCF,38 Katja KRÜGER 43 ans.
PCF_2019,PCF_2019_1204,EURO,2019,PCF,"Comédienne franco-allemande, ancienne syndicaliste et socialiste ouvrière allemande élue à la petite enfance à Rennes (35)."
PCF_2019,PCF_2019_1205,EURO,2019,PCF,39 Pierre LACAZE 53 ans.
PCF_2019,PCF_2019_1206,EURO,2019,PCF,"Infirmier, élu à la Métropole de Toulouse (31)."
PCF_2019,PCF_2019_1207,EURO,2019,PCF,40 Nora BACHIRI 37 ans.
PCF_2019,PCF_2019_1208,EURO,2019,PCF,Responsable d’une association sur les questions d’autisme (93).
PCF_2019,PCF_2019_1209,EURO,2019,PCF,41 Jean MOUZAT 64 ans.
PCF_2019,PCF_2019_1210,EURO,2019,PCF,"Agriculteur, syndicaliste pour la défense des exploitants familiaux."
PCF_2019,PCF_2019_1211,EURO,2019,PCF,Maire de Chanteix (19).
PCF_2019,PCF_2019_1212,EURO,2019,PCF,42 Delphine PIETU 48 ans.
PCF_2019,PCF_2019_1213,EURO,2019,PCF,Directrice d’école primaire (18).
PCF_2019,PCF_2019_1214,EURO,2019,PCF,43 Denis LANOY 54 ans.
PCF_2019,PCF_2019_1215,EURO,2019,PCF,Metteur en scène de théâtre à Nîmes (30).
PCF_2019,PCF_2019_1216,EURO,2019,PCF,44 Charlotte BLANDIOT-FARIDE 37 ans.
PCF_2019,PCF_2019_1217,EURO,2019,PCF,Maire de Mitry-Mory (77).
PCF_2019,PCF_2019_1218,EURO,2019,PCF,45 Arnaud PETIT 42 ans.
PCF_2019,PCF_2019_1219,EURO,2019,PCF,"Ouvrier métallurgiste, Maire de Woincourt (80)."
PCF_2019,PCF_2019_1220,EURO,2019,PCF,46 Virginie NEUMAYER 44 ans.
PCF_2019,PCF_2019_1221,EURO,2019,PCF,"Technicienne, syndicaliste à EDF (84)."
PCF_2019,PCF_2019_1222,EURO,2019,PCF,47 Aurélien GALL 36 ans.
PCF_2019,PCF_2019_1223,EURO,2019,PCF,"Représentant des salarié·e·s de l’agriculture, conseiller prud’homal."
PCF_2019,PCF_2019_1224,EURO,2019,PCF,Président de la Fédération colombophile de Picardie (02).
PCF_2019,PCF_2019_1225,EURO,2019,PCF,48 Patricia TEJAS 56 ans.
PCF_2019,PCF_2019_1226,EURO,2019,PCF,Agente administrative des impôts.
PCF_2019,PCF_2019_1227,EURO,2019,PCF,Secrétaire générale d’une fédération des finances (13).
PCF_2019,PCF_2019_1228,EURO,2019,PCF,49 Aurélien ARAMINI 39 ans.
PCF_2019,PCF_2019_1229,EURO,2019,PCF,Professeur de philosophie (25).
PCF_2019,PCF_2019_1230,EURO,2019,PCF,50 Sandrine MACIGNO 50 ans.
PCF_2019,PCF_2019_1231,EURO,2019,PCF,"Travailleuse de l’État sur la base navale de Cuers dans le Var, syndicaliste (83)."
PCF_2019,PCF_2019_1232,EURO,2019,PCF,51 Cyrille BONNEFOY 47 ans.
PCF_2019,PCF_2019_1233,EURO,2019,PCF,"Infirmier, maire de la Ricamarie (42)."
PCF_2019,PCF_2019_1234,EURO,2019,PCF,52 Émilie LECROQ (37 ans) Militante de l’éducation populaire à Saint-Ouen (93).
PCF_2019,PCF_2019_1235,EURO,2019,PCF,53 Emmanuel TRIGO 44 ans.
PCF_2019,PCF_2019_1236,EURO,2019,PCF,Enseignant et responsable syndical dans le Var (83).
PCF_2019,PCF_2019_1237,EURO,2019,PCF,54 Cathy APOURCEAU-POLY 54 ans.
PCF_2019,PCF_2019_1238,EURO,2019,PCF,"Attachée territoriale, sénatrice du Pas-de-Calais (62)."
PCF_2019,PCF_2019_1239,EURO,2019,PCF,55 Michel STEFANI 59 ans.
PCF_2019,PCF_2019_1240,EURO,2019,PCF,Conseiller à l’assemblée de Corse (20).
PCF_2019,PCF_2019_1241,EURO,2019,PCF,56 Lucie MARTIN 19 ans.
PCF_2019,PCF_2019_1242,EURO,2019,PCF,Étudiante syndicaliste à Science-Po Grenoble (38).
PCF_2019,PCF_2019_1243,EURO,2019,PCF,57 Youssef BEN AMAR 37 ans.
PCF_2019,PCF_2019_1244,EURO,2019,PCF,"Éducateur spécialisé, artiste et élu de la ville d’Allonnes (72)."
PCF_2019,PCF_2019_1245,EURO,2019,PCF,58 Christelle DUMONT 53 ans.
PCF_2019,PCF_2019_1246,EURO,2019,PCF,Infirmière à Belle-Île-en-Mer (56).
PCF_2019,PCF_2019_1247,EURO,2019,PCF,59.
PCF_2019,PCF_2019_1248,EURO,2019,PCF,Sébastien NUGOU 39 ans.
PCF_2019,PCF_2019_1249,EURO,2019,PCF,Cheminot Secrétaire syndicaliste régional à la SNCF (45).
PCF_2019,PCF_2019_1250,EURO,2019,PCF,60.
PCF_2019,PCF_2019_1251,EURO,2019,PCF,Laetitia MAURE 47 ans.
PCF_2019,PCF_2019_1252,EURO,2019,PCF,Auxiliaire de vie sociale (66).
PCF_2019,PCF_2019_1253,EURO,2019,PCF,61.
PCF_2019,PCF_2019_1254,EURO,2019,PCF,David BLAISE 46 ans.
PCF_2019,PCF_2019_1255,EURO,2019,PCF,Ouvrier métallurgiste et syndicaliste (68).
PCF_2019,PCF_2019_1256,EURO,2019,PCF,62 Lamya KIROUANI 44 ans.
PCF_2019,PCF_2019_1257,EURO,2019,PCF,Fonctionnaire territoriale.
PCF_2019,PCF_2019_1258,EURO,2019,PCF,Vice-présidente du Conseil départemental du Val-de-Marne.
PCF_2019,PCF_2019_1259,EURO,2019,PCF,(94) 63 Aurélien CRIFO 37 ans.
PCF_2019,PCF_2019_1260,EURO,2019,PCF,Auteur et interprète.
PCF_2019,PCF_2019_1261,EURO,2019,PCF,(68).
PCF_2019,PCF_2019_1262,EURO,2019,PCF,64 Maryline LUCAS 55 ans.
PCF_2019,PCF_2019_1263,EURO,2019,PCF,Maire de Guesnain (59).
PCF_2019,PCF_2019_1264,EURO,2019,PCF,65 Yves DÉVÉDEC 52 ans.
PCF_2019,PCF_2019_1265,EURO,2019,PCF,Salarié d’un constructeur aéronautique (44).
PCF_2019,PCF_2019_1266,EURO,2019,PCF,73 Florian MONTEIL 29 ans.
PCF_2019,PCF_2019_1267,EURO,2019,PCF,Ingénieur agronome.
PCF_2019,PCF_2019_1268,EURO,2019,PCF,Syndicaliste agricole (47).
PCF_2019,PCF_2019_1269,EURO,2019,PCF,74 Nathalie FABRE 45 ans.
PCF_2019,PCF_2019_1270,EURO,2019,PCF,Présidente d’un club de rugby en Dordogne et membre du bureau du Périgord Agenais.
PCF_2019,PCF_2019_1271,EURO,2019,PCF,Maire de Montferranddu- Périgord (24).
PCF_2019,PCF_2019_1272,EURO,2019,PCF,75 Frédéric BOULANGER 31 ans.
PCF_2019,PCF_2019_1273,EURO,2019,PCF,Psychiatre à Nancy (54).
PCF_2019,PCF_2019_1274,EURO,2019,PCF,76 Cécile CUKIERMAN 43 ans.
PCF_2019,PCF_2019_1275,EURO,2019,PCF,"Professeure d’histoiregéographie, conseillère régionale, sénatrice (42)."
PCF_2019,PCF_2019_1276,EURO,2019,PCF,77 Gilbert GARREL 59 ans.
PCF_2019,PCF_2019_1277,EURO,2019,PCF,Cheminot retraité syndicaliste (75).
PCF_2019,PCF_2019_1278,EURO,2019,PCF,78 Carine PICARD-NILÈS 49 ans.
PCF_2019,PCF_2019_1279,EURO,2019,PCF,Militante pour la mémoire de la Résistance et des fusillés de Châteaubriand (93).
PCF_2019,PCF_2019_1280,EURO,2019,PCF,79 André CHASSAIGNE 68 ans.
PCF_2019,PCF_2019_1281,EURO,2019,PCF,"Principal de collège retraité, président du groupe GDR à l’assemblée nationale (63)."
PCF_2019,PCF_2019_1282,EURO,2019,PCF,66 Mina IDIR 43 ans.
PCF_2019,PCF_2019_1283,EURO,2019,PCF,Responsable d’exploitation dans le transport de marchandises (84).
PCF_2019,PCF_2019_1284,EURO,2019,PCF,67 Glenn LE SAOUT 20 ans.
PCF_2019,PCF_2019_1285,EURO,2019,PCF,"Étudiant, ancien syndicaliste lycéen en Bretagne (29)."
PCF_2019,PCF_2019_1286,EURO,2019,PCF,68 Geneviève DE GOUVEIA 56 ans.
PCF_2019,PCF_2019_1287,EURO,2019,PCF,"Militante dans une association caritative, conseillère départementale de l’Allier (03)."
PCF_2019,PCF_2019_1288,EURO,2019,PCF,69 Alain PAGANO 49 ans.
PCF_2019,PCF_2019_1289,EURO,2019,PCF,Enseignant chercheur en écologie et biologie (49).
PCF_2019,PCF_2019_1290,EURO,2019,PCF,70 Sandra BLAISE 45 ans.
PCF_2019,PCF_2019_1291,EURO,2019,PCF,"Formatrice, syndicaliste (88)."
PCF_2019,PCF_2019_1292,EURO,2019,PCF,71 Edmond BAUDOIN 77 ans.
PCF_2019,PCF_2019_1293,EURO,2019,PCF,Dessinateur de BD et écrivain (75).
PCF_2019,PCF_2019_1294,EURO,2019,PCF,72 Ghislaine NOIRAULT 71 ans.
PCF_2019,PCF_2019_1295,EURO,2019,PCF,Ouvrière retraitée à Trimouille (86).
PCF_2019,PCF_2019_1296,EURO,2019,PCF,Contester et rompre avec les fondements de classe de l’Union européenne.
PCF_2019,PCF_2019_1297,EURO,2019,PCF,REMETTRE EN CAUSE LES TRAITÉS EUROPÉENS.
PCF_2019,PCF_2019_1298,EURO,2019,PCF,"Même si toute avancée est bien évidemment bonne à prendre, notre projet n’est pas celui de l’Union européenne actuelle à laquelle on ajouterait « un peu plus » de social et de démocratie mais qui ne remettrait pas en cause ses tares fondamentales."
PCF_2019,PCF_2019_1299,EURO,2019,PCF,"L’austérité est en elle-même porteuse d’une conception régressive du social, comme l’est le dogme de la concurrence libre et non faussée, l’indépendance de la BCE ou la libre circulation des capitaux."
PCF_2019,PCF_2019_1300,EURO,2019,PCF,"C’est bien une refonte globale d’un projet européen, se dégageant du corset budgétaire austéritaire et des règles de la concurrence, aboutissant à un nouveau traité européen qui est nécessaire."
PCF_2019,PCF_2019_1301,EURO,2019,PCF,C’est donc au coeur de la construction capitaliste de l’UE et du fonctionnement de l’euro que nous nous attaquons et que nous remettons en cause.
PCF_2019,PCF_2019_1302,EURO,2019,PCF,Le PCF s’est sans cesse opposé depuis la CECA et le traité de Rome aux traités européens d’intégration libérale capitaliste.
PCF_2019,PCF_2019_1303,EURO,2019,PCF,Il a été l’élément moteur de la campagne du non de gauche au traité de Maastricht en 1992 et au traité constitutionnel européen de 2005.
PCF_2019,PCF_2019_1304,EURO,2019,PCF,Nous continuons à les remettre en cause.
PCF_2019,PCF_2019_1305,EURO,2019,PCF,"Pour autant, il n’y a pas à attendre que soient créées les conditions d’une renégociation des traités pour nourrir des demandes légitimes de changements dont la réalisation passe par la rupture avec la logique des traités actuels !"
PCF_2019,PCF_2019_1306,EURO,2019,PCF,Ce sont les rapports de force qui déterminent les changements réalisables.
PCF_2019,PCF_2019_1307,EURO,2019,PCF,Les nouveaux traités suivront le moment venu et intégreront les avancées réalisées.
PCF_2019,PCF_2019_1308,EURO,2019,PCF,SORTIR DE L’UE OU DE LA ZONE EURO ?
PCF_2019,PCF_2019_1309,EURO,2019,PCF,Sortir de l’UE ne nous libérerait pas du capitalisme !
PCF_2019,PCF_2019_1310,EURO,2019,PCF,"La domination des marchés financiers, le poids des multinationales, la course à la compétitivité… c’est la mondialisation capitaliste !"
PCF_2019,PCF_2019_1311,EURO,2019,PCF,Ce sont les règles actuelles de la mondialisation qu’il faut changer : c’est à cela que doit conduire la refondation démocratique de l’UE.
PCF_2019,PCF_2019_1312,EURO,2019,PCF,"Quant à la sortie de l’euro, elle conduirait vraisemblablement chacun des 19 pays de la zone à se lancer dans une surenchère à la dévaluation avec ses voisins pour être plus compétitif dans une guerre économique inter-européenne sans merci !"
PCF_2019,PCF_2019_1313,EURO,2019,PCF,Adieu l’ambition de progrès social.
PCF_2019,PCF_2019_1314,EURO,2019,PCF,"Là-aussi, pas de raccourci : il faut changer l’euro et la Banque centrale européenne."
PCF_2019,PCF_2019_1315,EURO,2019,PCF,"Enfin, cela renforcerait encore la guerre sociale et économique entre tous les pays, dans le sens des nationalismes et de l’extrême-droite, partout en Europe."
PCF_2019,PCF_2019_1316,EURO,2019,PCF,"Pour ces raisons, notre liste ne propose pas la sortie de l’UE ou de la zone euro."
PCF_2019,PCF_2019_1317,EURO,2019,PCF,NOTRE PROJET EUROPÉEN.
PCF_2019,PCF_2019_1318,EURO,2019,PCF,Il faut une Europe de la coopération pour développer les biens communs et l’emploi.
PCF_2019,PCF_2019_1319,EURO,2019,PCF,"Notre projet européen est celui d’une union des peuples et des nations libres, souverains et associés."
PCF_2019,PCF_2019_1320,EURO,2019,PCF,L’Europe est composée de peuples et de nations de cultures fortes et anciennes.
PCF_2019,PCF_2019_1321,EURO,2019,PCF,Nous ne le nions pas.
PCF_2019,PCF_2019_1322,EURO,2019,PCF,Les nations ne sont pas des cadres en déclin du fait de la mondialisation capitaliste.
PCF_2019,PCF_2019_1323,EURO,2019,PCF,"Mais nous ne pensons pas non plus que la « défense de la nation » soit la seule ou la principale ligne de défense contre les catastrophes provoquées par la mondialisation capitaliste et sa crise, avec le rôle majeur qu’y joue le dollar US."
PCF_2019,PCF_2019_1324,EURO,2019,PCF,"L’articulation entre des nations et des peuples libres et souverains d’une part et les nécessaires coopérations repose sur deux principes : 1 Les problèmes les plus urgents qui se posent aux peuples et aux nations sont internationaux : par exemple la dette, la pauvreté, le chômage, la catastrophe climatique, la domination du dollar, l’évasion fiscale sont des questions continentales et mondiales et exigent des solutions européennes et internationales."
PCF_2019,PCF_2019_1325,EURO,2019,PCF,2 Les conquêtes sociales et démocratiques d’un peuple et d’une nation sont des leviers pour les réaliser également chez les autres.
PCF_2019,PCF_2019_1326,EURO,2019,PCF,Nos combats pour refonder l’Europe.
PCF_2019,PCF_2019_1327,EURO,2019,PCF,« Ma première action en tant que députée sera de rassembler à Strasbourg 751 ouvriers et employés européens pour faire un Parlement populaire » Marie-Hélène Bourlard.
PCF_2019,PCF_2019_1328,EURO,2019,PCF,« Il faut rendre la charte sociale européenne et la charte européenne de sécurité sociale contraignantes » Élina Dumont.
PCF_2019,PCF_2019_1329,EURO,2019,PCF,1 UN TRAVAIL QUI PAIE POUR UNE VIE DIGNE.
PCF_2019,PCF_2019_1330,EURO,2019,PCF,1 La mise en place d’une clause de non régression sociale.
PCF_2019,PCF_2019_1331,EURO,2019,PCF,Un État membre pourra s’opposer à toute décision de l’Union européenne qui conduit à dégrader nos conditions de vie.
PCF_2019,PCF_2019_1332,EURO,2019,PCF,2 La défense des revenus et des conditions de travail.
PCF_2019,PCF_2019_1333,EURO,2019,PCF,"Création d’un salaire minimum dans chaque pays, d’au moins 60 % du salaire moyen national, soit 1 400 euros net pour le smic en France."
PCF_2019,PCF_2019_1334,EURO,2019,PCF,"Directive-cadre sur les conditions de travail décentes et sur l’emploi, étendant les normes sociales minimales aux nouveaux types de relations de travail, pour les stages, pour le travail délégué par les plateformes numériques (Uber-économie) et les indépendants autonomes."
PCF_2019,PCF_2019_1335,EURO,2019,PCF,"Directive-cadre pour une « sécurité sociale professionnelle européenne » combinant une garantie d’emploi et de formation bien rémunérée tout au long de la vie pour chacune et chacun des citoyen·ne·s européen·ne·s, ainsi que le droit à la santé et au logement."
PCF_2019,PCF_2019_1336,EURO,2019,PCF,"Imposer des limites pour le travail à la demande, et interdire les contrats à zéro heure."
PCF_2019,PCF_2019_1337,EURO,2019,PCF,Appuyer les négociations et la ratification d’un traité onusien sur les multinationales et les droits humains et adopter une directive sur le devoir de vigilance.
PCF_2019,PCF_2019_1338,EURO,2019,PCF,"L’UE doit rendre la Charte sociale européenne révisée contraignante, la signer et la ratifier, de même pour la Convention européenne de sécurité sociale."
PCF_2019,PCF_2019_1339,EURO,2019,PCF,AU PARLEMENT EUROPÉEN.
PCF_2019,PCF_2019_1340,EURO,2019,PCF,"Nous avons défendu la refonte de la stratégie générale de l’UE pour les années 2010- 2020 « Europe 2020 » pour faire en sorte que l’éducation, la protection sociale, les services publics de l’emploi, la préservation du climat et la reconversion écologique soient des objectifs prioritaires d’investissement et ne soient donc pas inscrits dans les calculs sur les déficits budgétaires."
PCF_2019,PCF_2019_1341,EURO,2019,PCF,"Nous nous battons pour que le Fonds européen d’ajustement à la mondialisation (FEM), accordé par exemple pour le reclassement et la formation des salarié·e·s licencié ·e·s de PSA à Rennes et Aulnay-sous-Bois ou d’Air France, aille bien aux salarié·e·s."
PCF_2019,PCF_2019_1342,EURO,2019,PCF,Nous nous sommes opposé·e·s à la diminution de l’enveloppe de ce Fonds qui est passée de 500 millions à 150 millions par an en 2014.
PCF_2019,PCF_2019_1343,EURO,2019,PCF,"Nous avons fait adopter un rapport demandant la ratification rapide d’une nouvelle convention de l’Organisation internationale du travail contre le travail forcé qui concerne 1,6 million de personnes dans l’UE, à commencer par les personnes en situation irrégulière."
PCF_2019,PCF_2019_1344,EURO,2019,PCF,Nous avons fait réintroduire la prise en compte des troubles musculo-squelettiques dans les mesures sur la santé au travail.
PCF_2019,PCF_2019_1345,EURO,2019,PCF,Nous avons dénoncé le « pilier social » de l’UE proposé par J.–C.
PCF_2019,PCF_2019_1346,EURO,2019,PCF,Junker en 2017 comme insuffisant.
PCF_2019,PCF_2019_1347,EURO,2019,PCF,Le groupe GUE-NGL (Gauche unitaire européenne - Gauche verte nordique) a fait voter un rapport sur les travailleurs·euses précaires rappelant les grands objectifs définis par l’Organisation internationale du travail en matière de travail décent.
PCF_2019,PCF_2019_1348,EURO,2019,PCF,"Nous nous sommes opposé·e·s à la proposition de la Commission européenne de créer un « produit paneuropéen d’épargne-retraite individuelle », c’est-à-dire de créer un grand marché européen de retraites privées par lequel la Commission veut voir remplacer progressivement nos systèmes de retraites par répartition en prenant prétexte du vieillissement de la population européenne."
PCF_2019,PCF_2019_1349,EURO,2019,PCF,3 Vers l’abolition du statut des travailleurs·euses détaché·e·s.
PCF_2019,PCF_2019_1350,EURO,2019,PCF,Mettre en place un système garantissant une égalité complète entre détaché·e·s et locaux ·ales et mener dans la durée une bataille pour l’abolition du statut actuel des travailleurs ·euses détaché·e·s.
PCF_2019,PCF_2019_1351,EURO,2019,PCF,"Les employeurs doivent cotiser au niveau le plus haut, soit celui du pays d’origine, soit celui du pays où le·la travailleur·euse est employé·e."
PCF_2019,PCF_2019_1352,EURO,2019,PCF,AU PARLEMENT EUROPÉEN.
PCF_2019,PCF_2019_1353,EURO,2019,PCF,"Nous avons obtenu que la révision de la directive de 1996 sur les travailleurs détachés applique le principe « à travail égal, salaire égal » et une durée maximale du détachement à 12 mois avec 6 mois reconductibles."
PCF_2019,PCF_2019_1354,EURO,2019,PCF,Nous nous battons pour la prise en compte des travailleurs·euses routier·e·s et de la sous-traitance.
PCF_2019,PCF_2019_1355,EURO,2019,PCF,4 Une vraie politique pour la jeunesse.
PCF_2019,PCF_2019_1356,EURO,2019,PCF,Mise en place d’un statut européen du·de la stagiaire avec des droits nouveaux et des débouchés sur l’emploi.
PCF_2019,PCF_2019_1357,EURO,2019,PCF,Transparence dans la répartition par pays des fonds pour la garantie jeunes.
PCF_2019,PCF_2019_1358,EURO,2019,PCF,Augmentation des bourses pour les plus démuni·e·s dans le cadre d’Erasmus +.
PCF_2019,PCF_2019_1359,EURO,2019,PCF,AU PARLEMENT EUROPÉEN.
PCF_2019,PCF_2019_1360,EURO,2019,PCF,Nous avons défendu l’augmentation du budget de la garantie jeunes de 6 à 21 milliards d’euros (demandée par l’OIT pour que ce programme ait un impact sur le chômage des jeunes).
PCF_2019,PCF_2019_1361,EURO,2019,PCF,"Nous avons défendu l’élargissement d’Erasmus+ dont le budget a été augmenté de 40 % par rapport à la période précédente, pour arriver à 14,8 milliards d’euros."
PCF_2019,PCF_2019_1362,EURO,2019,PCF,2 DÉFENDRE ET ÉTENDRE LES SERVICES PUBLICS EN EUROPE.
PCF_2019,PCF_2019_1363,EURO,2019,PCF,« Nous proposons la création d’un fonds pour le progrès social et écologique financé par la Banque centrale européenne » Barbara Filhol.
PCF_2019,PCF_2019_1364,EURO,2019,PCF,« Nous demandons un moratoire sur les directives  de libéralisation » Michel Jallamion.
PCF_2019,PCF_2019_1365,EURO,2019,PCF,Un principe : remise en cause des règles budgétaires qui étouffent l’investissement pour les services publics et du principe de concurrence qui les démantèlent.
PCF_2019,PCF_2019_1366,EURO,2019,PCF,Les services publics sont nécessaires pour assurer au niveau européen une réelle défense du climat et une réelle défense du pouvoir d’achat.
PCF_2019,PCF_2019_1367,EURO,2019,PCF,1  Mise en place d’un moratoire sur les directives de libéralisation.
PCF_2019,PCF_2019_1368,EURO,2019,PCF,"À défaut, un État doit pouvoir appliquer un droit de retrait pour ne pas appliquer ces directives."
PCF_2019,PCF_2019_1369,EURO,2019,PCF,"2  La non application des principes et règles de concurrence pour les services publics, les « services d’intérêt économique général » et la non ouverture à la concurrence des services publics et des « services d’intérêt économique général »."
PCF_2019,PCF_2019_1370,EURO,2019,PCF,"Nous défendons l’abrogation des articles 101 à 107 du traité sur le fonctionnement de l’UE, pour rendre possible les aides d’État."
PCF_2019,PCF_2019_1371,EURO,2019,PCF,"3 Créer et utiliser un Fonds pour le progrès social et écologique financé par la BCE à taux nul pour étendre les services publics en Europe, notamment pour les transports, les postes, l’énergie, les écoles, les hôpitaux."
PCF_2019,PCF_2019_1372,EURO,2019,PCF,"Ce fonds financerait, par des prêts à 0 %, les dépenses des Etats si celles-ci développent les services publics, que ce soient des dépenses d’investissement matériel ou l’accroissement des dépenses salariales ou de formation."
PCF_2019,PCF_2019_1373,EURO,2019,PCF,"Dans le même temps, la BCE allègerait les dépenses des Etats liées à leur endettement passé en reprenant massivement leurs titres de dettes actuellement à taux élevé auprès des marchés financiers."
PCF_2019,PCF_2019_1374,EURO,2019,PCF,4 Défendre et étendre le service public des transports.
PCF_2019,PCF_2019_1375,EURO,2019,PCF,"Investir pour garantir l’égalité et développer nos territoires : plan d’investissement financé par le Fonds écologique et social de la BCE pour les infrastructures ferroviaires, portuaires et fluviales."
PCF_2019,PCF_2019_1376,EURO,2019,PCF,"Appui à l’investissement nécessaire en lignes de bus, de tram, de métro."
PCF_2019,PCF_2019_1377,EURO,2019,PCF,AU PARLEMENT EUROPÉEN.
PCF_2019,PCF_2019_1378,EURO,2019,PCF,Nous nous sommes opposé·e·s à l’ouverture du marché des services nationaux de transport de voyageurs par chemin de fer de 2020.
PCF_2019,PCF_2019_1379,EURO,2019,PCF,"À partir de cette date-là, l’Etat, les régions, passeront des appels d’offres de marchés publics d’une durée maximale de 10 ans pour les différentes lignes qui doivent être exploitées."
PCF_2019,PCF_2019_1380,EURO,2019,PCF,Nous avons dénoncé la « gouvernance de l’infrastructure » imaginée par la Commission européenne entraînant la séparation de la SNCF de son réseau ferré.
PCF_2019,PCF_2019_1381,EURO,2019,PCF,"5 Un système de santé et une protection sociale accessible, fiable et de qualité."
PCF_2019,PCF_2019_1382,EURO,2019,PCF,« Nous proposons une coopération européenne pour agir sur les prix des médicaments contre les intérêts de l’industrie pharmaceutique » Anthony Gonçalves Loïc Pen.
PCF_2019,PCF_2019_1383,EURO,2019,PCF,1 Programme de réparation des dégâts de la politique de la concurrence sur la santé des populations ainsi que de restauration de l’accessibilité et de la qualité des soins.
PCF_2019,PCF_2019_1384,EURO,2019,PCF,"Une politique de santé alternative, en Europe comme en France, exige à l’hôpital, comme dans tous les services sociaux, de substituer à la logique marchande la logique de la personne."
PCF_2019,PCF_2019_1385,EURO,2019,PCF,2 Agir sur le prix des médicaments à l’échelle de l’UE pour combattre les intérêts de l’industrie pharmaceutique.
PCF_2019,PCF_2019_1386,EURO,2019,PCF,Des négociations de prix avec l’industrie pharmaceutique transparentes à l’échelle européenne.
PCF_2019,PCF_2019_1387,EURO,2019,PCF,Une réévaluation régulière de ces prix en fonction des profits dégagés et des dividendes versés aux actionnaires ?
PCF_2019,PCF_2019_1388,EURO,2019,PCF,Une obligation pour les compagnies pharmaceutiques de contribuer financièrement à la recherche clinique académique indépendante et publique concernant l’utilisation optimale des médicaments nouvellement enregistrés.
PCF_2019,PCF_2019_1389,EURO,2019,PCF,"3 Développer un pôle public du médicament au niveau européen pour : produire les médicaments essentiels, c’est-à-dire ceux de la liste prioritaire établie par l’OMS et qui sont considérés comme essentiels aux besoins humains en santé."
PCF_2019,PCF_2019_1390,EURO,2019,PCF,Faire face aux pénuries récurrentes dès lors que l’espérance du profit n’est pas suffisante pour les actionnaires.
PCF_2019,PCF_2019_1391,EURO,2019,PCF,"Etre capables, le cas échéant, de dégainer l’arme absolue de la licence d’office, celle qui permet aux Etats, lorsqu’ils considèrent que leurs intérêts vitaux en santé publique sont menacés, de casser les brevets et de produire eux-mêmes les médicaments dont l’industrie refuse de négocier les prix."
PCF_2019,PCF_2019_1392,EURO,2019,PCF,Redonner du poids à la recherche clinique publique dans le domaine pharmaceutique puisque celle-ci a été totalement abandonnée par la logique libérale.
PCF_2019,PCF_2019_1393,EURO,2019,PCF,Promouvoir et défendre l’éthique du système transfusionnel.
PCF_2019,PCF_2019_1394,EURO,2019,PCF,"Il faut mettre un terme aux directives européennes qui défendent une approche marchande du corps humain, dont celle de 1993, qui ont qualifié les « dérivés du plasma » en médicaments afin d’être commercialisés."
PCF_2019,PCF_2019_1395,EURO,2019,PCF,6 Sortir l’école des logiques libérales.
PCF_2019,PCF_2019_1396,EURO,2019,PCF,"L’éducation est une compétence nationale des États membres mais, depuis la fin des années 90, l’Union européenne défend ses propres orientations en la matière, tout particulièrement pour l’enseignement supérieur et la recherche."
PCF_2019,PCF_2019_1397,EURO,2019,PCF,"Ces orientations, héritées du processus de Bologne (1999) et de la stratégie de Lisbonne (2000), incitent les Etats à harmoniser les modalités et les contenus de leurs systèmes éducatifs en un sens bien précis : mettre la création et la diffusion de connaissances au service de la compétitivité des entreprises et de la guerre économique."
PCF_2019,PCF_2019_1398,EURO,2019,PCF,Étendre la scolarité obligatoire de 3 à 18 ans dans toute l’Union européenne.
PCF_2019,PCF_2019_1399,EURO,2019,PCF,Construire un mode d’élaboration démocratique des programmes scolaires et des objectifs de l’école.
PCF_2019,PCF_2019_1400,EURO,2019,PCF,Porter les budgets nationaux de l’éducation à un minimum légal européen de 7 % du PIB.
PCF_2019,PCF_2019_1401,EURO,2019,PCF,L’Union européenne doit permettre financièrement de garantir un droit à la mobilité européenne des élèves et des étudiant·e·s dès l’enseignement secondaire.
PCF_2019,PCF_2019_1402,EURO,2019,PCF,7 Sortir l’enseignement supérieur des logiques libérales du processus de Bologne.
PCF_2019,PCF_2019_1403,EURO,2019,PCF,Le plan « bienvenue en France » annoncé par le Premier ministre en novembre dernier multiplie par 10 les frais d’inscription pour les étudiant·e·s étranger·e·s.
PCF_2019,PCF_2019_1404,EURO,2019,PCF,"Cette réforme s’inscrit pleinement dans la logique de libéralisation de l’enseignement supérieur, suite logique d’un processus qui trouve ses origines dans le processus de Bologne (1999), qui a eu pour effet de mettre les universités en concurrence les unes contre les autres et de dévaloriser les diplômes."
PCF_2019,PCF_2019_1405,EURO,2019,PCF,"La suppression de la réforme, qui annonce la création de pôles universitaires privés à la merci des entreprises."
PCF_2019,PCF_2019_1406,EURO,2019,PCF,"La reconnaissance du travail des étudiant·e·s par un revenu, financé par une branche de la Sécurité sociale."
PCF_2019,PCF_2019_1407,EURO,2019,PCF,Le doublement de l’investissement dans l’enseignement supérieur et l’accès libre et gratuit à l’université pour toutes et tous.
PCF_2019,PCF_2019_1408,EURO,2019,PCF,8 Investir pour la recherche publique.
PCF_2019,PCF_2019_1409,EURO,2019,PCF,Les moyens consacrés à la recherche et à l’éducation sont un investissement sur l’avenir.
PCF_2019,PCF_2019_1410,EURO,2019,PCF,"Un investissement sur l’émancipation des individus, des travailleurs·euses et citoyen·ne·s."
PCF_2019,PCF_2019_1411,EURO,2019,PCF,Un investissement sur le système de production et sur la compréhension de nos sociétés.
PCF_2019,PCF_2019_1412,EURO,2019,PCF,"Nous proposons : L’utilisation du fonds social et écologique financé par la BCE pour la construction dans chacun des Etats membres de nouvelles universités permettant d’accueillir les nouveaux étudiant·e·s, dotées de nouveaux postes d’enseignant·e·s-chercheurs·euses, et garantissant la démocratisation de l’enseignement supérieur et sa gratuité."
PCF_2019,PCF_2019_1413,EURO,2019,PCF,"La sortie des logiques de compétition et normalisation pédagogique entre universités et établissements, et la promotion de la coopération entre enseignant·e·s et entre institutions basée sur un cadrage européen des diplômes."
PCF_2019,PCF_2019_1414,EURO,2019,PCF,"9 Sortir l’art, la culture et les médias des dogmes du marché."
PCF_2019,PCF_2019_1415,EURO,2019,PCF,Affirmer le principe du financement public des arts et de la culture.
PCF_2019,PCF_2019_1416,EURO,2019,PCF,Conforter le principe de la diversité culturelle.
PCF_2019,PCF_2019_1417,EURO,2019,PCF,"Soutenir l’exception culturelle en excluant les « biens et services » culturels des accords internationaux, bilatéraux et multilatéraux."
PCF_2019,PCF_2019_1418,EURO,2019,PCF,Unifier la fiscalité sur les biens culturels.
PCF_2019,PCF_2019_1419,EURO,2019,PCF,Favoriser la création de plates-formes numérique publiques.
PCF_2019,PCF_2019_1420,EURO,2019,PCF,Pérenniser et renforcer le programme « Europe créative ».
PCF_2019,PCF_2019_1421,EURO,2019,PCF,Combattre les concentrations dans la presse et les médias par une directive européenne anti-concentrations devra prévoir des seuils avec obligation légale d’afficher la transparence sur la propriété des médias.
PCF_2019,PCF_2019_1422,EURO,2019,PCF,3 POUR LE CLIMAT : IL Y A URGENCE !
PCF_2019,PCF_2019_1423,EURO,2019,PCF,« Il faut doubler la part de fret ferroviaire » Christine Mequignon.
PCF_2019,PCF_2019_1424,EURO,2019,PCF,"« L’argent de la banque centrale européenne doit être réorienté pour financer un plan d’investissement massif pour les infrastructures ferroviaires, portuaires  et fluviales » Gilbert Garrel."
PCF_2019,PCF_2019_1425,EURO,2019,PCF,Un principe : l’UE doit sortir du tout routier et du tout carbone.
PCF_2019,PCF_2019_1426,EURO,2019,PCF,L’Accord de Paris sur le climat doit être respecté.
PCF_2019,PCF_2019_1427,EURO,2019,PCF,"En 2017, les émissions de CO2 ont bondi de 1,8 % en moyenne dans l’UE et même à 3,2 % en France."
PCF_2019,PCF_2019_1428,EURO,2019,PCF,Le marché carbone (« droit à polluer ») qui attribue aux entreprises des quotas d’émissions de CO2 échangeables est un échec total pour l’environnement.
PCF_2019,PCF_2019_1429,EURO,2019,PCF,L’écologie est bien incompatible avec le marché !
PCF_2019,PCF_2019_1430,EURO,2019,PCF,1 Une politique des transports orientée vers la défense du climat.
PCF_2019,PCF_2019_1431,EURO,2019,PCF,"Plan pour le développement du multi-modal et le doublement de part du fret ferroviaire, le développement du fret fluvial pour mettre fin à la politique du « tout routier » privilégiée par l’UE."
PCF_2019,PCF_2019_1432,EURO,2019,PCF,"Les transports commerciaux et industriels de longues distances doivent être massivement redirigés vers le fret ferroviaire ou fluvial et le multimodal en développant des voies navigables et des infrastructures ferroviaires, avec les personnels en nombre suffisant et correctement formés."
PCF_2019,PCF_2019_1433,EURO,2019,PCF,"La route sera toujours utile et intégrée au système, mais avec des emplois de qualité et uniquement pour les derniers kilomètres."
PCF_2019,PCF_2019_1434,EURO,2019,PCF,Favoriser les circuits courts industriels et agricoles pour réduire les besoins en transports en relocalisant les productions.
PCF_2019,PCF_2019_1435,EURO,2019,PCF,2 L’énergie et l’eau sont des biens publics et il faut favoriser les économies d’énergie.
PCF_2019,PCF_2019_1436,EURO,2019,PCF,"Grand plan pour la rénovation énergétique des logements avec des objectifs fixés par territoires, en concertation avec eux."
PCF_2019,PCF_2019_1437,EURO,2019,PCF,"Les logements représentent 16,5 % des gaz à effet de serre et, de plus, c’est également bénéfique pour les revenus en limitant les factures d’électricité et de gaz."
PCF_2019,PCF_2019_1438,EURO,2019,PCF,Montée en puissance des énergies renouvelables en aidant la recherche pour obtenir des avancées significatives sur le stockage de l’énergie.
PCF_2019,PCF_2019_1439,EURO,2019,PCF,"Un plan pour développer un nouveau mix énergétique remplaçant les énergies carbonées et associant développement des énergies renouvelables avec la maîtrise publique, sociale et démocratique d’une filière nucléaire sécurisée et renouvelée : s’inscrivant dans une transition énergétique, écologique et non malthusienne, ce plan nécessiterait un grand effort de recherche, d’embauches, de formation, d’investissement et d’innovation sociale ; il serait élaboré avec tous les acteurs sociaux et citoyens."
PCF_2019,PCF_2019_1440,EURO,2019,PCF,Agir contre la précarité énergétique.
PCF_2019,PCF_2019_1441,EURO,2019,PCF,L’accès à une énergie propre et abordable est un droit humain.
PCF_2019,PCF_2019_1442,EURO,2019,PCF,"Pour en faire une réalité, les coupures doivent être interdites : elles sont une mesure violente et extrême qui peut mettre en danger la vie d’autrui pour garantir l’accès à une énergie propre, abordable et à un logement décent pour tou·te·s."
PCF_2019,PCF_2019_1443,EURO,2019,PCF,"Avec l’augmentation des prix de l’énergie, les factures pèsent davantage sur les ménages à faibles revenus, qui paient déjà proportionnellement plus pour leur énergie."
PCF_2019,PCF_2019_1444,EURO,2019,PCF,Un soutien financier doit être fourni comme solution immédiate.
PCF_2019,PCF_2019_1445,EURO,2019,PCF,AU PARLEMENT EUROPÉEN.
PCF_2019,PCF_2019_1446,EURO,2019,PCF,Nous avons voté contre la réforme du marché européen du carbone pour la période 2021-2025 qui n’organise aucune sortie des énergies carbonées.
PCF_2019,PCF_2019_1447,EURO,2019,PCF,"Nous nous sommes opposé·e·s à la stratégie européenne de sécurité énergétique qui consacre la libre concurrence, tant sur les marchés intérieurs qu’extérieurs, qui appelle à la fin des tarifs réglementés, qui néglige les investissements nécessaires et qui mise sur l’interconnexion entre les réseaux nationaux pour favoriser la concurrence."
PCF_2019,PCF_2019_1448,EURO,2019,PCF,Nous nous sommes opposé·e·s à l’Union de l’énergie qui met le développement d’un marché de l’énergie au coeur de la stratégie européenne.
PCF_2019,PCF_2019_1449,EURO,2019,PCF,Nous avons relayé la campagne citoyenne « Right2water » (droit à l’eau) qui avait recueilli le million de signatures nécessaires et à laquelle la commission a refusé de répondre.
PCF_2019,PCF_2019_1450,EURO,2019,PCF,Nous avons fait adopter un texte demandant à la Commission des propositions législatives pour faire de l’accès à une eau de qualité et à un prix abordable un droit fondamental.
PCF_2019,PCF_2019_1451,EURO,2019,PCF,"Nous demandons également que les services de l’eau (traitement, distribution) soient exclus de la directive sur les concessions qui facilitent la privatisation des services."
PCF_2019,PCF_2019_1452,EURO,2019,PCF,3 Une nouvelle ambition sanitaire.
PCF_2019,PCF_2019_1453,EURO,2019,PCF,"Les différents scandales sanitaires (diésel, amiante, glyphosate, prothèses ...) révèlent les aberrations et conséquence du tout marché."
PCF_2019,PCF_2019_1454,EURO,2019,PCF,"Le nombre de nouveaux produits chaque année et l’efficacité des contrôles en amont, ont amené à la législation REACH responsabilisant les industriels en inversant la charge de la preuve, mais de spectre insuffisant."
PCF_2019,PCF_2019_1455,EURO,2019,PCF,"Pour une plus grande protection des populations, nous proposons."
PCF_2019,PCF_2019_1456,EURO,2019,PCF,"Le doublement des effectifs et moyens de l’Agence européenne des produits chimiques, et l’embauche dans chacun des états membres de personnels consacrés au contrôle des lieux de travail et des produits mis sur le marché."
PCF_2019,PCF_2019_1457,EURO,2019,PCF,L’enclenchement de la procédure de gestion des risques pour les substances présumées être perturbateurs endocriniens ou cancérogènes.
PCF_2019,PCF_2019_1458,EURO,2019,PCF,L’extension du règlement REACH aux substances produites à moins de 1 tonne par an.
PCF_2019,PCF_2019_1459,EURO,2019,PCF,4 PRENDRE LE POUVOIR SUR L’ARGENT.
PCF_2019,PCF_2019_1460,EURO,2019,PCF,"« Pour lutter contre l’évasion fiscale, nous proposons la taxation à la source des profits multinationales aux taux minimal de 20 % contre 9 % actuellement » Benjamin Amar."
PCF_2019,PCF_2019_1461,EURO,2019,PCF,1 La lutte contre l’évasion fiscale.
PCF_2019,PCF_2019_1462,EURO,2019,PCF,"Un principe : l’évasion fiscale représenterait plus de 800 milliards d’euros par an, dont 120 milliards pour la France."
PCF_2019,PCF_2019_1463,EURO,2019,PCF,"Avec cet argent, on pourrait construire 10 000 hôpitaux ou loger 70 millions de familles."
PCF_2019,PCF_2019_1464,EURO,2019,PCF,"La multiplicité des formes actuelles de développement de l’activité économique, notamment avec l’introduction des technologies informationnelles et les délocalisations, l’évolution des structures juridiques et des montages financiers (filiales, holdings, régime des mères-filles) font de l’Europe un niveau pertinent pour lutter, en lien avec l’action des Etats qui la composent, contre les pratiques d’évitement fiscal, conséquences d’une ultra libéralisation croissante de la politique européenne."
PCF_2019,PCF_2019_1465,EURO,2019,PCF,"La question de la fiscalité nécessite une large campagne collective citoyenne, avec les consommateurs, les ONG, les syndicats, les lanceurs d’alerte, les journalistes pour accentuer la pression sur les gouvernements pour qu’ils agissent contre l’évasion fiscale."
PCF_2019,PCF_2019_1466,EURO,2019,PCF,Nous portons à l’échelle européenne l’idée d’une COP fiscale internationale à l’image de la COP 21 sur le climat en 2016.
PCF_2019,PCF_2019_1467,EURO,2019,PCF,Intégration dans la liste des paradis fiscaux des états membres de l’UE qui en sont.
PCF_2019,PCF_2019_1468,EURO,2019,PCF,Ces états doivent pouvoir encourir des sanctions au même titre que ceux qui ne respectent pas les libertés démocratiques fondamentales.
PCF_2019,PCF_2019_1469,EURO,2019,PCF,"Interdiction aux entreprises, aux banques et aux particuliers résidant dans l’UE d’avoir des relations financières avec un paradis fiscal, comme d’y faire transiter des fonds."
PCF_2019,PCF_2019_1470,EURO,2019,PCF,Ouvrir le chantier de l’harmonisation fiscale en Europe.
PCF_2019,PCF_2019_1471,EURO,2019,PCF,"Nous proposons d’instaurer des taux plafonds pour l’ensemble des impôts indirects (TVA, et autres taxes sur la consommation, notamment la fiscalité verte) et des taux planchers pour les impôts directs (impôt sur le revenu et impôt sur les sociétés)."
PCF_2019,PCF_2019_1472,EURO,2019,PCF,"Mettre en place le prélèvement à la source des multinationales avec un taux minimal d’imposition des profits à 20 %, contre 9 % actuellement."
PCF_2019,PCF_2019_1473,EURO,2019,PCF,Droits d’information et de décision des travailleurs·euses des multinationales.
PCF_2019,PCF_2019_1474,EURO,2019,PCF,"Les représentant·e·s des salarié·e·s des multinationales doivent être informé·e·s et consulté ·e·s sur les ventes de brevets, de marques, prêts intra-groupes, etc., ainsi que sur le montant des redevances et les pays vers lesquels ces fonds sont versés."
PCF_2019,PCF_2019_1475,EURO,2019,PCF,"Ils et elles doivent être informé·e·s de toute installations de sociétés nouvelles, aussi bien hors UE que dans l’UE."
PCF_2019,PCF_2019_1476,EURO,2019,PCF,Pour davantage de transparence des multinationales.
PCF_2019,PCF_2019_1477,EURO,2019,PCF,"Ces entreprises doivent communiquer publiquement des données, pays par pays, rendant compte de leur activité sur tous les aspects économiques, fiscaux et sociaux."
PCF_2019,PCF_2019_1478,EURO,2019,PCF,Rendre plus efficaces les contrôles fiscaux avec un droit de suite entre les diverses administrations financières nationales pour contrôler les filiales ou les holdings liées installées dans d’autres pays.
PCF_2019,PCF_2019_1479,EURO,2019,PCF,AU PARLEMENT EUROPÉEN.
PCF_2019,PCF_2019_1480,EURO,2019,PCF,Nous nous sommes opposé·e·s à la directive dite « droit des actionnaires » qui s’est soldée par une reculade sur la déclaration des chiffres d’affaires pays par pays.
PCF_2019,PCF_2019_1481,EURO,2019,PCF,Nous nous sommes opposé·e·s à la « clause de sauvegarde » qui permet aux entreprises de ne pas divulguer leurs informations si ces dernières représentent un « préjudice sur le plan commercial ».
PCF_2019,PCF_2019_1482,EURO,2019,PCF,"2 Remettre en cause les règles du pacte budgétaire, des mécanismes de contrôle budgétaire et faire pression pour leur abrogation."
PCF_2019,PCF_2019_1483,EURO,2019,PCF,"Le fait que commission européenne ait ouvert 24 procédures pour déficit excessif depuis 2011 montre bien le caractère à la fois démocratiquement carcéral et économiquement absurde de l’ensemble des mesures adoptées depuis le pacte de stabilité et de croissance, le pacte budgétaire, le semestre européen, le two-pack et le six-pack."
PCF_2019,PCF_2019_1484,EURO,2019,PCF,La nécessité pour les états de pouvoir répondre à une crise économique et sociale est contradictoire avec le recours à des coupes dans les dépenses sociales et implique l’abrogation de ces règles.
PCF_2019,PCF_2019_1485,EURO,2019,PCF,"Pour les remettre en cause, un premier pas est de sortir du pacte budgétaire toutes les dépenses sociales et écologiques, et les dépenses d’investissement dans les services publics civils."
PCF_2019,PCF_2019_1486,EURO,2019,PCF,Cela concerne également les collectivités territoriales.
PCF_2019,PCF_2019_1487,EURO,2019,PCF,"Depuis 10 ans, l’investissement public chute dans l’UE."
PCF_2019,PCF_2019_1488,EURO,2019,PCF,"Or, même le FMI reconnaît « l’effet multiplicateur » de la dépense publique."
PCF_2019,PCF_2019_1489,EURO,2019,PCF,"Une augmentation des dépenses, même de l’ordre de 1 % du PIB, soit, pour la France, de l’ordre de 20 à 25 milliards d’euros par an d’investissements dans l’éducation, la santé, le logement, l’environnement, la recherche et développement… serait hautement bénéfique à l’emploi et à l’économie."
PCF_2019,PCF_2019_1490,EURO,2019,PCF,3 S’attaquer aux mécanismes de l’euro en créant un Fonds pour le progrès social et écologique puis en refondant la BCE.
PCF_2019,PCF_2019_1491,EURO,2019,PCF,"La BCE « indépendante » a pour unique mission de surveiller la « stabilité des prix » dans l’UE et est exclusivement au service de la rentabilité des marchés financiers, avec sa rigueur monétaire institutionnalisée… sauf pour la finance."
PCF_2019,PCF_2019_1492,EURO,2019,PCF,Le système monétaire verrouille l’économie et le social.
PCF_2019,PCF_2019_1493,EURO,2019,PCF,C’est au coeur du fonctionnement actuel de l’euro.
PCF_2019,PCF_2019_1494,EURO,2019,PCF,"Nous proposons de refonder complètement la BCE, ses missions et son fonctionnement implique: Un contrôle démocratique est nécessaire par les parlements nationaux et le Parlement européen, en lien avec une implication des organisations syndicales et associations écologiques."
PCF_2019,PCF_2019_1495,EURO,2019,PCF,La BCE doit réorienter sa politique de création monétaire (2 500 milliards d’euros créés depuis 2010) en finançant un fonds pour le progrès social et écologique apte à prêter aux États à 0 %.
PCF_2019,PCF_2019_1496,EURO,2019,PCF,"Ainsi elle sera mise au service du développement et de l’harmonisation économiques et sociaux, et à jouer un rôle de financement des politiques structurelles sociales, y compris contre les délocalisations, avec un rôle bénéfique pour les services publics, pour l’emploi et pour le climat."
PCF_2019,PCF_2019_1497,EURO,2019,PCF,4 Contre le projet de budget européen 2021-2027 et pour une utilisation transparente des fonds européens.
PCF_2019,PCF_2019_1498,EURO,2019,PCF,"Nous nous opposons au projet de budget de l’UE 2021-2027 qui fait des coupes sombres dans les politiques de solidarité que portent les fonds de cohésion et la politique agricole commune (- 10 % pour les fonds de cohésion, - 7 % pour le Fonds social européen, -15 % à -30 % pour la PAC) Par ailleurs, nous nous opposons à l’option avancée par la Commission européenne d’une très grande souplesse dans les choix de gestion des moyens communautaires avec notamment des « plans stratégiques nationaux »."
PCF_2019,PCF_2019_1499,EURO,2019,PCF,"Cette orientation entraînera les États membres dans un cercle concurrentiel sans règles communes, sans critères exigibles en matière sociale, environnementale ou sanitaire."
PCF_2019,PCF_2019_1500,EURO,2019,PCF,Tout le contraire de l’indispensable harmonisation vers le haut !
PCF_2019,PCF_2019_1501,EURO,2019,PCF,AU PARLEMENT EUROPÉEN.
PCF_2019,PCF_2019_1502,EURO,2019,PCF,Nous avons réussi à éviter que le versement des fonds de cohésion soit conditionné par le respect des règles budgétaires et l’application des recommandations de la commission.
PCF_2019,PCF_2019_1503,EURO,2019,PCF,Nous défendons la création de nouvelles recettes européennes.
PCF_2019,PCF_2019_1504,EURO,2019,PCF,5  Pour une autre utilisation des fonds structurels européens.
PCF_2019,PCF_2019_1505,EURO,2019,PCF,L’Europe distribue d’importants financements aux associations et aux collectivités via le FEDER (Fonds européen de développement régional) et le FSE (Fonds social européen).
PCF_2019,PCF_2019_1506,EURO,2019,PCF,"Mais leur obtention nécessite de monter des dossiers extrêmement lourds, ce qui les rend de fait inaccessibles pour les petites associations et petites collectivités."
PCF_2019,PCF_2019_1507,EURO,2019,PCF,"De plus, le mode de paiement a posteriori pour le FSE impose d’avancer les financements."
PCF_2019,PCF_2019_1508,EURO,2019,PCF,"Depuis 2014, les fonds européens sont gérés par les régions et une mauvaise gestion peut conduire à ne pas utiliser des sommes considérables."
PCF_2019,PCF_2019_1509,EURO,2019,PCF,Refus de la baisse des fonds structurels européens prévue dans le budget 2021-2027 de l’UE.
PCF_2019,PCF_2019_1510,EURO,2019,PCF,Simplification de leur modalité d’attribution.
PCF_2019,PCF_2019_1511,EURO,2019,PCF,Les régions doivent consentir des avances de trésorerie aux associations et collectivités les plus modestes.
PCF_2019,PCF_2019_1512,EURO,2019,PCF,5 LA DÉMOCRATIE MAINTENANT !
PCF_2019,PCF_2019_1513,EURO,2019,PCF,« Je me battrai pour couper le lien entre les institutions européennes et les lobbies des multinationales » Mamoudou Bassoum.
PCF_2019,PCF_2019_1514,EURO,2019,PCF,1 L’Europe doit être transparente et ne pas être soumise à l’influence des lobbys des multinationales.
PCF_2019,PCF_2019_1515,EURO,2019,PCF,Nous avançons trois mesures.
PCF_2019,PCF_2019_1516,EURO,2019,PCF,1 Baisser les salaires des commissaires européens et du président de la commission européenne.
PCF_2019,PCF_2019_1517,EURO,2019,PCF,Le montant ne pourra dépasser un plafond fixé à 10 000 euros brut par mois.
PCF_2019,PCF_2019_1518,EURO,2019,PCF,"Dans le cas du président de la commission, cela représente une division par trois du salaire."
PCF_2019,PCF_2019_1519,EURO,2019,PCF,"2 Interdire durant 7 ans les «portes tournantes», c’est-à-dire que le fait que les commissaires et eurodéputé·e·s puissent travailler pour des lobbys ou multinationales cotées en bourse."
PCF_2019,PCF_2019_1520,EURO,2019,PCF,3 Interdire les contacts de lobbying non déclarés et établir des registres de transparence dans lesquels les contacts seront déclarés.
PCF_2019,PCF_2019_1521,EURO,2019,PCF,2 Le respect de la démocratie et de la souveraineté des peuples et des nations.
PCF_2019,PCF_2019_1522,EURO,2019,PCF,Aucun peuple ne doit être entraîné dans un engrenage remettant en cause ses choix fondamentaux.
PCF_2019,PCF_2019_1523,EURO,2019,PCF,Aucun abandon de souveraineté ne peut être accepté.
PCF_2019,PCF_2019_1524,EURO,2019,PCF,Les Parlements nationaux doivent pouvoir être habilités à fixer les lignes rouges de la nation et être associés à l’élaboration des règles européennes.
PCF_2019,PCF_2019_1525,EURO,2019,PCF,Les citoyen·ne·s doivent être impliqué·e·s à chaque étape de la conception et de l’élaboration des politiques.
PCF_2019,PCF_2019_1526,EURO,2019,PCF,"Les grands projets européens doivent faire l’objet d’une concertation préalable avec les parlements nationaux, les citoyen·ne·s, les associations et les organisations syndicales."
PCF_2019,PCF_2019_1527,EURO,2019,PCF,3 Une construction nouvelle pour une Union réellement démocratique.
PCF_2019,PCF_2019_1528,EURO,2019,PCF,"La construction des coopérations nécessaires implique que les pouvoirs de la Commission européenne soient restreints à celui d’un simple exécutif du Parlement européen et que ce dernier reçoive le pouvoir d’initiative des lois européennes avec le Conseil européen, avec concertation obligatoire des instances démocratiques nationales."
PCF_2019,PCF_2019_1529,EURO,2019,PCF,"Nous appelons surtout à une véritable démocratie sociale et citoyenne en Europe, avec un renforcement de la représentation des salarié·e·s dans les entreprises européennes avec le droit de suspendre un plan de restructuration pour proposer des solutions alternatives, et l’élargissement du droit de pétition citoyenne pour lui donner le pouvoir d’inscrire un projet de loi au Parlement européen."
PCF_2019,PCF_2019_1530,EURO,2019,PCF,4 Une construction souple et diversifiée dans un cadre commun.
PCF_2019,PCF_2019_1531,EURO,2019,PCF,Ces principes sont le cadre commun d’un projet européen garantissant à chaque peuple de ne pas appliquer des choix qui iraient à l’encontre de ses choix fondamentaux.
PCF_2019,PCF_2019_1532,EURO,2019,PCF,"Un état peut choisir de participer à telle ou telle politique européenne ou de négocier son retrait en cas d’impasse avec ses partenaires, en consultant ses citoyen·ne·s."
PCF_2019,PCF_2019_1533,EURO,2019,PCF,"Si un groupe d’états choisit de retirer les services publics du droit à la concurrence de l’UE, il doit pouvoir le faire."
PCF_2019,PCF_2019_1534,EURO,2019,PCF,C’est l’Europe à géométrie choisie.
PCF_2019,PCF_2019_1535,EURO,2019,PCF,"Pour fonder cette nouvelle Union, nous appelons à des États généraux de la refondation européenne, assortis d’une large participation citoyenne qui pourraient déboucher sur un nouveau traité européen, sans l’enfermer dans modèle de politique économique, et attaché à affirmer les principes de coopération, de progrès social, les principes démocratiques ainsi que le rôle des institutions."
PCF_2019,PCF_2019_1536,EURO,2019,PCF,AU PARLEMENT EUROPÉEN.
PCF_2019,PCF_2019_1537,EURO,2019,PCF,"Nos député·e·s ont voté contre l’investiture de la commission présidée par Jean- Claude Junker où un ancien pétrolier espagnol est en charge du portefeuille du réchauffement climatique, un hongrois a la charge de la citoyenneté alors que la Hongrie continue sa dérive nationaliste, et un ancien Premier ministre letton, pourtant à l’origine d’une des cures d’austérité les plus violentes du continent, hérite du dialogue social."
PCF_2019,PCF_2019_1538,EURO,2019,PCF,"Nous nous sommes opposé·e·s à l’union des marchés de capitaux qui place encore plus les entreprises sous la pression de la spéculation financière, ainsi qu’à l’union bancaire qui renforce les pouvoirs discrétionnaires de la BCE."
PCF_2019,PCF_2019_1539,EURO,2019,PCF,"Nous nous sommes opposé·e·s à la création du MES (mécanisme européen de stabilité) qui conditionne ses « aides » aux états au respect des dogmes budgétaires de l’UE, sous forme de prêts à intérêts."
PCF_2019,PCF_2019_1540,EURO,2019,PCF,"Nous sommes opposés au projet de Macron et de Merkel de le transformer en fonds monétaire européen qui renforcera encore davantage la conditionnalité anti-sociale des aides, ainsi qu’à la poursuite des politiques d’austérité."
PCF_2019,PCF_2019_1541,EURO,2019,PCF,6.
PCF_2019,PCF_2019_1542,EURO,2019,PCF,UN NOUVEAU MODÈLE AGRICOLE ET INDUSTRIEL.
PCF_2019,PCF_2019_1543,EURO,2019,PCF,1 Pour une véritable politique agricole et alimentaire commune.
PCF_2019,PCF_2019_1544,EURO,2019,PCF,« Il faut garantir les revenus des paysans en instaurant des prix plancher d’achat et en réintroduisant des quotas » Sarah Chaussy.
PCF_2019,PCF_2019_1545,EURO,2019,PCF,L’agriculture répond à un besoin fondamental de l’humanité.
PCF_2019,PCF_2019_1546,EURO,2019,PCF,Les élections européennes de mai prochain placent l’avenir de la Politique agricole commune (PAC) et ses objectifs au coeur du débat sur l’orientation politique de l’UE.
PCF_2019,PCF_2019_1547,EURO,2019,PCF,"Car la PAC est la seule politique européenne coordonnée, avec de vrais moyens (37 % du budget de l’UE)."
PCF_2019,PCF_2019_1548,EURO,2019,PCF,Une vraie refonte de la PAC implique de : Assurer l’information des consommateurs en garantissant la traçabilité par l’étiquetage de l’origine pour tous les produits agricoles à l’état brut ou transformé.
PCF_2019,PCF_2019_1549,EURO,2019,PCF,"Relocaliser les productions afin de privilégier des chaînes d’approvisionnement plus courtes, de permettre une meilleure traçabilité des produits et de soutenir de nouvelles formes de distribution."
PCF_2019,PCF_2019_1550,EURO,2019,PCF,Interdire la spéculation sur les contrats à terme et les produits bancaires structurés sur une matière première agricole.
PCF_2019,PCF_2019_1551,EURO,2019,PCF,Définir des objectifs de montée en gamme des productions européennes en s’appuyant sur tous les signes de qualité et d’origine et le développement du bio.
PCF_2019,PCF_2019_1552,EURO,2019,PCF,"Créer un Fonds alimentaire européen à l’appui des initiatives des collectivités territoriales, notamment le développement de projets alimentaires territoriaux et la lutte contre le gaspillage alimentaire."
PCF_2019,PCF_2019_1553,EURO,2019,PCF,Maintenir le Fonds européen d’aide aux plus démuni·e·s (FEAD).
PCF_2019,PCF_2019_1554,EURO,2019,PCF,"Mettre en oeuvre des outils efficaces pour garantir les revenus : prix plancher d’achat, réintroduction des quotas."
PCF_2019,PCF_2019_1555,EURO,2019,PCF,Réorienter les aides directes en introduisant un soutien plafonné à l’actif et une dégressivité par exploitation.
PCF_2019,PCF_2019_1556,EURO,2019,PCF,"Doubler les montants versés au titre du plan en faveur des jeunes agriculteurs, de sorte qu’ils représentent 4 % du plafond de crédits."
PCF_2019,PCF_2019_1557,EURO,2019,PCF,Assurer un régime d’assurance publique de protection sociale de haut niveau pour tou·te·s les travailleurs·euses de l’agriculture avec des objectifs d’harmonisation sociale.
PCF_2019,PCF_2019_1558,EURO,2019,PCF,"Créer une caisse mutualiste publique d’assurance couvrant l’ensemble des aléas climatiques, conjoncturels et sanitaires."
PCF_2019,PCF_2019_1559,EURO,2019,PCF,"Harmoniser les normes environnementales vers le haut, avec le refus du recours aux OGM, un abandon programmé des substances qui nuisent à la santé et à l’environnement et une stricte égalité des conditions d’interdiction des produits phytosanitaires."
PCF_2019,PCF_2019_1560,EURO,2019,PCF,AU PARLEMENT EUROPÉEN.
PCF_2019,PCF_2019_1561,EURO,2019,PCF,"Nous avons empêché la suppression du « verdissement de la PAC » qui fait en sorte qu’un tiers des aides soit lié au respect de pratiques agro-environnementales : diver23 sification des cultures, maintien des prairies permanentes, la préservation de 5 % de « surfaces d’intérêt écologique » (7 % à partir de 2018) c’est-à-dire les haies, murets, jachères, arbres isolés, bosquets … Nous nous opposons à la réforme de la PAC qui reste un marché ouvert et soumise à concurrence « libre et non faussée » : ce sera toujours la loi de la jungle et les petit·e·s et moyen·ne·s agriculteurs·trices seront toujours ruiné·e·s par le surendettement et devront toujours fermer leurs exploitations."
PCF_2019,PCF_2019_1562,EURO,2019,PCF,Nous avons fait rejeter par le Parlement la proposition de la Commission pour favoriser l’importation d’OGM qui visait à autoriser les états à choisir eux-mêmes s’ils autorisent les importations d’OGM.
PCF_2019,PCF_2019_1563,EURO,2019,PCF,Nous avons voté contre la validation des comptes de l’autorité européenne de sécurité des aliments qui autorise systématique les demandes d’autorisation d’OGM.
PCF_2019,PCF_2019_1564,EURO,2019,PCF,2 Une politique industrielle européenne pour l’emploi et le climat.
PCF_2019,PCF_2019_1565,EURO,2019,PCF,« Nous voulons donner aux salariés des droits de veto contre les plans de licenciement » Nacim Bardi.
PCF_2019,PCF_2019_1566,EURO,2019,PCF,"« Contre les délocalisations, nous proposons de taxer fortement les produits  réimportés » Franck Saillot."
PCF_2019,PCF_2019_1567,EURO,2019,PCF,Agir pour interdire les délocalisations.
PCF_2019,PCF_2019_1568,EURO,2019,PCF,"Harmoniser vers le haut : harmonisation fiscale de la taxation sur le capital vers le haut, harmoniser les rémunérations des travailleurs·euses vers le haut avec une politique volontariste de rattrapage pour les salarié·e·s des pays de l’Europe orientale et du Sud, en inventant pour tous les salarié·e·s européen·ne·s un système totalement innovant, une sécurité sociale professionnelle, combinée avec la formation permanente, tout au long de la vie des salarié·e·s."
PCF_2019,PCF_2019_1569,EURO,2019,PCF,"Mener une politique commerciale incluant le combat contre le dumping social et environnemental et permettant le renouveau de l’industrie et de l’agriculture, ainsi que des services publics."
PCF_2019,PCF_2019_1570,EURO,2019,PCF,Donner aux salarié·e·s des droits de veto contre les plans de licenciements et de contre-proposition dans les comités de groupe européens.
PCF_2019,PCF_2019_1571,EURO,2019,PCF,Les banques et la BCE ont une responsabilité à exercer contre les délocalisations.
PCF_2019,PCF_2019_1572,EURO,2019,PCF,Taxer lourdement les produits réimportés pour lutter contre les délocalisations.
PCF_2019,PCF_2019_1573,EURO,2019,PCF,"Renationaliser les infrastructures essentielles au développement industriel, et pratiquer une autre sélectivité du crédit bancaire que celle de la rentabilité maximale, avec des critères écologiques et sociaux précis, notamment en impliquant la BCE et les banques publiques, plutôt que de parier sur le capital privé."
PCF_2019,PCF_2019_1574,EURO,2019,PCF,Construire des coopérations industrielles européennes.
PCF_2019,PCF_2019_1575,EURO,2019,PCF,"1 Les trains à grande vitesse du futur et les transports plus légers ont besoin d’innovations (nouveaux matériaux, modes de propulsion...)."
PCF_2019,PCF_2019_1576,EURO,2019,PCF,"Cela nécessite de recourir à une recherche délivrée du critère de rentabilité financière maximale et du poids des lobbys, notamment pétroliers."
PCF_2019,PCF_2019_1577,EURO,2019,PCF,"Les services publics doivent pouvoir être co-concepteurs et donneurs d’ordres des entreprises industrielles, dans des partenariats longs."
PCF_2019,PCF_2019_1578,EURO,2019,PCF,Nous soutenons la production industrielle directe en Europe et avec des coopérations équitables entre les constructeurs européens.
PCF_2019,PCF_2019_1579,EURO,2019,PCF,Fonder un Groupement d’intérêt économique au niveau communautaire (GIE) afin d’offrir une plateforme européenne « Industrie 4.0 » qui remette en cause le quasi duo-monopole de General Electric et de Siemens.
PCF_2019,PCF_2019_1580,EURO,2019,PCF,"2 Création une agence européenne du numérique à l’image de l’ESA (Agence spatiale européenne) qui aurait trois missions pour assurer l’indépendance technologique de l’Europe pour : Reconstruire une filière européenne des composants électroniques (processeurs, mémoires…) orientée vers les développements de l’intelligence artificielle et de la robotique (GPU, processeurs neuromorphiques...)."
PCF_2019,PCF_2019_1581,EURO,2019,PCF,"Reconstruire une filière européenne des équipements de télécom et de réseau afin de relever le défi de la 5G et de la couverture de l’ensemble du territoire de l’Union européenne avec du très haut débit, c’est-à-dire supérieur à 100 Mbps."
PCF_2019,PCF_2019_1582,EURO,2019,PCF,Construire une filière européenne quantique du numérique.
PCF_2019,PCF_2019_1583,EURO,2019,PCF,"3 Création d’un Conseil Supérieur de la recherche et de la technologie, majoritairement élu, et indépendant de la Commission européenne comme du Conseil européen."
PCF_2019,PCF_2019_1584,EURO,2019,PCF,"Ce Conseil établirait régulièrement la prospective scientifique et technologique, rapporterait devant le Parlement européen, serait responsable du lancement de grands programmes mobilisateurs et coopératifs, et impulserait la coopération scientifique et technologique."
PCF_2019,PCF_2019_1585,EURO,2019,PCF,4 Création d’une agence européenne de l’énergie.
PCF_2019,PCF_2019_1586,EURO,2019,PCF,"L’Europe a besoin d’une politique commune de l’énergie, qui intègre la spécificité des situations des différents pays membres et encourage de grands services publics nationalisés et intégrés de l’énergie."
PCF_2019,PCF_2019_1587,EURO,2019,PCF,"Plutôt que la concurrence stérile de tous contre tous, jouons la coopération, la mutualisation et la complémentarité en créant des groupements d’intérêts économiques de l’énergie (GIE) à l’échelle de l’Union."
PCF_2019,PCF_2019_1588,EURO,2019,PCF,"La création d’une agence européenne de l’énergie permettrait d’associer sécurisation, indépendance et long terme avec des objectifs communs comme la réduction des gaz à effet de serre (GES), la recherche, le droit à l’énergie ou les réseaux."
PCF_2019,PCF_2019_1589,EURO,2019,PCF,"3 Pour une Europe du numérique humaine, indépendante, et libérée du monopole des GAFAM3."
PCF_2019,PCF_2019_1590,EURO,2019,PCF,"« Contre l’uberisation, la solution est une requalification en contrat de travail salarié de tous les travailleurs en situation de subordination vis à vis d’une plateforme numérique » Arthur Hay."
PCF_2019,PCF_2019_1591,EURO,2019,PCF,Lutte contre l’uberisation : requalification en contrat de travail salarié de tous les travailleurs ·euses étant en situation de subordination vis-à-vis d’une plateforme numérique.
PCF_2019,PCF_2019_1592,EURO,2019,PCF,"Mettre en place une législation communautaire proscrivant qu’un·e travailleur·euse soit en situation d’obéissance exclusive aux instructions d’une machine, ou dans l’impossibilité de discuter avec ses collègues sans passer par une interface machine."
PCF_2019,PCF_2019_1593,EURO,2019,PCF,Renforcer le règlement général sur la protection des données (RGPD) en mettant en oeuvre une protection sociale des données personnelles.
PCF_2019,PCF_2019_1594,EURO,2019,PCF,"Si les données sont générées ou produites dans le cadre d’activités numériques assimilables à du travail, alors ce sont des mécanismes de protection sociale enracinés dans le droit social qu’il faut appliquer pour les droits des personnes."
PCF_2019,PCF_2019_1595,EURO,2019,PCF,Les conditions générales d’utilisation des plateformes numérique doivent être traitées sur le modèle des conventions collectives.
PCF_2019,PCF_2019_1596,EURO,2019,PCF,Garantie de la pérennité de la neutralité de l’internet au niveau communautaire.
PCF_2019,PCF_2019_1597,EURO,2019,PCF,"Abrogation des directives liberticides mettant en cause la liberté d’expression et de la presse sur internet, arrêt de tous les projets à l’image d’Indect visant à installer en Europe une société de la surveillance de masse."
PCF_2019,PCF_2019_1598,EURO,2019,PCF,Taxer les data-centers à proportion de leur contribution au réchauffement climatique Lutter contre l’obsolescence programmée en favorisant dans les institutions de l’Union européenne et dans les programmes bénéficiant de fonds européens les matériels électroniques reconditionnés.
PCF_2019,PCF_2019_1599,EURO,2019,PCF,Faire de l’usage prioritaire des logiciels libres une des clauses sur l’obtention des fonds européens.
PCF_2019,PCF_2019_1600,EURO,2019,PCF,"Taxer les GAFAM (Google, Apple, Facebook, Amazon, Microsoft) et les NATU (Netflix, AirBnB, Tesla, Uber), toutes les grandes plateformes internet centralisées par une contribution sur leurs profits, au pro rata des flux et des clics générés dans chaque état membre."
PCF_2019,PCF_2019_1601,EURO,2019,PCF,"Créer un fonds et une agence européenne pour favoriser la naissance d’un internet décentralisé, basé sur une architecture « pair-à-pair », avec une gouvernance de Commun, afin créer un modèle européen alternatif aux GAFAM."
PCF_2019,PCF_2019_1602,EURO,2019,PCF,"Ce sera un pas vers un web ouvert, sûr et libéré de la censure, de l’exploitation abusive des données personnelles, des atteintes à la vie privée, des manipulations par les fake news, de la surveillance étatique de masse, en répartissant les données, leur traitement et leur hébergement auprès de millions d’ordinateurs en Europe, sans contrôle centralisé."
PCF_2019,PCF_2019_1603,EURO,2019,PCF,AU PARLEMENT EUROPÉEN.
PCF_2019,PCF_2019_1604,EURO,2019,PCF,Nous avons dénoncé l’abandon de la neutralité du net par la Commission européenne pour répondre aux exigences des fournisseurs d’accès.
PCF_2019,PCF_2019_1605,EURO,2019,PCF,"Nous avons fait voter un rapport du groupe GUE-NGL sur la protection des lanceurs d’alerte pour la création rapide d’un statut européen du lanceur d’alerte, la dépénalisation de la pratique par les états, l’instauration decadres favorisant le signalement d’abus au niveau européen."
PCF_2019,PCF_2019_1606,EURO,2019,PCF,7 L’EUROPE DE L’ÉGALITÉ DES DROITS ET DES LIBERTÉS.
PCF_2019,PCF_2019_1607,EURO,2019,PCF,« Nous lancerons un plan de lutte contre les violences et discriminations LGBTIphobes et instaurerons une année européenne de lutte contre les LGBTIphobies » Amandine Miguel.
PCF_2019,PCF_2019_1608,EURO,2019,PCF,"« Pour tirer les droits des femmes européennes vers le haut, instaurons la clause de  l’européenne la plus favorisée » Sophia Hocini."
PCF_2019,PCF_2019_1609,EURO,2019,PCF,1 Mise en oeuvre réelle de la clause de l’européenne la plus favorisée.
PCF_2019,PCF_2019_1610,EURO,2019,PCF,"En prenant le pouvoir sur la finance, nous proposons des mesures d’égalité en Europe."
PCF_2019,PCF_2019_1611,EURO,2019,PCF,"Un seul pays, l’Islande, c’est une première mondiale, a pris en 2018 des mesures concrètes pour l’application d’une stricte égalité salariale entre femmes et hommes."
PCF_2019,PCF_2019_1612,EURO,2019,PCF,"C’est donc possible, on peut faire de même en Europe."
PCF_2019,PCF_2019_1613,EURO,2019,PCF,C’est pourquoi nous voulons : 1 la mise en place d’un smic européen pour tou·te·s.
PCF_2019,PCF_2019_1614,EURO,2019,PCF,"2 La réalisation de l’égalité salariale « à travail de valeur égal, salaire égal »."
PCF_2019,PCF_2019_1615,EURO,2019,PCF,La mise en oeuvre de ce principe doit se doubler d’un contrôle et de sanctions en cas de non-respect.
PCF_2019,PCF_2019_1616,EURO,2019,PCF,L’égalité professionnelle et la revalorisation de tous les métiers et secteurs féminisés avec rattrapage pour que le salaire d’une femme égale celui d’un homme (les européennes gagnent en taux horaire 16 % de moins que les hommes).
PCF_2019,PCF_2019_1617,EURO,2019,PCF,La mise en place d’une réelle mixité dans les emplois et égalité dans les postes.
PCF_2019,PCF_2019_1618,EURO,2019,PCF,"L’abolition de la division sexuelle dans les filières scolaires et universitaires, par le soutien et le financement de formations des femmes aux filières scientifiques/techniques, aux filières d’activités de préservation et d’utilisation des biens communs dans un cadre écologique."
PCF_2019,PCF_2019_1619,EURO,2019,PCF,La mise en place d’un observatoire européen d’évaluation pour mesurer les impacts de transformation d’une réelle égalité salariale et de la mixité des emplois.
PCF_2019,PCF_2019_1620,EURO,2019,PCF,Les femmes européennes sont plus diplômées que les hommes (33 % diplômées dans le supérieur contre 29 % parmi les hommes) mais présentes seulement à 1/3 des postes d’encadrement).
PCF_2019,PCF_2019_1621,EURO,2019,PCF,"Le droit à un travail à temps complet : les européennes subissent plus que les hommes le travail à temps partiel, il faut donc développer de crèches publiques et la scolarisation publique dès 3 ans."
PCF_2019,PCF_2019_1622,EURO,2019,PCF,"La protection de la maternité par l’interdiction de licenciement des femmes enceintes, y compris jusqu’à leur retour de maternité (au moins un an après).  des campagnes sur la répartition des tâches domestiques pour la conciliation vie professionnelle Vie familiale impliquant les hommes (80 % des femmes contre 36 % sont impliquées aujourd’hui)."
PCF_2019,PCF_2019_1623,EURO,2019,PCF,"Le droit aux libertés syndicales, à des politiques continues de l’UE et des campagnes contre le sexisme, pour le respect de toutes les femmes..."
PCF_2019,PCF_2019_1624,EURO,2019,PCF,"3 Nous voulons l’Europe de la clause de l’européenne la plus favorisée en matière du droit à l’avortement, de la protection contre le viol, de lutte contre les violences, pour l’abolition du système prostitueur et la traite des êtres humains, pour l’interdiction de la maternité de substitution."
PCF_2019,PCF_2019_1625,EURO,2019,PCF,Garantie d’accès de toutes les femmes à des services d’avortement sûr et légal en Europe.
PCF_2019,PCF_2019_1626,EURO,2019,PCF,Harmonisation des délais légaux pour avorter sur ceux des pays les plus avancés en Europe.
PCF_2019,PCF_2019_1627,EURO,2019,PCF,"Un vaste plan de lutte contre les violences sexistes et sexuelles au travail en Europe doit voir le jour, et définir au niveau européen le viol comme un crime."
PCF_2019,PCF_2019_1628,EURO,2019,PCF,"Véritable politique publique européenne d’éradication de ces violences, pour l’abolition, de fait, de la prostitution, la pénalisation du client, la protection accordée aux personnes prostituées."
PCF_2019,PCF_2019_1629,EURO,2019,PCF,"Action de l’UE auprès de tous les gouvernements pour prendre toutes les mesures nécessaires juridiques et autres, pour d’empêcher la maternité de substitution au niveau européen et international ; qu’elle envisage des poursuites pénales à l’égard des cliniques et toutes les entreprises de l’industrie de location de ventres dans tous les pays du monde, et qu’elle interdise toute publicité pour cette industrie."
PCF_2019,PCF_2019_1630,EURO,2019,PCF,AU PARLEMENT EUROPÉEN.
PCF_2019,PCF_2019_1631,EURO,2019,PCF,Nous avons défendu et obtenu la ratification par le Parlement européen de la Convention d’Istanbul sur la prévention et la lutte contre la violence à l’égard des femmes.
PCF_2019,PCF_2019_1632,EURO,2019,PCF,Nous nous sommes battu·e·s pour le rallongement de la durée du congé maternité.
PCF_2019,PCF_2019_1633,EURO,2019,PCF,2 Égalité des droits pour les personnes LGBTI+ alignés sur le mieux disant Les discriminations envers les personnes LGBTI+ doivent cesser dans toute l’Europe.
PCF_2019,PCF_2019_1634,EURO,2019,PCF,Leurs droits doivent être alignées sur le mieux disant.
PCF_2019,PCF_2019_1635,EURO,2019,PCF,Reconnaissance des couples homosexuels dans toute l’Europe.
PCF_2019,PCF_2019_1636,EURO,2019,PCF,Ouverture partout du droit à l’adoption et abrogation des traités bilatéraux qui empêchent les couples homosexuels d’adopter.
PCF_2019,PCF_2019_1637,EURO,2019,PCF,Reconnaissance des droits et dépathologisation des personnes trans dans toute l’Europe.
PCF_2019,PCF_2019_1638,EURO,2019,PCF,Interdiction des mutilations sur les enfants intersexes.
PCF_2019,PCF_2019_1639,EURO,2019,PCF,Ouverture de la PMA à toutes les femmes et aux personnes trans dans tous les pays de l’Union européenne.
PCF_2019,PCF_2019_1640,EURO,2019,PCF,Plan de lutte contre contre les violences et les discriminations LGBTIphobes et instauration d’une année européenne de lutte contre les LGBTIphobies.
PCF_2019,PCF_2019_1641,EURO,2019,PCF,Droit d’asile pour les personnes LGBTI+.
PCF_2019,PCF_2019_1642,EURO,2019,PCF,3 Pour un accueil digne des migrants.
PCF_2019,PCF_2019_1643,EURO,2019,PCF,"« Pour que la Méditerranée ne soit plus un cimetière, Frontex doit être réorienté vers des missions de sauvetage en mer » Maryam Madjidi."
PCF_2019,PCF_2019_1644,EURO,2019,PCF,"Un principe : réorienter les politiques migratoires sur le droit international et remettre à l’ordre du jour la déclaration des droits de l’homme de 1948 qui, en son temps, a inspiré le Conseil de l’Europe."
PCF_2019,PCF_2019_1645,EURO,2019,PCF,"« Toute personne a le droit de circuler librement, de choisir sa résidence à l’intérieur d’un Etat, toute personne a le droit de quitter tout pays y compris le sien et de revenir dans son pays »."
PCF_2019,PCF_2019_1646,EURO,2019,PCF,"1 La seule façon de lutter contre les passeurs mafieux est la mise en place de voies légales sécurisées (libéralisation des visas, carte de résident, visas humanitaires...)."
PCF_2019,PCF_2019_1647,EURO,2019,PCF,2 Réorienter Frontex vers une mission de sauvetage en mer.
PCF_2019,PCF_2019_1648,EURO,2019,PCF,"3 Cesser de conditionner les aides européennes à l’interdiction de départ de migrants et assumer de consacrer au moins 0,7 % des richesses produites au développement des pays pauvres comme le préconise l’ONU."
PCF_2019,PCF_2019_1649,EURO,2019,PCF,"4 Modifier les règlements dits « de Dublin » et, en particulier, enlever l’idée de la seule responsabilité du pays de première entrée au sujet de la demande d’asile."
PCF_2019,PCF_2019_1650,EURO,2019,PCF,"5 Permettre des financements tripartites pour l’accueil des mineurs isolés entre les départements, l’Etat et l’Europe."
PCF_2019,PCF_2019_1651,EURO,2019,PCF,"Abolir le recours au test osseux pour déterminer l’âge des mineurs et retenir, en cas de doute, l’idée de présomption de minorité comme le préconise l’intérêt supérieur de l’enfant."
PCF_2019,PCF_2019_1652,EURO,2019,PCF,"6 Toute personne immigrée en Europe doit avoir accès à tous les soins de façon inconditionnelle, sans suspicion constante de fraude."
PCF_2019,PCF_2019_1653,EURO,2019,PCF,AU PARLEMENT EUROPÉEN.
PCF_2019,PCF_2019_1654,EURO,2019,PCF,Nous nous sommes opposé·e·s à la ratification des accords avec la Turquie et la Lybie qui vont à l’encontre des conventions internationales.
PCF_2019,PCF_2019_1655,EURO,2019,PCF,Nous avons fait adopter un rapport « Les Droits de l’Homme et la migration dans les pays tiers » par le Parlement européen .
PCF_2019,PCF_2019_1656,EURO,2019,PCF,Nous avons dénoncé en février 2019 le sabotage du vote sur l’instauration de visas humanitaires qui a été repoussé suite à une manipulation de la procédure de vote.
PCF_2019,PCF_2019_1657,EURO,2019,PCF,Nous avons refusé de valider les comptes de Frontex.
PCF_2019,PCF_2019_1658,EURO,2019,PCF,"8 UNE EUROPE DE LA PAIX, DE LA SÉCURITÉ COLLECTIVE ET DE LA COOPÉRATION."
PCF_2019,PCF_2019_1659,EURO,2019,PCF,« Nous défendons la simplification de l’accès aux fonds structurels européens et leur regroupement dans un fonds régional de développement » Julie Pontalba Michel Branchi.
PCF_2019,PCF_2019_1660,EURO,2019,PCF,"1 Mettre fin aux négociations et aux ratifications en cours des accords de libre-échange Pour une politique commerciale exigeant le strict respect des principes de réciprocité et d’égalité en matière sanitaire, environnementale et sociale des importations, doublée de vrais moyens de contrôle et d’interdiction des importations ne respectant pas les normes européennes."
PCF_2019,PCF_2019_1661,EURO,2019,PCF,"Ces accords sont un scandale démocratique, écologique, social et sanitaire."
PCF_2019,PCF_2019_1662,EURO,2019,PCF,Scandale démocratique car des tribunaux d’arbitrage privés pourront être saisis par des multinationales pour faire condamner des états.
PCF_2019,PCF_2019_1663,EURO,2019,PCF,"Scandale démocratique car le Conseil européen a décidé en novembre 2017 une application provisoire du CETA avec le Canada, avant même sa ratification par les Parlements."
PCF_2019,PCF_2019_1664,EURO,2019,PCF,"Scandale écologique, sanitaire et social car, avec la priorité donnée aux productions importées sur les productions européennes, l’UE atteint délibérément à l’ensemble de l’agriculture communautaire, aux principes fondateurs de la PAC en matière de souveraineté alimentaire et à toute ambition de transition agricole et alimentaire vers des systèmes durables, soucieux de la santé humaine, créateurs de richesse et d’emplois pérennes."
PCF_2019,PCF_2019_1665,EURO,2019,PCF,"Instaurer une taxe aux frontières de l’UE sur les importations de produits ne respectant pas les normes sociales, environnementales et l’accord de Paris sur le climat."
PCF_2019,PCF_2019_1666,EURO,2019,PCF,Développer les échanges industriels internationaux dans des logiques de développement des biens communs et de l’emploi plutôt que dans des logiques de concurrence.
PCF_2019,PCF_2019_1667,EURO,2019,PCF,"Imposer, dans les marchés publics, des clauses de production européenne, avec une composante de localisation nationale."
PCF_2019,PCF_2019_1668,EURO,2019,PCF,AU PARLEMENT EUROPÉEN.
PCF_2019,PCF_2019_1669,EURO,2019,PCF,"Nous avons exigé la révélation du contenu des négociations, nous nous sommes opposé ·e·s à la ratification des traités de libre échange par le Parlement européen."
PCF_2019,PCF_2019_1670,EURO,2019,PCF,Nous avons exigé que ces traités soient ratifiés par les parlements nationaux et ne rentrent pas en application avant leur ratification (comme c’est le cas pour le Ceta).
PCF_2019,PCF_2019_1671,EURO,2019,PCF,Nous avons voté contre la stratégie commerciale de la Commission européenne dite « commerce pour tous » promouvant le libre-échange total et les cours privées d’arbitrage sans appel.
PCF_2019,PCF_2019_1672,EURO,2019,PCF,"Le groupe de la GUE-NGL a fait adopter un rapport pour que les accords commerciaux s’accompagnent de normes sociales et environnementales, du respect des droits de humains et de la responsabilité des entreprises sur la base des conventions de l’OIT."
PCF_2019,PCF_2019_1673,EURO,2019,PCF,2 Pour la remise en cause des liens avec l’OTAN et la constitution d’un nouvel espace de sécurité collective en Europe Un principe : il faut rompre avec la subordination à l’OTAN qui entraîne les peuples d’Europe vers la guerre.
PCF_2019,PCF_2019_1674,EURO,2019,PCF,L’objectif d’Emmanuel Macron est de faire d’une Europe de la défense « en complémentarité de l’OTAN » l’un des principaux piliers de la relance politique de l’UE vers une Europe fédérale.
PCF_2019,PCF_2019_1675,EURO,2019,PCF,"En réalité, L’Europe de la défense n’est qu’une apparence, la seule réalité qui existe est celle l’OTAN avec sa stratégie belliciste de guerre préventive et sa soumission aux choix politiques et industriels des Etats-Unis."
PCF_2019,PCF_2019_1676,EURO,2019,PCF,"La suspension du traité INF sur les forces nucléaires intermédiaires et sa prochaine abrogation conduisent à une reprise de la course aux armements nucléaires sur le continent européen, alors que sa signature avait permis un important mouvement de désarmement nucléaire dans les années 1990 ."
PCF_2019,PCF_2019_1677,EURO,2019,PCF,L’Union européenne ne conçoit aujourd’hui sa politique de défense qu’intégrée et subordonnée à l’OTAN.
PCF_2019,PCF_2019_1678,EURO,2019,PCF,"La « Politique européenne de sécurité et de défense commune » (PSDC), comme les projets d’armée européenne ne sont que des mythes."
PCF_2019,PCF_2019_1679,EURO,2019,PCF,L’Union européenne n’a aucune capacité militaire opérationnelle autonome sérieuse.
PCF_2019,PCF_2019_1680,EURO,2019,PCF,Seul le Fonds européen de la défense a une timide réalité avec ses 13 milliards d’euros investis dans quelques niches technologiques liées à des programmes d’armement.
PCF_2019,PCF_2019_1681,EURO,2019,PCF,Les États membres doivent s’interdire tout recours à des sociétés de militaires privées.
PCF_2019,PCF_2019_1682,EURO,2019,PCF,Nous proposons : La sortie de la France de l’OTAN dans la perspective de la dissolution de cette alliance militaire.
PCF_2019,PCF_2019_1683,EURO,2019,PCF,L’interdiction des ventes d’armes vers les pays en guerre et les zones en tension.
PCF_2019,PCF_2019_1684,EURO,2019,PCF,Le démantèlement des bases anti-missiles des Etats-Unis en Roumanie et en Pologne.
PCF_2019,PCF_2019_1685,EURO,2019,PCF,Le retrait des armes nucléaires étasuniennes du sol européen (bombe B61).
PCF_2019,PCF_2019_1686,EURO,2019,PCF,D’enclencher un processus de négociation pour arriver à désarmement nucléaire multilatéral de l’Europe de l’Atlantique à l’Oural et du bassin méditerranéen.
PCF_2019,PCF_2019_1687,EURO,2019,PCF,La ratification par l’UE du traité d’interdiction des armes nucléaires de l’ONU.
PCF_2019,PCF_2019_1688,EURO,2019,PCF,L’interdiction sur le territoire de l’UE des robots tueurs autonomes.
PCF_2019,PCF_2019_1689,EURO,2019,PCF,La fin des sanctions avec la Russie qui ne font que légitimer les fauteurs de guerre en Europe et en Russie.
PCF_2019,PCF_2019_1690,EURO,2019,PCF,"La mise dans le débat public d’une conférence pan-européenne, Russie incluse, de désarmement et de sécurité collective, sur le modèle de la conférence d’Helsinki de 1975 afin d’avancer vers la formation d’un espace large, pan-européen de coopération, de paix et de sécurité collective."
PCF_2019,PCF_2019_1691,EURO,2019,PCF,"3 L’Europe de la coopération Pour les outre-mers : Les traités européens accordent, non sans bataille menée, aux départements-régions et collectivités d’outre-mer le statut de région « ultra-périphérique » en leur reconnaissant des « spécificités » qui ne sont qu’un constat géographique, sans prendre en compte vraiment la réalité économique et sociale marquée par un mal-développement de type néo-colonial."
PCF_2019,PCF_2019_1692,EURO,2019,PCF,Les pays d’outre-mer sont en réalité des hypermarchés de consommation pour la France et l’UE.
PCF_2019,PCF_2019_1693,EURO,2019,PCF,"Quand l’UE y vend 10 euros, elle y achète seulement 1,70 euro."
PCF_2019,PCF_2019_1694,EURO,2019,PCF,Les fonds européens représentent seulement 3 fois moins que le bénéfice commercial réalisé par l’UE avec ces pays et la complexité bureaucratique de leurs règles d’obtention décourage les TPE-PME des pays au bénéfice des grandes entreprises européennes et locales.
PCF_2019,PCF_2019_1695,EURO,2019,PCF,"Nous défendons : La simplification de l’accès aux fonds structurels européens, leur maintien a minima au niveau actuel et le regroupement de ces différents financements dans un fonds régional de développement."
PCF_2019,PCF_2019_1696,EURO,2019,PCF,"Leur répartition sera décidée démocratiquement dans le cadre d’un projet de développement économique et social, durable, solidaire et écologique écrit par les habitants et arrêté par chacune des collectivités."
PCF_2019,PCF_2019_1697,EURO,2019,PCF,"Un accord d’association spécifique avec l’UE dans le cadre d’un partenariat nouveau afin d’assurer, la souveraineté alimentaire, de substituer la production locale aux produits d’importation, de développer l’emploi, de préserver l’octroi de mer comme instrument de régulation économique et source de ressources pour les collectivités des pays dits d’outremer et de développer plus intensément des coopérations régionales."
PCF_2019,PCF_2019_1698,EURO,2019,PCF,Pour le Proche-Orient : « Nous agirons pour la reconnaissance des droits politiques et culturels du peuple kurde » Claire-Cemile Renkliçay.
PCF_2019,PCF_2019_1699,EURO,2019,PCF,L’Union européenne doit cesser de soutenir ou de capituler devant les régimes autoritaires et corrompus pour appuyer les forces démocratiques : Embargo sur les ventes d’armes à destination des pays en guerre et des zones en tension.
PCF_2019,PCF_2019_1700,EURO,2019,PCF,"Conférence internationale sous l’égide de l’ONU pour favoriser le règlement des conflits, le retour des réfugié·e·s et la reconstruction dans le respect de la diversité des peuples."
PCF_2019,PCF_2019_1701,EURO,2019,PCF,Suspension de l’accord d’association UE-Israël pour obliger Israël à se conformer au droit international.
PCF_2019,PCF_2019_1702,EURO,2019,PCF,"Reconnaissance de l’Etat palestinien dans le cadre des frontières de 1967, avec Jérusalem comme capitale."
PCF_2019,PCF_2019_1703,EURO,2019,PCF,Reconnaissance des droits politiques et culturels du peuple kurde dans le cadre d’une autonomie démocratique.
PCF_2019,PCF_2019_1704,EURO,2019,PCF,Pour le Maghreb : Soutien au processus de négociation sous l’égide des Nations Unies afin d’organiser un référendum d’autodétermination du Sahara occidental.
PCF_2019,PCF_2019_1705,EURO,2019,PCF,Pour l’Afrique : L’Union européenne doit honorer ses obligations en matière d’objectifs de développement.
PCF_2019,PCF_2019_1706,EURO,2019,PCF,"Pour cela elle doit mettre un terme à ses politiques incitatives à l’accaparement des terres et soutenir le droit à l’alimentation, abandonner ses objectifs de production des biocarburants dans la Directive sur l’énergie renouvelable, réformer sa politique d’investissement centrée sur les intérêts des investisseurs pour mener à la place une politique centrée sur les obligations, repenser sa politique commercial et élaborer une stratégie cohérente, progressive et ambitieuse du développement rural."
PCF_2019,PCF_2019_1707,EURO,2019,PCF,AU PARLEMENT EUROPÉEN.
PCF_2019,PCF_2019_1708,EURO,2019,PCF,Nous avons obtenu la reconnaissance de l’État palestinien.
PCF_2019,PCF_2019_1709,EURO,2019,PCF,Nous avons fait adopter un amendement demandant un embargo sur la vente d’armes à l’Arabie saoudite.
PCF_2019,PCF_2019_1710,EURO,2019,PCF,Nous avons fait adopter un rapport du groupe GUE-NGL demandant un contrôle plus strict des ventes d’armes des états membres à des régimes autoritaires et dans des zones de guerre et demandant de sanctionner les états membres de l’Union qui ne respecteraient pas les règles.
PCF_2019,PCF_2019_1711,EURO,2019,PCF,Nous avons obtenu l’accord de coopération avec Cuba et nous nous battons pour que le blocus soit condamné.
PCF_2019,PCF_2019_1712,EURO,2019,PCF,"Nous avons dénoncé l’accord commercial avec le Maroc reconnaissant son occupation du Sahara occidental, alors que la Cour européenne de justice avait, en 2016, jugé illégale l’application de certains accords au Sahara occidental sans le consentement de la population sahraouie et de ses représentants, le Front Polisario."
PCF_2019,PCF_2019_1713,EURO,2019,PCF,"Nous nous sommes opposé.e.s aux accords d’association avec la Moldavie et l’Ukraine, ainsi qu’aux accords de libre-échange avec la Moldavie, l’Ukraine et la Géorgie."
PCF_2019,PCF_2019_1714,EURO,2019,PCF,"Nous nous sommes opposé.e.s aux résolutions cessant de considérer la Russie comme « partenaire stratégique » qui ne font que légitimer la position des bellicistes, en Europe comme en Russie."
PS_2019,PS_2019_1715,EURO,2019,PS,Envie d'Europe écologique et sociale.
PS_2019,PS_2019_1716,EURO,2019,PS,PROGRAMME ÉLECTIONS EUROPÉENNES.
PS_2019,PS_2019_1717,EURO,2019,PS,Nos 10 combats écologiques et sociaux pour changer la vie des Européennes et des Européens.
PS_2019,PS_2019_1718,EURO,2019,PS,SOMMAIRE.
PS_2019,PS_2019_1719,EURO,2019,PS,Présentation par Raphaël Glucksmann.
PS_2019,PS_2019_1720,EURO,2019,PS,L’écologie et la justice sociale d’abord !
PS_2019,PS_2019_1721,EURO,2019,PS,Passer de l’Europe du dumping social à l’Europe du progrès social et humain.
PS_2019,PS_2019_1722,EURO,2019,PS,"La santé des femmes, des hommes et la protection des écosystèmes au coeur de nos préoccupations."
PS_2019,PS_2019_1723,EURO,2019,PS,"Pour l’Europe des citoyennes et des citoyens, contre l’Europe des lobbies."
PS_2019,PS_2019_1724,EURO,2019,PS,Garantir et étendre les droits fondamentaux des Européennes et des Européens.
PS_2019,PS_2019_1725,EURO,2019,PS,Pour une solidarité européenne dans l’accueil des migrants.
PS_2019,PS_2019_1726,EURO,2019,PS,Un nouvel horizon pour l’Europe : faire le pari de la jeunesse et assurer les conditions d’une véritable citoyenneté européenne.
PS_2019,PS_2019_1727,EURO,2019,PS,Construire une autre mondialisation : pour un protectionnisme social-écologique.
PS_2019,PS_2019_1728,EURO,2019,PS,"Pour lutter contre l’évasion fiscale, construire enfin une fiscalité européenne juste et une régulation financière efficace."
PS_2019,PS_2019_1729,EURO,2019,PS,"Pour une Europe puissance, humaniste et responsable."
PS_2019,PS_2019_1730,EURO,2019,PS,Présentation par Raphaël Glucksmann.
PS_2019,PS_2019_1731,EURO,2019,PS,L’ Europe est notre avenir.
PS_2019,PS_2019_1732,EURO,2019,PS,"Nous avons besoin de l’Union européenne pour maîtriser notre destin, pour lutter contre le dérèglement climatique et la disparition de la biodiversité, pour imposer des règles aux multinationales et au commerce mondial, pour peser face à l’Amérique de Trump, la Russie de Poutine et la Chine de Xi Jinping."
PS_2019,PS_2019_1733,EURO,2019,PS,"Or l’Union européenne, dénaturée par les intérêts privés et les forces de l’argent des lobbies et attaquée par les nationalistes, est aujourd’hui menacée d’implosion."
PS_2019,PS_2019_1734,EURO,2019,PS,"Pour la première fois depuis sa création, elle pourrait même disparaître."
PS_2019,PS_2019_1735,EURO,2019,PS,Il est temps de changer radicalement les politiques menées à Bruxelles.
PS_2019,PS_2019_1736,EURO,2019,PS,"Il est temps de transformer le premier marché mondial en puissance capable de protéger notre environnement et notre santé, nos droits, nos emplois et nos valeurs."
PS_2019,PS_2019_1737,EURO,2019,PS,"Il est temps de rompre avec les dogmes du libre-échange et de l’austérité, de lancer la grande transition écologique et de renouer avec l’exigence de la quête de justice sociale."
PS_2019,PS_2019_1738,EURO,2019,PS,"De remettre la démocratie, l’humanisme, la solidarité, l’égalité, l’éducation et la culture au coeur du projet européen."
PS_2019,PS_2019_1739,EURO,2019,PS,"Conscients de l’urgence, les combattantes et les combattants rassemblés sur la liste « Envie d’Europe » veulent faire émerger une alternative sociale et écologique face au libéralisme et au nationalisme, seule à même de rendre possible la transition vers une Europe plus juste."
PS_2019,PS_2019_1740,EURO,2019,PS,"Ensemble, nous construirons cette alternative de gauche."
PS_2019,PS_2019_1741,EURO,2019,PS,"Ensemble, nous construirons l’Europe des citoyennes et des citoyens."
PS_2019,PS_2019_1742,EURO,2019,PS,Raphaël Glucksmann.
PS_2019,PS_2019_1743,EURO,2019,PS,L’écologie et la justice sociale d’abord !
PS_2019,PS_2019_1744,EURO,2019,PS,"Face à l’accroissement des inégalités, à l’érosion de la biodiversité et aux conséquences du dérèglement climatique, les politiques européennes doivent combiner l’impératif écologique et l’exigence de justice sociale."
PS_2019,PS_2019_1745,EURO,2019,PS,"Nous souhaitons porter une ambition qui se traduise dans les faits, change le quotidien des citoyennes et des citoyens et nous engage dans le virage nécessaire pour appréhender efficacement ces changements irréversibles."
PS_2019,PS_2019_1746,EURO,2019,PS,"Il y a urgence, nous avons 10 ans pour agir et réussir."
PS_2019,PS_2019_1747,EURO,2019,PS,"Pour cela, nous réviserons profondément le pilotage économique de l’Union européenne et de la zone euro."
PS_2019,PS_2019_1748,EURO,2019,PS,"« Si L’Europe continue dans la voie du tout marché, si les gouvernants n’écoutent pas la colère populaire et retardent sans cesse la transition écologique, l’avenir prévisible c’est l’explosion du volcan  » !"
PS_2019,PS_2019_1749,EURO,2019,PS,Raphaël Glucksmann.
PS_2019,PS_2019_1750,EURO,2019,PS,"1 Ce pilotage se fera prioritairement selon de nouveaux critères relevant à la fois de la transition écologique, du bienêtre humain, de la lutte contre les inégalités et du sérieux économique."
PS_2019,PS_2019_1751,EURO,2019,PS,L’ensemble des politiques de l’Union sera réévalué en fonction de cette grille d’analyse sociale et écologique.
PS_2019,PS_2019_1752,EURO,2019,PS,2 Nous supprimerons les subventions néfastes à la santé et à l’environnement.
PS_2019,PS_2019_1753,EURO,2019,PS,"Nous négocierons une refonte de la politique de cohésion et de convergence qui priorisera notamment l’attribution des fonds européens en fonction des objectifs de justice sociale et de transition écologique, de respect des droits humains, de densification et végétalisation des villes et de recul de l’artificialisation des sols, plutôt qu’à de simples logiques de construction d’infrastructures."
PS_2019,PS_2019_1754,EURO,2019,PS,"3 Nous généraliserons les politiques les plus ambitieuses et efficaces conduites dans chaque pays : logement des personnes sans-abri en Finlande, scolarisation des enfants en situation de handicap en Italie, codécision dans les entreprises entre le patronat et les représentants des salariés en Allemagne, prévention de la dépendance des personnes âgées en Suède, etc."
PS_2019,PS_2019_1755,EURO,2019,PS,Chaque pays souhaitant reprendre ces politiques emblématiques sera accompagné grâce à un cofinancement par le budget européen des investissements nécessaires à leur amorçage.
PS_2019,PS_2019_1756,EURO,2019,PS,"Cette ambition, il faut la financer."
PS_2019,PS_2019_1757,EURO,2019,PS,C’est pourquoi nous mettrons en place un Pacte Finance-Climat- Biodiversité qui rendra possible les nouveaux investissements nécessaires à la transition écologique.
PS_2019,PS_2019_1758,EURO,2019,PS,"Au-delà, c’est la réorientation de l’ensemble des politiques européennes et de leurs ressources qu’il faut engager autour d’une urgence sociale et du principe d’exception écologique."
PS_2019,PS_2019_1759,EURO,2019,PS,"Désormais, l’argent public européen ne portera plus atteinte ni aux êtres humains ni à l’environnement."
PS_2019,PS_2019_1760,EURO,2019,PS,Le Pacte Finance-Climat- Biodiversité prévoiera.
PS_2019,PS_2019_1761,EURO,2019,PS,"4  La création d’un budget européen pour le climat et la biodiversité de 500 milliards d’euros sur les 5 prochaines années, financés notamment par un impôt européen sur les bénéfices des sociétés."
PS_2019,PS_2019_1762,EURO,2019,PS,5 La création d’une Banque européenne pour le cllmat et la biodiversité qui financera la transition écologique grâce à des prêts à taux privilégiés.
PS_2019,PS_2019_1763,EURO,2019,PS,"Ce sont ainsi au total 400 milliards d’euros de prêts et de subventions qui seront mobilisés en moyenne chaque année pour financer des investissements nécessaires à la transition écologique, dont 50 à 60 milliards par an pour la France."
PS_2019,PS_2019_1764,EURO,2019,PS,"Nous nous assurerons que ce Pacte serve en priorité à : 6 Investir massivement pour développer une recherche indépendante, permettant de progresser vers le stockage des énergies renouvelables, les nouvelles générations d’ordinateurs plus sobres en électricité, les véhicules et transports d’avenir, la formation aux nouveaux métiers, etc."
PS_2019,PS_2019_1765,EURO,2019,PS,Nous porterons une attention particulière à la recherche non orientée.
PS_2019,PS_2019_1766,EURO,2019,PS,7 Accompagner l’évolution des métiers de la transition écologique en finançant la formation.
PS_2019,PS_2019_1767,EURO,2019,PS,8 Financer un plan ambitieux de rénovation des logements et des bâtiments publics et privés pour réduire nos émissions de gaz à effet de serre et faire économiser jusqu’à 1 000 euros par an sur les dépenses de chauffage d’un ménage.
PS_2019,PS_2019_1768,EURO,2019,PS,Cette rénovation se fera prioritairement à l’aide de matériaux biosourcés.
PS_2019,PS_2019_1769,EURO,2019,PS,9  Accélérer le déploiement d’énergies renouvelables compatibles avec la protection de la biodiversité.
PS_2019,PS_2019_1770,EURO,2019,PS,Constituer dans ce domaine des équipementiers qui soient des leaders européens capables de localiser durablement en Europe les emplois induits par le développement des énergies renouvelables.
PS_2019,PS_2019_1771,EURO,2019,PS,Accompagner les pays de l’Union européenne vers une sortie complète du charbon.
PS_2019,PS_2019_1772,EURO,2019,PS,10  Développer les transports collectifs conformes à notre ambition écologique.
PS_2019,PS_2019_1773,EURO,2019,PS,Il faudra notamment permettre l’accès à un réseau ferroviaire plus abordable et mieux connecté sur tout le territoire.
PS_2019,PS_2019_1774,EURO,2019,PS,"11 Nous développerons l’agro-écologie et des solutions fondées sur la nature pour protéger la biodiversité, atténuer les changements climatiques et améliorer la qualité de vie."
PS_2019,PS_2019_1775,EURO,2019,PS,"Nous favoriserons en particulier le retour de la nature en ville, d’espaces verts dans les zones carencées, et la restauration écologique des rivières et des espaces bétonnés superflus."
PS_2019,PS_2019_1776,EURO,2019,PS,"Dans les régions ultramarines, nous veillerons particulièrement à la préservation des mangroves, notamment pour limiter l’effet des catastrophes climatiques."
PS_2019,PS_2019_1777,EURO,2019,PS,"12 Nous renforcerons le dispositif Natura 2000 pour créer de grands corridors européens de la biodiversité, mieux protéger les forêts et concilier les activités économiques locales avec la protection de la biodiversité."
PS_2019,PS_2019_1778,EURO,2019,PS,"Par ailleurs, la priorité donnée à l’écologie conduira aux choix suivants : 13 Nous sortirons les dépenses liées à la transition écologique du calcul des « 3 % » de déficit public."
PS_2019,PS_2019_1779,EURO,2019,PS,14 Nous proposerons de taxer le kérosène sur tous les vols intraeuropéens.
PS_2019,PS_2019_1780,EURO,2019,PS,"15 Nous réorienterons les financements privés et découragerons le financement des activités destructrices pour l’environnement, en créant une agence publique européenne de notation environnementale qui évaluera les risques liés à l’activité des entreprises."
PS_2019,PS_2019_1781,EURO,2019,PS,Cette mobilisation pour la transition écologique devra s’inscrire dans le cadre d’un budget européen ambitieux.
PS_2019,PS_2019_1782,EURO,2019,PS,"16 Le cadre financier pluriannuel 2021-2027 de l’Union devra être porté à au moins 1,3 % du RNB européen et permettre à la fois de réaliser les investissements nécessaires pour la transition et de préserver les moyens consacrés à la politique régionale et la politique agricole commune (PAC)."
PS_2019,PS_2019_1783,EURO,2019,PS,17 Nous créerons un budget de la zone euro qui jouera le rôle de stabilisateur macroéconomique.
PS_2019,PS_2019_1784,EURO,2019,PS,Il permettra de préserver les systèmes de protection sociale et les politiques publiques essentielles dans les pays les plus fortement touchés par les crises.
PS_2019,PS_2019_1785,EURO,2019,PS,18 Nous compléterons le volet des recettes du budget de l’Union par la mise en place de nouvelles ressources propres afin de sortir de la logique égoïste du « juste retour ».
PS_2019,PS_2019_1786,EURO,2019,PS,Passer de l’Europe du dumping social à l’Europe du progrès social et humain.
PS_2019,PS_2019_1787,EURO,2019,PS,"Le fonctionnement de l’Union incite aujourd’hui chaque État à concurrencer les autres par le dumping social, la compression des salaires et la réduction des droits sociaux."
PS_2019,PS_2019_1788,EURO,2019,PS,"Nous voulons une Europe du progrès social qui s’inspire des meilleures politiques dans chaque État membre, qui investit dans l’humain et protège les salariés."
PS_2019,PS_2019_1789,EURO,2019,PS,"Alors que nous devons changer radicalement nos modes de production d’ici 2030 pour faire face au défi écologique, l’Europe sociale est plus indispensable que jamais pour garantir que ces transformations bénéficient au plus grand nombre."
PS_2019,PS_2019_1790,EURO,2019,PS,"19  Nous nous attacherons à une mise en oeuvre effective du socle européen des droits sociaux, soit par voie de directives, soit par une coordination renforcée des politiques nationales vers la réalisation d’objectifs de progrès social."
PS_2019,PS_2019_1791,EURO,2019,PS,20  Nous initierons au niveau européen une concertation avec les partenaires sociaux afin d’instaurer un salaire minimum au sein de l’Union européenne permettant de lutter contre la pauvreté et favoriser la convergence sociale en Europe.
PS_2019,PS_2019_1792,EURO,2019,PS,"Dans ce cadre, nous défendrons l’objectif chiffré d’au moins 65 % du salaire médian dans chaque pays."
PS_2019,PS_2019_1793,EURO,2019,PS,21  Nous développerons un modèle européen d’entreprise qui promeut la codétermination en donnant autant de pouvoir aux représentants des salariés qu’aux actionnaires dans les conseils d’administration.
PS_2019,PS_2019_1794,EURO,2019,PS,22  Nous protégerons mieux les salariés face aux conséquences des crises économiques grâce à un « bouclier emploi ».
PS_2019,PS_2019_1795,EURO,2019,PS,"Ce dispositif soutiendra les systèmes nationaux d’assurancechômage en temps de crise et permettra de maintenir les salariés dans l’emploi par exemple en réduisant leur temps de travail, de former dans l’entreprise plutôt que de licencier quand l’activité baisse."
PS_2019,PS_2019_1796,EURO,2019,PS,"23  S’agissant du travail détaché, nous appliquerons une règle simple : à travail égal, salaire égal, cotisations sociales égales sur un même lieu de travail."
PS_2019,PS_2019_1797,EURO,2019,PS,Nous renforcerons à cet effet les corps nationaux d’inspection du travail.
PS_2019,PS_2019_1798,EURO,2019,PS,24  Nous mettrons en place une politique industrielle européenne cohérente avec les objectifs de lutte contre le changement climatique et respectueuse des droits sociaux et de la biodiversité.
PS_2019,PS_2019_1799,EURO,2019,PS,Elle passera par l’organisation de réseaux d’entreprises dans les filières stratégiques et le soutien à l’innovation et à la commercialisation de nouveaux produits et services.
PS_2019,PS_2019_1800,EURO,2019,PS,"Elle développera également l’investissement dans les compétences et les talents, en formant les jeunes, comme les chômeurs et les salariés."
PS_2019,PS_2019_1801,EURO,2019,PS,"25  Nous développerons l’économie circulaire, notamment à travers une politique européenne contre le gaspillage alimentaire."
PS_2019,PS_2019_1802,EURO,2019,PS,Nous veillerons à la reconnaissance des acteurs de l’économie sociale et solidaire dans le domaine du réemploi à l’échelle européenne.
PS_2019,PS_2019_1803,EURO,2019,PS,"26  Nous prendrons en compte les besoins spécifiques des territoires ruraux en élaborant un agenda rural européen, afin de mettre en place une stratégie concertée et globale pour ces territoires en matière de développement économique, social et environnemental."
PS_2019,PS_2019_1804,EURO,2019,PS,"27  Parce que les services publics sont un pilier du modèle européen et doivent être sauvegardés, nous créerons un mécanisme européen de protection des investissements nationaux dans l’éducation, la santé, la culture et la recherche, activé en période de crise pour les États les plus fragilisés."
PS_2019,PS_2019_1805,EURO,2019,PS,"29  Pour lutter contre la pauvreté, nous commencerons par mettre en oeuvre un programme, sur quinze ans, d’éradication de la pauvreté."
PS_2019,PS_2019_1806,EURO,2019,PS,"30  Nous proposerons également un minimum vieillesse européen, en complément des systèmes nationaux."
PS_2019,PS_2019_1807,EURO,2019,PS,31  Nous proposerons une directive européenne sur le travail dans l’économie des plateformes afin de réglementer et protéger les nouvelles formes de travail qui se développent dans le secteur de l’économie numérique.
PS_2019,PS_2019_1808,EURO,2019,PS,32  Nous demanderons l’application d’un taux de TVA à 0% sur les produits de première nécessité pour redonner du pouvoir d’achat.
PS_2019,PS_2019_1809,EURO,2019,PS,"La santé des femmes, des hommes et la protection des écosystèmes au coeur de nos préoccupations."
PS_2019,PS_2019_1810,EURO,2019,PS,"Les pratiques agricoles intensives, l’expansion des villes et la surexploitation des ressources naturelles constituent les principales causes de déclin de la faune et de la flore et jouent un rôle important dans le changement climatique."
PS_2019,PS_2019_1811,EURO,2019,PS,"Nous plébisciterons une transition rapide vers des modes de production et de prélèvement soutenables, une alimentation saine à empreinte écologique réduite et une occupation de l’espace qui laisse davantage sa place à la nature."
PS_2019,PS_2019_1812,EURO,2019,PS,Les enjeux liés à l’alimentation sont au coeur des préoccupations des Européennes et des Européens.
PS_2019,PS_2019_1813,EURO,2019,PS,C’est pourquoi nous passerons d’une politique agricole commune (PAC) à une politique agricole et alimentaire commune (PAAC).
PS_2019,PS_2019_1814,EURO,2019,PS,"L’Europe a trop longtemps subventionné l’hectare et la production, elle doit désormais subventionner en priorité l’emploi et le producteur."
PS_2019,PS_2019_1815,EURO,2019,PS,Elle assurera ainsi un revenu juste aux agriculteurs qui suivent les objectifs de la PAAC.
PS_2019,PS_2019_1816,EURO,2019,PS,"À l’échelle européenne, y compris dans les Outre-mer, ces objectifs nécessitent également d’utiliser les outils budgétaires et réglementaires pour accompagner la transition agroécologique indispensable à la santé des femmes, des hommes et à la protection des écosystèmes."
PS_2019,PS_2019_1817,EURO,2019,PS,Nous devons tendre collectivement vers un abandon des pesticides de synthèse à l’horizon 2030.
PS_2019,PS_2019_1818,EURO,2019,PS,"33  Nous demanderons la révision en profondeur de la politique agricole commune afin de répondre aux enjeux du climat, de l’environnement, de la santé humaine et de garantir un revenu juste aux agricultrices et agriculteurs."
PS_2019,PS_2019_1819,EURO,2019,PS,34  Nous défendrons une agriculture basée sur les services socio-environnementaux rendus.
PS_2019,PS_2019_1820,EURO,2019,PS,"Nous demanderons l’allocation de 70 % du budget de la PAAC aux pratiques agricoles qui visent à l’abandon des pesticides et des engrais de synthèse, afin de permettre la restauration des sols, une meilleure gestion des ressources en eau et l’entretien des paysages et de la biodiversité."
PS_2019,PS_2019_1821,EURO,2019,PS,"35  Nous faciliterons l’accès à la formation et l’aide à la transition vers le bio et favoriserons le renouvellement générationnel des agricultrices et des agriculteurs, fondamental pour l’avenir de notre indépendance alimentaire."
PS_2019,PS_2019_1822,EURO,2019,PS,36  Nous proposerons une TVA à taux réduit sur les produits de l’agriculture biologique afin de les rendre plus accessibles et de contribuer à leur développement.
PS_2019,PS_2019_1823,EURO,2019,PS,37  Nous travaillerons à la transition des industries agroalimentaires afin qu’elles contribuent à ce nouveau modèle agricole et alimentaire tout en préservant l’emploi dans les grands bassins de production.
PS_2019,PS_2019_1824,EURO,2019,PS,38  Nous demanderons à la Commission européenne de réexaminer sans délai l’approbation du glyphosate pour défendre son interdiction à l’échelle européenne et exigerons la révision de la législation européenne sur les produits phytosanitaires.
PS_2019,PS_2019_1825,EURO,2019,PS,"39  Face au déclin des pollinisateurs, nous nous battrons pour faire interdire immédiatement l’ensemble des néonicotinoïdes tueurs d’abeilles."
PS_2019,PS_2019_1826,EURO,2019,PS,40  Nous nous opposerons à la brevetabilité du vivant et proposerons d’étendre la législation européenne sur les OGM aux « OGM cachés » condamnés par la Cour de justice de l’Union européenne.
PS_2019,PS_2019_1827,EURO,2019,PS,Nous exigerons l’étiquetage obligatoire des denrées alimentaires contenant des organismes génétiquement modifiés ou produits à partir de tels organismes.
PS_2019,PS_2019_1828,EURO,2019,PS,41  Nous enrayerons la bétonisation de nos espaces naturels et agricoles.
PS_2019,PS_2019_1829,EURO,2019,PS,Nous proposerons un texte législatif sur l’artificialisation des sols pour protéger notre agriculture et la biodiversité.
PS_2019,PS_2019_1830,EURO,2019,PS,Une majorité des stocks halieutiques est surexploitée ou pleinement exploitée.
PS_2019,PS_2019_1831,EURO,2019,PS,"Les écosystèmes marins sont impactés de manière considérable, qu’il s’agisse des habitats ou des différentes espèces de la chaîne trophique."
PS_2019,PS_2019_1832,EURO,2019,PS,"En France hexagonale et ultramarine, et en Europe, alors que la production stagne, les emplois sont à la baisse."
PS_2019,PS_2019_1833,EURO,2019,PS,"Pour revenir à un effort de pêche global correspondant à la capacité biologique de production des océans et maximiser le nombre d’emploi face à une ressource limitée tout en répartissant de manière plus juste la richesse créée par la vente de ses produits, nous proposerons de transformer la politique commune de la pêche."
PS_2019,PS_2019_1834,EURO,2019,PS,"42  Nous nous battrons pour une pêche durable et pour que les politiques publiques européennes mettent fin à la surpêche, privilégient la pêche artisanale et favorisent la protection des océans et la restauration des écosystèmes marins."
PS_2019,PS_2019_1835,EURO,2019,PS,"Nous investirons dans l’accompagnement de cette transition dans les territoires littoraux, et soutiendrons le développement des filières qui respectent l’environnement marin."
PS_2019,PS_2019_1836,EURO,2019,PS,"43  Dans le cadre des négociations avec les Nations unies du traité mondial sur la haute mer, nous défendrons une position européenne visant à accroître la surface d’aires marines fortement ou intégralement protégées pour atteindre au moins 30 % des écosystèmes marins protégés dans le monde d’ici 2030 et soutiendrons la possibilité de créer des aires marines protégées dans les eaux internationales."
PS_2019,PS_2019_1837,EURO,2019,PS,"Les Européennes et les Européens sont fortement demandeurs d’une alimentation locale, saine et davantage respectueuse de l’environnement et de la condition animale."
PS_2019,PS_2019_1838,EURO,2019,PS,Il relève du devoir des parlementaires européens de porter ces demandes et de faciliter les modes de consommation visant à réduire l’empreinte écologique de chacun.
PS_2019,PS_2019_1839,EURO,2019,PS,"44  Nous exigerons un étiquetage obligatoire des produits alimentaires, des matériaux de construction et des biens de consommation qui renseigne sur l’empreinte climat et biodiversité (mode de production, origine, transport, etc.) et sur la présence de substances toxiques."
PS_2019,PS_2019_1840,EURO,2019,PS,45  Nous nous battrons pour une exception agriculturelle dans les accords commerciaux et favoriserons les exploitations familiales et l’agriculture de proximité.
PS_2019,PS_2019_1841,EURO,2019,PS,Nous soutiendrons la souveraineté alimentaire européenne et proposerons un plan stratégique européen d’indépendance en protéines végétales.
PS_2019,PS_2019_1842,EURO,2019,PS,"Nous soutiendrons le développement de politiques publiques européennes pour de meilleures normes du bien-être animal : 46  Nous harmoniserons par le haut les réglementations existantes, nous soutiendrons la mise en oeuvre d’une loi européenne pour préserver le bien-être des animaux au moment du transport et de l’abattage et nous encouragerons la fin de l’élevage industriel d’animaux en cage."
PS_2019,PS_2019_1843,EURO,2019,PS,"Nous définirons à l’échelle européenne une qualification juridique propre aux animaux domestiques et sauvages, en étendant la législation française au niveau européen."
PS_2019,PS_2019_1844,EURO,2019,PS,47  Nous nous assurerons de la mise en oeuvre effective par tous les États membres du plan d’action de l’Union européenne contre le commerce illégal d’espèces sauvages et oeuvrerons à l’échelle internationale pour lutter contre ce trafic.
PS_2019,PS_2019_1845,EURO,2019,PS,Les différentes sources de pollution occasionnent des coûts très élevés pour nos sociétés et ont des conséquences graves en termes de santé.
PS_2019,PS_2019_1846,EURO,2019,PS,Nous ferons primer la santé humaine et le principe de précaution sur les intérêts des industriels.
PS_2019,PS_2019_1847,EURO,2019,PS,"48  Nous durcirons les seuils d’émission de polluants atmosphériques règlementaires, en imposant un contrôle plus fort sur les niveaux réels d’émission des véhicules et des sanctions suffisamment dissuasives envers les constructeurs."
PS_2019,PS_2019_1848,EURO,2019,PS,"49  Dans le secteur automobile, pour lutter contre la pollution de l’air, nous mettrons en oeuvre la sortie progressive de la technologie du moteur diesel d’ici 2030 et du moteur à explosion d’ici 2040  Dans le cadre du Pacte Finance-Climat- Biodiversité, nous accompagnerons, notamment financièrement, les utilisateurs de véhicules diesel dans cette transition."
PS_2019,PS_2019_1849,EURO,2019,PS,"50  Nous interdirons l’exploration et l’exploitation d’énergies fossiles, ainsi que de minerais, dans les eaux territoriales européennes."
PS_2019,PS_2019_1850,EURO,2019,PS,"51  Nous interdirons les perturbateurs endocriniens avérés et suspendrons les perturbateurs endocriniens suspectés afin de lutter contre les problèmes de fertilité, de cancer et de puberté précoce."
PS_2019,PS_2019_1851,EURO,2019,PS,52  Nous interdirons les emballages plastiques et polystyrènes sur tout le territoire de l’Union européenne d’ici 2025  53  Nous renforcerons la transparence des méthodes ainsi que les moyens et les prérogatives des agences européennes d’évaluation des risques.
PS_2019,PS_2019_1852,EURO,2019,PS,54  Nous défendrons une reconnaissance internationale de l’écocide en tant que crime contre la nature et la biodiversité.
PS_2019,PS_2019_1853,EURO,2019,PS,"Trop loin des citoyennes et des citoyens, les institutions européennes sont souvent opaques, et de trop grands pouvoirs sont parfois octroyés à des technocrates non élus."
PS_2019,PS_2019_1854,EURO,2019,PS,Elles souffrent de la place laissée aux plus de 10 000 lobbies inscrits sur le registre de l’Union européenne qui dépensent des sommes considérables pour influencer les décideurs politiques.
PS_2019,PS_2019_1855,EURO,2019,PS,"Face à ces lobbies, il faut organiser une véritable riposte démocratique européenne."
PS_2019,PS_2019_1856,EURO,2019,PS,Il faut que le Parlement européen devienne le lieu de cette riposte et exiger que le pouvoir soit rendu au peuple européen et à son Parlement.
PS_2019,PS_2019_1857,EURO,2019,PS,Celui-ci devra se doter – et les autres institutions de l’Union européenne également – d’outils solides face au pouvoir de ces lobbies.
PS_2019,PS_2019_1858,EURO,2019,PS,"Le siège du Parlement européen à Strasbourg, capitale de l’Europe et symbole de la démocratie parlementaire renforcée que nous portons, n’est pas négociable."
PS_2019,PS_2019_1859,EURO,2019,PS,Le respect de la démocratie en Europe passera aussi par le fait de favoriser les liens entre les peuples et leurs institutions pour faire émerger une véritable citoyenneté européenne.
PS_2019,PS_2019_1860,EURO,2019,PS,55  Nous faciliterons et renforcerons l’initiative citoyenne européenne (ICE) pour donner plus de pouvoirs aux citoyennes et citoyens.
PS_2019,PS_2019_1861,EURO,2019,PS,"L’initiative pourra concerner aussi bien des actes juridiques existants que des négociations, et pourra aussi bien demander l’adoption que le retrait d’un acte juridique."
PS_2019,PS_2019_1862,EURO,2019,PS,Toute ICE devra donner lieu à un débat au sein du Parlement et au dépôt par la Commission d’une initiative législative inscrite à l’ordre du jour du Parlement et du Conseil.
PS_2019,PS_2019_1863,EURO,2019,PS,"56  Nous renforcerons les pouvoirs du Parlement face au Conseil et à la Commission, en lui donnant un réel pouvoir législatif et en élargissant le champ de la codécision avec le Conseil à des domaines comme le budget, la fiscalité et la protection sociale."
PS_2019,PS_2019_1864,EURO,2019,PS,57  Nous réviserons les règles encadrant la composition des groupes d’experts en excluant ceux qui ont un lien personnel ou fonctionnel avec l’industrie concernée.
PS_2019,PS_2019_1865,EURO,2019,PS,58  Nous créerons une Haute autorité européenne pour la transparence de la vie publique en charge de garantir l’enregistrement intégral de l’activité des lobbies et d’en sanctionner les dérives.
PS_2019,PS_2019_1866,EURO,2019,PS,59  Nous interdirons aux anciens commissaires européens et aux hauts fonctionnaires toute activité de lobbying auprès des institutions européennes pendant 5 ans après la fin de leurs fonctions.
PS_2019,PS_2019_1867,EURO,2019,PS,60  Nous lutterons pour une plus grande transparence des activités des élus et fonctionnaires européens.
PS_2019,PS_2019_1868,EURO,2019,PS,Nous renforcerons le code de conduite des députés européens et veillerons à sa mise en oeuvre effective.
PS_2019,PS_2019_1869,EURO,2019,PS,"Nous donnerons au Parlement le pouvoir de destituer un commissaire européen, notamment dans le cas de conflits d’intérêts ou de lien avéré avec des lobbies, et nous renforcerons les pouvoirs du médiateur."
PS_2019,PS_2019_1870,EURO,2019,PS,61  Nous renforcerons les moyens de lutte contre la corruption en étendant les pouvoirs du Parquet européen.
PS_2019,PS_2019_1871,EURO,2019,PS,62  Nous défendrons une meilleure association des villes et des régions dans l’élaboration et la mise en oeuvre de l’ensemble des politiques européennes.
PS_2019,PS_2019_1872,EURO,2019,PS,Cela concernera notamment les territoires d’Outre-mer.
PS_2019,PS_2019_1873,EURO,2019,PS,"Pour cela, nous renforcerons le Comité des régions pour mieux associer les élus locaux au fonctionnement de l’UE, et prendre en compte les préoccupations quotidiennes des Françaises et des Français."
PS_2019,PS_2019_1874,EURO,2019,PS,Garantir et étendre les droits fondamentaux des Européennes et des Européens.
PS_2019,PS_2019_1875,EURO,2019,PS,L’Europe est un espace démocratique fondé sur des valeurs et des droits qui doivent constamment être défendus.
PS_2019,PS_2019_1876,EURO,2019,PS,La montée des populismes et l’expansion d’une vision rétrograde de la société mettent en danger ces droits fondamentaux dans plusieurs pays d’Europe.
PS_2019,PS_2019_1877,EURO,2019,PS,"L’Union pour laquelle nous nous battons doit garantir ces droits pour toutes et tous, et étendre les législations les plus protectrices à l’ensemble des citoyennes et des citoyens européens."
PS_2019,PS_2019_1878,EURO,2019,PS,63  Nous engagerons un programme européen en direction des citoyens et des jeunes pour valoriser et faire partager ces droits et ces valeurs communes.
PS_2019,PS_2019_1879,EURO,2019,PS,64  Nous défendrons la systématisation des sanctions envers les États qui ne respectent pas l’État de droit et les libertés fondamentales.
PS_2019,PS_2019_1880,EURO,2019,PS,Il s’agira notamment de simplifier la saisine de la Cour de justice européenne en la matière et de créer un Défenseur des droits européen.
PS_2019,PS_2019_1881,EURO,2019,PS,65  Nous défendrons les droits des femmes par la mise en oeuvre d’une politique européenne globale contraignante et d’un agenda européen de l’égalité femmeshommes qui s’inspire de « la clause de l’Européenne la plus favorisée ».
PS_2019,PS_2019_1882,EURO,2019,PS,66  Nous exigerons la ratification de la Convention d’Istanbul pour lutter contre les violences faites aux femmes.
PS_2019,PS_2019_1883,EURO,2019,PS,67  Nous défendrons un droit européen à l’avortement à inscrire dans la Charte des droits fondamentaux de l’Union européenne.
PS_2019,PS_2019_1884,EURO,2019,PS,68  Nous créerons un poste de commissaire européen à l’égalité femmes-hommes.
PS_2019,PS_2019_1885,EURO,2019,PS,69  Nous ferons de l’Europe un leader dans la défense des droits des personnes LGBTI+.
PS_2019,PS_2019_1886,EURO,2019,PS,"Nous garantirons la libre circulation des couples et des familles en faisant en sorte que le mariage et l’union civile soient créateurs des mêmes droits dans tous les pays de l’Union européenne, quelle que soit la composition du couple."
PS_2019,PS_2019_1887,EURO,2019,PS,70  Nous lutterons contre toute forme de discrimination.
PS_2019,PS_2019_1888,EURO,2019,PS,"Nous demanderons des mesures efficaces pour lutter contre les discours de haine, le racisme, l’antisémitisme et l’extrémisme violent, en particulier sur les réseaux sociaux où ils se développent."
PS_2019,PS_2019_1889,EURO,2019,PS,Pour une solidarité européenne dans l’accueil des migrants.
PS_2019,PS_2019_1890,EURO,2019,PS,"Selon le HCR, plus de 17 000 personnes sont mortes en Méditerranée entre 2014 et 2018."
PS_2019,PS_2019_1891,EURO,2019,PS,"Les ONG ont pris le relais après l’arrêt de Mare Nostrum en novembre 2014, mais elles ont été traitées comme des délinquantes alors qu’elles sauvaient l’honneur de l’Europe."
PS_2019,PS_2019_1892,EURO,2019,PS,Nos mers sont transformées en cimetières.
PS_2019,PS_2019_1893,EURO,2019,PS,"Nous devons sauver les vies en danger, être en conformité avec la Charte des droits fondamentaux et réformer le régime d’asile européen commun."
PS_2019,PS_2019_1894,EURO,2019,PS,La solution à la question migratoire ne peut pas être le repli derrière nos frontières ; ce serait à la fois un déni de la réalité et un renoncement aux valeurs de l’Europe.
PS_2019,PS_2019_1895,EURO,2019,PS,"Une politique de l’accueil et une politique commune d’immigration et d’asile, fondées sur la solidarité européenne, sont nécessaires."
PS_2019,PS_2019_1896,EURO,2019,PS,"Toutes les questions sont liées : pour continuer à jouir de la liberté offerte par Schengen, nous devons être en capacité d’organiser l’accueil et l’arrivée des personnes dans un esprit de solidarité."
PS_2019,PS_2019_1897,EURO,2019,PS,"Il n’y pas de réponse simpliste à la question migratoire, il n’y a qu’une réponse courageuse fondée sur nos principes et valeurs communes."
PS_2019,PS_2019_1898,EURO,2019,PS,71.
PS_2019,PS_2019_1899,EURO,2019,PS,"Nous proposerons une version européenne et solidaire de l’opération de secours en mer Mare Nostrum, menée par l’Agence Frontex, pour que la Méditerranée cesse d’être un cimetière."
PS_2019,PS_2019_1900,EURO,2019,PS,L’Union européenne doit cesser d’appuyer des actions qui conduisent au renvoi des personnes secourues en Libye en violation des droits fondamentaux.
PS_2019,PS_2019_1901,EURO,2019,PS,72  Nous mettrons fin au règlement de Dublin qui renvoie les demandeurs d’asile vers les pays de première entrée qui se retrouvent seuls en Europe à assurer le premier accueil.
PS_2019,PS_2019_1902,EURO,2019,PS,Nous défendrons la solution alternative mise au point par le Parlement européen.
PS_2019,PS_2019_1903,EURO,2019,PS,Nous renforcerons le régime d’asile européen commun et créerons un office européen de l’asile indépendant.
PS_2019,PS_2019_1904,EURO,2019,PS,Nous ferons cesser les pratiques d’externalisation de l’asile.
PS_2019,PS_2019_1905,EURO,2019,PS,73  Nous mettrons en place des visas humanitaires et des voies légales de migration afin de lutter contre les passeurs et de garantir une arrivée sûre dans l’Union européenne.
PS_2019,PS_2019_1906,EURO,2019,PS,"74  Nous plaiderons pour la mise en oeuvre d’un « GIEC » sur les migrations afin d’anticiper les mouvements de population dans toutes leurs dimensions, leur complexité et sur le long terme, et afin d’adapter les politiques pour assurer des migrations sûres, légales et ordonnées."
PS_2019,PS_2019_1907,EURO,2019,PS,Tous les aspects des migrations seront pris en compte et notamment ceux liés aux changements climatiques.
PS_2019,PS_2019_1908,EURO,2019,PS,75  Nous continuerons à renforcer la gestion commune des frontières extérieures de l’Union afin d’en garantir la sécurité ainsi que le respect de la libre circulation : il faut sauver l’espace Schengen.
PS_2019,PS_2019_1909,EURO,2019,PS,76  Nous initierons un système incitatif d’allocation de fonds européens aux collectivités locales et aux collectifs associatifs qui accueillent les migrants.
PS_2019,PS_2019_1910,EURO,2019,PS,"Nous sécuriserons le droit des citoyens et des organisations de la société civile d’accueillir et de soutenir les migrants, sans qu’ils puissent être inculpés de « délit de solidarité »."
PS_2019,PS_2019_1911,EURO,2019,PS,Un nouvel horizon pour l’Europe : faire le pari de la jeunesse et assurer les conditions d’une véritable citoyenneté européenne.
PS_2019,PS_2019_1912,EURO,2019,PS,L’Europe est un immense réservoir de savoirs et de richesses culturelles que nous voulons célébrer et faire partager.
PS_2019,PS_2019_1913,EURO,2019,PS,"Pour aller plus loin que le célèbre programme Erasmus, nous souhaitons que les échanges liés à l’apprentissage et à l’enseignement soient facilités et multipliés, et que chaque jeune européen puisse effectuer une mission d’intérêt général où il le souhaite en Europe."
PS_2019,PS_2019_1914,EURO,2019,PS,"Ces dynamiques, fondées sur l’expérience concrète de l’Europe, participeront à l’apprentissage de la citoyenneté."
PS_2019,PS_2019_1915,EURO,2019,PS,"77  Nous créerons une garantie européenne pour l’enfance, visant à assurer à tout enfant vivant sur le sol de l’Union européenne un accès à un logement, un système de garde, une éducation, une alimentation et aux soins de santé."
PS_2019,PS_2019_1916,EURO,2019,PS,"78  Nous généraliserons la « garantie jeunes » à l’ensemble des jeunes européens - elle a déjà permis de proposer à de nombreux jeunes chômeurs non qualifiés un accompagnement personnel, une formation et une allocation."
PS_2019,PS_2019_1917,EURO,2019,PS,"79  Nous mettrons en place un « Erasmus pour tous » qui permettra à chaque jeune européen de 16 à 25 ans de bénéficier d’une bourse à la mobilité allant jusqu’à 5 000 euros pour mener un projet éducatif, professionnel ou associatif dans un autre pays européen que le sien."
PS_2019,PS_2019_1918,EURO,2019,PS,"Ce dispositif donnera la priorité aux jeunes engagés dans la formation professionnelle et dans l’apprentissage, ainsi qu’aux territoires les plus isolés et défavorisés en Europe."
PS_2019,PS_2019_1919,EURO,2019,PS,"80 Nous créerons un contrat d’apprentissage européen, valable dans les entreprises de tous les pays d’Europe, visant à renforcer les compétences des étudiants, chômeurs, apprentis et des réfugiés afin de mieux les intégrer dans le marché du travail européen."
PS_2019,PS_2019_1920,EURO,2019,PS,"81 Nous proposerons la création d’un service civique européen, consistant à faire vivre à tous les jeunes volontaires entre 16 et 25 ans, sans distinction, une expérience significative consacrée à relever ensemble les défis communs de nos sociétés."
PS_2019,PS_2019_1921,EURO,2019,PS,"Les jeunes pourront rester dans leur pays, ou partir dans un autre État membre, pour une durée de 4 à 12 mois."
PS_2019,PS_2019_1922,EURO,2019,PS,"Leur mission s’inscrira dans un domaine de service d’intérêt général : environnement, éducation, social, citoyenneté, culture, sport et santé."
PS_2019,PS_2019_1923,EURO,2019,PS,Le dispositif sera proposé aux pays de l’Union européenne ou fera l’objet d’une coopération renforcée le cas échéant.
PS_2019,PS_2019_1924,EURO,2019,PS,"82 Nous proposerons un « parcours éducatif universel » pour créer un sentiment d’appartenance, une citoyenneté active et une culture européennes, accessible au plus grand nombre."
PS_2019,PS_2019_1925,EURO,2019,PS,"Les enseignants pourront proposer, du primaire au lycée, des échanges pédagogiques et des projets intra-européens co-construits avec les jeunes et portés par eux."
PS_2019,PS_2019_1926,EURO,2019,PS,La plateforme de mise en relation entre les équipes pédagogiques des établissements scolaires des pays volontaires sera renforcée et son recours sera systématisé afin d’en faciliter la mise en oeuvre.
PS_2019,PS_2019_1927,EURO,2019,PS,83 Nous travaillerons à une meilleure harmonisation des diplômes pour faciliter la mobilité et l’installation des jeunes Européennes et Européens dans la vie active.
PS_2019,PS_2019_1928,EURO,2019,PS,Nous développerons un label d’universités handi-accueillantes.
PS_2019,PS_2019_1929,EURO,2019,PS,L’apprentissage de l’Europe procède également de la diversité culturelle et du multilinguisme.
PS_2019,PS_2019_1930,EURO,2019,PS,84 Nous demanderons la création d’un fonds européen Umberto-Eco pour financer plus largement la traduction/diffusion des oeuvres européennes hors des frontières de l’Union.
PS_2019,PS_2019_1931,EURO,2019,PS,85 Nous favoriserons la diversité linguistique et culturelle en mettant en lumière les langues et cultures qui ont forgé l’Europe et en encourageant le dialogue interculturel.
PS_2019,PS_2019_1932,EURO,2019,PS,"Dans ce cadre, nous défendrons la reconnaissance et la promotion des langues et cultures minoritaires, ce qui implique pour la France la ratification de la Charte européenne."
PS_2019,PS_2019_1933,EURO,2019,PS,86 Nous soutiendrons la vie associative et le bénévolat en Europe.
PS_2019,PS_2019_1934,EURO,2019,PS,Ce sont des facteurs importants de lien social qui doivent être encouragés.
PS_2019,PS_2019_1935,EURO,2019,PS,"Pour cela, nous faciliterons l’accès des associations au Fonds social européen, en proposant notamment une simplification administrative dans le dépôt des dossiers et dans les conditions des engagements financiers."
PS_2019,PS_2019_1936,EURO,2019,PS,"Nous élargirons au niveau européen la reconnaissance du secteur non lucratif, notamment concernant les mutuelles et les coopératives."
PS_2019,PS_2019_1937,EURO,2019,PS,Construire une autre mondialisation : pour un protectionnisme social-écologique.
PS_2019,PS_2019_1938,EURO,2019,PS,Le libre-échange n’est pas un objectif en soi.
PS_2019,PS_2019_1939,EURO,2019,PS,Il n’a de sens que s’il s’agit d’un juste échange.
PS_2019,PS_2019_1940,EURO,2019,PS,Il doit contribuer aux objectifs de justice sociale et répondre à l’urgence climatique.
PS_2019,PS_2019_1941,EURO,2019,PS,Nous mettrons la politique commerciale au service de l’écologie et de la lutte contre les inégalités.
PS_2019,PS_2019_1942,EURO,2019,PS,"Le respect des droits fondamentaux et des normes internationales relatives aux droits humains, à l’environnement et aux droits des travailleurs, doit primer sur les traités commerciaux."
PS_2019,PS_2019_1943,EURO,2019,PS,"Nous ferons de l’Europe l’outil pour construire à l’échelle mondiale de nouvelles règles communes qui mettent les droits humains, les droits sociaux et l’environnement au coeur des échanges et des coopérations internationales."
PS_2019,PS_2019_1944,EURO,2019,PS,"87 Nous suspendrons toutes les négociations et toutes les ratifications en cours des accords de commerce et d’investissement, y compris le CETA, tant que n’auront pas été démocratiquement définis les critères environnementaux, sociaux, fiscaux et de droits humains ambitieux qui remettent la politique commerciale au service du bien commun."
PS_2019,PS_2019_1945,EURO,2019,PS,"88 Nous instaurerons une taxe carbone aux frontières de l’Union pour soutenir nos entreprises contre la concurrence des pays qui ne respectent pas l’Accord de Paris, pour lutter contre la déforestation importée et pour financer les politiques de transition et d’aide au développement."
PS_2019,PS_2019_1946,EURO,2019,PS,89 Nous réviserons la politique de concurrence européenne et assouplirons les règles d’octroi des aides d’État pour faciliter l’émergence d’entreprises européennes d’excellence face aux géants internationaux.
PS_2019,PS_2019_1947,EURO,2019,PS,Nous renforcerons également le contrôle des investissements étrangers.
PS_2019,PS_2019_1948,EURO,2019,PS,"90 Nous instaurerons un « Buy European Act » pour orienter les marchés publics prioritairement vers de l’achat européen à faible empreinte écologique, afin de soutenir nos PME et nos industries s’engageant dans la transition sociale et écologique de leurs activités."
PS_2019,PS_2019_1949,EURO,2019,PS,"91 Nous soutiendrons le développement de l’économie liée au territoire et sa reconnaissance dans le droit commercial (circuits courts, signes de qualité, économie circulaire)."
PS_2019,PS_2019_1950,EURO,2019,PS,"Nous soutiendrons l’introduction d’une « clause locale » dans le droit européen de la concurrence pour favoriser l’économie territoriale, les circuits courts et la transition écologique."
PS_2019,PS_2019_1951,EURO,2019,PS,"92 Nous négocierons notamment un pacte de coopération et de codéveloppement avec les pays d’Afrique et de la Méditerranée avec qui nous aurons pu partager nos objectifs démocratiques, sociaux et environnementaux."
PS_2019,PS_2019_1952,EURO,2019,PS,"93 Nous soutiendrons l’action extérieure de l’UE en consacrant au moins 0,7 % du RNB à l’aide au développement, en priorité vers l’Afrique et les pays les plus vulnérables aux changements climatiques."
PS_2019,PS_2019_1953,EURO,2019,PS,"94 Nous ferons baisser le prix des médicaments, notamment nouvellement mis sur le marché, en les négociant dans l’intérêt des patients et de manière transparente à l’échelle européenne avec les entreprises pharmaceutiques."
PS_2019,PS_2019_1954,EURO,2019,PS,L’accès aux médicaments les plus efficaces contre des maladies tels que le cancer et l’hépatite C doit demeurer garanti pour tous les malades.
PS_2019,PS_2019_1955,EURO,2019,PS,"Pour lutter contre l’évasion fiscale, construire enfin une fiscalité européenne juste et une régulation financière efficace."
PS_2019,PS_2019_1956,EURO,2019,PS,"L’évasion, la fraude et l’optimisation fiscales minent depuis trop d’années le projet européen en son coeur."
PS_2019,PS_2019_1957,EURO,2019,PS,"Chaque année, ce sont 1 000 milliards d’euros qui échappent à l’impôt, soit l’équivalent de sept années du budget européen."
PS_2019,PS_2019_1958,EURO,2019,PS,"L’Union européenne, en ouvrant les marchés, doit aussi harmoniser les fiscalités."
PS_2019,PS_2019_1959,EURO,2019,PS,"La concurrence fiscale, comme toute politique non coopérative, entraîne des effets pervers : recettes fiscales trop faibles, injustice fiscale, etc."
PS_2019,PS_2019_1960,EURO,2019,PS,Nous créerons une obligation de « civisme fiscal » pour tous les États européens.
PS_2019,PS_2019_1961,EURO,2019,PS,95  Nous exigerons que les GAFAM et les grandes multinationales paient leur juste part d’impôt au même titre que les PME.
PS_2019,PS_2019_1962,EURO,2019,PS,96  Nous réclamerons la définition d’une assiette européenne de l’impôt sur les sociétés fondée sur le principe suivant : les multinationales paient leurs impôts là où elles réalisent leur chiffre d’affaire.
PS_2019,PS_2019_1963,EURO,2019,PS,97  Nous proposerons ensuite l’instauration d’un taux minimum effectif de 20 % d’impôt sur les sociétés pour mettre fin au dumping fiscal à l’intérieur de l’Union européenne.
PS_2019,PS_2019_1964,EURO,2019,PS,Cette nouvelle recette contribuera à financer le Pacte Finance-Climat-Biodiversité.
PS_2019,PS_2019_1965,EURO,2019,PS,98  Nous mettrons fin à la règle de l’unanimité en matière fiscale au Conseil pour empêcher quelques États minoritaires de bloquer l’harmonisation fiscale au niveau européen.
PS_2019,PS_2019_1966,EURO,2019,PS,99  Nous commanderons un reporting fiscal pays par pays pour plus de transparence et une évaluation annuelle des pertes liées à la fraude et l’optimisation fiscales.
PS_2019,PS_2019_1967,EURO,2019,PS,100  Nous appuierons la création d’un centre de coordination fiscale et d’un cadastre financier européen qui renforceront la coopération et la coordination des autorités nationales dans la lutte contre la fraude et l’évasion fiscales.
PS_2019,PS_2019_1968,EURO,2019,PS,"101  Pour lutter contre l’optimisation fiscale favorisée par certains États membres, nous ferons qualifier comme « aide d’État » illégale tout régime fiscal dérogatoire ayant pour but d’attirer la domiciliation fiscale de certaines multinationales souhaitant échapper à l’impôt."
PS_2019,PS_2019_1969,EURO,2019,PS,Tout État membre reconnu comme paradis fiscal pourra être financièrement sanctionné.
PS_2019,PS_2019_1970,EURO,2019,PS,"102  Nous ferons de la lutte pour la transparence financière une priorité en adoptant une liste crédible de paradis fiscaux, qui inclut également les pays européens qui se comportent comme tels."
PS_2019,PS_2019_1971,EURO,2019,PS,Nous nous assurerons de la bonne mise en oeuvre de la fin du secret bancaire pour les banques qui exercent sur le territoire européen.
PS_2019,PS_2019_1972,EURO,2019,PS,"103  Nous nous battrons pour la création d’un impôt européen sur les grandes fortunes, un ISF européen, afin de lutter contre les inégalités de patrimoine et de rapprocher la taxation du capital et du travail."
PS_2019,PS_2019_1973,EURO,2019,PS,"104  Nous proposerons de supprimer totalement l’usage des billets de 500 euros encore en circulation car cette coupure facilite manifestement la soustraction à l’impôt, les activités du crime organisé et le blanchiment, sans jamais être utilisée par les citoyennes et citoyens européens."
PS_2019,PS_2019_1974,EURO,2019,PS,"La spéculation sans régulation est source d’énormes bénéfices pour certaines entreprises, mais elle n’a pas le même impact sur la société que l’économie réelle."
PS_2019,PS_2019_1975,EURO,2019,PS,"Pour cela : 105  Nous mettrons en place une véritable taxe sur les transactions financières, à un taux plus élevé pour les investissements dans les énergies fossiles et pour des activités impliquées dans la déforestation."
PS_2019,PS_2019_1976,EURO,2019,PS,106  Nous procéderons au renforcement de la supervision européenne des marchés de capitaux et à la réglementation de la finance de l’ombre pour éviter l’éclatement d’une nouvelle crise.
PS_2019,PS_2019_1977,EURO,2019,PS,"107  Nous désarmerons la spéculation en imposant une vraie séparation des banques de dépôt et des banques d’affaires, et en interdisant le trading à haute fréquence."
PS_2019,PS_2019_1978,EURO,2019,PS,108  Nous établirons une garantie européenne des dépôts qui protégera l’épargne des citoyennes et des citoyens et desserrera le lien entre les banques et les emprunteurs souverains.
PS_2019,PS_2019_1979,EURO,2019,PS,"Pour protéger la vie privée des Européennes et Européens face aux pratiques de certaines multinationales ou de certains États : 109  Nous continuerons de protéger les données personnelles des Européennes et des Européens, notamment face aux multinationales américaines et aux services de renseignement extérieurs à l’Union européenne, notamment lorsqu’ils cherchent à influencer les habitudes de consommation ou à interférer dans les processus démocratiques, comme par exemple les prochaines élections en Europe."
PS_2019,PS_2019_1980,EURO,2019,PS,Nous serons vigilants quant à la mise en oeuvre du règlement général de protection des données dans les États membres et proposerons des mesures correctives en cas de nonrespect.
PS_2019,PS_2019_1981,EURO,2019,PS,110  Nous poserons la question du démantèlement des monopoles des GAFAM quand ils menacent la vie privée et la vie démocratique.
PS_2019,PS_2019_1982,EURO,2019,PS,"Ce débat existe aux États-Unis, il serait paradoxal que les Européens se l’interdisent."
PS_2019,PS_2019_1983,EURO,2019,PS,"Pour une Europe puissance, humaniste et responsable ."
PS_2019,PS_2019_1984,EURO,2019,PS,"L’action extérieure de l’Union européenne, et sa défense, ont connu des avancées majeures mais constituent encore des champs de progrès inachevés."
PS_2019,PS_2019_1985,EURO,2019,PS,L’émergence hésitante d’une diplomatie communautaire et d’une défense intégrée nous oblige à appuyer la montée en puissance de ces politiques européennes.
PS_2019,PS_2019_1986,EURO,2019,PS,L’Union européenne doit renforcer son autonomie et sa cohérence sur le plan international pour faire face aux menaces croissantes et multiformes.
PS_2019,PS_2019_1987,EURO,2019,PS,"L’Union peut se prévaloir de succès en matière d’action extérieure et de défense, tels que son statut de premier fournisseur mondial d’aide humanitaire et de coopération, ou son opération contre la piraterie au large de la Somalie."
PS_2019,PS_2019_1988,EURO,2019,PS,"Nous ambitionnons de renforcer son rôle sur la scène mondiale, notamment en matière de prévention et de résolution des conflits et de gestion des crises."
PS_2019,PS_2019_1989,EURO,2019,PS,L’Europe doit disposer des moyens nécessaires à l’affirmation d’une puissance humaniste et responsable.
PS_2019,PS_2019_1990,EURO,2019,PS,Nous nous inscrivons dans la perspective d’une défense européenne.
PS_2019,PS_2019_1991,EURO,2019,PS,111  Nous renforcerons l’autonomie stratégique de l’Union pour lui permettre de faire valoir ses principes et ses valeurs.
PS_2019,PS_2019_1992,EURO,2019,PS,"112  Nous encadrerons davantage les exportations d’armements en faisant appliquer étroitement la position commune des États membres (2008), et en plaidant pour une ratification universelle du Traité des Nations unies sur le commerce des armes (2013), afin que celles-ci soient conditionnées notamment au respect du droit international humanitaire et au respect des droits de l’homme par l’État acheteur."
PS_2019,PS_2019_1993,EURO,2019,PS,"113  Nous plaiderons pour une Union européenne mieux représentée au Conseil de sécurité des Nations unies, avec un soutien clair à l’obtention d’un siège de membre permanent pour l’Allemagne, en plus du siège de la France."
PS_2019,PS_2019_1994,EURO,2019,PS,"114  Nous plaiderons pour un meilleur partage de la charge financière en matière de défense et de projection sur des théâtres d’opérations extérieurs des armées des États membres afin de soulager ceux qui dépensent le plus pour protéger l’Union européenne, ses citoyennes et ses citoyens."
PS_2019,PS_2019_1995,EURO,2019,PS,"Nous encouragerons les missions communes en mutualisant les coûts, en soutenant et en renforçant le projet de « Facilité européenne pour la paix »."
PS_2019,PS_2019_1996,EURO,2019,PS,115  Nous garantirons le développement d’une pensée diplomatique et d’une doctrine stratégique communes en faisant adopter un livre blanc européen sur la défense et la sécurité.
PS_2019,PS_2019_1997,EURO,2019,PS,"116  Nous réformerons l’Agence européenne de défense en renforçant les axes de recherche chargés de relever les défis de la révolution numérique en matière de défense (déstabilisation politique, risque cyber, intelligence artificielle, « combat cloud », etc.)."
PS_2019,PS_2019_1998,EURO,2019,PS,117  Nous développerons les acquisitions communes d’armements afin de réduire la dépendance de nos industries aux exportations vers des pays qui ne respectent pas le droit international.
PS_2019,PS_2019_1999,EURO,2019,PS,"118  Nous renforcerons les moyens de l’Union européenne en matière de politique de voisinage et nous renforcerons le rôle du Service européen d’action extérieure pour créer une véritable diplomatie européenne qui oeuvre pour la paix dans le monde, contribue à la stabilisation des pays fragiles et à la résolution des conflits dans le voisinage direct de l’Europe."
PS_2019,PS_2019_2000,EURO,2019,PS,Ceci implique notamment le renforcement des forces européennes de maintien de la paix et des personnels formés en médiation et résolution des conflits.
PS_2019,PS_2019_2001,EURO,2019,PS,119  Nous oeuvrerons pour que l’Union européenne soit pionnière dans la révision du droit international en matière de conflits afin d’y encadrer les nouvelles formes de menaces à l’ère des cybermenaces et de l’intelligence artificielle.
PS_2019,PS_2019_2002,EURO,2019,PS,"Nous porterons une définition unique de l’espace numérique dans le concert international, notamment face aux États-Unis, à la Chine et à la Russie."
PS_2019,PS_2019_2003,EURO,2019,PS,"Respectueuse de la souveraineté des États et de la souveraineté européenne, elle sera garante de la paix dans ce secteur stratégique."
REN_2019,REN_2019_2004,EURO,2019,REN,ÉLECTIONS EUROPÉENNES DU 26 MAI 2019.
REN_2019,REN_2019_2005,EURO,2019,REN,EN MARCHE POUR L'EUROPE !
REN_2019,REN_2019_2006,EURO,2019,REN,Projet Renaissance.
REN_2019,REN_2019_2007,EURO,2019,REN,Sommaire.
REN_2019,REN_2019_2008,EURO,2019,REN,Faire de l'Europe une puissance verte.
REN_2019,REN_2019_2009,EURO,2019,REN,Bâtir l'Europe de la justice sociale et fiscale.
REN_2019,REN_2019_2010,EURO,2019,REN,Faire respecter l'Europe dans la mondialisation.
REN_2019,REN_2019_2011,EURO,2019,REN,Donner à l'Europe les moyens de se défendre.
REN_2019,REN_2019_2012,EURO,2019,REN,Faire respecter nos valeurs et nos frontières.
REN_2019,REN_2019_2013,EURO,2019,REN,Unir autour de l'identité européenne.
REN_2019,REN_2019_2014,EURO,2019,REN,Rendre l'Europe aux citoyens.
REN_2019,REN_2019_2015,EURO,2019,REN,Pour une politique féministe européenne.
REN_2019,REN_2019_2016,EURO,2019,REN,Réussir la Renaissance européenne.
REN_2019,REN_2019_2017,EURO,2019,REN,Les 30 premiers candidats de la liste Renaissance.
REN_2019,REN_2019_2018,EURO,2019,REN,Nos 9 propositions principales pour une Renaissance européenne.
REN_2019,REN_2019_2019,EURO,2019,REN,La tribune du président de la République.
REN_2019,REN_2019_2020,EURO,2019,REN,Edito.
REN_2019,REN_2019_2021,EURO,2019,REN,REPRENDRE LE CONTRÔLE DE NOTRE DESTIN.
REN_2019,REN_2019_2022,EURO,2019,REN,"Jamais depuis la Seconde Guerre mondiale, l’Europe n’a été aussi nécessaire."
REN_2019,REN_2019_2023,EURO,2019,REN,"Et pourtant, jamais elle n’a été autant en danger."
REN_2019,REN_2019_2024,EURO,2019,REN,Certains veulent la détruire.
REN_2019,REN_2019_2025,EURO,2019,REN,Ils prônent le repli nationaliste qui ne règle rien.
REN_2019,REN_2019_2026,EURO,2019,REN,D’autres se contentent du statu quo au mépris des espoirs des peuples.
REN_2019,REN_2019_2027,EURO,2019,REN,"Le 26 mai, les Européens peuvent faire un autre choix : celui de la Renaissance de l’Europe."
REN_2019,REN_2019_2028,EURO,2019,REN,C’est ce choix que nous vous proposons.
REN_2019,REN_2019_2029,EURO,2019,REN,Nous sommes fiers d’être Européens.
REN_2019,REN_2019_2030,EURO,2019,REN,Nous savons ce que nous devons à l’Europe.
REN_2019,REN_2019_2031,EURO,2019,REN,"Elle a garanti la paix après les conflits, la démocratie après les dictatures, la prospérité de plusieurs générations."
REN_2019,REN_2019_2032,EURO,2019,REN,Mais l’Europe d’hier peine dans le 21e siècle.
REN_2019,REN_2019_2033,EURO,2019,REN,Elle est entravée par la frilo sité des gestionnaires.
REN_2019,REN_2019_2034,EURO,2019,REN,"Elle est dépassée par les défis écologiques, économiques ou migratoires."
REN_2019,REN_2019_2035,EURO,2019,REN,Elle n’a pas été pensée pour répondre aux attentes des citoyens d’aujourd’hui.
REN_2019,REN_2019_2036,EURO,2019,REN,Elle n’est pourtant pas le problème.
REN_2019,REN_2019_2037,EURO,2019,REN,Elle peut même redevenir notre solution.
REN_2019,REN_2019_2038,EURO,2019,REN,"Pour cela, elle doit reprendre le contrôle de son destin."
REN_2019,REN_2019_2039,EURO,2019,REN,Pour donner à l’écologie la priorité et ne pas laisser aux générations à venir une planète en perdition; pour faire de l’Europe une puissance respectée qui défend ses intérêtset tire la mondialisation vers le haut; pour organiser la fin de l’évasion fiscale qui mine notre pacte social; pour relever le défi migratoire en protégeant nos valeurs et nos frontières ; pour préserver la paix et assurer notre souveraineté; pour rendre l’Europe aux citoyens et la construire avec les peuples.
REN_2019,REN_2019_2040,EURO,2019,REN,Les 79 propositions de notre projet sont nées de nos rencontres avec les Français.
REN_2019,REN_2019_2041,EURO,2019,REN,"Toutes sont ambitieuses, concrètes et réalisables sans qu’il nous faille promettre des financements impossibles ou des sorties de l’Europe absurdes."
REN_2019,REN_2019_2042,EURO,2019,REN,Nos candidats les porteront avec conviction et engagement.
REN_2019,REN_2019_2043,EURO,2019,REN,Ils porteront la voix des Français pour que la France pèse en Europe et améliore notre quotidien.
REN_2019,REN_2019_2044,EURO,2019,REN,"Avec cette élection, avec vous, nous pouvons reprendre le contrôle du destin de l’Europe le 26 mai."
REN_2019,REN_2019_2045,EURO,2019,REN,FAIRE DE L’EUROPE UNE PUISSANCE VERTE.
REN_2019,REN_2019_2046,EURO,2019,REN,L’urgence écologique est là.
REN_2019,REN_2019_2047,EURO,2019,REN,"L’année 2018 a été la plus chaude de notre histoire, avec une fonte record de la banquise, des incendies de la Grèce à la Suède et les trois quarts de nos départements frappés par la sécheresse."
REN_2019,REN_2019_2048,EURO,2019,REN,La Terre a déjà perdu plus de la moitié de ses animaux sauvages en 40 ans et ce sont maintenant près de 20 000 îles qui pourraient disparaître sous les eaux dans les années à venir.
REN_2019,REN_2019_2049,EURO,2019,REN,"L’activité humaine souille notre air, nos océans, nos cours d'eau et nos sols."
REN_2019,REN_2019_2050,EURO,2019,REN,"Toutes les 10 minutes, un Français meurt prématurément du fait de la pollution."
REN_2019,REN_2019_2051,EURO,2019,REN,Nous sommes la dernière génération à pouvoir agir.
REN_2019,REN_2019_2052,EURO,2019,REN,"Nous sommes aussi la première à avoir toutes les solutions en main pour réconcilier écologie et économie, environnement et agriculture."
REN_2019,REN_2019_2053,EURO,2019,REN,C’est pourquoi la transition vers ce nouveau modèle est notre priorité.
REN_2019,REN_2019_2054,EURO,2019,REN,LA PROPOSITION PRINCIPALE.
REN_2019,REN_2019_2055,EURO,2019,REN,Nous investirons massivement dans la transition écologique et solidaire.
REN_2019,REN_2019_2056,EURO,2019,REN,"Au moins 1 000 milliards d’euros sont nécessaires d’ici 2024 pour développer les énergies et les transports propres, rénover les logements et accompagner la reconversion des travailleurs des secteurs en transition."
REN_2019,REN_2019_2057,EURO,2019,REN,"De la Banque centrale à la Commission, toutes les institutions européennes doivent avoir le climat pour mandat."
REN_2019,REN_2019_2058,EURO,2019,REN,Nous créerons une Banque du climat et orienterons l’épargne des Européens vers la croissance verte.
REN_2019,REN_2019_2059,EURO,2019,REN,Nous consacrerons 40% des dépenses européennes à la transition écologique.
REN_2019,REN_2019_2060,EURO,2019,REN,Nous rendrons le budget européen 100% compatible avec l’Accord de Paris.
REN_2019,REN_2019_2061,EURO,2019,REN,"Nous compléterons le Pacte de Stabilité avec un Pacte de Soutenabilité pour ne laisser à nos enfants ni dette écologique, ni dette financière."
REN_2019,REN_2019_2062,EURO,2019,REN,NOUS VOULONS HABITER UN CONTINENT NEUTRE EN CARBONE.
REN_2019,REN_2019_2063,EURO,2019,REN,Taxer le carbone des produits importés en Europe et appliquer plus strictement le principe «pollueur-payeur» au sein de l’UE.
REN_2019,REN_2019_2064,EURO,2019,REN,Fermer toutes les centrales fonctionnant aux énergies fossiles et sortir de tous les hydrocarbures d’ici 2050.
REN_2019,REN_2019_2065,EURO,2019,REN,Garantir un air pur en taxant le transport aérien et en rendant accessibles les transports propres.
REN_2019,REN_2019_2066,EURO,2019,REN,"Nous développerons les batteries électriques, l’hydrogène, le biogaz et les bornes de recharge et arrêterons la vente de voitures essence et diesel d’ici 2040."
REN_2019,REN_2019_2067,EURO,2019,REN,NOUS PROTÉGERONS NOTRE SANTÉ ET CELLE DE NOS ENFANTS.
REN_2019,REN_2019_2068,EURO,2019,REN,Sortir du glyphosate d'ici 2021 et diviser par deux les pesticides d’ici 2025.
REN_2019,REN_2019_2069,EURO,2019,REN,Rendre l’évaluation des produits chimiques plus transparente et indépendante des lobbies.
REN_2019,REN_2019_2070,EURO,2019,REN,Créer une force de protection sanitaire contre les fraudes alimentaires.
REN_2019,REN_2019_2071,EURO,2019,REN,Des inspecteurs pourront procéder à des enquêtes partout en Europe et les résultats seront rendus publics.
REN_2019,REN_2019_2072,EURO,2019,REN,NOUS PORTERONS UN MODÈLE AGRICOLE ET DE CONSOMMATION RESPECTUEUX DE LA NATURE.
REN_2019,REN_2019_2073,EURO,2019,REN,Défendre le budget agricole pour assurer un revenu élevé à tous les agriculteurs.
REN_2019,REN_2019_2074,EURO,2019,REN,Ils doivent vivre dignement de leurs activités et pouvoir faire face aux crises.
REN_2019,REN_2019_2075,EURO,2019,REN,Les aides seront simplifiées et orientées en priorité vers les exploitations à taille humaine.
REN_2019,REN_2019_2076,EURO,2019,REN,Orienter les aides agricoles vers les modèles propres et respectueux du bien-être animal partout en Europe.
REN_2019,REN_2019_2077,EURO,2019,REN,"Les objectifs sont clairs: augmentation massive du verdissement, doublement des surfaces en bio, zéro bête nourrie aux OGM, zéro pesticide au-dessus des zones d’eau potable, fin du broyage des poussins."
REN_2019,REN_2019_2078,EURO,2019,REN,"Interdire le plastique non-recyclable d’ici 2025 et les microplastiques ajoutés aux cosmétiques, détergents, peintures d’ici 2020 et mettre fin à l’obsolescence programmée en étendant les garanties."
REN_2019,REN_2019_2079,EURO,2019,REN,"Mettre fin d’ici 2030 à l’importation de produits non durables contribuant à la déforestation, comme la France s'y est engagée."
REN_2019,REN_2019_2080,EURO,2019,REN,"Passer de 4 à 30% de zones marines européennes protégées par Natura 2000, en priorité dans les Outre-mer."
REN_2019,REN_2019_2081,EURO,2019,REN,"Un océan en bonne santé, c’est aussi un climat préservé."
REN_2019,REN_2019_2082,EURO,2019,REN,Faire de l’Europe le moteur d’un accord sur la protection de la biodiversité terrestre et marine en 2020.
REN_2019,REN_2019_2083,EURO,2019,REN,Il sera le pendant de l’Accord de Paris sur le climat.
REN_2019,REN_2019_2084,EURO,2019,REN,BÂTIR L’EUROPE DE LA JUSTICE SOCIALE ET FISCALE.
REN_2019,REN_2019_2085,EURO,2019,REN,L’Europe est le continent de l’économie sociale de marché.
REN_2019,REN_2019_2086,EURO,2019,REN,Les inégalités y sont plus faibles qu’ailleurs et la redistribution des richesses plus forte.
REN_2019,REN_2019_2087,EURO,2019,REN,"Mais, si nous avons bénéficié du marché commun et de la libre circulation, nous n’avons pas su combler les divergences fiscales et sociales entre les États."
REN_2019,REN_2019_2088,EURO,2019,REN,Les écarts de salaires et de fiscalité ne se réduisent pas et les grandes entreprises du numérique paient trois fois moins d’impôts que nos PME.
REN_2019,REN_2019_2089,EURO,2019,REN,L’évasion fiscale prive l’Europe de milliards d’euros chaque année alors que 100 millions d’Européens vivent dans la précarité.
REN_2019,REN_2019_2090,EURO,2019,REN,Ces inégalités et ces abus ne sont pas supportables.
REN_2019,REN_2019_2091,EURO,2019,REN,Ils sapent le bon fonctionnement économique de notre Union et minent notre pacte social.
REN_2019,REN_2019_2092,EURO,2019,REN,"Il est temps de donner aux entreprises et aux travailleurs les mêmes règles fiscales et sociales pour renouer avec l’ambition de Jacques Delors : « la concurrence qui stimule, la coopération qui renforce et la solidarité qui unit »."
REN_2019,REN_2019_2093,EURO,2019,REN,LA PROPOSITION PRINCIPALE.
REN_2019,REN_2019_2094,EURO,2019,REN,Nous taxerons les géants du numérique en Europe comme nous le faisons en France et mettrons fin à la règle de l’unanimité pour les décisions relatives à la fiscalité.
REN_2019,REN_2019_2095,EURO,2019,REN,"En moyenne, les géants du numérique paient 8,5% d’impôt contre 23% pour les TPE/PME européennes."
REN_2019,REN_2019_2096,EURO,2019,REN,"La France et l’Allemagne, avec plusieurs autres pays européens, ont tenté de mettre un terme à cette injustice mais certains États membres s’y sont opposés."
REN_2019,REN_2019_2097,EURO,2019,REN,"Faute d’accord européen, le gouvernement français est allé de l’avant en instaurant une taxe française sur les services numériques."
REN_2019,REN_2019_2098,EURO,2019,REN,Aucun risque pour les start-ups : seules les entreprises enregistrant plus de 750 millions d’euros de chiffre d’affaires dans le monde seront concernées.
REN_2019,REN_2019_2099,EURO,2019,REN,NOUS METTRONS TOUTES LES ENTREPRISES À ÉGALITÉ DEVANT L’IMPÔT.
REN_2019,REN_2019_2100,EURO,2019,REN,Mettre un terme à l’évasion fiscale en durcissant fortement les sanctions contre les paradis fiscaux.
REN_2019,REN_2019_2101,EURO,2019,REN,Nous obligerons aussi les multinationales à la transparence sur leurs activités : elles déclareront où elles gagnent de l’argent et où elles payent leurs impôts.
REN_2019,REN_2019_2102,EURO,2019,REN,Défendre l’instauration d’un niveau minimal d’impôt mondial.
REN_2019,REN_2019_2103,EURO,2019,REN,Les entreprises doivent être taxées là où elles réalisent leurs profits.
REN_2019,REN_2019_2104,EURO,2019,REN,Harmoniser l’impôt sur les sociétés pour mettre fin à la concurrence déloyale en Europe.
REN_2019,REN_2019_2105,EURO,2019,REN,Il est de 9% en Hongrie et de 31% en France.
REN_2019,REN_2019_2106,EURO,2019,REN,NOUS PROTÉGERONS LES TRAVAILLEURS ET LES PLUS VULNÉRABLES GRÂCE À UN BOUCLIER SOCIAL.
REN_2019,REN_2019_2107,EURO,2019,REN,Mettre en œuvre un salaire minimum adapté à chaque pays européen pour limiter la concurrence par les bas salaires et garantir un revenu de vie décent.
REN_2019,REN_2019_2108,EURO,2019,REN,L’accès aux fonds européens dépendra de la mise en place de ces salaires.
REN_2019,REN_2019_2109,EURO,2019,REN,Finaliser la lutte contre le dumping social avec un acte II de la réforme du travail détaché.
REN_2019,REN_2019_2110,EURO,2019,REN,"À travail égal, salaire égal et coût du travail égal: les cotisations sociales seront alignées sur le niveau le plus élevé."
REN_2019,REN_2019_2111,EURO,2019,REN,Il faudra aussi intensifier la lutte contre les fraudes grâce à la nouvelle Autorité européenne du travail.
REN_2019,REN_2019_2112,EURO,2019,REN,Préserver les aides européennes destinées aux plus précaires : banques alimentaires et initiatives pour les jeunes les plus éloignés de l’emploi.
REN_2019,REN_2019_2113,EURO,2019,REN,NOUS ACCOMPAGNERONS LES TRAVAILLEURS FACE AUX MUTATIONS.
REN_2019,REN_2019_2114,EURO,2019,REN,Instaurer une Garantie Zéro Chômage pour que personne ne renonce à une formation ou à des études pour des raisons financières.
REN_2019,REN_2019_2115,EURO,2019,REN,Chacun pourra être financé jusqu’à 15 000 euros s’il souhaite se former pour sortir du chômage ou continuer ses études.
REN_2019,REN_2019_2116,EURO,2019,REN,Le bénéficiaire ne sera tenu de rembourser le montant que si ses revenus à l’issue de la formation sont suffisamment élevés.
REN_2019,REN_2019_2117,EURO,2019,REN,Aider jusqu’à 20 000 euros chaque travailleur dont l’entreprise est touchée par les transformations numériques et écologiques pour qu’il puisse se reconvertir.
REN_2019,REN_2019_2118,EURO,2019,REN,"Créer de nouveaux droits et protections pour les 3 millions de travailleurs de plateforme, comme Uber ou Deliveroo (accidents du travail, assurance maladie, formation...)."
REN_2019,REN_2019_2119,EURO,2019,REN,FAIRE RESPECTER L’EUROPE DANS LA MONDIALISATION.
REN_2019,REN_2019_2120,EURO,2019,REN,"Alors qu’aucun pays européen ne fera partie des dix plus grandes économies mondiales d’ici 15 ans, notre Union est à la fois la 2 e puissance économique et la 1re puissance commerciale du monde."
REN_2019,REN_2019_2121,EURO,2019,REN,Tous les Français ont en commun une forte exigence en matière de protection de notre planète et de défense de notre modèle social.
REN_2019,REN_2019_2122,EURO,2019,REN,L’Europe porte des valeurs écologiques et sociales uniques dans le monde.
REN_2019,REN_2019_2123,EURO,2019,REN,"Pourtant, elle laisse trop souvent d’autres puissances dicter la conduite de la mondialisation au détriment de l’environnement et des hommes."
REN_2019,REN_2019_2124,EURO,2019,REN,"En Europe même, l’absence de vision commune a parfois conduit à des choix contraires à nos intérêts collectifs."
REN_2019,REN_2019_2125,EURO,2019,REN,"À nous protéger avec retard ou avec des règles obsolètes, nous sommes devenus les naïfs de la mondialisation."
REN_2019,REN_2019_2126,EURO,2019,REN,LA PROPOSITION PRINCIPALE.
REN_2019,REN_2019_2127,EURO,2019,REN,Nous ferons voter une Directive «Éthique des entreprises» qui interdira l’accès au marché européen à toute entreprise ne respectant pas les exigences sociales et environnementales fondamentales.
REN_2019,REN_2019_2128,EURO,2019,REN,L’Europe doit se donner les moyens d’agir quand les entreprises font passer leurs intérêts avant ceux de la planète ou avant le respect des droits élémentaires.
REN_2019,REN_2019_2129,EURO,2019,REN,"C’est aussi une question de juste concurrence entre nos entreprises européennes, souvent plus vertueuses, et le reste du monde."
REN_2019,REN_2019_2130,EURO,2019,REN,"Une multinationale pourra perdre son accès au marché européen si elle a eu recours au travail forcé, au travail des enfants, si elle s’est rendue coupable de déforestation illégale, de trafic d’espèces protégées ou de déchets, de pêche non durable, etc."
REN_2019,REN_2019_2131,EURO,2019,REN,NOUS PROTÉGERONS NOS ENTREPRISES ET NOS ARTISANS.
REN_2019,REN_2019_2132,EURO,2019,REN,"Renforcer le mécanisme européen de contrôle des investissements étrangers dans les secteurs et technologies stratégiques, par exemple pour garantir l’indépendance de notre 5G."
REN_2019,REN_2019_2133,EURO,2019,REN,Exiger la réciprocité en matière de marchés publics.
REN_2019,REN_2019_2134,EURO,2019,REN,"On ne peut pas garder 90% de nos marchés publics ouverts aux entreprises étrangères, contre 32% seulement aux États-Unis et près de zéro en Chine."
REN_2019,REN_2019_2135,EURO,2019,REN,Étendre les AOP aux produits issus de l’artisanat de nos régions.
REN_2019,REN_2019_2136,EURO,2019,REN,L’Europe protègera les « Santons de Provence » ou la « Porcelaine de Limoges » face aux contrefaçons.
REN_2019,REN_2019_2137,EURO,2019,REN,Permettre de transférer le capital d’une entreprise à une fondation pour la protéger des rachats et l’autoriser à investir dans des causes de bien commun.
REN_2019,REN_2019_2138,EURO,2019,REN,NOUS BÂTIRONS UNE POLITIQUE INDUSTRIELLE COMMUNE.
REN_2019,REN_2019_2139,EURO,2019,REN,Refonder la politique de concurrence pour ne plus reproduire l’erreur du rejet de la fusion Alstom-Siemens et permettre l’émergence de champions européens.
REN_2019,REN_2019_2140,EURO,2019,REN,Déployer un plan de soutien massif à l’industrie Made in Europe 2024.
REN_2019,REN_2019_2141,EURO,2019,REN,"Il ciblera et financera des champions de secteurs stratégiques (renouvelables, Intelligence artificielle, 5G, etc.) et des milliers de PME innovantes."
REN_2019,REN_2019_2142,EURO,2019,REN,NOUS DÉFENDRONS NOS INTÉRÊTS ET NOS VALEURS DANS LA MONDIALISATION.
REN_2019,REN_2019_2143,EURO,2019,REN,Refuser de signer des accords de libre-échange avec les pays ne respectant pas l’Accord de Paris sur le climat.
REN_2019,REN_2019_2144,EURO,2019,REN,Faire respecter les règles antidumping.
REN_2019,REN_2019_2145,EURO,2019,REN,Un procureur commercial européen veillera au respect des engagements pris par nos partenaires.
REN_2019,REN_2019_2146,EURO,2019,REN,"Créer un statut propre aux géants du numérique pour sanctionner rapidement toute atteinte à la concurrence, permettre l’ouverture des données et la transparence des algorithmes."
REN_2019,REN_2019_2147,EURO,2019,REN,"Construire un Pacte avec l’Afrique en développant les investissements et des programmes scolaires et universitaires, en particulier à destination des jeunes filles."
REN_2019,REN_2019_2148,EURO,2019,REN,NOUS RENFORCERONS LA SOLIDITÉ ET LE RÔLE INTERNATIONAL DE L’EURO.
REN_2019,REN_2019_2149,EURO,2019,REN,"Mettre en œuvre un budget de la zone euro à même de financer les investissements, de rapprocher les économies et d’amortir les crises."
REN_2019,REN_2019_2150,EURO,2019,REN,Faire de l’euro la monnaie internationale de référence pour sortir du tout-dollar et décider seuls avec qui nous commerçons.
REN_2019,REN_2019_2151,EURO,2019,REN,Achever l’Union bancaire pour protéger notre épargne en cas de crise.
REN_2019,REN_2019_2152,EURO,2019,REN,L’Europe doit maintenant faire entendre sa voix pour peser dans le monde.
REN_2019,REN_2019_2153,EURO,2019,REN,DONNER À L’EUROPE LES MOYENS DE SE DÉFENDRE.
REN_2019,REN_2019_2154,EURO,2019,REN,La paix n’est plus un acquis.
REN_2019,REN_2019_2155,EURO,2019,REN,"Depuis 10 ans, la Russie multiplie les interventions armées."
REN_2019,REN_2019_2156,EURO,2019,REN,De nouvelles puissances voient leurs dépenses militaires s’accroître considérablement.
REN_2019,REN_2019_2157,EURO,2019,REN,Le Moyen-Orient et le Sahel restent instables.
REN_2019,REN_2019_2158,EURO,2019,REN,Les États-Unis menacent pour la première fois de se désengager de la défense de l’Europe.
REN_2019,REN_2019_2159,EURO,2019,REN,"Il est temps de construire une capacité d’action européenne, en complément de l’OTAN."
REN_2019,REN_2019_2160,EURO,2019,REN,Les défis ne viennent pas uniquement de grandes puissances.
REN_2019,REN_2019_2161,EURO,2019,REN,"Le terrorisme, le crime organisé et la cybercriminalité ne peuvent être combattus sans davantage de coopération entre nos États."
REN_2019,REN_2019_2162,EURO,2019,REN,L’Europe doit devenir un maillon fort de notre sécurité.
REN_2019,REN_2019_2163,EURO,2019,REN,Notre priorité sera d'avancer vers l’armée européenne.
REN_2019,REN_2019_2164,EURO,2019,REN,Chaque pays doit conserver son armée et sa capacité à lancer des opérations militaires.
REN_2019,REN_2019_2165,EURO,2019,REN,Mais nous devons progresser vers une capacité d’intervention commune.
REN_2019,REN_2019_2166,EURO,2019,REN,"Cette nouvelle Europe de la défense sera définie dans un Traité de défense et de sécurité: augmentation des dépenses militaires, clause de défense mutuelle rendue opérationnelle, Conseil de sécurité européen associant le Royaume-Uni pour préparer nos décisions collectives."
REN_2019,REN_2019_2167,EURO,2019,REN,NOUS ADAPTERONS LES ARMÉES EUROPÉENNES AUX NOUVELLES MENACES.
REN_2019,REN_2019_2168,EURO,2019,REN,"Créer un cyber-bouclier européen, avec une cyber-police contre la criminalité sur Internet et un soutien mutuel entre États en cas d’attaque informatique."
REN_2019,REN_2019_2169,EURO,2019,REN,Développer une politique spatiale européenne souveraine avec une stratégie et des investissements communs.
REN_2019,REN_2019_2170,EURO,2019,REN,"Investir en commun dans les équipements du futur (drones, chars) et mettre en place une préférence européenne pour nos industries."
REN_2019,REN_2019_2171,EURO,2019,REN,NOUS DONNERONS DE NOUVEAUX MOYENS À LA JUSTICE ET À LA POLICE EUROPÉENNES.
REN_2019,REN_2019_2172,EURO,2019,REN,"Obliger les plateformes numériques et les réseaux sociaux à retirer tout contenu terroriste, pédopornographique, et de haine raciste et antisémite."
REN_2019,REN_2019_2173,EURO,2019,REN,"Créer une Agence européenne de protection des démocraties contre les attaques, les manipulations et la désinformation."
REN_2019,REN_2019_2174,EURO,2019,REN,"D’ici 2020, il faudra veiller au bon déroulement de 50 élections nationales ou locales en Europe."
REN_2019,REN_2019_2175,EURO,2019,REN,Faire d’Europol une véritable police criminelle européenne.
REN_2019,REN_2019_2176,EURO,2019,REN,Elle aura les pouvoirs d’initier et de suivre les enquêtes qui traversent plusieurs États membres.
REN_2019,REN_2019_2177,EURO,2019,REN,"Étendre les pouvoirs du Parquet européen pour coordonner les enquêtes concernant les crimes transfrontaliers (terrorisme, mafia, criminalité en col blanc, etc.)."
REN_2019,REN_2019_2178,EURO,2019,REN,NOUS INTENSIFIERONS LA LUTTE CONTRE LE TERRORISME AU NIVEAU EUROPÉEN.
REN_2019,REN_2019_2179,EURO,2019,REN,Créer un registre judiciaire antiterroriste commun pour partager les informations.
REN_2019,REN_2019_2180,EURO,2019,REN,Renforcer le contrôle des mouvements financiers pour assécher les financements des terroristes.
REN_2019,REN_2019_2181,EURO,2019,REN,FAIRE RESPECTER NOS VALEURS ET NOS FRONTIÈRES.
REN_2019,REN_2019_2182,EURO,2019,REN,Jamais autant de migrants n’étaient arrivés en Europe qu’en 2015.
REN_2019,REN_2019_2183,EURO,2019,REN,"Si le nombre d’arrivées a été divisé par 10 depuis, ce défi est toujours devant nous."
REN_2019,REN_2019_2184,EURO,2019,REN,Aucun pays ne peut prétendre le relever seul.
REN_2019,REN_2019_2185,EURO,2019,REN,"Parce que les pays européens continuent très largement à agir en ordre dispersé, la lutte contre l’immigration illégale manque d’efficacité et l’accueil des réfugiés manque d’humanité."
REN_2019,REN_2019_2186,EURO,2019,REN,La France est un pays de destination pour les demandeurs d’asile et les migrants.
REN_2019,REN_2019_2187,EURO,2019,REN,Nous avons tout intérêt à mener une action commune et à renforcer notre système d'entraide.
REN_2019,REN_2019_2188,EURO,2019,REN,"La protection des frontières extérieures est la condition du maintien des libertés européennes, en premier lieu dans l’espace Schengen."
REN_2019,REN_2019_2189,EURO,2019,REN,Notre priorité sera de construire une Politique européenne de l’asile et de sauvegarder Schengen.
REN_2019,REN_2019_2190,EURO,2019,REN,En créant un Office européen de l’asile pour harmoniser les critères de l’asile et coordonner les agences nationales.
REN_2019,REN_2019_2191,EURO,2019,REN,"En mettant en place des Centres d’examen des demandes d’asile dans les pays européens exposés, pour répondre dans des délais dignes et permettre les reconduites dans les pays d’origine."
REN_2019,REN_2019_2192,EURO,2019,REN,"En avançant vers la reconnaissance mutuelle des décisions, notamment grâce à une liste commune des pays d’origine sûrs."
REN_2019,REN_2019_2193,EURO,2019,REN,Chaque État devra participer à l’effort commun: c’est la condition du bon fonctionnement de l’espace Schengen.
REN_2019,REN_2019_2194,EURO,2019,REN,Un pays qui souhaite bénéficier de la libre-circulation pour ses habitants doit donc prendre toute sa part à cette Politique commune d'asile.
REN_2019,REN_2019_2195,EURO,2019,REN,NOUS PROTÉGERONS LES FRONTIÈRES ET LUTTERONS CONTRE LES PASSEURS.
REN_2019,REN_2019_2196,EURO,2019,REN,S’appuyer sur Europol pour démanteler les réseaux de passeurs.
REN_2019,REN_2019_2197,EURO,2019,REN,"Europol devra assécher les réseaux financiers, les priver de leurs moyens de propagande et apporter un soutien aux polices locales contre les filières."
REN_2019,REN_2019_2198,EURO,2019,REN,Atteindre l’effectif de 10 000 garde-frontières et garde-côtes au sein de Frontex et renforcer ses missions et ses moyens pour lui permettre d’intervenir partout où cela est nécessaire.
REN_2019,REN_2019_2199,EURO,2019,REN,NOUS CONTRÔLERONS LES FLUX MIGRATOIRES DE MANIÈRE PLUS EFFICACE.
REN_2019,REN_2019_2200,EURO,2019,REN,Instaurer un Conseil européen de sécurité intérieure pour piloter et coordonner les questions migratoires et la politique d’asile commune.
REN_2019,REN_2019_2201,EURO,2019,REN,"Augmenter les financements en faveur des retours volontaires, pour plus de microcrédits et de formations locales."
REN_2019,REN_2019_2202,EURO,2019,REN,Un retour volontaire coûte 2 à 4 fois moins qu’un retour contraint.
REN_2019,REN_2019_2203,EURO,2019,REN,"Rendre effectifs les retours contraints, en chargeant Frontex du rapatriement des migrants illégaux."
REN_2019,REN_2019_2204,EURO,2019,REN,NOUS ACCOMPAGNERONS L’INTÉGRATION.
REN_2019,REN_2019_2205,EURO,2019,REN,Soutenir les initiatives locales d’intégration.
REN_2019,REN_2019_2206,EURO,2019,REN,Les municipalités qui accueillent des réfugiés doivent pouvoir bénéficier de fonds européens supplémentaires.
REN_2019,REN_2019_2207,EURO,2019,REN,Réussir leur intégration participe en effet à la cohésion de nos sociétés.
REN_2019,REN_2019_2208,EURO,2019,REN,UNIR AUTOUR DE L’IDENTITÉ EUROPÉENNE.
REN_2019,REN_2019_2209,EURO,2019,REN,L’Europe s’est faite par la culture.
REN_2019,REN_2019_2210,EURO,2019,REN,Mais elle n’est pas qu’un héritage à préserver.
REN_2019,REN_2019_2211,EURO,2019,REN,"Soutenir nos artistes, consolider nos valeurs, renforcer notre appartenance à un espace commun passent en effet par une action résolue, en particulier auprès des jeunes."
REN_2019,REN_2019_2212,EURO,2019,REN,Cette génération compte en effet pour 30% de la population française.
REN_2019,REN_2019_2213,EURO,2019,REN,"Parce que l’éducation et la culture permettront aux jeunesses d’aujourd’hui de construire l’Europe de demain, les échanges et l’engagement civique doivent devenir des évidences en Europe."
REN_2019,REN_2019_2214,EURO,2019,REN,C’est aussi par l’éducation et la culture que l’Europe sera de nouveau écoutée dans le monde.
REN_2019,REN_2019_2215,EURO,2019,REN,"Notre priorité sera d'ouvrir Erasmus à tous, des collégiens aux apprentis."
REN_2019,REN_2019_2216,EURO,2019,REN,"Plus de 80 000 Français ont bénéficié du programme Erasmus en 2018, dont la moitié d’étudiants."
REN_2019,REN_2019_2217,EURO,2019,REN,Nous voulons multiplier leur nombre par 5 d’ici 2024.
REN_2019,REN_2019_2218,EURO,2019,REN,"Nous proposons de tripler le budget du programme Erasmus pour augmenter les bourses (étudiants, lycéens professionnels, apprentis, jeunes chômeurs, etc.), en particulier en faveur des plus modestes."
REN_2019,REN_2019_2219,EURO,2019,REN,Nous proposons également.
REN_2019,REN_2019_2220,EURO,2019,REN,D'inclure progressivement un échange Erasmus dans toutes les formations d’ici 10 ans; De faciliter la reconnaissance des connaissances et savoirs-faire acquis à l’étranger.
REN_2019,REN_2019_2221,EURO,2019,REN,De généraliser les jumelages numériques en primaire et les mobilités au collège.
REN_2019,REN_2019_2222,EURO,2019,REN,NOUS GARANTIRONS UNE EXPÉRIENCE EUROPÉENNE À TOUS LES JEUNES.
REN_2019,REN_2019_2223,EURO,2019,REN,Mettre en place un projet européen dans tous les établissements scolaires d’Europe avec la possibilité de se rendre dans une autre école européenne et avec un programme numérique commun.
REN_2019,REN_2019_2224,EURO,2019,REN,Créer une vingtaine d’Universités européennes d’ici 2024.
REN_2019,REN_2019_2225,EURO,2019,REN,"Chaque étudiant y bénéficiera de cursus, de diplômes communs et d’une mobilité libre."
REN_2019,REN_2019_2226,EURO,2019,REN,Créer une plateforme européenne de candidature aux universités.
REN_2019,REN_2019_2227,EURO,2019,REN,Chaque jeune pourra candidater aux établissements supérieurs des autres pays européens depuis une plateforme numérique commune.
REN_2019,REN_2019_2228,EURO,2019,REN,Élargir le service civique européen et pérenniser notre système de volontariat (ex: pompiers) pour tous les jeunes qui veulent s’engager.
REN_2019,REN_2019_2229,EURO,2019,REN,"Le nouveau Corps européen de solidarité doit avoir la capacité d’intégrer plus de jeunes et de les diriger vers les activités de bien commun (Green Corps, soutien aux personnes démunies, restauration du patrimoine, etc.)."
REN_2019,REN_2019_2230,EURO,2019,REN,NOUS FERONS RAYONNER LES CULTURES EUROPÉENNES.
REN_2019,REN_2019_2231,EURO,2019,REN,Bâtir des résidences culturelles européennes pour permettre aux jeunes artistes de travailler et d'échanger pendant un an grâce à l’Europe.
REN_2019,REN_2019_2232,EURO,2019,REN,"Aider les jeunes artistes européens par des bourses et par une série de prix pour la jeune création contemporaine, la photographie, les arts visuels, etc."
REN_2019,REN_2019_2233,EURO,2019,REN,Dessiner des Chemins de la culture à travers les régions d’Europe pour développer le tourisme culturel.
REN_2019,REN_2019_2234,EURO,2019,REN,"Centrés autour de diverses thématiques (Picasso, le Romantisme, etc.), ils seront parcourus d’évènements populaires en lien avec les collectivités locales."
REN_2019,REN_2019_2235,EURO,2019,REN,Renforcer la politique de protection du patrimoine en Europe et les programmes européens de reconstruction dans les zones de guerre.
REN_2019,REN_2019_2236,EURO,2019,REN,RENDRE L'EUROPE AUX CITOYENS.
REN_2019,REN_2019_2237,EURO,2019,REN,Les Français se sont éloignés de l’Europe parce que l’Europe s’est éloignée d’eux.
REN_2019,REN_2019_2238,EURO,2019,REN,Elle leur paraît trop inefficace et technocratique.
REN_2019,REN_2019_2239,EURO,2019,REN,Il faut maintenant tenir la promesse de la démocratie européenne.
REN_2019,REN_2019_2240,EURO,2019,REN,Notre engagement est simple: rendre l’Europe aux citoyens.
REN_2019,REN_2019_2241,EURO,2019,REN,Cette Europe doit passer par plus de transparence et d’action citoyenne.
REN_2019,REN_2019_2242,EURO,2019,REN,Elle doit passer par une lutte acharnée contre les lobbies.
REN_2019,REN_2019_2243,EURO,2019,REN,L’Europe que nous voulons est celle du plein respect de la démocratie dans tous ses États membres.
REN_2019,REN_2019_2244,EURO,2019,REN,"Les élections doivent y être justes, l’indépendance de la justice et la liberté de la presse garanties, les droits des minorités respectés et la corruption combattue."
REN_2019,REN_2019_2245,EURO,2019,REN,Nous ne laisserons pas des États membres bafouer les fondements de l’Union européenne.
REN_2019,REN_2019_2246,EURO,2019,REN,"L’Europe n’est pas qu’un marché, elle est aussi un projet et une communauté de valeurs."
REN_2019,REN_2019_2247,EURO,2019,REN,LA PROPOSITION PRINCIPALE.
REN_2019,REN_2019_2248,EURO,2019,REN,"Nous conditionnerons l’accès aux fonds européens au respect de l’État de droit et à la convergence sociale, mesurés chaque année."
REN_2019,REN_2019_2249,EURO,2019,REN,"L’argent des contribuables ne doit pas servir à financer les États qui politisent leur justice, restreignent les libertés, ou tirent les conditions sociales vers le bas."
REN_2019,REN_2019_2250,EURO,2019,REN,Les sanctions ne sont aujourd’hui pas efficaces.
REN_2019,REN_2019_2251,EURO,2019,REN,Il est nécessaire de renforcer le dispositif pour inciter les Etats européens à rester dans le cadre d’une démocratie respectueuse de chacun.
REN_2019,REN_2019_2252,EURO,2019,REN,NOUS RENDRONS L’EUROPE PLUS DÉMOCRATIQUE.
REN_2019,REN_2019_2253,EURO,2019,REN,Donner au Parlement européen le pouvoir d’initier les lois européennes.
REN_2019,REN_2019_2254,EURO,2019,REN,Permettre aux citoyens de participer à l’élaboration des lois.
REN_2019,REN_2019_2255,EURO,2019,REN,"Si 1 million de citoyens soutiennent une proposition, le Conseil et le Parlement devront s’en emparer."
REN_2019,REN_2019_2256,EURO,2019,REN,Limiter à trois dans le temps le nombre de mandats d’eurodéputé.
REN_2019,REN_2019_2257,EURO,2019,REN,NOUS RENDRONS L’EUROPE PLUS INCLUSIVE.
REN_2019,REN_2019_2258,EURO,2019,REN,"Adopter la directive contre toutes les discriminations, pour s’assurer notamment du respect des droits des personnes LGBTI partout en Europe."
REN_2019,REN_2019_2259,EURO,2019,REN,Faire de l’accès à l’emploi des personnes handicapées une priorité des programmes européens de formation et de lutte contre le chômage.
REN_2019,REN_2019_2260,EURO,2019,REN,NOUS RENDRONS L’EUROPE PLUS EFFICACE.
REN_2019,REN_2019_2261,EURO,2019,REN,Diminuer le nombre de commissaires européens.
REN_2019,REN_2019_2262,EURO,2019,REN,Augmenter les ressources propres de l’UE sans augmenter les contributions nationales: taxe carbone aux frontières et taxe sur les transactions financières.
REN_2019,REN_2019_2263,EURO,2019,REN,NOUS RENDRONS L’EUROPE PLUS TRANSPARENTE ET INDÉPENDANTE DES LOBBIES.
REN_2019,REN_2019_2264,EURO,2019,REN,"Créer un organe indépendant pour superviser les questions relatives à l’éthique au sein de toutes les institutions européennes (transparence, lobbies et conflits d’intérêts)."
REN_2019,REN_2019_2265,EURO,2019,REN,Rendre publiques les rencontres avec les lobbies au sein de toutes les institutions européennes.
REN_2019,REN_2019_2266,EURO,2019,REN,Interdire aux eurodéputés toute activité rémunérée incompatible avec l’intérêt général.
REN_2019,REN_2019_2267,EURO,2019,REN,"De même, les commissaires ne devraient pas exercer d'activités de lobbying dans les trois années suivant leur départ."
REN_2019,REN_2019_2268,EURO,2019,REN,Contrôler les frais des eurodéputés et baisser le plafond de la rémunération des fonctionnaires européens.
REN_2019,REN_2019_2269,EURO,2019,REN,Interdire le financement des partis politiques européens par des puissances étrangères et des entreprises.
REN_2019,REN_2019_2270,EURO,2019,REN,Nos députés s’engageront à respecter toutes ces propositions dès leur arrivée au Parlement européen.
REN_2019,REN_2019_2271,EURO,2019,REN,POUR UNE POLITIQUE FÉMINISTE EUROPÉENNE.  1 femme sur 3 a subi une forme de violence physique et/ou sexuelle en Europe.
REN_2019,REN_2019_2272,EURO,2019,REN,"En moyenne, les femmes gagnent encore 16% de moins que les hommes en Europe."
REN_2019,REN_2019_2273,EURO,2019,REN,On compte seulement 36% de députées européennes et un tiers de commissaires femmes.
REN_2019,REN_2019_2274,EURO,2019,REN,Nous mettrons en œuvre le «Pacte Simone Veil».
REN_2019,REN_2019_2275,EURO,2019,REN,Nous harmoniserons par le haut les droits des femmes en Europe: chaque pays signataire introduira dans sa législation les mesures les plus protectrices ayant fait leurs preuves dans les autres pays européens.
REN_2019,REN_2019_2276,EURO,2019,REN,"Ce Pacte inclura les droits sexuels et reproductifs (ex: contraception et IVG libres), la lutte contre les violences faites aux femmes (ex: ratification de la Convention du Conseil de l'Europe sur la prévention et la lutte contre la violence à l'égard des femmes et la violence domestique) ou l’égalité salariale (ex : transparence et pénalités sur les écarts de salaires comme en France et droit individuel à l’information comme en Allemagne)."
REN_2019,REN_2019_2277,EURO,2019,REN,Les États signataires s’engageront à évaluer régulièrement les progrès réalisés.
REN_2019,REN_2019_2278,EURO,2019,REN,"Nous établirons la parité entre les femmes et les hommes au sein de toutes les institutions et agences européennes, notamment en inscrivant son principe dans les traités."
REN_2019,REN_2019_2279,EURO,2019,REN,RÉUSSIR LA RENAISSANCE EUROPÉENNE.
REN_2019,REN_2019_2280,EURO,2019,REN,"Pour porter une voix crédible, il ne convient pas seulement de définir ce que nous souhaitons pour l’Europe: il faut dire comment nous le ferons."
REN_2019,REN_2019_2281,EURO,2019,REN,"Pour que l’Europe puisse agir sur les priorités que nous avons identifiées dans ce projet, les pays européens doivent tout poser sur la table, y compris les traités."
REN_2019,REN_2019_2282,EURO,2019,REN,C’est le sens de la Conférence pour l’Europe.
REN_2019,REN_2019_2283,EURO,2019,REN,"Nous organiserons une Conférence pour l’Europe qui réunira les dirigeants européens, des citoyens tirés au sort et des spécialistes de domaines clés."
REN_2019,REN_2019_2284,EURO,2019,REN,"Cette Conférence permettra de passer en revue les politiques de l’Union et son fonctionnement institutionnel, d’identifier les grandes priorités et les changements nécessaires."
REN_2019,REN_2019_2285,EURO,2019,REN,Elle déterminera les domaines pour lesquels l’action de l’Union est indispensable.
REN_2019,REN_2019_2286,EURO,2019,REN,"Elle permettra de réunir les pays fermement décidés à avancer conjointement et rapidement en matière sociale, fiscale, budgétaire ou stratégique."
REN_2019,REN_2019_2287,EURO,2019,REN,Elle sera le premier acte de la Renaissance de l’Europe.
REN_2019,REN_2019_2288,EURO,2019,REN,LES 30 PREMIERS CANDIDATS DE LA LISTE RENAISSANCE.
REN_2019,REN_2019_2289,EURO,2019,REN,Nathalie Loiseau Île-de-France Ancienne ministre des Affaires européennes.
REN_2019,REN_2019_2290,EURO,2019,REN,"Pascal Canfin Île-de-France Ancien ministre, ancien député européen, ancien directeur général d’une ONG."
REN_2019,REN_2019_2291,EURO,2019,REN,Marie-Pierre Vedrenne Bretagne Ancienne directrice de la Maison de l’Europe de Rennes.
REN_2019,REN_2019_2292,EURO,2019,REN,"Jérémy Decerle Bourgogne-Franche-Comté Exploitant agricole, ancien président d’un syndicat agricole."
REN_2019,REN_2019_2293,EURO,2019,REN,Catherine Chabaud Pays de la Loire Navigatrice.
REN_2019,REN_2019_2294,EURO,2019,REN,Stéphane Séjourné Nouvelle-Aquitaine Ancien conseiller d’Emmanuel Macron et directeur de campagne.
REN_2019,REN_2019_2295,EURO,2019,REN,"Fabienne Keller Grand Est Sénatrice, ancienne maire de Strasbourg (67)."
REN_2019,REN_2019_2296,EURO,2019,REN,"Bernard Guetta Île-de-France Journaliste, spécialiste des questions internationales."
REN_2019,REN_2019_2297,EURO,2019,REN,"Irène Tolleret Occitanie Vigneronne, maire de Fontanès (34)."
REN_2019,REN_2019_2298,EURO,2019,REN,Stéphane Bijoux La Réunion Ancien directeur des rédactions télévisées d’Outre-Mer.
REN_2019,REN_2019_2299,EURO,2019,REN,"Sylvie Brunet Provence-Alpes-Côte d'Azur Professeure associée, membre du CESE."
REN_2019,REN_2019_2300,EURO,2019,REN,Gilles Boyer Île-de-France Ancien conseiller du Premier ministre.
REN_2019,REN_2019_2301,EURO,2019,REN,Stéphanie Yon-Courtin Normandie Maire de Saint-Contest (14).
REN_2019,REN_2019_2302,EURO,2019,REN,"Pierre Karleskind Bretagne Océanographe, vice-président de la région Bretagne."
REN_2019,REN_2019_2303,EURO,2019,REN,Laurence Farreng Nouvelle-Aquitaine Directrice de la communication de la ville de Pau (64).
REN_2019,REN_2019_2304,EURO,2019,REN,Dominique Riquet Hauts-de-France Député européen.
REN_2019,REN_2019_2305,EURO,2019,REN,"Véronique Trillet-Lenoir Auvergne-Rhône-Alpes Cancérologue, conseillère régionale."
REN_2019,REN_2019_2306,EURO,2019,REN,Pascal Durand Île-de-France Député européen.
REN_2019,REN_2019_2307,EURO,2019,REN,Valérie Hayer Pays de la Loire Vice-Présidente du Conseil départemental de la Mayenne.
REN_2019,REN_2019_2308,EURO,2019,REN,"Christophe Grudler Bourgogne-Franche-Comté Éditeur, conseiller départemental."
REN_2019,REN_2019_2309,EURO,2019,REN,Chrysoula Zacharopoulou Île-de-France / Grèce Chirurgienne gynécologue.
REN_2019,REN_2019_2310,EURO,2019,REN,"Sandro Gozi Pays de la Loire / Italie Ancien ministre, chargé des Affaires européennes, du gouvernement italien."
REN_2019,REN_2019_2311,EURO,2019,REN,Ilana Cicurel Île-de-France Avocate.
REN_2019,REN_2019_2312,EURO,2019,REN,Max Orville Martinique Directeur d'école.
REN_2019,REN_2019_2313,EURO,2019,REN,"Catherine Amalric Auvergne-Rhône-Alpes Praticien hospitalier, Pharmacienne des hôpitaux."
REN_2019,REN_2019_2314,EURO,2019,REN,Guy Lavocat Auvergne-Rhône-Alpes Consultant en RSE.
REN_2019,REN_2019_2315,EURO,2019,REN,Charline Mathiaut Auvergne-Rhône-Alpes Gestionnaire locatif.
REN_2019,REN_2019_2316,EURO,2019,REN,Xavier Fournier Pays de la Loire Conseiller municipal de Nantes (44).
REN_2019,REN_2019_2317,EURO,2019,REN,Nawel Rafik-Elmrini Grand Est Maire-adjointe de Strasbourg (67).
REN_2019,REN_2019_2318,EURO,2019,REN,Mao Peninou Île-de-France Conseiller de Paris (75).
REN_2019,REN_2019_2319,EURO,2019,REN,Nos 9 propositions principales pour une Renaissance de l'Europe.
REN_2019,REN_2019_2320,EURO,2019,REN,Nous investirons au moins 1 000 milliards dans la transition écologique et créerons une Banque du Climat.
REN_2019,REN_2019_2321,EURO,2019,REN,Nous taxerons les géants du numérique en Europe comme nous le faisons en France.
REN_2019,REN_2019_2322,EURO,2019,REN,Nous voterons une Directive «Éthique des entreprises» pour faire respecter nos valeurs dans la mondialisation.
REN_2019,REN_2019_2323,EURO,2019,REN,Nous avancerons vers l’armée européenne.
REN_2019,REN_2019_2324,EURO,2019,REN,Nous construirons une Politique européenne de l’asile et sauvegarderons Schengen.
REN_2019,REN_2019_2325,EURO,2019,REN,"Nous ouvrirons Erasmus à tous, des collégiens aux apprentis."
REN_2019,REN_2019_2326,EURO,2019,REN,Nous conditionnerons l’accès aux fonds européens au respect de l’État de droit et à la convergence sociale.
REN_2019,REN_2019_2327,EURO,2019,REN,Nous mettrons en œuvre le «Pacte Simone Veil» pour tirer les droits des femmes vers le haut partout en Europe.
REN_2019,REN_2019_2328,EURO,2019,REN,Nous poserons les bases d’une nouvelle Union grâce à une Conférence pour l’Europe qui réunira dirigeants et citoyens tirés au sort.
REN_2019,REN_2019_2329,EURO,2019,REN,Vous ne pourrez pas voter le 26 mai?
REN_2019,REN_2019_2330,EURO,2019,REN,Rendez-vous sur en-marche/fr/procuration.
REN_2019,REN_2019_2331,EURO,2019,REN,LISTE RENAISSANCE MAJORITÉ PRÉSIDENTIELLE.
REN_2019,REN_2019_2332,EURO,2019,REN,VOUS POUVEZ RETROUVER TOUTES LES PROPOSITIONS DE NOTRE LISTE SUR UE-RENAISSANCE/FR.
REN_2019,REN_2019_2333,EURO,2019,REN,"LIBERTÉ, PROTECTION, PROGRÈS."
REN_2019,REN_2019_2334,EURO,2019,REN,NOUS DEVONS BÂTIR SUR CES PILIERS UNE RENAISSANCE EUROPÉENNE.
REN_2019,REN_2019_2335,EURO,2019,REN,"«Citoyens d’Europe, [...]"
REN_2019,REN_2019_2336,EURO,2019,REN,Nous devons tenir debout.
REN_2019,REN_2019_2337,EURO,2019,REN,Fiers et lucides.
REN_2019,REN_2019_2338,EURO,2019,REN,Dire d’abord ce qu’est l’Europe.
REN_2019,REN_2019_2339,EURO,2019,REN,"C’est un succès historique: la réconciliation d’un continent dévasté, dans un projet inédit de paix, de prospérité et de liberté."
REN_2019,REN_2019_2340,EURO,2019,REN,Ne l’oublions jamais.
REN_2019,REN_2019_2341,EURO,2019,REN,Et ce projet continue à nous protéger aujourd’hui: quel pays peut agir seul face aux stratégies agressives de grandes puissances?
REN_2019,REN_2019_2342,EURO,2019,REN,"Qui peut prétendre être souverain, seul, face aux géants du numérique?"
REN_2019,REN_2019_2343,EURO,2019,REN,"Comment résisterions-nous aux crises du capitalisme financier sans l’euro, qui est une force pour toute l’Union?"
REN_2019,REN_2019_2344,EURO,2019,REN,"L’Europe, ce sont aussi ces milliers de projets du quotidien qui ont changé le visage de nos territoires, ce lycée rénové, cette route construite, l’accès rapide à Internet qui arrive, enfin."
REN_2019,REN_2019_2345,EURO,2019,REN,"Ce combat est un engagement de chaque jour, car l’Europe comme la paix ne sont jamais acquises [...]."
REN_2019,REN_2019_2346,EURO,2019,REN,Mais il y a aussi le piège du statu quo et de la résignation.
REN_2019,REN_2019_2347,EURO,2019,REN,"Face aux grands chocs du monde, les citoyens nous disent bien souvent: «Où est l’Europe?"
REN_2019,REN_2019_2348,EURO,2019,REN,Que fait l’Europe?».
REN_2019,REN_2019_2349,EURO,2019,REN,Elle est devenue à leurs yeux un marché sans âme.
REN_2019,REN_2019_2350,EURO,2019,REN,"Or l’Europe n’est pas qu’un marché, elle est un projet [...]."
REN_2019,REN_2019_2351,EURO,2019,REN,"Les nationalistes se trompent quand ils prétendent défendre notre identité dans le retrait de l’Europe ; car c’est la civilisation européenne qui nous réunit, nous libère et nous protège."
REN_2019,REN_2019_2352,EURO,2019,REN,"Mais ceux qui ne voudraient rien changer se trompent aussi, car ils nient les peurs qui traversent nos peuples, les doutes qui minent nos démocraties."
REN_2019,REN_2019_2353,EURO,2019,REN,"Nous sommes à un moment décisif pour notre continent ; un moment où, collectivement, nous devons réinventer politiquement, culturellement, les formes de notre civilisation dans un monde qui se transforme."
REN_2019,REN_2019_2354,EURO,2019,REN,C’est le moment de la Renaissance européenne ».
REN_2019,REN_2019_2355,EURO,2019,REN,EXTRAIT DE LA TRIBUNE POUR UNE RENAISSANCE EUROPÉENNE DU 4 MARS 2019.
REN_2019,REN_2019_2356,EURO,2019,REN,Emmanuel Macron.
RN_2019,RN_2019_2357,EURO,2019,RN,PROJET - ÉLECTIONS EUROPÉENNES 2019 POUR UNE EUROPE DES NATIONS ET DES PEUPLES UNION EUROPÉENNE : LE DÉSASTREUX BILAN.
RN_2019,RN_2019_2358,EURO,2019,RN,"L’Union européenne s’est construite au gré des textes successifs, depuis le Traité de Rome en 1957, et des renforcements de ses prérogatives."
RN_2019,RN_2019_2359,EURO,2019,RN,"Initialement, elle fut présentée aux peuples comme une organisation respectueuse des souverainetés nationales et susceptible d’apporter aux nations européennes la puissance collective, la croissance, l’emploi, la sécurité et la paix."
RN_2019,RN_2019_2360,EURO,2019,RN,"Des promesses reniées, voire trahies."
RN_2019,RN_2019_2361,EURO,2019,RN,"Un fonctionnement opaque, anti-démocratique et punitif."
RN_2019,RN_2019_2362,EURO,2019,RN,"L’adoption du traité de Maastricht en 1992 puis du traité de Lisbonne en 2008 (en violation du rejet du traité constitutionnel par les Français lors du référendum de 2005) ont été deux étapes décisives vers le fédéralisme européen, accordant des pouvoirs considérables à l’institution la moins légitime démocratiquement : la Commission européenne."
RN_2019,RN_2019_2363,EURO,2019,RN,Un fonctionnement opaque.
RN_2019,RN_2019_2364,EURO,2019,RN,"En effet, la Commission européenne détient à la fois l’exclu- sivité de l’initiative législative, l’édiction de la règlementation (les fameuses directives) et le contrôle de leur transposition dans le droit national de chaque État membre."
RN_2019,RN_2019_2365,EURO,2019,RN,"Législatif, exécutif et judiciaire, la Commission détient,  pour partie, les trois formes de pouvoir dont la séparation est pourtant un principe fondamental de la démocratie."
RN_2019,RN_2019_2366,EURO,2019,RN,"Trop souvent, le Parlement européen se comporte en simple chambre d’enregistrement des décisions initiées par des commissaires européens non élus, sans légitimité et totalement inconnus des peuples."
RN_2019,RN_2019_2367,EURO,2019,RN,Un fonctionnement anti-démocratique.
RN_2019,RN_2019_2368,EURO,2019,RN,"Le processus de décision est vicié, les lobbyistes et groupes de pression (souvent au service des multinationales, d’intérêts catégoriels ou communautaires) ont une influence considérable et parviennent à imposer leurs orientations dans l’opacité la plus complète."
RN_2019,RN_2019_2369,EURO,2019,RN,"Les pouvoirs exorbitants dévolus à la Commission européenne ont permis par exemple à son Président, le Luxembourgeois Jean-Claude Juncker, d’aller signer pendant l’été 2018 un accord de libre- échange avec le Japon avant que le Parlement européen n’ait été ne serait-ce que consulté sur le sujet !"
RN_2019,RN_2019_2370,EURO,2019,RN,Un fonctionnement punitif Lorsque des pays exercent leur souveraineté nationale et refusent les orientations politiques de Bruxelles la Commission européenne met aussitôt en œuvre une batterie de mesures punitives.
RN_2019,RN_2019_2371,EURO,2019,RN,"Ainsi, la Hongrie et la Pologne, pour avoir courageusement refusé les quotas obligatoires de migrants relocalisés sur leur sol, ont subi la procédure dite « de l’article 7 » du Traité sur l’Union européenne, visant à les priver de leur droit de vote au Conseil européen !"
RN_2019,RN_2019_2372,EURO,2019,RN,COMMISSION EUROPÉENNE : LE MÉPRIS DU PEUPLE DANS SON ADN !
RN_2019,RN_2019_2373,EURO,2019,RN,"En janvier 2015, le Président de la Commission européenne, Jean- Claude Juncker, avait déclaré « Il ne peut y avoir de choix démocratique contre les traités européens »."
RN_2019,RN_2019_2374,EURO,2019,RN,"En mai 2018, Günther Oettinger, Commissaire européen allemand (PPE) avait affirmé « les marchés financiers vont apprendre aux Italiens comment voter » à la suite de la constitution d’une coalition gouvernementale Lega/M5S en Italie après les élections législatives."
RN_2019,RN_2019_2375,EURO,2019,RN,Ces propos montrent qu’ils savent qu’ils gouvernent contre le peuple mais sur- tout qu’ils sont prêts à utiliser tous les artifices juridiques ou les pressions pour empêcher les peuples de décider.
RN_2019,RN_2019_2376,EURO,2019,RN,"De même, après que le peuple britannique a fait le choix de quitter l’Union européenne, la Commission européenne a aussitôt dépêché Michel Barnier (LR) pour négocier avec Theresa May un accord de sortie qui n’en est pas un puisqu’il consiste à maintenir le Royaume-Uni dans tous les dispositifs actuels de l’UE jusqu’en 2022 avec prolongation possible au-delà."
RN_2019,RN_2019_2377,EURO,2019,RN,"Et ce en continuant à contribuer comme avant au budget de l’Union européenne mais en étant privé de représentation au Conseil, à la Commission et au Parlement !"
RN_2019,RN_2019_2378,EURO,2019,RN,"Ainsi, le choix démocratique des Britanniques en 2016 est ignoré et piétiné par les institutions européennes."
RN_2019,RN_2019_2379,EURO,2019,RN,"Des orientations politiques désastreuses : S’appuyant sur de grands dogmes inscrits dans les traités tels que la « concurrence libre et non faussée » ou la « libre circulation des capitaux, des biens et des per- sonnes », la Commission européenne s’est engagée dans une inflation irresponsable de règles, de contraintes et de normes qui sont autant de coûts pour les entreprises et contribuent ainsi à fragiliser notre économie en la rendant moins compétitive."
RN_2019,RN_2019_2380,EURO,2019,RN,"BUDGET DE L’UNION EUROPÉENNE : ILS DÉCIDENT, ILS DÉPENSENT, NOUS PAYONS !"
RN_2019,RN_2019_2381,EURO,2019,RN,"Lorsque la France verse 100 € au budget de l’Union européenne, 43 € partent subventionner les États membres bénéficiaires nets."
RN_2019,RN_2019_2382,EURO,2019,RN,"Parmi les dépenses actuelles de l’Union européenne, beaucoup pourraient – et devraient – être supprimées car elles empiètent sur la souveraineté des Etats ou se révèlent nuisibles."
RN_2019,RN_2019_2383,EURO,2019,RN,"Ainsi, on pourrait économiser des milliards d’euros en mettant fin à la politique d’élargissement (crédits d’instrument d’aide à la pré-adhésion), en supprimant l’aide à la Turquie pour son chantage sur les migrants (1,5 milliard d’euros), en supprimant de très nombreuses et coûteuses agences européennes inutiles, etc."
RN_2019,RN_2019_2384,EURO,2019,RN,"Dans l’esprit des eurocrates, la construction européenne n’a pas pour objectif de donner un poids, une puissance, une indépen- dance et un rayonnement collectif aux nations d’Europe."
RN_2019,RN_2019_2385,EURO,2019,RN,"Pour eux, il ne doit s’agir que d’une étape vers le mondialisme total par la suppression des frontières et des protections d’abord à l’intérieur de l’Union européenne puis à l’extérieur."
RN_2019,RN_2019_2386,EURO,2019,RN,Concurrence déloyale à l’intérieur de l’Union européenne.
RN_2019,RN_2019_2387,EURO,2019,RN,"Ainsi, la directive sur le détachement des travailleurs adoptée en 1998 aboutit à une véritable préférence étrangère sur notre sol puisqu’il est financièrement plus avantageux pour une entreprise d’embaucher un salarié d’Europe de l’Est (avec paiement des cotisations sociales dans son pays d’origine) qu’un salarié français."
RN_2019,RN_2019_2388,EURO,2019,RN,Et à l’extérieur !
RN_2019,RN_2019_2389,EURO,2019,RN,"De même, l’Union européenne multiplie les accords de libre- échange avec des pays du monde entier."
RN_2019,RN_2019_2390,EURO,2019,RN,"Cela se traduit par la suppression des droits de douane, ce qui a tué notre industrie et menace très gravement notre agriculture."
RN_2019,RN_2019_2391,EURO,2019,RN,"L’accord de libre-échange avec le Canada (CETA) ou l’accord en cours de négociation avec les pays du Mercosur (marché sud-américain) vont placer nos productions agricoles françaises face à une concurrence déloyale de produits provenant de pays qui n’ont pas du tout les mêmes exigences de qualité et ne respectent pas nos normes sanitaires, sociales et environnementales."
RN_2019,RN_2019_2392,EURO,2019,RN,"En outre, ce modèle de libre- échange généralisé et débridé qui consiste à produire, à consom- mer et à retraiter les produits sur des continents différents est profondément anti-écologique."
RN_2019,RN_2019_2393,EURO,2019,RN,"Pourtant, l’impact environnemental des 50 000 super tankers qui sillonnent les océans – et polluent chacun autant que 50 millions de véhicules diesel individuels ! – n’est jamais évoqué par ces tenants du mondialisme le plus inconséquent et irresponsable."
RN_2019,RN_2019_2394,EURO,2019,RN,"Cette politique folle a un coût économique, social et écologique immense."
RN_2019,RN_2019_2395,EURO,2019,RN,Suppression des frontières nationales et absence de frontières autour de l’Europe !
RN_2019,RN_2019_2396,EURO,2019,RN,"Avec les accords de Schengen, signés en 1985 et appliqués à partir de 1995, les frontières nationales ont été abaissées mais l’Union européenne est de surcroît devenue un espace ouvert à tous les vents puisqu’il n’y a jamais eu de volonté de protéger les frontières extérieures en contrepartie de la libre-circulation à l’intérieur."
RN_2019,RN_2019_2397,EURO,2019,RN,"RENÉGOCIER LES TRAITÉS EUROPÉENS, C’EST URGENT MAIS C’EST SURTOUT POSSIBLE !"
RN_2019,RN_2019_2398,EURO,2019,RN,Ceux qui veulent accélérer dans le fédéralisme européen expliquent toujours que toute renégociation des traités serait impossible puisqu’il faudrait obtenir l’unanimité des Etats membres.
RN_2019,RN_2019_2399,EURO,2019,RN,"Il s’agit là d’un argu- ment juridique qui nie la réalité politique : partout en Europe s’exprime la volonté d’une Union européenne plus souple, plus démocratique et dont les orientations politiques seraient drastiquement différentes."
RN_2019,RN_2019_2400,EURO,2019,RN,"Ainsi, nous arrivons aujourd’hui à une situation de blocage institution- nel puisque les décisions prises par la Commission et adoptées ensuite par le Parlement se trouvent (et c’est en général heureux !)"
RN_2019,RN_2019_2401,EURO,2019,RN,bloquées au Conseil où une minorité de blocage est en train de s’affirmer progressivement.
RN_2019,RN_2019_2402,EURO,2019,RN,Ainsi les procédures de sanction contre la Hongrie et la Pologne n’ont aucune chance d’aboutir puisqu’il n’y a ni unani- mité ni même majorité qualifiée pour valider ces mises au ban.
RN_2019,RN_2019_2403,EURO,2019,RN,"De même, la réforme Dublin IV qui entraînerait toujours plus de laxisme pour l’octroi de l’asile en Europe, est également bloquée au Conseil par beaucoup de pays qui n’acceptent plus ces orientations (Pologne, Hongrie, Autriche, etc.)."
RN_2019,RN_2019_2404,EURO,2019,RN,Ce laxisme a rendu les nations d’Europe vulnérables à l’immigration clandestine qui se cumule à une immigration régulière mas- sive.
RN_2019,RN_2019_2405,EURO,2019,RN,"Là encore, ce scenario qui menace l’identité, la sécurité et la prospérité de nos nations, était voulu par les eurocrates."
RN_2019,RN_2019_2406,EURO,2019,RN,Le commissaire D.
RN_2019,RN_2019_2407,EURO,2019,RN,Avramopoulos a ainsi déclaré que « l’accueil de l’immigration de masse est non seule- ment un impératif moral mais aussi un impératif économique et social pour notre continent vieillissant ».
RN_2019,RN_2019_2408,EURO,2019,RN,"Pour relever les défis à venir, remettre les nations au cœur de l’Europe."
RN_2019,RN_2019_2409,EURO,2019,RN,"Les nations européennes doivent relever les grands défis à venir : protéger nos identités pour nous projeter vers l’avenir, affirmer nos valeurs de civilisation face à l’islamisme, renforcer notre sécurité, préserver nos emplois et nos modèles de société..."
RN_2019,RN_2019_2410,EURO,2019,RN,"Il est désormais urgent de modifier de fond en comble les textes européens et de tout changer, aussi bien dans le fonctionnement des institutions européennes que dans leurs grandes orientations politiques."
RN_2019,RN_2019_2411,EURO,2019,RN,"Cette volonté d’en finir avec l’impuissance et les échecs de l’Union européenne actuelle s’exprime désormais partout sur le continent : les peuples veulent une Europe des nations et des protections, respectueuse des souverai- netés et singularités nationales."
RN_2019,RN_2019_2412,EURO,2019,RN,Il s’agit dès lors de définir enfin le projet européen qui ne peut plus être une construction abstraite entre les mains de technocrates.
RN_2019,RN_2019_2413,EURO,2019,RN,"De définir aussi ce qu’est l’Europe : son identité, ses contours géographiques et ses valeurs de civilisation."
RN_2019,RN_2019_2414,EURO,2019,RN,Il s’agit enfin de définir des grands objectifs politiques et une manière démocratique et efficace de les mettre en œuvre en respectant la volonté des peuples exprimée dans les urnes.
RN_2019,RN_2019_2415,EURO,2019,RN,"L’EUROPE : UNE CIVILISATION EN HÉRITAGE ET EN PARTAGE, UNE HISTOIRE ET DES NATIONS."
RN_2019,RN_2019_2416,EURO,2019,RN,La coopération européenne ne peut s’envisager sans définir ce qu’est l’Europe.
RN_2019,RN_2019_2417,EURO,2019,RN,"Les nations d’Eu- rope ont en commun des valeurs de civilisation, des racines et une histoire communes qu’elles puisent dans la Grèce et la Rome Antique puis la Chrétienté et l’hu- manisme de la Renaissance."
RN_2019,RN_2019_2418,EURO,2019,RN,"Dans l’histoire, même assez récente, les pays d’Europe ont connu des conflits et des guerres souvent liés aux velléités d’ériger des empires en subordonnant et en niant les réalités nationales."
RN_2019,RN_2019_2419,EURO,2019,RN,Il faut se gar- der de cette dérive qui caractérise aujourd’hui l’Union européenne.
RN_2019,RN_2019_2420,EURO,2019,RN,Promouvoir nos valeurs de civilisation européenne L’Europe : une réalité géographique... et des voisins La coopération européenne ne peut s’envisager sans définir où s’arrête l’Europe.
RN_2019,RN_2019_2421,EURO,2019,RN,Les élargisse- ments successifs de l’Union euro- péenne l’ont fragilisée.
RN_2019,RN_2019_2422,EURO,2019,RN,Il faut en finir avec cette logique qui pousse les eurocrates à vouloir intégrer la Turquie au sein de l’UE !
RN_2019,RN_2019_2423,EURO,2019,RN,Il faut néanmoins bien sûr entretenir des relations politiques et développer un partenariat privilégié avec les pays limitrophes de l’Europe.
RN_2019,RN_2019_2424,EURO,2019,RN,"Ainsi, nous devons avoir une poli- tique ambitieuse de dévelop- pement des pays d’Afrique en conditionnant notamment les aides financières à une étroite coopération pour maîtriser les flux migratoires vers l’Europe."
RN_2019,RN_2019_2425,EURO,2019,RN,"S’agissant de la Russie, il faut en finir avec la guerre froide que lui mènent les institutions euro- péennes."
RN_2019,RN_2019_2426,EURO,2019,RN,"La spirale des sanctions de l’UE et des embargos, en retour, sur nos productions est aussi nui- sible à l’Europe qu’à la Russie."
RN_2019,RN_2019_2427,EURO,2019,RN,Non à la Turquie dans l’UE Rétablir des relations équilibrées avec la Russie comme avec les Etats-Unis.
RN_2019,RN_2019_2428,EURO,2019,RN,L’Europe des nations : un projet au service des peuples.
RN_2019,RN_2019_2429,EURO,2019,RN,"Face à l’immigration, des frontières qui protègent !"
RN_2019,RN_2019_2430,EURO,2019,RN,"Pour assurer la sécurité des peuples, il est urgent de proté- ger les frontières extérieures de l’Europe par une coopération renforcée entre nos pays."
RN_2019,RN_2019_2431,EURO,2019,RN,Mais cette politique ne sera pas suf- fisante si on ne rétablit pas des contrôles aux frontières natio- nales en respectant les choix des États membres et en sortant de la logique de libre circulation de Schengen.
RN_2019,RN_2019_2432,EURO,2019,RN,"Parallèlement, une vraie politique de dissuasion de l’immigration doit être engagée : réserver les aides sociales à nos compatriotes, refuser le laxisme dans l’octroi de l’asile, expulser systématiquement les clandestins, stopper l’immi- gration légale, cesser le renouvel- lement automatique des titres de séjour, etc."
RN_2019,RN_2019_2433,EURO,2019,RN,Protéger ensemble les frontières extérieures de l’Europe.
RN_2019,RN_2019_2434,EURO,2019,RN,Rétablir les contrôles aux frontières nationales.
RN_2019,RN_2019_2435,EURO,2019,RN,"Avoir une politique migratoire ferme : refonte du système d’asile, arrêt de l’immigration légale, expulsion des clandestins, priorité nationale pour les aides."
RN_2019,RN_2019_2436,EURO,2019,RN,Mener et gagner la guerre contre l’islamisme.
RN_2019,RN_2019_2437,EURO,2019,RN,L’immigration massive subie par l’Europe depuis des décennies et l’abaissement des frontières rendent les pays d’Europe très vulnérables face à la menace isla- miste et à la prolifération de cette idéologie politico-religieuse sur notre sol.
RN_2019,RN_2019_2438,EURO,2019,RN,"Il est temps de consi- dérer qu’il s’agit là d’un grand défi collectif à relever, qui néces- site une volonté politique et une coopération entre les services de police et de justice."
RN_2019,RN_2019_2439,EURO,2019,RN,Expulser les islamistes étrangers.
RN_2019,RN_2019_2440,EURO,2019,RN,Fermer les mosquées radicales.
RN_2019,RN_2019_2441,EURO,2019,RN,VOTES DES DÉPUTÉS EUROPÉENS LR : CE QUI EST VOTÉ À BRUXELLES DOIT RESTER À BRUXELLES… L’heure est au bilan de la man- dature pour les amis de Laurent Wauquiez.
RN_2019,RN_2019_2442,EURO,2019,RN,Et ce bilan est acca- blant : jamais la distorsion n’aura été aussi grande entre ce qu’ils disent à Paris et ce qu’ils votent à Bruxelles ou à Strasbourg !
RN_2019,RN_2019_2443,EURO,2019,RN,"Ainsi, le 16 février 2017, les députés LR ont voté « pour mettre à profit le potentiel du traité de Lisbonne » afin de mettre en place un système juridique et législatif contraignant « pour la répartition et la réinstal- lation des migrants »."
RN_2019,RN_2019_2444,EURO,2019,RN,"Alain Cadec, député LR sortant, précisant « nous devons accepter qu’un certain nombre de migrants soient relo- calisés dans nos pays par un méca- nisme contraignant de quotas »."
RN_2019,RN_2019_2445,EURO,2019,RN,"Le 6 juillet 2017, les mêmes députés LR se sont opposés à l’arrêt du pro- cessus d’adhésion de la Turquie à l’UE !"
RN_2019,RN_2019_2446,EURO,2019,RN,"Le 8 juillet 2015, ils ont aussi voté en faveur des négociations pour un traité de libre-échange avec les Etats-Unis et votent systé- matiquement pour la suppression des protections économiques."
RN_2019,RN_2019_2447,EURO,2019,RN,"Le 14 mars 2018, ils ont voté en faveur d’une taxe à l’échelle européenne pour financer le budget de l’UE."
RN_2019,RN_2019_2448,EURO,2019,RN,"Pas plus tard que le 13 février dernier, la plupart des députés européens LR ont voté pour des textes renforçant le regroupement familial des étran- gers et pour la relocalisation des migrants."
RN_2019,RN_2019_2449,EURO,2019,RN,"Et ils vont continuer à oser dire à Paris qu’il faut lutter contre l’immigration, protéger notre éco- nomie et baisser les impôts !"
RN_2019,RN_2019_2450,EURO,2019,RN,En finir avec la concurrence économique déloyale organisée par Bruxelles !
RN_2019,RN_2019_2451,EURO,2019,RN,"Notre économie, nos emplois et nos industries doivent être pro- tégés."
RN_2019,RN_2019_2452,EURO,2019,RN,Le dogme de la « concur- rence libre et non faussée » aboutit au désengagement de l’État de tous les secteurs stratégiques et à l’asservissement de l’économie réelle aux intérêts de la finance internationale.
RN_2019,RN_2019_2453,EURO,2019,RN,"L’acceptation de l’union douanière nécessite, en contrepartie, que la France puisse mettre en œuvre le patriotisme économique en ren- dant les entreprises françaises prioritaires dans la commande publique."
RN_2019,RN_2019_2454,EURO,2019,RN,Le marché unique européen est devenu le prétexte à une véritable concurrence déloyale à laquelle il faut mettre fin en abrogeant la directive sur le travail détaché qui s’apparente à une véritable préfé- rence étrangère.
RN_2019,RN_2019_2455,EURO,2019,RN,"En effet, le coût de revient d’un travailleur d’Eu- rope de l’Est est très inférieur à celui d’un salarié français en raison principalement du paiement des cotisations sociales dans le pays d’origine."
RN_2019,RN_2019_2456,EURO,2019,RN,Ce système constitue une injus- tice d’autant plus insupportable qu’un chômage de masse frappe la France.
RN_2019,RN_2019_2457,EURO,2019,RN,"Le travail détaché fait par ailleurs l’objet de nombreuses fraudes, ainsi que l’a révélé un récent rapport de la Cour des Comptes."
RN_2019,RN_2019_2458,EURO,2019,RN,"De même, est-il normal qu’une entreprise qui pratique la délo- calisation à outrance et donc fait payer son avantage tarifaire par du chômage supporté par la collecti- vité se retrouve avantagée dans les marchés publics grâce à une falsi- fication des coûts réels ?"
RN_2019,RN_2019_2459,EURO,2019,RN,"L’argent public doit servir aussi à encoura- ger les entreprises qui prennent en compte le développement des économies locales, les nécessités collectives et l’intérêt national."
RN_2019,RN_2019_2460,EURO,2019,RN,"› Abroger la directive sur le travail détaché › Mettre fin au dogme de la libre concurrence et priorité aux entreprises françaises dans la commande publique › Reconnaître la responsabilité nationale de l’entreprise (RNE) pour encourager les comportements vertueux (refus des délocalisations, embauche d’une main- d’œuvre nationale, incitation à recourir à des fournisseurs ou des produits locaux) et l’intégrer dans les critères d’attribution des marchés publics."
RN_2019,RN_2019_2461,EURO,2019,RN,Pour préserver nos emplois et l’environnement : remplacer le libre-échange par le juste-échange !
RN_2019,RN_2019_2462,EURO,2019,RN,La multiplication des accords de libre-échange de l’Union européenne avec tous les pays de la planète fait subir à notre économie une concurrence déloyale qui a déjà quasiment tué notre industrie et tuera demain notre agriculture.
RN_2019,RN_2019_2463,EURO,2019,RN,"Il faut en finir avec le sans frontiérisme commercial consistant à fabriquer des produits en Asie, à les vendre en Europe et retraiter les déchets en Afrique."
RN_2019,RN_2019_2464,EURO,2019,RN,"Nous devons au contraire rétablir des protections douanières (taxes, quotas et contingentements) aux frontières de l’Europe comme le font d’ailleurs toutes les grandes économies (les États-Unis, l’Inde, le Japon, etc.)."
RN_2019,RN_2019_2465,EURO,2019,RN,Le libre-échange dérégulé est profondément anti-écologique.
RN_2019,RN_2019_2466,EURO,2019,RN,"Il faut favoriser la relocalisation des activités humaines et privilégier les circuits courts, le loca- lisme, c’est-à-dire la production, la consommation et le retraitement dans un périmètre géographique le plus raisonnable possible."
RN_2019,RN_2019_2467,EURO,2019,RN,Stopper la concurrence déloyale et instaurer le juste-échange.
RN_2019,RN_2019_2468,EURO,2019,RN,Favoriser le localisme en détaxant les circuits courts et en surtaxant les importations mondialisées anti-écologiques.
RN_2019,RN_2019_2469,EURO,2019,RN,Préserver notre pouvoir d’achat : non à « l’harmonisation sociale » !
RN_2019,RN_2019_2470,EURO,2019,RN,"Dans leur démarche de fédéralisme à marche forcée, les eurocrates au nom d’une prétendue « harmonisation sociale » veulent instaurer des règles communes pour le salaire minimum."
RN_2019,RN_2019_2471,EURO,2019,RN,"Le SMIC se situant par exemple à 280 euros bruts en Roumanie et à 1500 euros bruts en France, cette harmonisation aboutirait en pratique à l’effondrement des salaires et donc du pouvoir d’achat dans les pays d’Europe occidentale."
RN_2019,RN_2019_2472,EURO,2019,RN,"Mme Loiseau, la tête de liste LREM, défend l’idée d’un SMIC européen : il faudrait qu’elle en explique aux Français les conséquences qui en résulteraient sur leur niveau de vie !"
RN_2019,RN_2019_2473,EURO,2019,RN,"› Refuser les alignements sociaux et fiscaux qui ne peuvent se faire qu’au détriment des Français Moins d’impôts en France, pas d’impôt européen !"
RN_2019,RN_2019_2474,EURO,2019,RN,"Les Français subissent un niveau d’imposition confiscatoire avec des prélèvements obligatoires se situant à environ 48% de notre PIB, soit 10 points de plus que la moyenne des pays de l’OCDE."
RN_2019,RN_2019_2475,EURO,2019,RN,"Le bloc majoritaire au Parlement européen, c’est-à-dire les groupes PPE (dont fait partie LR), socia- listes et libéraux (dont font partie les macronistes), souhaite désor- mais développer des « ressources propres » pour l’Union européenne."
RN_2019,RN_2019_2476,EURO,2019,RN,"En clair, il s’agit d’un impôt euro- péen qui, loin de se substituer à la fiscalité nationale, s’y ajoute- rait !"
RN_2019,RN_2019_2477,EURO,2019,RN,Une position soutenue par Emmanuel Macron lui-même.
RN_2019,RN_2019_2478,EURO,2019,RN,"Cette dérive est d’autant plus insupportable que la contribution de la France au budget européen est en hausse : environ 21,5 mil- liards d’euros ont été budgétisé pour 2019."
RN_2019,RN_2019_2479,EURO,2019,RN,Or nous n’en récupé- rons qu’une partie principalement au titre de l’agriculture.
RN_2019,RN_2019_2480,EURO,2019,RN,"Ainsi, en 2016, notre participation au bud- get de l’Union européenne nous a coûté autour de 9 milliards d’eu- ros."
RN_2019,RN_2019_2481,EURO,2019,RN,En 20 ans la France a multiplié par 12 sa participation au budget de l’UE et a ainsi perdu 100 mil- liards d’euros !
RN_2019,RN_2019_2482,EURO,2019,RN,Baisser les impôts pour les Français.
RN_2019,RN_2019_2483,EURO,2019,RN,Baisser les taxes sur les TPE-PME.
RN_2019,RN_2019_2484,EURO,2019,RN,Baisser la contribution de la France au budget de l’UE.
RN_2019,RN_2019_2485,EURO,2019,RN,Arrêter la PAC et instaurer une Politique agricole française.
RN_2019,RN_2019_2486,EURO,2019,RN,Il n’est plus supportable que des commissaires européens décident de la politique agricole de la France.
RN_2019,RN_2019_2487,EURO,2019,RN,"Par la qualité et la diversité de ses productions, la France détient une richesse immense, fruit d’un savoir-faire plurimillénaire, de la transmission de traditions et du sacrifice de nos ancêtres."
RN_2019,RN_2019_2488,EURO,2019,RN,"Nous devons protéger et valoriser cette exceptionnelle richesse en protégeant la polyculture, les petites et moyennes exploitations agricoles et en définissant nos propres objectifs nationaux afin d’assurer notre autosuffisance alimentaire."
RN_2019,RN_2019_2489,EURO,2019,RN,"Cela nécessite qu’une grande Politique agricole française se substitue à la PAC, l’actuelle Politique agricole commune."
RN_2019,RN_2019_2490,EURO,2019,RN,Protéger l’agriculture française face à la concurrence déloyale.
RN_2019,RN_2019_2491,EURO,2019,RN,Mettre en valeur et favoriser à l’international les richesses de notre terroir.
RN_2019,RN_2019_2492,EURO,2019,RN,Zone euro : la monnaie doit être un outil au service de notre économie !
RN_2019,RN_2019_2493,EURO,2019,RN,"À l’évidence, l’euro tel qu’il fonc- tionne aujourd’hui sert les inté- rêts de l’Allemagne et des anciens pays de la zone Mark, au détriment de la plupart des 19 autres pays de la zone euro."
RN_2019,RN_2019_2494,EURO,2019,RN,"La France quant à elle, avec une balance commerciale déficitaire de 60 milliards d’euros, aurait évidemment besoin d’une monnaie moins forte afin de relancer ses exportations et oxygéner son économie."
RN_2019,RN_2019_2495,EURO,2019,RN,"Il faut donc modifier le fonctionnement de la zone euro afin d’aligner la création monétaire sur les besoins de l’économie réelle, par exemple en augmen- tant la proportion de la dette nationale que peuvent détenir les banques centrales nationales."
RN_2019,RN_2019_2496,EURO,2019,RN,"La BCE pourrait également se voir assigner le mandat explicite de combattre le chômage, comme c’est le cas de la Fed aux États-Unis."
RN_2019,RN_2019_2497,EURO,2019,RN,Aligner la création monétaire sur l’économie réelle plutôt que sur la finance.
RN_2019,RN_2019_2498,EURO,2019,RN,Intégrer la lutte contre le chômage dans le mandat de la BCE.
RN_2019,RN_2019_2499,EURO,2019,RN,L’EUROPE DES NATIONS : UNE NOUVELLE ORGANISATION INSTITUTIONNELLE.
RN_2019,RN_2019_2500,EURO,2019,RN,La démocratie pour en finir avec la technocratie.
RN_2019,RN_2019_2501,EURO,2019,RN,"Si l’Union européenne est à ce point opaque, autoritaire et cou- pée des réalités et des aspirations des peuples, c’est notamment en raison de son organisation institutionnelle qui écarte du processus de décision les peuples et même plus largement les gouvernements des États membres, qui sont pour- tant l’émanation de la volonté populaire."
RN_2019,RN_2019_2502,EURO,2019,RN,"La Commission européenne détient un immense pouvoir au détriment des autres institutions, alors qu’elles ont pourtant davan- tage de légitimité démocratique."
RN_2019,RN_2019_2503,EURO,2019,RN,"En effet, la Commission dispose de prérogatives largement supé- rieures à celles d’un gouverne- ment : elle a l’initiative législative, la réglementation, le contrôle de l’application et s’érige aussi en « gardienne des traités »."
RN_2019,RN_2019_2504,EURO,2019,RN,Réviser les traités européens pour rééquilibrer les institutions.
RN_2019,RN_2019_2505,EURO,2019,RN,VOUS AVEZ DIT « CHANGER L’EUROPE » ?
RN_2019,RN_2019_2506,EURO,2019,RN,"Non sans candeur, ou plutôt avec une certaine forme d’hypocrisie, la tête de liste LR François-Xavier Bellamy, explique que son projet est de « changer l’Europe »."
RN_2019,RN_2019_2507,EURO,2019,RN,"Mais cette Union européenne avec ses orientations désastreuses, ses dérives anti-démocratiques et ses errements, c’est la leur !"
RN_2019,RN_2019_2508,EURO,2019,RN,Les députés LR sont une des principales formations du groupe parlementaire PPE.
RN_2019,RN_2019_2509,EURO,2019,RN,"Dans les statuts du PPE, il est clairement indiqué que l’objectif est d’aboutir à une organisation fédérale de l’Europe."
RN_2019,RN_2019_2510,EURO,2019,RN,"Et le PPE détient tous les pouvoirs et tous les postes- clés dans les institutions européennes : Angela Merkel (PPE Allemande) est la grande prêtresse de l’UE, Jean-Claude Juncker (PPE Luxembourgeois) est le Président de la Commission, Donald Tusk (PPE Polonais) est le Président du Conseil et Antonio Tajani (PPE Italien) est le Président du Parlement !"
RN_2019,RN_2019_2511,EURO,2019,RN,On se demande bien ce que M.
RN_2019,RN_2019_2512,EURO,2019,RN,"Bellamy voudrait changer… Rendre le pouvoir aux peuples en supprimant la Commission européenne Composée de 28 commissaires qui n’ont pas été choisis démocratique- ment, d’un Président ivre de son pouvoir et de 34 000 (!)"
RN_2019,RN_2019_2513,EURO,2019,RN,"fonction- naires, la Commission européenne symbolise à elle seule les erre- ments et les dérives inacceptables des institutions européennes."
RN_2019,RN_2019_2514,EURO,2019,RN,Elle doit être purement et sim- plement supprimée au profit du Conseil et du Parlement dont les fonctions seraient redéfinies.
RN_2019,RN_2019_2515,EURO,2019,RN,Supprimer la Commission européenne.
RN_2019,RN_2019_2516,EURO,2019,RN,Instaurer le Référendum d’Initiative Citoyenne (RIC) au niveau national pour orienter les décisions.
RN_2019,RN_2019_2517,EURO,2019,RN,CJUE – CEDH : HALTE AU POUVOIR DES JUGES SUPRANATIONAUX !
RN_2019,RN_2019_2518,EURO,2019,RN,Les institutions judiciaires européennes (Cour de Justice de l’Union européenne et Cour européenne des droits de l’homme) participent trop souvent à l’amplification des dérives des institutions européennes.
RN_2019,RN_2019_2519,EURO,2019,RN,"En effet, leur jurisprudence va presque systématiquement dans le sens de la restriction des souverainetés nationales."
RN_2019,RN_2019_2520,EURO,2019,RN,"Si les juridictions judiciaires françaises sont déjà largement contestées, celles de l’Union européenne ou dépendant du Conseil de l’Europe le sont encore davantage, surtout quand elles valident l’application de la Charia en Grèce au nom d’une prétendue tradition locale ou qu’elles empêchent la France d’expul- ser des terroristes islamistes de son sol au prétexte qu’ils risqueraient de subir de mauvais traitements dans leur pays d’origine !"
RN_2019,RN_2019_2521,EURO,2019,RN,Il est urgent de restituer la pri- mauté du droit national sur celui des ins- tances supranationales.
RN_2019,RN_2019_2522,EURO,2019,RN,Rendre aux gouvernements nationaux l’initiative des coopérations européennes.
RN_2019,RN_2019_2523,EURO,2019,RN,"Composé des représentants de chaque gouvernement national (ministres et Premiers ministres), le Conseil est l’institution qui doit disposer de l’exclusivité de l’initiative législative pour mettre en œuvre les coopérations."
RN_2019,RN_2019_2524,EURO,2019,RN,Et chaque État membre doit pouvoir décider s’il s’implique ou non dans une politique de coopération.
RN_2019,RN_2019_2525,EURO,2019,RN,Transférer l’initiative législative au Conseil européen (les gouvernements des États-membres).
RN_2019,RN_2019_2526,EURO,2019,RN,MACRON-MERKEL : TOI ET MOI CONTRE L’EUROPE ENTIÈRE !
RN_2019,RN_2019_2527,EURO,2019,RN,"Au début de son quinquennat, Emmanuel Macron a multiplié les coups de menton en expliquant qu’il allait s’imposer sur la scène européenne et la bouleverser."
RN_2019,RN_2019_2528,EURO,2019,RN,"Deux ans plus tard, c’est l’isolement, l’impuissance pour ne pas dire l’inexistence du Président français qui apparaît au grand jour : il n’a rien obtenu de positif sur le travail détaché malgré sa tournée des capitales d’Europe de l’Est et il est seul avec Angela Merkel et le gouvernement socialiste espagnol à défendre encore l’accueil des migrants clandestins en Europe."
RN_2019,RN_2019_2529,EURO,2019,RN,"Récemment, son traité d’Aix-la-Chapelle, signé à la hâte avec Merkel est apparu comme une reddition volontaire de la France aux intérêts et positions de l’Allemagne, qui n’en demandait pas tant."
RN_2019,RN_2019_2530,EURO,2019,RN,"Et ce alors même que Merkel est désormais en pré-retraite, terriblement affaiblie par les divisions de son parti !"
RN_2019,RN_2019_2531,EURO,2019,RN,"Les coopérations pour en finir avec le fédéralisme Ainsi, chaque pays peut appré- cier, en fonction de ses intérêts propres et de ses spécificités, s’il est souhaitable ou non qu’il s’in- vestisse dans un domaine de coo- pération européenne."
RN_2019,RN_2019_2532,EURO,2019,RN,Ce système souple a déjà été éprouvé avec succès : Arianespace et Airbus ne doivent rien à la Commission européenne.
RN_2019,RN_2019_2533,EURO,2019,RN,Il s’agit de coopérations libre- ment consenties à l’initiative de certains pays (sans rien imposer aux autres) et qui ont permis à l’Europe d’exister en tant que pôle de puissance industrielle dans les secteurs concernés.
RN_2019,RN_2019_2534,EURO,2019,RN,"Permettre aux Nations de choisir librement les projets de coopération, auxquels elles participent."
RN_2019,RN_2019_2535,EURO,2019,RN,BILAN CHIFFRÉ DES DÉPUTÉS EUROPÉENS RN ÉLUS EN 2014.
RN_2019,RN_2019_2536,EURO,2019,RN,"Malgré le sectarisme du PPE (le parti eu- ropéen auquel appartient LR), des socia- listes et des libéraux qui constituent le bloc majoritaire au Parlement européen, les députés européens du Rassemble- ment national élus en 2014 ont de loin été les plus assidus et les plus actifs pendant la mandature."
RN_2019,RN_2019_2537,EURO,2019,RN,Leur activité parlementaire apporte la démonstration éclatante d’une omniprésence sur tous les sujets et sur tous les dossiers.
RN_2019,RN_2019_2538,EURO,2019,RN,"Ainsi, ils ont déposé 14 900 amendements, rédigé 1340 questions écrites, assuré le suivi en tant que rapporteurs de 412 dos- siers et effectué 8465 prises de parole !"
RN_2019,RN_2019_2539,EURO,2019,RN,Ils surclassent de très loin leurs concurrents qui ont été moins présents et moins actifs.
RN_2019,RN_2019_2540,EURO,2019,RN,Un député RN a déposé en moyenne 993 amendements au cours du mandat quand un député LR n’en a présenté que 605.
RN_2019,RN_2019_2541,EURO,2019,RN,Et il en est de même dans tous les domaines de l’activité parlementaire.
RN_2019,RN_2019_2542,EURO,2019,RN,Le Parlement européen doit mettre en œuvre les coopérations.
RN_2019,RN_2019_2543,EURO,2019,RN,Le Parlement pourrait ensuite élaborer les textes et charger un secrétariat administratif des dis- positions d’application concrète.
RN_2019,RN_2019_2544,EURO,2019,RN,Les membres du Parlement euro- péen devraient être des parle- mentaires nationaux délégués par les États membres.
RN_2019,RN_2019_2545,EURO,2019,RN,Redéfinir le rôle et le fonctionnement du Parlement pour qu’il soit au service des nations et non la chambre d’enregistrement de la Commission.
