doc,sentence_id,election,year,party,sentence
EELV_2024,EELV_2024_1,EURO,2024,EELV,MARIE TOUSSAINT.
EELV_2024,EELV_2024_2,EURO,2024,EELV,LISTE ÉCOLOGISTE POUR LES ÉLECTIONS EUROPÉENNES DU 9 JUIN 2024.
EELV_2024,EELV_2024_3,EURO,2024,EELV,POUR UN ÉTAT PROVIDENCE ÉCOLOGIQUE EUROPÉEN SAUVER LE CLIMAT ET FAIRE FACE À L'URGENCE SOCIALE.
EELV_2024,EELV_2024_4,EURO,2024,EELV,ÉDITO.
EELV_2024,EELV_2024_5,EURO,2024,EELV,NOUVEAU RÉGIME CLIMATIQUE ET EXPLOSION DES INÉGALITÉS : NE REGARDONS PAS AILLEURS.
EELV_2024,EELV_2024_6,EURO,2024,EELV,"Au moment de voter pour les prochaines élections européennes, prenez un instant et souvenez-vous: depuis toujours, les Écologistes ont été les seuls à dire la vérité sur la crise environnementale, les seuls à avertir sur les dangers que faisait courir à la planète et à nous-mêmes l'actuel modèle économique."
EELV_2024,EELV_2024_7,EURO,2024,EELV,"Quand vous rentrerez dans l'isoloir, il faudra s'en souvenir."
EELV_2024,EELV_2024_8,EURO,2024,EELV,"Parce qu'une fois encore, les autres partis sous-estiment la gravité de la situation, quand ils ne la nient pas tout simplement."
EELV_2024,EELV_2024_9,EURO,2024,EELV,Ils continuent à faire des promesses faciles basées sur de fausses analyses.
EELV_2024,EELV_2024_10,EURO,2024,EELV,"Ils attaquent aujourd’hui, ou laissent faire en affichant une passivité complice, tous les acquis liés à la protection de la nature et de la démocratie obtenus depuis des décennies."
EELV_2024,EELV_2024_11,EURO,2024,EELV,"À des degrés divers, ils prétendent que tout peut continuer comme avant."
EELV_2024,EELV_2024_12,EURO,2024,EELV,Ce n'est pas vrai.
EELV_2024,EELV_2024_13,EURO,2024,EELV,"Il faut changer de modèle: l’obsession de la croissance mène à la destruction du monde vivant, et donc du monde humain."
EELV_2024,EELV_2024_14,EURO,2024,EELV,Le programme que vous lisez part d'un constat irréfutable: nous sommes entrés dans un nouveau régime climatique qui conditionne notre avenir.
EELV_2024,EELV_2024_15,EURO,2024,EELV,Ne pas le comprendre c'est tourner le dos à la réalité.
EELV_2024,EELV_2024_16,EURO,2024,EELV,Le danger climatique est la grande menace de notre temps.
EELV_2024,EELV_2024_17,EURO,2024,EELV,Nous sommes à l'heure des choix.
EELV_2024,EELV_2024_18,EURO,2024,EELV,"Nous devons nous adapter à une situation qui s'aggrave tous les jours, et faire face à la fois à la dégradation de la situation sociale et à la crise écologique."
EELV_2024,EELV_2024_19,EURO,2024,EELV,"Soit nous continuons avec le modèle actuel et nous nous enfonçons dans le chaos, soit nous inventons les protections du 21ème siècle dont nous avons besoin."
EELV_2024,EELV_2024_20,EURO,2024,EELV,Nous proposons une autre approche des politiques publiques : prendre soin des gens et de la planète au lieu de faire du profit la mesure de toute chose.
EELV_2024,EELV_2024_21,EURO,2024,EELV,"Loin des caricatures qui nous présentent comme déconnectés de la vie quotidienne, les Écologistes sont les vrais réalistes : celles et ceux qui ont compris qu'on ne fera pas la transition écologique sans construire en même temps la justice sociale."
EELV_2024,EELV_2024_22,EURO,2024,EELV,"Pour les Écologistes, pas question de laisser les individus faire face seuls aux conséquences de l'effondrement."
EELV_2024,EELV_2024_23,EURO,2024,EELV,La transition écologique doit être juste du point de vue social : ce n'est pas aux plus modestes de payer la note d'un système absurde et destructeur.
EELV_2024,EELV_2024_24,EURO,2024,EELV,"Face à l'inflation, à la montée de la pauvreté, il ne faut pas s'en prendre aux plus faibles et casser les services publics mais au contraire renforcer les solidarités."
EELV_2024,EELV_2024_25,EURO,2024,EELV,UN ÉTAT-PROVIDENCE ÉCOLOGIQUE EUROPÉEN.
EELV_2024,EELV_2024_26,EURO,2024,EELV,POUR DE NOUVELLES PROTECTIONS SOCIALES ET ENVIRONNEMENTALES.
EELV_2024,EELV_2024_27,EURO,2024,EELV,"Plus l'Europe sera solidaire, plus l'Europe sera forte."
EELV_2024,EELV_2024_28,EURO,2024,EELV,"Nous proposons un modèle de protection sociale et environnementale basé sur la solidarité : l' État-providence écologique, et nous proposons qu'il se déploie à l'échelle européenne car il est impossible de faire face aux périls écologiques en se limitant au seul cadre national."
EELV_2024,EELV_2024_29,EURO,2024,EELV,L’État-providence écologique européen que nous proposons s'appuie sur une autre logique politique.
EELV_2024,EELV_2024_30,EURO,2024,EELV,L'État-providence écologique européen fait de la protection des plus vulnérables sa boussole et fait donc de la réduction des inégalités structurelles une priorité politique.
EELV_2024,EELV_2024_31,EURO,2024,EELV,L’État-providence écologique européen poursuit l'objectif de pleine santé des individus.
EELV_2024,EELV_2024_32,EURO,2024,EELV,"Il vise également et évidemment à sauver le climat, protéger la biodiversité, et réencastrer l'économie dans les limites planétaires."
EELV_2024,EELV_2024_33,EURO,2024,EELV,"L’heure est grave et nous avons besoin de grands changements, tant pour enrayer la destruction du vivant en cours que pour nous adapter au nouveau régime climatique et environnemental."
EELV_2024,EELV_2024_34,EURO,2024,EELV,Notre stratégie du changement repose sur trois pieds.
EELV_2024,EELV_2024_35,EURO,2024,EELV,1 - Il faut prendre au sérieux la parole scientifique pour prendre la mesure de la crise systémique que nous vivons.
EELV_2024,EELV_2024_36,EURO,2024,EELV,"2 - Ensuite, il faut comprendre que la crise écologique affecte nos conditions sociales d'existence ainsi que le monde du travail et demande donc un nouveau contrat social-écologique."
EELV_2024,EELV_2024_37,EURO,2024,EELV,"3 - Enfin, nous devons mettre la question démocratique et du dialogue social au cœur des politiques de transition : on ne pourra pas faire face à la crise avec des pouvoirs politiques qui se méfient du peuple."
EELV_2024,EELV_2024_38,EURO,2024,EELV,Voilà le basculement politique que nous proposons pour l'Europe.
EELV_2024,EELV_2024_39,EURO,2024,EELV,L'HEURE EST VENUE DE CONSTRUIRE UNE AUTRE EUROPE.
EELV_2024,EELV_2024_40,EURO,2024,EELV,LA GUERRE EN UKRAINE MARQUE UN TOURNANT: PENSER LA GÉOPOLITIQUE DU CLIMAT ET SORTIR DE NOS DÉPENDANCES.
EELV_2024,EELV_2024_41,EURO,2024,EELV,"Nous savons que nous sommes entrés dans un nouveau régime climatique dont il faut tirer toutes les conséquences, y compris géopolitiques."
EELV_2024,EELV_2024_42,EURO,2024,EELV,"Si la guerre en Ukraine a attiré à juste titre l'attention des opinions publiques sur la faiblesse de l'Europe de la défense, la question de nos dépendances énergétiques frappe moins les esprits."
EELV_2024,EELV_2024_43,EURO,2024,EELV,C'est pourtant un terrible talon d'Achille que de dépendre du gaz russe quand nous nous opposons aux visées impérialistes de Vladimir Poutine.
EELV_2024,EELV_2024_44,EURO,2024,EELV,L'addiction aux énergies fossiles dénoncée de tout temps par les Écologistes nous rend fragiles.
EELV_2024,EELV_2024_45,EURO,2024,EELV,Les grands discours sur la puissance européenne sont des mots creux tant que l'Europe ne se donne pas les moyens de son indépendance énergétique.
EELV_2024,EELV_2024_46,EURO,2024,EELV,La sortie des énergies fossiles est donc une double urgence : écologique et géopolitique.
EELV_2024,EELV_2024_47,EURO,2024,EELV,Nous devons également comprendre qu'il est essentiel de produire en Europe ce dont nous avons besoin en Europe.
EELV_2024,EELV_2024_48,EURO,2024,EELV,"Notre souveraineté doit être industrielle, alimentaire, diplomatique et militaire."
EELV_2024,EELV_2024_49,EURO,2024,EELV,Ne soyons pas naïfs : la question du commerce et des traités de libre échange ne peut être totalement découplée de la montée en puissance des conflits.
EELV_2024,EELV_2024_50,EURO,2024,EELV,"Si l’Europe veut rester maîtresse de son destin, nous devons construire notre solidarité au lieu de penser que la solution est l'affaiblissement de nos normes sociales et environnementales."
EELV_2024,EELV_2024_51,EURO,2024,EELV,LE RETOUR DE L'AUSTERITÉ SERAIT UNE CATASTROPHE POLITIQUE ET SOCIALE.
EELV_2024,EELV_2024_52,EURO,2024,EELV,"Après la crise de 2008, qui révélait pourtant la fragilité d'un modèle économique financiarisé à outrance, l'Union européenne est revenue à ses amours libérales, comme si rien ne s'était passé, en ne tirant pas les leçons de la crise et en laissant passer l'occasion d'engager une mutation profonde."
EELV_2024,EELV_2024_53,EURO,2024,EELV,Nous sommes en train de revivre la même chose en pire.
EELV_2024,EELV_2024_54,EURO,2024,EELV,Les dirigeants et les dirigeantes européens ne tirent pas vraiment les conséquences de la pandémie du Covid.
EELV_2024,EELV_2024_55,EURO,2024,EELV,"Pourtant, les leçons sont multiples : elles sont évidemment sanitaires mais également politiques et économiques."
EELV_2024,EELV_2024_56,EURO,2024,EELV,"Du point de vue politique, on voit bien que, face à un péril qui se joue des frontières, l'unité européenne nous rend plus fort que la juxtaposition des égoïsmes nationaux."
EELV_2024,EELV_2024_57,EURO,2024,EELV,"Du point de vue économique, il faut se souvenir que c’est la suspension des critères de Maastricht (les fameux maximums de 3% de déficit public et 60% de dette publique) qui a permis aux Européens et Européennes de s'endetter ensemble pour financer le plan de relance post-pandémie."
EELV_2024,EELV_2024_58,EURO,2024,EELV,"D’un point de vue écologique, cette pandémie zoonotique d’une ampleur sans précédent devrait nous amener à protéger véritablement le vivant, quand à l’inverse le retour des espèces animales et du chant des oiseaux lors de l’arrêt de nos activités montre que nous pouvons encore faire revenir la nature."
EELV_2024,EELV_2024_59,EURO,2024,EELV,"La pandémie étant désormais derrière nous, le retour au carcan de l'austérité est le programme commun de la majorité qui dirige l'Union européenne : partis libéraux, conservateurs et socialistes viennent d'adopter ensemble le retour aux critères de Maastricht dans le cadre de la révision des règles budgétaires européennes."
EELV_2024,EELV_2024_60,EURO,2024,EELV,"Dès lors, ils peuvent bien s'opposer dans la campagne, sur l'essentiel ils partagent la même croyance dans l'objectif de la croissance."
EELV_2024,EELV_2024_61,EURO,2024,EELV,C'est une catastrophe politique et sociale qui se prépare.
EELV_2024,EELV_2024_62,EURO,2024,EELV,Premièrement parce que l'austérité et ses coupes dans les budgets sociaux constituent des carburants pour le populisme.
EELV_2024,EELV_2024_63,EURO,2024,EELV,"Ensuite, parce que la situation sociale de millions de citoyennes et de citoyens les place au bord du gouffre : l'inflation les étouffe et la peur du déclassement est dans toutes les têtes."
EELV_2024,EELV_2024_64,EURO,2024,EELV,"Enfin et peut-être surtout, parce que nous avons besoin d’investissements massifs, et durables, si nous souhaitons nous donner les moyens de tenir nos objectifs climatiques, plus encore si nous voulons relocaliser notre industrie et produire en Europe ce dont l’Europe a besoin."
EELV_2024,EELV_2024_65,EURO,2024,EELV,"L'Europe ne saurait se contenter d'un simple retour au statu quo, et du détricotage du pacte vert sous la poussée des populistes."
EELV_2024,EELV_2024_66,EURO,2024,EELV,"Au contraire, il est temps de changer de modèle pour s'adapter, enfin, aux enjeux écologiques et sociaux causés par le dérèglement climatique."
EELV_2024,EELV_2024_67,EURO,2024,EELV,CHANGER LES CRITÈRES ÉCONOMIQUES : FAIRE DE LA SANTÉ LA NOUVELLE BOUSSOLE DES POLITIQUES PUBLIQUES.
EELV_2024,EELV_2024_68,EURO,2024,EELV,Revenons au Covid: il a aussi montré les grandes disparités et les inégalités sociales de santé.
EELV_2024,EELV_2024_69,EURO,2024,EELV,"Nous autres Écologistes, pensons que cette crise sanitaire est un révélateur puissant des dangers qui menacent notre société et du fait que notre système économique ne poursuit pas les bons objectifs."
EELV_2024,EELV_2024_70,EURO,2024,EELV,"Au lieu de chercher la pleine croissance, nous devrions rechercher la pleine santé des personnes, et la pleine santé de la planète."
EELV_2024,EELV_2024_71,EURO,2024,EELV,Les deux enjeux sont d'ailleurs liés plus fortement qu'on ne veut bien le dire.
EELV_2024,EELV_2024_72,EURO,2024,EELV,"Toutes les études démontrent les conséquences néfastes du dérèglement climatique, des pesticides, perturbateurs endocriniens, ou autres polluants éternels sur la santé humaine."
EELV_2024,EELV_2024_73,EURO,2024,EELV,"Ce qui est mauvais pour les écosystèmes est mauvais pour nous, car nous faisons partie du vivant."
EELV_2024,EELV_2024_74,EURO,2024,EELV,La santé environnementale devrait être une des priorités de l'Union européenne : ce n'est pas le cas aujourd'hui.
EELV_2024,EELV_2024_75,EURO,2024,EELV,S'ajoute à cela que nous devrions passer d'une approche essentiellement curative à une conception plus préventive des politiques de santé publique.
EELV_2024,EELV_2024_76,EURO,2024,EELV,"Ce serait évidemment bon pour la maîtrise des dépenses de santé, mais surtout pour le bien-vivre des citoyennes et des citoyens."
EELV_2024,EELV_2024_77,EURO,2024,EELV,"Confrontés aux crises sanitaires et au dérèglement climatique, nous, les Écologistes, sommes les seuls à défendre une autre vision de l'économie : nous voulons passer d'une économie qui détruit (notre santé et les écosystèmes) à une économie qui répare (l'environnement et la cohésion sociale)."
EELV_2024,EELV_2024_78,EURO,2024,EELV,UN SAUT FÉDÉRAL POUR UN SURSAUT EUROPÉEN : VITE UNE CONSTITUANTE !
EELV_2024,EELV_2024_79,EURO,2024,EELV,Les conclusions de la Conférence sur l’avenir de l’Europe de 2022 l’ont montré : les citoyennes et citoyens de l’Union veulent une Europe capable de décider et d’agir efficacement.
EELV_2024,EELV_2024_80,EURO,2024,EELV,Elles et ils demandent des réformes structurelles du fonctionnement de l'Union et sont prêts à passer à l’organisation fédérale.
EELV_2024,EELV_2024_81,EURO,2024,EELV,"Elles et ils demandent plus d’Europe, une autre Europe."
EELV_2024,EELV_2024_82,EURO,2024,EELV,"En guise d’acte fondateur, nous en appelons à ce que la prochaine mandature soit l’occasion d’une assemblée constituante européenne."
EELV_2024,EELV_2024_83,EURO,2024,EELV,"Il s'agit ici de construire une démocratie fédérale, plus à même de faire face aux défis qui sont les nôtres."
EELV_2024,EELV_2024_84,EURO,2024,EELV,"Une Europe qui lutte contre le dumping social, fiscal et environnemental entre ses États membres tout en se donnant les moyens d’agir pour sa souveraineté."
EELV_2024,EELV_2024_85,EURO,2024,EELV,Une Europe qui se donne un cadre : un plafond environnemental à ne pas dépasser et un plancher de droits sociaux à garantir à chacun et chacune pour garantir la prospérité et le bien-vivre.
EELV_2024,EELV_2024_86,EURO,2024,EELV,L'Europe fait du surplace depuis trop longtemps ; la coalition des droites et des extrêmes droites – avec la collaboration active des libéraux et d’une partie des socialistes – entend maintenant l’engager sur la voie des grands reculs.
EELV_2024,EELV_2024_87,EURO,2024,EELV,Nous ne voulons pas d’une Europe qui s’enfonce dans la grande régression sociale et écologique.
EELV_2024,EELV_2024_88,EURO,2024,EELV,"Contre le grand recul qui se prépare, nous proposons un grand sursaut politique."
EELV_2024,EELV_2024_89,EURO,2024,EELV,APPROFONDIR L'UNION EUROPÉENNE ET RENFORCER SON UNITÉ POUR FAIRE FACE AU ENJEUX DE LA PÉRIODE.
EELV_2024,EELV_2024_90,EURO,2024,EELV,"Il est temps d’engager un mouvement de refondation de l’Union européenne suivant le modèle fédéral, en jetant les bases d’une union fiscale, d’une politique économique coordonnée, d’une démocratie européenne véritable et d’une diplomatie, sécurité et défense communes pour garantir l’autonomie stratégique du Vieux continent."
EELV_2024,EELV_2024_91,EURO,2024,EELV,"Une union fiscale, parce que l’Europe a besoin de se doter de ressources propres afin d’engager les investissements nécessaires à la bifurcation écologique et organiser la solidarité entre États face à la multiplication des catastrophes climatiques."
EELV_2024,EELV_2024_92,EURO,2024,EELV,"Avant le dogme du libre-échange, l'Europe tirait la majeure partie de ses revenus des taxes aux frontières."
EELV_2024,EELV_2024_93,EURO,2024,EELV,"Aujourd'hui, ses ressources propres ne sont plus que de 25%, le reste relevant de la bonne volonté des États."
EELV_2024,EELV_2024_94,EURO,2024,EELV,Comment dans ces conditions parler d'Europe intégrée ?
EELV_2024,EELV_2024_95,EURO,2024,EELV,"Dotons enfin l'UE de la capacité à lever des impôts, en commençant par l'extension de la taxe carbone aux frontières à l'ensemble des produits manufacturés et substances toxiques, par un impôt sur la fortune (ISF) climatique et par la mise en place d'un véritable protectionnisme vert."
EELV_2024,EELV_2024_96,EURO,2024,EELV,"Mettons en place une fiscalité ambitieuse et coordonnée sur les entreprises, pour éviter le dumping fiscal entre les États de l'Union."
EELV_2024,EELV_2024_97,EURO,2024,EELV,"Réhaussons la protection sociale pour les travailleuses et travailleurs, les salaires et les revenus ; harmonisons par le haut les législations environnementales, en somme : construisons une Europe plus unie pour faire face aux défis du monde."
EELV_2024,EELV_2024_98,EURO,2024,EELV,"Une politique économique coordonnée, pour construire un tissu économique européen solide et solidaire, et éviter que les entreprises européennes ne se retrouvent systématiquement en position de faiblesse face à leurs concurrentes américaines ou chinoises."
EELV_2024,EELV_2024_99,EURO,2024,EELV,"Une Europe qui agisse d'un seul tenant pour transformer son économie plutôt que de laisser libre cours à la concurrence entre États, y compris pour ses aides d'État."
EELV_2024,EELV_2024_100,EURO,2024,EELV,Prenons l'exemple du médicament : nous importons jusqu'à 80% de nos substances actives de Chine et d'Inde.
EELV_2024,EELV_2024_101,EURO,2024,EELV,Comment penser que les États membres peuvent seuls faire face aux BigPharma ?
EELV_2024,EELV_2024_102,EURO,2024,EELV,"Pendant les crises, plus la taille d’une économie est modeste, plus elle est exposée."
EELV_2024,EELV_2024_103,EURO,2024,EELV,"La solidarité économique européenne s'est affirmée pendant le COVID, pour aussitôt disparaître malgré la guerre que Poutine mène à l'Ukraine."
EELV_2024,EELV_2024_104,EURO,2024,EELV,"L'Europe, paradoxalement, n'a pas compris que l'union fait la force."
EELV_2024,EELV_2024_105,EURO,2024,EELV,Il est temps d'y remédier.
EELV_2024,EELV_2024_106,EURO,2024,EELV,"Une diplomatie, sécurité et une défense communes, c’est-à-dire non seulement une armée européenne, mais également une stratégie politique commune, afin d’assurer l’autonomie et la protection du Vieux continent dans un monde marqué la dérive impérialiste de la Russie à l’Est et l’inconstance de l’allié américain historique à l’Ouest."
EELV_2024,EELV_2024_107,EURO,2024,EELV,C'est ce que propose notre programme.
EELV_2024,EELV_2024_108,EURO,2024,EELV,01 UNE EUROPE QUI RÉENCASTRE SON ÉCONOMIE DANS LES LIMITES PLANÉTAIRES PASSER D’UNE ÉCONOMIE QUI DETRUIT À UNE ÉCONOMIE QUI RÉPARE.
EELV_2024,EELV_2024_109,EURO,2024,EELV,"Nous dépassons 6 des 9 limites planétaires, seuils à ne pas dépasser, calculés par les scientifiques, si nous voulons préserver une planète habitable."
EELV_2024,EELV_2024_110,EURO,2024,EELV,Nous devons ré-encastrer l’économie dans les limites planétaires et la mettre au service d’une vie digne pour chaque être humain.
EELV_2024,EELV_2024_111,EURO,2024,EELV,Les lois de l’économie ne sont pas au-dessus des lois de la nature.
EELV_2024,EELV_2024_112,EURO,2024,EELV,Il faut sortir de l’idée folle selon laquelle une croissance infinie dans un monde fini est possible.
EELV_2024,EELV_2024_113,EURO,2024,EELV,01 UN TRAITÉ ENVIRONNEMENTAL POUR FAIRE DE LA PROTECTION DE L'ENVIRONNEMENT LA NORME DES NORMES.
EELV_2024,EELV_2024_114,EURO,2024,EELV,"Si nous voulons réussir à faire en sorte que l’économie de l’Union européenne œuvre dans le respect d’un plafond environnemental, correspondant aux limites planétaires, et d'un plancher social matérialisé par le droit à une vie digne, alors il faut réorienter en profondeur l’ensemble des politiques qui sont menées, à commencer par les politiques économiques, budgétaires, monétaires..."
EELV_2024,EELV_2024_115,EURO,2024,EELV,"Ce sera l’objet de ce Traité que de faire en sorte que l’Europe se dote d’une boussole contraignante, faisant du respect de la nature la norme des normes."
EELV_2024,EELV_2024_116,EURO,2024,EELV,02 SORTIR DE L’AUSTÉRITÉ POUR INVESTIR DANS LA BIFURCATION ÉCOLOGIQUE.
EELV_2024,EELV_2024_117,EURO,2024,EELV,"L’Europe n’a pas été construite, à l'origine, pour une poignée d’actionnaires mais pour garantir la paix et la prospérité au plus grand nombre."
EELV_2024,EELV_2024_118,EURO,2024,EELV,Il faut donc la réorienter en profondeur pour retrouver cette orientation première.
EELV_2024,EELV_2024_119,EURO,2024,EELV,L’économie est la mère de toutes les batailles.
EELV_2024,EELV_2024_120,EURO,2024,EELV,"En rétablissant le Pacte de stabilité et de croissance, et les critères de Maastricht, de façon quasi-inchangée, la coalition du statu quo a porté atteinte à notre avenir."
EELV_2024,EELV_2024_121,EURO,2024,EELV,"Les nouvelles règles ne permettront ni de dégager les marges d'investissement nécessaires à l’atteinte de nos objectifs climatiques, ni de résoudre la crise sociale, ni de relocaliser notre économie."
EELV_2024,EELV_2024_122,EURO,2024,EELV,Nous avons besoin de tout changer.
EELV_2024,EELV_2024_123,EURO,2024,EELV,"D’une part transformer en profondeur la doctrine de la dette en Europe, les indicateurs de richesse, ceux du Semestre européen pour placer en leur cœur la nécessité d'une bifurcation écologique socialement juste."
EELV_2024,EELV_2024_124,EURO,2024,EELV,Ensuite dégager les moyens complémentaires pour investir ensemble au niveau européen.
EELV_2024,EELV_2024_125,EURO,2024,EELV,Nous voulons un vaste plan d’investissements publics d’au moins 260 milliards d’euros supplémentaires par an.
EELV_2024,EELV_2024_126,EURO,2024,EELV,"Cela requiert de tourner le dos à l’austérité pour que les États puissent prendre en charge la moitié de cette somme, l’autre devant faire l’objet d’un nouvel emprunt européen."
EELV_2024,EELV_2024_127,EURO,2024,EELV,03 METTRE LA POLITIQUE MONÉTAIRE AU SERVICE DE L'ÉCOLOGIE.
EELV_2024,EELV_2024_128,EURO,2024,EELV,"Nous proposons de mettre la Banque Centrale Européenne au service de la bifurcation juste, en plus de la lutte contre l’inflation."
EELV_2024,EELV_2024_129,EURO,2024,EELV,"Afin de permettre aux États et à l’Union europénne d’agir dans cette direction, la BCE doit pouvoir prêter directement aux États membres afin qu'ils financent leur transition sociale et environnementale sans dépendre des marchés financiers."
EELV_2024,EELV_2024_130,EURO,2024,EELV,"La BCE doit également pouvoir créer de la monnaie au service de la bifurcation, et appliquer des taux différenciés pour les activités de la transition."
EELV_2024,EELV_2024_131,EURO,2024,EELV,Cette activité doit être dirigée principalement vers les activités non rentables et pourtant indispensables pour faire face au dérèglement climatique (par exemple les rénovations des logements).
EELV_2024,EELV_2024_132,EURO,2024,EELV,Une épargne citoyenne pourra enfin être mise en place par la BCE et fléchée vers la bifurcation écologique.
EELV_2024,EELV_2024_133,EURO,2024,EELV,"Les dettes européennes détenues par la BCE seront auditées au regard de leur exposition au risque climatique, et restructurées lorsqu’elles sont injustes."
EELV_2024,EELV_2024_134,EURO,2024,EELV,"Enfin, la BCE doit d’urgence sortir des financements directs ou collatéraux des énergies fossiles, et mettre en place un fonds de défaisance des actifs échoués afin d’éviter une nouvelle crise bancaire liée au dérèglement climatique."
EELV_2024,EELV_2024_135,EURO,2024,EELV,04 UN BUY GREEN AND EUROPEAN ACT POUR PRIVILÉGIER LES PRODUITS VERTUEUX ET FAITS EN EUROPE.
EELV_2024,EELV_2024_136,EURO,2024,EELV,La commande publique représente 15% du PIB européen et 10% de l’empreinte carbone.
EELV_2024,EELV_2024_137,EURO,2024,EELV,"Alors que l’idée d’utiliser la commande publique pour défendre entreprises et productions européennes se déploie, nous disons que cette réorientation de l’économie européenne doit porter sur les produits vertueux, produits localement, bons pour la planète, ou engagés dans l’économie circulaire et la réparabilité."
EELV_2024,EELV_2024_138,EURO,2024,EELV,"Nous proposons de conditionner l’ensemble des subventions et aides publiques européennes aux entreprises aux conditions de maintien de l’emploi, de relocalisation de l’économie et de bifurcation écologique."
EELV_2024,EELV_2024_139,EURO,2024,EELV,"Nous utiliserons le levier de la commande publique pour accélérer la bifurcation, dans le même temps où nous déploierons un plan de soutien à l’économie à impact."
EELV_2024,EELV_2024_140,EURO,2024,EELV,Il s'agit de reconnaître au niveau européen les entreprises à missions ainsi qu’un Digital Green and Social Deal pour soutenir les organisations qui façonnent des services et produits numériques bons pour les humains et la planète (notamment dans les technologies bas carbone et à empreinte écologique minimale).
EELV_2024,EELV_2024_141,EURO,2024,EELV,05 BAISSER LA TVA SUR LES PRODUITS VERTS POUR RENDRE LES PRODUITS SAINS OU ISSUS DE L'ÉCONOMIE CIRCULAIRE ACCESSIBLES À TOUTES ET TOUS.
EELV_2024,EELV_2024_142,EURO,2024,EELV,"Nous devons à la fois permettre à toutes et tous d’accéder au bon, au bio, au sain, et soutenir les entreprises et activités de la bifurcation écologique et de la relocalisation de notre production."
EELV_2024,EELV_2024_143,EURO,2024,EELV,"Raison pour laquelle nous voulons une TVA ""verte et circulaire"", moins onéreuse, qui baisse les prix sur les produits vertueux, faits en Europe, créant de l’emploi, bons pour la santé et pour la nature."
EELV_2024,EELV_2024_144,EURO,2024,EELV,"Cet abaissement des prix ne peut se faire qu’à l’échelle européenne, alors relevons ce défi !"
EELV_2024,EELV_2024_145,EURO,2024,EELV,"Instaurons une TVA réduite voire nulle pour la réparation des produits, le recyclage, les biens sans produits toxiques ou faits en Europe avec de hautes ambitions sociales et environnementales."
EELV_2024,EELV_2024_146,EURO,2024,EELV,"Réparation de  machines à laver, jeans en coton faits en Europe, ou encore couches sans perturbateurs endocriniens ni produits toxiques : c’est gagnant pour la planète, gagnant pour la santé, gagnant pour le pouvoir d’achat et bon pour les entreprises européennes et donc les emplois."
EELV_2024,EELV_2024_147,EURO,2024,EELV,"Pour garantir que cet abaissement de TVA bénéficie à tous, nous mettrons en place des outils de régulation des prix."
EELV_2024,EELV_2024_148,EURO,2024,EELV,06 UN PROTECTIONNISME VERT POUR PROTÉGER NOS ENTREPRISES ET L’EMPLOI DE LA CONCURRENCE DÉLOYALE ET MIEUX PROTÉGER LA PLANÈTE.
EELV_2024,EELV_2024_149,EURO,2024,EELV,"Même les plus libéraux le disent désormais : la politique commerciale menée par l’Union européenne confine à la naïveté, d’autant plus quand aucune des grandes puissances économiques mondiales n’en respecte les règles."
EELV_2024,EELV_2024_150,EURO,2024,EELV,"Nous proposons de sortir des accords de libre-échange et d’inventer un système du juste commerce, qui permette à l’Europe de produire ce dont l’Europe a besoin dans le respect des limites de la planète et de la santé des populations."
EELV_2024,EELV_2024_151,EURO,2024,EELV,"Cela comprendra, sans s’y limiter, un alignement de la politique commerciale avec nos objectifs sociaux et environnementaux, et l'instauration des mesures-miroirs pour que nos importations respectent les mêmes normes que les produits européens."
EELV_2024,EELV_2024_152,EURO,2024,EELV,"Parce que la santé de tous nous importe et que les pollutions n’ont pas de frontières, nous interdirons la production et l’exportation de produits que nous jugeons inaptes pour le marché européen (plastiques, textiles, produits chimiques, déchets dangereux...)."
EELV_2024,EELV_2024_153,EURO,2024,EELV,"Nous souhaitons également étendre la taxe carbone aux frontières aux secteurs non encore concernés, aux produits toxiques dont les perturbateurs endocriniens, les nano-plastiques, les pesticides dangereux, ainsi qu’établir une Fair Tax (c’est-à-dire une taxe sur les salaires indécents) sur les produits importés."
EELV_2024,EELV_2024_154,EURO,2024,EELV,02 UNE EUROPE QUI AGIT POUR SAUVER LE CLIMAT.
EELV_2024,EELV_2024_155,EURO,2024,EELV,"Inondations, gels tardifs, sécheresses, feux de forêt."
EELV_2024,EELV_2024_156,EURO,2024,EELV,Nous vivons tous les jours les conséquences du dérèglement climatique.
EELV_2024,EELV_2024_157,EURO,2024,EELV,Il n'est plus possible de regarder ailleurs.
EELV_2024,EELV_2024_158,EURO,2024,EELV,Nous devons à la fois continuer à nous battre pour juguler la hausse globale des températures et nous adapter au nouveau régime climatique.
EELV_2024,EELV_2024_159,EURO,2024,EELV,Cela implique de mettre en place des politiques cohérentes et ambitieuses.
EELV_2024,EELV_2024_160,EURO,2024,EELV,01 OBJECTIF 100% RENOUVELABLES EN 2040.
EELV_2024,EELV_2024_161,EURO,2024,EELV,"Si nous voulons nous donner une chance de respecter les objectifs de l’Accord de Paris, l’Union européenne doit viser une réduction de ses émissions de gaz à effet de serre de 70% en 2030, et atteindre le 100% renouvelables dès 2040."
EELV_2024,EELV_2024_162,EURO,2024,EELV,Il faut être réaliste : le redéploiement du nucléaire ne sera pas susceptible de répondre à cette urgence.
EELV_2024,EELV_2024_163,EURO,2024,EELV,Seules la sobriété et les énergies renouvelables nous permettront d’atteindre cet objectif.
EELV_2024,EELV_2024_164,EURO,2024,EELV,"C’est possible, avec de la volonté politique, si nous nous en donnons les moyens."
EELV_2024,EELV_2024_165,EURO,2024,EELV,Nous proposons d’établir une stratégie européenne pour la sobriété et pour lutter contre la gabegie énergétique.
EELV_2024,EELV_2024_166,EURO,2024,EELV,"Nous proposons d’augmenter la production des énergies renouvelables et le déploiement de réseaux électriques européens, de sortir du charbon en 2030, du gaz en 2035, d’interdire immédiatement tout nouveau projet fossile en Europe et de mettre en place un plan de démantèlement des oléoducs et gazoducs ainsi que des infrastructures fossiles offshores (en mer)."
EELV_2024,EELV_2024_167,EURO,2024,EELV,02 UN FONDS DE SOUVERAINETÉ ÉCOLOGIQUE POUR SORTIR DES ÉNERGIES FOSSILES.
EELV_2024,EELV_2024_168,EURO,2024,EELV,"Aujourd'hui, les firmes européennes du pétrole et du gaz continuent à investir dans de nouvelles exploitations d’énergies fossiles quand les scientifiques et l’Agence Internationale de l’Énergie nous demandent de ne plus en ouvrir aucun."
EELV_2024,EELV_2024_169,EURO,2024,EELV,"Nous avons obtenu la mise en place d’un devoir de vigilance climatique par les plus grandes entreprises, mais cela ne suffira pas."
EELV_2024,EELV_2024_170,EURO,2024,EELV,Nous devons reprendre en main les entreprises pétro-gazières européennes afin de réorienter l’ensemble de leurs investissements vers les énergies renouvelables.
EELV_2024,EELV_2024_171,EURO,2024,EELV,"C’est bon pour la planète, c’est bon pour l’emploi, c’est bon pour notre souveraineté et notre indépendance à l’égard de régimes autoritaires comme la Russie de Vladimir Poutine, le Qatar ou l’Azerbaïdjan."
EELV_2024,EELV_2024_172,EURO,2024,EELV,"Nous proposons un Fonds européen de souveraineté écologique, adossé à la BEI, pour que l’Europe devienne actionnaire majoritaire des entreprises pétro-gazières et puisse réorienter l’intégralité de leur stratégie vers le respect de l’Accord de Paris pour le climat."
EELV_2024,EELV_2024_173,EURO,2024,EELV,"Ce fonds sera doté de 100 milliards d’euros, soit un peu moins que ce que l’Europe a accordé aux entreprises fossiles en 2022."
EELV_2024,EELV_2024_174,EURO,2024,EELV,"03 UN PLAN DE REPORT MODAL POUR PASSER DU CAMION ET DE L’AVION AU RAIL ET AU VÉLO C’est simple : les lobbies ont confisqué la mobilité des citoyennes et citoyens, en poussant les puissances publiques à investir toujours plus dans la route et l’aviation au détriment des moyens de transport moins polluants."
EELV_2024,EELV_2024_175,EURO,2024,EELV,"Ce n’est donc pas aux citoyennes et citoyens de payer le prix de la transition, mais à l’industrie et aux États qui doivent revenir sur les choix qui ont été les leurs."
EELV_2024,EELV_2024_176,EURO,2024,EELV,Nous proposons un plan de report modal pour privilégier le ferroviaire et les mobilités douces.
EELV_2024,EELV_2024_177,EURO,2024,EELV,La fin des exonérations fiscales sur l’aviation et le transport maritime permettra de dégager des moyens pour investir dans le vélo comme dans le train.
EELV_2024,EELV_2024_178,EURO,2024,EELV,"Rénovation des lignes, nouvelles lignes pour le fret et lignes de voyageurs de proximité : les besoins sont nombreux et la mise en place d’un ticket-climat indispensable à la justice sociale."
EELV_2024,EELV_2024_179,EURO,2024,EELV,Nous nous opposons au démantèlement de la branche fret de la SNCF.
EELV_2024,EELV_2024_180,EURO,2024,EELV,"Il faut aussi changer les règles pour alléger le poids des voitures, revenir sur l’autorisation des méga-camions et mettre en place un budget carbone dédié à l’aviation permettant de faire réduire le trafic aérien, l’interdiction des vols intra-européens quand des alternatives de moins de 4h30 existent, des vols d’entreprises et de moins de 60 passagers."
EELV_2024,EELV_2024_181,EURO,2024,EELV,04.
EELV_2024,EELV_2024_182,EURO,2024,EELV,SORTIR LA FINANCE DES ACTIVITÉS CLIMATICIDES.
EELV_2024,EELV_2024_183,EURO,2024,EELV,"Les règles bancaires et prudentielles, même modifiées pendant cette mandature, ne permettent pas de réorienter la finance ni même de nous protéger d’une nouvelle crise bancaire."
EELV_2024,EELV_2024_184,EURO,2024,EELV,"Il faut mettre en place des taux différenciés, des ratios stricts pour stopper le financement bancaire des actifs carbonés : tout investissement d’1€ dans les actifs bruns doit être articulé avec l’investissement de 6€ dans les actifs verts afin d’inverser les équilibres en matière de  gestion d’actifs par les banques et acteurs financiers."
EELV_2024,EELV_2024_185,EURO,2024,EELV,Les banques et le secteur financier doivent être soumis à la loi sur le devoir de vigilance et mettre en place des plans de bifurcation écologique justes.
EELV_2024,EELV_2024_186,EURO,2024,EELV,"Nous devons aussi réglementer la crypto-monnaie et achever la séparation bancaire entre les banques de dépôt, nécessaires au fonctionnement de l’économie réelle, et les banques d’investissement qui pratiquent des activités financières aux risques accrus et volatiles, afin que les spéculateurs ne mettent pas en risque l'épargne des ménages."
EELV_2024,EELV_2024_187,EURO,2024,EELV,"Le nouveau régime climatique s’impose déjà à nous, rendant maisons et entreprises inhabitables du fait de la montée des eaux, des fissures d’argile ou des feux de forêt, sacrifiant des récoltes paysannes, endommageant les services publics..."
EELV_2024,EELV_2024_188,EURO,2024,EELV,Nous devons inventer les protections sociales liées au nouveau régime climatique.
EELV_2024,EELV_2024_189,EURO,2024,EELV,Nous proposons d’encadrer l’activité des assurances face au dérèglement climatique et la mise en place d’une protection socio-climatique commune au niveau européen pour indemniser les pertes liées au dérèglement climatique sans injustice sociale.
EELV_2024,EELV_2024_190,EURO,2024,EELV,"Nous souhaitons mettre en place un fonds pour l’adaptation au dérèglement climatique, financé par un emprunt européen de résilience."
EELV_2024,EELV_2024_191,EURO,2024,EELV,"Il nous permettra d'investir dans des solutions d'adaptation fondées sur la nature, dans la transformation de nos villes et infrastructures et dans le déploiement d'un cadre commun de gestion de l'eau."
EELV_2024,EELV_2024_192,EURO,2024,EELV,"Nous voulons également une réserve européenne de protection civile, protéger le statut des sapeurs-pompiers volontaires français et construire des ""Canadairs européens""."
EELV_2024,EELV_2024_193,EURO,2024,EELV,03 UNE EUROPE QUI PRÉSERVE ENFIN LE VIVANT ET LES COMMUNS NATURELS.
EELV_2024,EELV_2024_194,EURO,2024,EELV,"Après la reconnaissance du crime d’écocide, arrachée par les Écologistes, il reste beaucoup à faire pour protéger nos écosystèmes."
EELV_2024,EELV_2024_195,EURO,2024,EELV,Le dérèglement climatique accélère l’effondrement de la biodiversité et la 6ème extinction de masse.
EELV_2024,EELV_2024_196,EURO,2024,EELV,Nous devons absolument réduire notre impact sur l'environnement et prendre soin de la nature pour la préserver et lui permettre de se restaurer et de s’adapter au nouveau régime climatique.
EELV_2024,EELV_2024_197,EURO,2024,EELV,"La nature est notre meilleure alliée face aux bouleversements climatiques, environnementaux et sociaux que nous allons connaître."
EELV_2024,EELV_2024_198,EURO,2024,EELV,01 INSTAURER UN DROIT À LA NATURE.
EELV_2024,EELV_2024_199,EURO,2024,EELV,"Nous voulons la restauration de la nature, que nous avons défendue lors de la dernière mandature contre l'alliance des droites et dont les objectifs doivent être réhaussés et accompagnés d'investissements."
EELV_2024,EELV_2024_200,EURO,2024,EELV,Nous nous battrons pour un droit d’accès à des espaces naturels en Europe et le droit à un jardin potager près de chez soi.
EELV_2024,EELV_2024_201,EURO,2024,EELV,"Nous voulons sanctuariser les communs naturels et reconnaître leurs droits, un texte contraignant pour la santé des sols et une loi zéro artificialisation nette au niveau européen."
EELV_2024,EELV_2024_202,EURO,2024,EELV,"Nous voulons un Défenseur de l’environnement, la compétence environnementale au Parquet européen, une directive cadre garantissant l’accès à la justice et à la compensation pour les victimes, un droit d’action collective face aux pollueurs."
EELV_2024,EELV_2024_203,EURO,2024,EELV,02 FAIRE RENAÎTRE UNE FORÊT PRIMAIRE EN EUROPE.
EELV_2024,EELV_2024_204,EURO,2024,EELV,"Nous voulons protéger les forêts (interdiction des coupes rases, plan de réhabilitation des petites scieries et interdiction de l’export des grumes, encadrer la biomasse forestière et l’agrivoltaïsme) et recréer une forêt primaire en Europe de l’Ouest."
EELV_2024,EELV_2024_205,EURO,2024,EELV,"Concrètement, il s’agit de permettre la protection d’un espace de grande superficie dans lequel une forêt existante évoluera de façon autonome, renouvelant et développant sa faune et sa flore sans aucune intervention humaine."
EELV_2024,EELV_2024_206,EURO,2024,EELV,"03 METTRE EN PLACE UN PACTE BLEU POUR PRÉSERVER LES FLEUVES, GLACIERS ET OCÉANS."
EELV_2024,EELV_2024_207,EURO,2024,EELV,L'eau est une ressource précieuse.
EELV_2024,EELV_2024_208,EURO,2024,EELV,Nous devons la préserver.
EELV_2024,EELV_2024_209,EURO,2024,EELV,"La 6e limite planétaire, le cycle de l'eau douce, a été dépassée en février 2022."
EELV_2024,EELV_2024_210,EURO,2024,EELV,"En France, nous avons perdu 14% des ressources (nappes et pluies) et l’eau est partout polluée..."
EELV_2024,EELV_2024_211,EURO,2024,EELV,"La conjonction de la raréfaction de la ressource en eau et de dégradation générent des conflits d’usages entre les citoyens, l'agriculture et des activités telles que le tourisme ou les golfs."
EELV_2024,EELV_2024_212,EURO,2024,EELV,Prendre soin de cette ressource vitale et garantir le partage de la ressource est indispensable.
EELV_2024,EELV_2024_213,EURO,2024,EELV,"Nous proposons un pacte bleu pour restaurer les fleuves, les rivières et les zones humides, de sorte à permettre et favoriser définitivement l’accès à l’eau potable pour toutes et tous, notamment en Guadeloupe et à Mayotte, ou lors des périodes de sécheresse."
EELV_2024,EELV_2024_214,EURO,2024,EELV,"Nous voulons une loi sur la résilience de l’eau et le partage de ce commun naturel, visant par exemple à interdire les méga-bassines."
EELV_2024,EELV_2024_215,EURO,2024,EELV,"Nous voulons changer la gouvernance des mers et des océans qui doivent être sanctuarisés et notamment la fin de l’exploitation des fossiles offshore, l’interdiction des exploitations minières en eaux profondes, et faire enfin de vraies aires marines protégées (10% strictement protégées dans lesquelles les activités industrielles seront interdites)."
EELV_2024,EELV_2024_216,EURO,2024,EELV,04 INTERDIRE LES PRODUITS CHIMIQUES DANGEREUX ET SORTIR DU PLASTIQUE.
EELV_2024,EELV_2024_217,EURO,2024,EELV,"Face à l’explosion des maladies chroniques et des cancers, nous affirmons que la santé doit primer sur le profit et que seuls les produits dont les industriels auront prouvé l'innocuité pourront être autorisés."
EELV_2024,EELV_2024_218,EURO,2024,EELV,"Sortir des produits toxiques est impératif si nous voulons protéger notre santé  : PFAS, perturbateurs endocriniens, pesticides dangereux... doivent être interdits immédiatement."
EELV_2024,EELV_2024_219,EURO,2024,EELV,"Aussi, nous devons sortir du plastique (en 2050) dont les déchets s’amoncellent et étouffent l’environnement et le vivant."
EELV_2024,EELV_2024_220,EURO,2024,EELV,"La fin des produits toxiques aura d’immenses effets positifs pour la santé des populations, des sols, de l’air et de l’eau, et sera source d’économie pour les dépenses publiques de santé."
EELV_2024,EELV_2024_221,EURO,2024,EELV,05 CONDUIRE UNE STRATÉGIE AMBITIEUSE POUR LE BIEN-ÊTRE ANIMAL.
EELV_2024,EELV_2024_222,EURO,2024,EELV,Nous voulons une directive et un commissaire pour la condition animale.
EELV_2024,EELV_2024_223,EURO,2024,EELV,Nous voulons mieux protéger les animaux de l’expérimentation.
EELV_2024,EELV_2024_224,EURO,2024,EELV,"Nous voulons interdire l’élevage en cage, les fermes-usines, l’élevage des animaux à fourrure."
EELV_2024,EELV_2024_225,EURO,2024,EELV,Nous voulons améliorer les conditions de transport des animaux et limiter les souffrances endurées dans les abattoirs que les parlementaires doivent avoir le droit de visiter.
EELV_2024,EELV_2024_226,EURO,2024,EELV,"Nous voulons un plan pour les animaux domestiques, pour protéger les espèces et lutter contre les trafics."
EELV_2024,EELV_2024_227,EURO,2024,EELV,04 UNE EUROPE QUI RÉUSSIT LA TRANSITION DE L'AGRICULTURE ET DE LA PÊCHE : DES REVENUS DIGNES ET DES PRATIQUES PLUS ECOLOGIQUES.
EELV_2024,EELV_2024_228,EURO,2024,EELV,Nous devons construire un système agricole et halieutique qui soit compatible avec la poursuite de nos objectifs climatiques et notre souveraineté alimentaire en permettant à chacun et à chacune de manger à sa faim et de manière saine.
EELV_2024,EELV_2024_229,EURO,2024,EELV,"01 UNE PAC PLUS VERTE, PLUS JUSTE, POURVOYEUSE D’EMPLOIS."
EELV_2024,EELV_2024_230,EURO,2024,EELV,"Nous voulons garantir le revenu et sa prévisibilité aux paysans, paysannes, pêcheurs, et pêcheuses, à travers des mécanismes de régulation des prix et des subventions distribuées de manière juste, pour permettre à chacun de vivre de son travail."
EELV_2024,EELV_2024_231,EURO,2024,EELV,"La PAC devra être basée sur une rémunération à l’actif plutôt qu’à l’hectare, avec un plafonnement des aides aux grandes exploitations, et soutenir les pratiques écologiques vertueuses."
EELV_2024,EELV_2024_232,EURO,2024,EELV,"La bio devra être soutenue, et les marges de l’agro-alimentaire encadrées."
EELV_2024,EELV_2024_233,EURO,2024,EELV,"Les quotas seront réalloués pour la pêche là aussi en favorisant la pêche artisanale, les pratiques écologiques et la création d'emplois."
EELV_2024,EELV_2024_234,EURO,2024,EELV,"En parallèle, seuls les navires de moins de 25 mètres auront accès à la pêche côtière de sorte à préserver les ressources halieutiques et l’emploi sur les territoires."
EELV_2024,EELV_2024_235,EURO,2024,EELV,02 UN FONDS DE TRANSITION POUR L'AGRICULTURE ET POUR LA PÊCHE.
EELV_2024,EELV_2024_236,EURO,2024,EELV,"Nous devons accompagner les paysans, paysannes, pêcheurs, et pêcheuses, dans leur conversion aux pratiques agro-écologiques afin d'assurer la résilience de leurs activités face au dérèglement climatique (perte de rendement, calamités ou catastrophes)."
EELV_2024,EELV_2024_237,EURO,2024,EELV,"Pour cela, nous proposons la création d'un Fonds de transition agricole et de pêche, garantissant aux paysans et pêcheurs engagés dans la transition une visibilité à trois ans sur leurs revenus."
EELV_2024,EELV_2024_238,EURO,2024,EELV,03 METTRE FIN AUX PRATIQUES AGRICOLES ET DE PÊCHE DESTRUCTRICES.
EELV_2024,EELV_2024_239,EURO,2024,EELV,"Il faut réduire de façon ambitieuse l’utilisation des pesticides et des engrais de synthèse, protéger les Européennes et Européens des OGM, et interdire le chalutage de fond dans les aires marines protégées et de manière générale, sortir de toutes les pratiques de pêche destructrices."
EELV_2024,EELV_2024_240,EURO,2024,EELV,Il faut éviter le piège des fermes-usines à poissons qui cherchent à s’installer sur le continent et sortir progressivement des fermes-usines à animaux.
EELV_2024,EELV_2024_241,EURO,2024,EELV,"Pour ce faire, nous devons développer un système alimentaire adapté en soutenant la transformation des filières, des projets de rapprochement de la production et de la consommation comme les Sécurités sociales de l’alimentation et imposer les produits verts et locaux dans la restauration collective publique comme privée."
EELV_2024,EELV_2024_242,EURO,2024,EELV,Nous voulons interdire sans attendre le chalutage dans les Aires Marines Protégées.
EELV_2024,EELV_2024_243,EURO,2024,EELV,04 ASSURER LE RENOUVELLEMENT DES GÉNÉRATIONS.
EELV_2024,EELV_2024_244,EURO,2024,EELV,Le nombre de départs en retraite pose une question cruciale : de quelle agriculture et de quelle pêche voulons-nous ?
EELV_2024,EELV_2024_245,EURO,2024,EELV,"Pour nous le choix est clair : nous voulons de l'emploi, dignement rémunéré et un partage des ressources."
EELV_2024,EELV_2024_246,EURO,2024,EELV,"Pour cela, nous devons dégager les moyens d'accompagner les nouvelles installations, quel que soit l'âge des arrivants, et dans des modèles respectueux de la nature."
EELV_2024,EELV_2024_247,EURO,2024,EELV,"Nous soutiendrons donc la mise en place d’un mécanisme de dotation de carrière, procurant une partie des moyens de production (ferme, terre, machine, bétail, etc)."
EELV_2024,EELV_2024_248,EURO,2024,EELV,"Cela veut aussi dire lutter contre la financiarisation de nos fermes et garantir une agriculture familiale, nous proposons donc de plafonner la taille des exploitations lors de leur transmission."
EELV_2024,EELV_2024_249,EURO,2024,EELV,"Nous demandons également, en particulier pour l'outre-mer, des aides à la passation, à la réparation et à la montée en gamme environnementale des navires."
EELV_2024,EELV_2024_250,EURO,2024,EELV,05 SORTIR DU LIBRE-ÉCHANGE ET METTRE EN PLACE UNE POLITIQUE COMMERCIALE JUSTE.
EELV_2024,EELV_2024_251,EURO,2024,EELV,"Les accords de libre-échange reposent sur un dogme dépassé, celui que le libre commerce garantit la paix, et l'idée folle selon laquelle nous pouvons pourchasser une croissance infinie dans un monde fini."
EELV_2024,EELV_2024_252,EURO,2024,EELV,"Pour vendre des voitures, l'Europe a sacrifié son agriculture."
EELV_2024,EELV_2024_253,EURO,2024,EELV,"Nous voulons sortir des accords de libre-échange et mettre en place une politique commerciale juste, qui ne se soucie pas seulement des indispensables clauses-miroirs, mais nous permet également de produire en Europe ce dont l'Europe a besoin."
EELV_2024,EELV_2024_254,EURO,2024,EELV,"Nous voulons la souveraineté alimentaire ici, et partout."
EELV_2024,EELV_2024_255,EURO,2024,EELV,"Cela signifie que nous souhaitons également réformer les accords agricoles et de pêche avec les pays du Sud, qui permettent aujourd'hui le pillage de leurs ressources."
EELV_2024,EELV_2024_256,EURO,2024,EELV,05 UNE EUROPE QUI PROTÈGE FACE À L’EXPLOSION DES INÉGALITES ET AU NOUVEAU RÉGIME CLIMATIQUE.
EELV_2024,EELV_2024_257,EURO,2024,EELV,L’Europe s’est construite sur les ruines encore fumantes de la Seconde Guerre mondiale pour assurer la prospérité du plus grand nombre.
EELV_2024,EELV_2024_258,EURO,2024,EELV,Mais le paradigme néolibéral qui a accompagné toutes les phases de l’intégration européenne a détricoté le maillage de services publics et de solidarités qui constitue le filet de sécurité dans nos vies remplies de vulnérabilité.
EELV_2024,EELV_2024_259,EURO,2024,EELV,La crise du Covid a exposé les vulnérabilités des plus fragiles et rappelé le rôle essentiel des travailleuses et travailleurs de “première ligne”.
EELV_2024,EELV_2024_260,EURO,2024,EELV,"La crise énergétique et l’inflation qui ont pris le relai de la crise sanitaire, toutes deux liées à notre dépendance aux énergies fossiles, ont une nouvelle fois fait peser l’impréparation des gouvernements européens à la transition énergétique sur les plus pauvres, faisant de la précarité énergétique une vulnérabilité environnementale majeure des sociétés européennes et faisant éclater le fléau de l’insécurité alimentaire."
EELV_2024,EELV_2024_261,EURO,2024,EELV,C’est d’une Europe de la justice et prônant la lutte conjointe contre les inégalités sociales et environnementales dont nous avons besoin pour protéger ensemble nos vulnérabilités et prendre soin de chacun et chacune.
EELV_2024,EELV_2024_262,EURO,2024,EELV,"Car, c’est du volontarisme politique dont dépendent les coupures d’électricité ou de chauffage, la capacité à remplir son frigo avec une alimentation saine, ou encore la capacité à se soigner ou à poursuivre ses études."
EELV_2024,EELV_2024_263,EURO,2024,EELV,La dignité doit devenir la boussole des actions de l’Union européenne.
EELV_2024,EELV_2024_264,EURO,2024,EELV,GARANTIR LA JUSTICE SOCIALE EN CRÉANT DE NOUVEAUX DROITS.
EELV_2024,EELV_2024_265,EURO,2024,EELV,"En Europe, la précarité explose."
EELV_2024,EELV_2024_266,EURO,2024,EELV,Plus d’une personne sur cinq est menacée de pauvreté ou d’exclusion sociale.
EELV_2024,EELV_2024_267,EURO,2024,EELV,En cause ?
EELV_2024,EELV_2024_268,EURO,2024,EELV,"Une Europe qui a trop cédé au marché, et oublié de rendre concret le principe de « ne laisser personne de côté »."
EELV_2024,EELV_2024_269,EURO,2024,EELV,"Mais aussi des politiques nationales qui, comme en France, nourrissent le mépris, la peur et la stigmatisation des personnes en situation de précarité ; en somme, des pauvres."
EELV_2024,EELV_2024_270,EURO,2024,EELV,Ce n’est pas inéluctable.
EELV_2024,EELV_2024_271,EURO,2024,EELV,01 UN DROIT DE VETO SOCIAL POUR INVERSER LA COURBE DES INÉGALITÉS.
EELV_2024,EELV_2024_272,EURO,2024,EELV,"Il est une mesure qui permettrait de faire de la lutte contre la pauvreté et les injustices sociales la colonne vertébrale de l’action européenne, et par effet ricochet en France : un droit de veto social européen, pour que plus aucune mesure votée dans l’Union européenne ne puisse dégrader les conditions de vie des plus précaires."
EELV_2024,EELV_2024_273,EURO,2024,EELV,"Avec le droit de veto social européen, toute législation européenne devra démarrer par une consultation des personnes concernées – pour ne plus confisquer la voix des plus fragiles – et évaluer l’impact de tout projet de réforme sur les 10% les plus pauvres pour éviter toute discrimination socioéconomique cachée."
EELV_2024,EELV_2024_274,EURO,2024,EELV,"Il passera aussi par la création d’un poste de Défenseur des droits, chargé d’organiser la participation des plus précaires à l’analyse de l’impact des législations sur leurs conditions d'existence."
EELV_2024,EELV_2024_275,EURO,2024,EELV,02 UN REVENU MINIMUM EUROPÉEN À COMMENCER PAR UN REVENU DE FORMATION POUR LES JEUNES.
EELV_2024,EELV_2024_276,EURO,2024,EELV,"Nous proposons une directive sur le revenu minimum pour que chacun puisse vivre dans la dignité ; à commencer par un revenu européen de formation pour que tous les jeunes, quel que soit leur niveau de diplôme initial, aient les moyens de se former."
EELV_2024,EELV_2024_277,EURO,2024,EELV,"03 EAU, ALIMENTATION, ÉNERGIE : GARANTIR LES BESOINS ESSENTIELS."
EELV_2024,EELV_2024_278,EURO,2024,EELV,"Nous voulons sortir les services publics de l’impératif de concurrence, notamment en libérant les entreprises publiques qui réalisent des services d’intérêt économique général (SIEG) des règles de concurrence afin de sortir de la logique marchande les biens et secteurs essentiels à une vie digne (santé, énergie, eau, alimentation, logement social, …)."
EELV_2024,EELV_2024_279,EURO,2024,EELV,"Nous voulons une tarification sociale et progressive, avec les premières consommations gratuites, de tout ce qui constitue nos besoins de subsistance : l’énergie, tout en interdisant les coupures d’énergie ; l’eau en instaurant un droit universel à une eau de qualité, non polluée, accessible notamment en Guadeloupe et à Mayotte ; à une alimentation saine et durable avec des sécurités sociales de l’alimentation au sein des États membres."
EELV_2024,EELV_2024_280,EURO,2024,EELV,04 GARANTIR LE DROIT À UN LOGEMENT SAIN.
EELV_2024,EELV_2024_281,EURO,2024,EELV,"Nous voulons garantir le droit au logement opposable au niveau européen, avec la volonté d’impulser une politique européenne de maîtrise des prix des loyers et des ventes, et de lutter contre la financiarisation du logement, l’action néfaste des plateformes de location courte durée et le sans-abrisme."
EELV_2024,EELV_2024_282,EURO,2024,EELV,Nous porterons un plan d’investissement massif dans la construction de logements sociaux et la rénovation des logements sans reste à charge pour les ménages n’en n’ayant pas les moyens.
EELV_2024,EELV_2024_283,EURO,2024,EELV,"Nous commencerons par les hôpitaux, maisons de naissance et de fin de vie, et les centres de santé."
EELV_2024,EELV_2024_284,EURO,2024,EELV,06 UNE EUROPE QUI AGIT POUR L’EMPLOI.
EELV_2024,EELV_2024_285,EURO,2024,EELV,"Quand les droites affirment que ce sont les normes écologiques qui ont détruit l’emploi, nous répondons que c’est leur politique libérale qui y a porté atteinte en conduisant à des délocalisations multiples le tout sans aucun accompagnement dans l’emploi."
EELV_2024,EELV_2024_286,EURO,2024,EELV,Nous ne sommes pas naïfs.
EELV_2024,EELV_2024_287,EURO,2024,EELV,"Nous savons que la sortie des activités qui détruisent la planète et le déploiement d’activités qui la réparent aura des conséquences tant individuelles que collectives sur les salariés et les salariées, qui sont les premiers moteurs et garants de la bifurcation écologique et sociale de nos économies."
EELV_2024,EELV_2024_288,EURO,2024,EELV,01 METTRE EN PLACE UN PACTE POUR L’EMPLOI MOBILISANT ET PROTÉGEANT LES TRAVAILLEURS ET LES TRAVAILLEUSES DANS LA BIFURCATION DE NOTRE ÉCONOMIE.
EELV_2024,EELV_2024_289,EURO,2024,EELV,"Nous proposons un Pacte pour l’emploi, porté par les syndicats, qui permette d’orienter le rythme et la manière d’opérer la bifurcation écologique à commencer par les secteurs à faire bifurquer en priorité : les énergies fossiles et les produits toxiques."
EELV_2024,EELV_2024_290,EURO,2024,EELV,"Nous voulons une assurance chômage-formation au niveau européen pour tous les secteurs concernés par la bifurcation et un droit de préemption européen qui pourrait être porté tant par les salariés que par les collectivités et pouvoirs publics pour toutes les entreprises qui souhaitent délocaliser alors que leurs activités sont indispensables à la transition, à la souveraineté, ou aux besoins essentiels."
EELV_2024,EELV_2024_291,EURO,2024,EELV,"Ce Pacte devra permettre d’avancer vers la réduction du temps de travail, la semaine de 4 jours et adapter le droit du travail européen au nouveau régime climatique en particulier en limitant le travail en période de fortes chaleurs et événements climatiques extrêmes ou catastrophes naturelles."
EELV_2024,EELV_2024_292,EURO,2024,EELV,"Les maladies professionnelles liées au dérèglement climatique ou aux produits toxiques (amiante, chlordécone, poussières de mines...) seront reconnues et indemnisées."
EELV_2024,EELV_2024_293,EURO,2024,EELV,02 IMPULSER UNE POLITIQUE INDUSTRIELLE DE SORTIE DES TOXIQUES.
EELV_2024,EELV_2024_294,EURO,2024,EELV,"Nous proposons la mise en place d’un Fonds territorial de sortie des toxiques, sur le modèle du fonds de transition juste, ayant vocation à faire de l’Europe le leader planétaire  de la dépollution du monde."
EELV_2024,EELV_2024_295,EURO,2024,EELV,"Ce fonds soutiendra les territoires, les entreprises et les salariés dans la reconversion, la diversification économique ou la transition vers des modes de production sans toxiques (recherche, formation des employés, transformation des matériels et des installations existantes)."
EELV_2024,EELV_2024_296,EURO,2024,EELV,"Le fonds, nourri par la contribution des pollueurs ainsi qu’à travers une taxe aux frontières, visera la dépollution des zones industrielles et minières et des milieux, notamment aquatiques."
EELV_2024,EELV_2024_297,EURO,2024,EELV,Aucun travailleur ne sera laissé sans solution.
EELV_2024,EELV_2024_298,EURO,2024,EELV,"03 PROTÉGER LES DROITS DES TRAVAILLEURS ET DES TRAVAILLEUSES, RENFORCER LES LIBERTÉS SYNDICALES ET INSTAURER UNE GARANTIE À L'EMPLOI POUR LES PERSONNES ÉLOIGNÉES DE L'EMPLOI."
EELV_2024,EELV_2024_299,EURO,2024,EELV,Nous voulons accroître la démocratie en entreprise et protéger partout les libertés syndicales.
EELV_2024,EELV_2024_300,EURO,2024,EELV,"Nous voulons des emplois décents, établir un cadre européen pour la convergence vers le haut des salaires en visant des salaires décents en Europe et en France, ainsi qu’une clause de l’ouvrier le plus favorisé."
EELV_2024,EELV_2024_301,EURO,2024,EELV,"Nous voulons limiter les écarts de salaire de 1 à 20 au sein des entreprises, un plan zéro mort au travail, un droit à la déconnexion et lutter contre la répression syndicale dans l’Union."
EELV_2024,EELV_2024_302,EURO,2024,EELV,Nous voulons une Garantie à l’emploi basée sur l’extension européenne des territoires zéro chômeurs de longue durée.
EELV_2024,EELV_2024_303,EURO,2024,EELV,"COMME DANS VOS VILLES, AU PARLEMENT EUROPÉEN, VOUS POUVEZ COMPTER SUR LES ÉCOLOGISTES TOUS LES JOURS LES ÉCOLOGISTES AGISSENT."
EELV_2024,EELV_2024_304,EURO,2024,EELV,"À Strasbourg, Jeanne Barseghian a lancé le dispositif « ordonnances vertes » : sur recommandation des sages-femmes, les femmes enceintes et jeunes mamans ont accès à une alimentation saine, sans pesticides ni produits toxiques, le tout sans conditions de revenus !"
EELV_2024,EELV_2024_305,EURO,2024,EELV,"Dans la droite ligne du combat mené par les écologistes contre les produits toxiques, à l’Assemblée nationale et à Bruxelles contre les PFAS ou les pesticides..."
EELV_2024,EELV_2024_306,EURO,2024,EELV,"À Poitiers, Léonore Moncond’huy a lancé « Vacances pour tous » qui permet à chaque enfant, quel que soit son niveau de vie, d’avoir accès à la nature, à la mer, au moins une fois dans l’année."
EELV_2024,EELV_2024_307,EURO,2024,EELV,"À Lyon, la Métropole dirigée par Bruno Bernard a mis en place des solutions de logement pour les mères seules au foyer, et mobilisé d’autres grandes villes européennes pour pousser l’Union européenne à agir plus et mieux en matière de logement social dans les villes européennes."
EELV_2024,EELV_2024_308,EURO,2024,EELV,Les 12 premiers mètres cube d’eau y sont gratuits.
EELV_2024,EELV_2024_309,EURO,2024,EELV,"À Bordeaux, Grenoble, Annecy, Besançon, les maires verts organisent la transition écologique en améliorant tous les jours votre vie quotidienne."
EELV_2024,EELV_2024_310,EURO,2024,EELV,"AU PARLEMENT EUROPÉEN, DEPUIS 2019, LES ÉCOLOGISTES N'ONT JAMAIS CESSÉ D'AGIR POUR VOUS."
EELV_2024,EELV_2024_311,EURO,2024,EELV,La mise en place un Pacte Vert européen qui a posé l’objectif de la neutralité carbone en Europe d’ici 2050.
EELV_2024,EELV_2024_312,EURO,2024,EELV,La création d'un fonds de relance post-covid de 800 milliards par un emprunt commun au nom de l’UE.
EELV_2024,EELV_2024_313,EURO,2024,EELV,Le fléchage de 30% du budget de l’UE aux objectifs climatiques et 10% à la préservation de la biodiversité.
EELV_2024,EELV_2024_314,EURO,2024,EELV,La reconnaissance du crime d’écocide et la création des outils de lutte contre la criminalité environnementale.
EELV_2024,EELV_2024_315,EURO,2024,EELV,L'interdiction de l’ajout intentionnel de microplastiques dans différents produits (règlement REACH).
EELV_2024,EELV_2024_316,EURO,2024,EELV,La réduction de la déforestation et la dégradation des forêts induites par l’UE avec la contrainte de produits “sans déforestation” au niveau mondial.
EELV_2024,EELV_2024_317,EURO,2024,EELV,La définition d'un objectif de neutralité carbone à horizon 2050 avec un premier palier fixant 55% de réduction en 2030 et et l'adoption d'un ensemble législatif “Ajustement à l’objectif 55” (Fit for 55).
EELV_2024,EELV_2024_318,EURO,2024,EELV,L'adoption d’une position du Parlement européen pour une accélération de la rénovation des bâtiments en Europe.
EELV_2024,EELV_2024_319,EURO,2024,EELV,L'adoption de la Directive sur le salaire minimum en Europe et celle sur les travailleurs des plateformes.
EELV_2024,EELV_2024_320,EURO,2024,EELV,"La mise en place du mécanisme SURE, destiné à assister financièrement les systèmes de protection sociale, en particulier les dispositifs d’assurance chômage des états-membres pendant la pandémie de Covid-19."
EELV_2024,EELV_2024_321,EURO,2024,EELV,La création d’un Fonds social pour le climat afin d’aider à la lutte contre la précarité énergétique.
EELV_2024,EELV_2024_322,EURO,2024,EELV,"La mise en place d’un passeport numérique sur la composition des produits et biens manufacturés, le droit à la réparation."
EELV_2024,EELV_2024_323,EURO,2024,EELV,07 UNE EUROPE DE LA SANTÉ POUR TOUTES ET TOUS.
EELV_2024,EELV_2024_324,EURO,2024,EELV,"Il faut investir dans la santé de proximité partout en Europe : prévention et santé environnementale, ainsi qu’hôpitaux, et lutter contre les pénuries de médicaments qui ont éclaté en Europe depuis la crise sanitaire."
EELV_2024,EELV_2024_325,EURO,2024,EELV,"01 UN SERVICE PUBLIC EUROPÉEN DU MÉDICAMENT À l’heure où 80% des principes et substances actives sont importés de la Chine ou de l’Inde, où les lobbies pharmaceutiques privilégient en permanence leurs profits sur l’accès du plus grand monde aux produits pharmaceutiques, nous proposons un service public européen du médicament pour produire en Europe les médicaments génériques et essentiels dont les Européennes et Européens ont besoin."
EELV_2024,EELV_2024_326,EURO,2024,EELV,02 LE DROIT À LA SANTÉ POUR TOUTES ET TOUS : UNE CMU EUROPÉENNE ET UN STATUT POUR LES AIDANTS.
EELV_2024,EELV_2024_327,EURO,2024,EELV,"La population européenne vieillit : en 2017, près d’un cinquième (19%) de la population de l’Union européenne était âgé de 65 ans et plus ; et la part des personnes âgées de 80 ans ou plus devrait plus que doubler d’ici 2080 pour atteindre 13% de la population totale."
EELV_2024,EELV_2024_328,EURO,2024,EELV,L’Europe compte plus de 80 millions de personnes en situation de handicap.
EELV_2024,EELV_2024_329,EURO,2024,EELV,Les maladies chroniques se multiplient et coûtent plus de 115 milliards d’euros de frais de santé par an aux pays de l’Union européenne.
EELV_2024,EELV_2024_330,EURO,2024,EELV,Le point commun ?
EELV_2024,EELV_2024_331,EURO,2024,EELV,"De la naissance à la vieillesse en passant par la maladie, 80% des soins donnés en Europe le sont à domicile par des proches."
EELV_2024,EELV_2024_332,EURO,2024,EELV,"L’Union européenne doit garantir le droit de prendre soin de ses proches, en créant un statut des aidants et en défendant leurs droits, en particulier les aidants familiaux."
EELV_2024,EELV_2024_333,EURO,2024,EELV,"Nous proposons également un droit à une CMU européenne, un plan pour la santé mentale et l’investissement dans les établissements de proximité."
EELV_2024,EELV_2024_334,EURO,2024,EELV,03 INVESTIR DANS LA SANTÉ DES FEMMES.
EELV_2024,EELV_2024_335,EURO,2024,EELV,"Endométriose, maladies cardio-vasculaires, santé sexuelle et reproductive... la santé des femmes est depuis trop longtemps méprisée quand elle n’est pas simplement ignorée."
EELV_2024,EELV_2024_336,EURO,2024,EELV,"Nous souhaitons que la santé des femmes devienne une priorité, qu’enfin les écarts de recherche avec les maladies frappant les hommes soient rattrapés et que les vaccins et médicaments soient aussi testés sur les femmes."
EELV_2024,EELV_2024_337,EURO,2024,EELV,"Nous proposons des maisons européennes de proximité pour la santé des femmes, et la transparence sur l’ensemble des produits intimes des femmes."
EELV_2024,EELV_2024_338,EURO,2024,EELV,Nous voulons mettre en place un arrêt menstruel européen en cas de règles incapacitantes.
EELV_2024,EELV_2024_339,EURO,2024,EELV,08 UN SAUT FÉDÉRAL POUR REFONDER ET DÉMOCRATISER L'EUROPE.
EELV_2024,EELV_2024_340,EURO,2024,EELV,Sous la présidence d'Emmanuel Macron – et au rebours des engagements du discours de la Sorbonne de 2017 – la France est tout sauf la locomotive de la construction européenne.
EELV_2024,EELV_2024_341,EURO,2024,EELV,Monsieur Macron et ses amis politiques ont en effet systématiquement bloqué toutes les tentatives d’approfondir et de renforcer durablement les structures de l’Union Européenne.
EELV_2024,EELV_2024_342,EURO,2024,EELV,01 RENDRE LE POUVOIR AU PEUPLE : UNE ASSEMBLÉE CONSTITUANTE EUROPÉENNE.
EELV_2024,EELV_2024_343,EURO,2024,EELV,"Sortons l’Europe des mains des bureaucrates et des lobbies : comme le disaient les Portugaises et les Portugais face à Salazar lors de la Révolution des œillets, ""c’est le peuple qui décide"" !"
EELV_2024,EELV_2024_344,EURO,2024,EELV,Nous proposons de convoquer une assemblée constituante chargée de refonder la démocratie européenne.
EELV_2024,EELV_2024_345,EURO,2024,EELV,Les résultats de ses travaux devront être soumis par referendum à l'ensemble des citoyennes et des citoyens.
EELV_2024,EELV_2024_346,EURO,2024,EELV,"Nous y voulons : la fin du droit de veto des Etats membres et le passage à la majorité qualifiée notamment en matière fiscale ; un droit d’initiative législative pour le Parlement européen ; la limitation du nombre de Commissaires pour avoir un vrai gouvernement responsable devant le Parlement ; des listes transnationales aux élections européennes et le respect du processus de candidature à la tête de la Commission européenne ; la reconnaissance des langues régionales et une Chambre des régions européennes renforcée ; l’inscription des langues des signes parmi les langues officielles de l’Union européenne ; enfin, des référendums d’initiative citoyenne (RIC)."
EELV_2024,EELV_2024_347,EURO,2024,EELV,02 UNE UNION EUROPÉENNE QUI SE DOTE DE RESSOURCES FINANCIÈRES PROPRES POUR AVOIR ENFIN LES MOYENS DE SA POLITIQUE.
EELV_2024,EELV_2024_348,EURO,2024,EELV,"L’Union européenne doit se doter des ressources pour agir, transformer son économie, investir et relocaliser, décider ensemble de ce qui concerne notre avenir commun."
EELV_2024,EELV_2024_349,EURO,2024,EELV,"Or aujourd’hui, les ressources propres de l’Union européenne ne s’élèvent qu’à 25%, le reste reposant sur les contributions nationales quand la règle de l’unanimité en matière fiscale bloque largement toute avancée."
EELV_2024,EELV_2024_350,EURO,2024,EELV,"Parmi les ressources mobilisables : harmoniser par le haut l’impôt sur les sociétés au niveau européen, une taxe carbone élargie aux frontières, une taxe sur les transactions financières, un ISF climatique sur les 0,5% les plus riches, l’application du principe pollueur-payeur ou encore la taxation des super-profits des entreprises."
EELV_2024,EELV_2024_351,EURO,2024,EELV,03 ADOPTER UNE LOI DE SÉPARATION DES LOBBIES ET DES INSTITUTIONS.
EELV_2024,EELV_2024_352,EURO,2024,EELV,"Il y a beaucoup (trop) de lobbyistes dans les institutions européennes, mais il ne s’agit malheureusement que de la face émergée de l’iceberg."
EELV_2024,EELV_2024_353,EURO,2024,EELV,"L’Union européenne, comme nombre  de ses Etats membres, a confié l’élaboration d’une large partie de ses politiques publiques à des intérêts privés : ainsi en va-t-il au sein de l’Agence européenne de sécurité alimentaire, de l’Agence des produits chimiques ou encore de la politique gazière..."
EELV_2024,EELV_2024_354,EURO,2024,EELV,"Nous proposons une grande loi de séparation des lobbies et des institutions qui veille à la fois à l’éthique et l’intégrité des élues et élus, à la transparence et responsabilité des activités de lobbying, et à remettre la décision entre les mains des citoyennes et citoyens."
EELV_2024,EELV_2024_355,EURO,2024,EELV,04 PROTÉGER LA LIBERTÉ DE L'INFORMATION DU POUVOIR DE L'ARGENT ET DES ENNEMIS DE LA DÉMOCRATIE.
EELV_2024,EELV_2024_356,EURO,2024,EELV,"Après Berlusconi et les chaînes italiennes, Bolloré et les médias français, les proches de Viktor Orbán ont décidé de s’emparer d’Euronews..."
EELV_2024,EELV_2024_357,EURO,2024,EELV,Les médias européens sont menacés par leur concentration entre les mains de milliardaires peu soucieux de la vérité mais plutôt d’assouvir un projet civilisationnel contraire aux droits les plus élémentaires et fondamentaux.
EELV_2024,EELV_2024_358,EURO,2024,EELV,"Nous voulons garantir l’indépendance des médias, en ligne comme hors ligne, quotidiens comme de l’édition, en luttant contre la concentration, en mettant en place des règles communes de financement de la presse et en garantissant l’indépendance des rédactions."
EELV_2024,EELV_2024_359,EURO,2024,EELV,"Nous voulons lutter contre la désinformation dont la désinformation environnementale, et lutter contre l’espionnage des journalistes en particulier en interdisant l’usage des logiciels espions par les Etats sur les médias."
EELV_2024,EELV_2024_360,EURO,2024,EELV,"Nous soutiendrons la création culturelle et notamment les droits des artistes face à l’IA, ainsi que le 5% culture."
EELV_2024,EELV_2024_361,EURO,2024,EELV,05 EN FINIR AVEC LES PARADIS FISCAUX.
EELV_2024,EELV_2024_362,EURO,2024,EELV,"Pour lutter contre l’évasion fiscale, nous proposons d’interdire l'accès aux marchés publics européens et aux marchés financiers de tous opérateurs, dont les entreprises, hébergeant des activités dans les paradis fiscaux dont le Luxembourg ; une obligation de transparence pour les multinationales et les banques avec un reporting (notamment des bénéfices) pays par pays, voire de toutes les firmes ayant des activités dans l’UE, et la publication automatique des informations sur les activités des grandes entreprises et des particuliers dans les paradis fiscaux et des sanctions associées ; le vote par le Parlement européen, et non plus par le Conseil, de la liste noire européenne des paradis fiscaux ; l'encadrement de l'activité de tous les fonds et acteurs non-bancaires de l'Union européenne, en premier lieu les hedge funds dont les activités doivent être interdites dans les paradis fiscaux ou les places offshore."
EELV_2024,EELV_2024_363,EURO,2024,EELV,09  UNE EUROPE QUI RENFORCE LES DROITS HUMAINS ET DÉFEND DES VALEURS D'INCLUSION.
EELV_2024,EELV_2024_364,EURO,2024,EELV,01 INSCRIRE L’IVG DANS LA CHARTE DES DROITS FONDAMENTAUXET DÉPLOYER LA CLAUSE DE L'EUROPÉENNE LA PLUS FAVORISÉE Nous souhaitons inscrire le droit à l’avortement et à la contraception dans la Charte européenne des droits fondamentaux.
EELV_2024,EELV_2024_365,EURO,2024,EELV,Ce droit doit être garanti au niveau européen pour  qu’il ne puisse être remis en cause dans aucun pays.
EELV_2024,EELV_2024_366,EURO,2024,EELV,Il faut d’ores et déjà mettre en place une étude sur les parcours des femmes en Europe pour accéder à l’IVG et rendre visibles les freins à l’accès à ce droit fondamental.
EELV_2024,EELV_2024_367,EURO,2024,EELV,"Choisir le meilleur de l’Europe pour les femmes, c’est appliquer la clause de l’européenne la plus favorisée : prendre les lois les plus avancées de chaque pays européen et les appliquer dans toute l’Union."
EELV_2024,EELV_2024_368,EURO,2024,EELV,"Par exemple, en assurant un congé maternité pris en charge à 100% comme en Estonie, garantir un droit de garde effectif comme au Danemark, ou lutter vraiment contre les violences faites aux femmes comme en Espagne où le viol a aussi été reconnu comme absence de consentement."
EELV_2024,EELV_2024_369,EURO,2024,EELV,"02 COMBATTRE TOUTES LES FORMES DE DISCRIMINATION Adopter enfin la directive horizontale antidiscrimination pour couvrir dans une approche globale l’ensemble des discriminations et leurs interactions et rétroactions (dont la lutte contre les discriminations racistes, les discriminations fondées sur le handicap)."
EELV_2024,EELV_2024_370,EURO,2024,EELV,Reconnaître la discrimination socioéconomique (pauvrophobie) et criminaliser la stérilisation forcée des personnes en situation de handicap.
EELV_2024,EELV_2024_371,EURO,2024,EELV,03 RECONNAÎTRE TOUTES LES UNIONS ET TOUS LES ENFANTS.
EELV_2024,EELV_2024_372,EURO,2024,EELV,Instaurer une reconnaissance mutuelle de tous les mariages dans l’Union pour garantir les droits des couples quel que soit leur pays de résidence.
EELV_2024,EELV_2024_373,EURO,2024,EELV,"Mettre (enfin) en place le certificat de parentalité proposé par le Parlement européen qui est le seul document permettant de protéger les enfants, dans l’espace de l’UE."
EELV_2024,EELV_2024_374,EURO,2024,EELV,"Assurer la liberté de circulation sans perte de droits pour les personnes LGBTQIA+ (ex : parentalité) et porter une stratégie pour l’égalité afin que les personnes trans, intersexes, non binaires soient aussi protégées par le cadre juridique européen et pour combler les lacunes du droit existant contre les discriminations et les crimes de haine."
EELV_2024,EELV_2024_375,EURO,2024,EELV,10  UNE EUROPE QUI AGIT POUR LA PAIX ET UN ORDRE MONDIAL PLUS JUSTE.
EELV_2024,EELV_2024_376,EURO,2024,EELV,01 SOUTENIR L’UKRAINE FACE À VLADIMIR POUTINE.
EELV_2024,EELV_2024_377,EURO,2024,EELV,"L’Ukraine ne peut, ne doit pas tomber, car ce peuple qui se bat aujourd’hui pour son intégrité se bat aussi pour nous, pour la démocratie, face au régime impérialiste et sanguinaire de Vladimir Poutine."
EELV_2024,EELV_2024_378,EURO,2024,EELV,Nous voulons donc accroître le soutien européen à l’Ukraine tant dans sa défense que sa reconstruction.
EELV_2024,EELV_2024_379,EURO,2024,EELV,Mais il faut d’abord taper la Russie au porte-monnaie.
EELV_2024,EELV_2024_380,EURO,2024,EELV,"Malgré sa réactivité, l’Union européenne a échoué à mettre un terme définitif à ses importations de gaz si bien qu’elle a donné deux fois plus d’argent à Poutine pour son gaz qu’à l’Ukraine pour sa défense."
EELV_2024,EELV_2024_381,EURO,2024,EELV,"Cela, sans même parler des engrais russes ou de nos échanges sur l’uranium, de nos échanges commerciaux avec les  alliés de la Russie comme l’Azerbaïdjan ou encore de la présence des entreprises européennes en Russie (la française Leroy-Merlin est la première entreprise engagée en Russie quand TotalEnergies y déploie encore ses activités gazières)."
EELV_2024,EELV_2024_382,EURO,2024,EELV,Nous demandons la fin immédiate de toutes les activités alimentant la machine de guerre de russe.
EELV_2024,EELV_2024_383,EURO,2024,EELV,"Pour financer l’effort de guerre ukrainien et la reconstruction du pays, nous proposons également de saisir les 200 milliards d’avoirs gelés russes et/ou les 30 milliards des oligarques bloqués dans les banques européennes, ainsi que l’ont initié les États-Unis de Joe Biden."
EELV_2024,EELV_2024_384,EURO,2024,EELV,02 BÂTIR UNE POLITIQUE DE DIPLOMATIE ET DE DÉFENSE COMMUNE.
EELV_2024,EELV_2024_385,EURO,2024,EELV,"L’Europe doit enfin se doter d’une diplomatie, d'une sécurité et d’une défense communes, avec notamment la création d'une armée européenne."
EELV_2024,EELV_2024_386,EURO,2024,EELV,"Le ou la Commissaire à la Défense aura aussi comme mission d’agir pour la paix, car c’est autour de la recherche de la paix, d’une diplomatie féministe et du désarmement que nous envisageons l’action européenne."
EELV_2024,EELV_2024_387,EURO,2024,EELV,Nous souhaitons coordonner et acheter en commun les armes dont l’Europe a besoin pour soutenir l’Ukraine et pour se défendre ; et souhaitons produire en Europe les armes dont l’Europe a besoin pour s’éviter de nouvelles dépendances toxiques.
EELV_2024,EELV_2024_388,EURO,2024,EELV,"Nous insistons toutefois : promouvoir la paix, c’est aussi cesser de vendre des armes aux dictatures et aux régimes ouvrant le feu contre leur peuple."
EELV_2024,EELV_2024_389,EURO,2024,EELV,"Enfin, nous voulons un accompagnement dans la dépollution pyrotechnique des zones de conflits."
EELV_2024,EELV_2024_390,EURO,2024,EELV,"03 ENTRE ISRAËL ET LA PALESTINE, L’ARMÉNIE ET L’AZERBAÏDJAN..."
EELV_2024,EELV_2024_391,EURO,2024,EELV,PARTOUT : FAIRE DE L’EUROPE UNE FORCE DE PAIX.
EELV_2024,EELV_2024_392,EURO,2024,EELV,"Les attaques terroristes du Hamas du 7 octobre dernier ont entraîné une réponse disproportionnée de la part du gouvernement d’extrême-droite de Benyamin Netanyahu, Les réponses de la communauté internationale et en particulier de l’Union européenne ne sont pas à la hauteur de la tragédie de Gaza."
EELV_2024,EELV_2024_393,EURO,2024,EELV,"Malgré les interpellations de la justice internationale, bombardements de civils, déplacements de populations, et famine se poursuivent à Gaza."
EELV_2024,EELV_2024_394,EURO,2024,EELV,"Là-bas comme au Haut-Karabagh, l’Union européenne reste silencieuse, allant même jusqu’à préférer de juteux contrats gaziers à toute action diplomatique pour la paix et le respect des droits humains."
EELV_2024,EELV_2024_395,EURO,2024,EELV,Nous défendons une Europe qui joue pleinement son rôle dans la résolution des conflits.
EELV_2024,EELV_2024_396,EURO,2024,EELV,"04 UN ERASMUS DE LA MÉMOIRE, POUR CONSTRUIRE UNE MÉMOIRE EUROPÉENNE COMMUNE."
EELV_2024,EELV_2024_397,EURO,2024,EELV,Construire la mémoire commune est une tâche plus nécessaire encore que ne fut l’édification d’une monnaie unique.
EELV_2024,EELV_2024_398,EURO,2024,EELV,Car aucune paix ne sera durable sur notre continent si nous ne parvenons pas à extirper de nos souvenirs les rêves de vengeance.
EELV_2024,EELV_2024_399,EURO,2024,EELV,Les victoires des uns sont les défaites des autres.
EELV_2024,EELV_2024_400,EURO,2024,EELV,"Notre vieux continent a une histoire riche, hérissée d’affrontements, de conflits, de guerres, de génocides."
EELV_2024,EELV_2024_401,EURO,2024,EELV,Nous avons dû les surmonter pour parvenir à l’édification d’un avenir commun.
EELV_2024,EELV_2024_402,EURO,2024,EELV,Des frontières aujourd’hui disparues habitent encore nombre de cœurs et d’esprits européens.
EELV_2024,EELV_2024_403,EURO,2024,EELV,"Pour cette raison, la question de la politique mémorielle européenne est un enjeu capital."
EELV_2024,EELV_2024_404,EURO,2024,EELV,"Nous proposons un ERASMUS de la mémoire, qui commence par les universités et les musées pour se déployer petit à petit également dans les collèges et les lycées."
EELV_2024,EELV_2024_405,EURO,2024,EELV,05 UNE POLITIQUE D’ACCUEIL JUSTE ET DIGNE.
EELV_2024,EELV_2024_406,EURO,2024,EELV,"Alors que l’Europe se rend coupable de non-assistance à Humanité en danger à ses frontières et en particulier en Méditerranée, nous voulons une politique d’asile digne et réaliste à travers la mise en place de voies sûres et légales et d'une solidarité dans l’accueil entre les Etats membres."
EELV_2024,EELV_2024_407,EURO,2024,EELV,"Il s'agira aussi de garantir et financer le sauvetage en mer, contraindre à l’identification des défuntes et défunts anonymes et revisiter les accords avec les pays tiers pour garantir le co-développement."
EELV_2024,EELV_2024_408,EURO,2024,EELV,"Enfin, nous voulons un plan européen de régularisation des travailleuses et travailleurs agricoles aujourd’hui bloqués au Sud de l’Europe sans pouvoir ni entrer légalement dans l’UE, ni en sortir."
EELV_2024,EELV_2024_409,EURO,2024,EELV,Nous voulons également reconnaître un statut de réfugié climatique et environnemental au sein de l’Union européenne permettant d’accueillir des personnes sur des grands déplacements ou de pays voisins.
EELV_2024,EELV_2024_410,EURO,2024,EELV,06 UN TRAITÉ DE NON-PROLIFÉRATION DES ÉNERGIES FOSSILES.
EELV_2024,EELV_2024_411,EURO,2024,EELV,L’utilisation de l’arme nucléaire avait créé un choc : l’humanité avait alors la capacité de s’autodétruire.
EELV_2024,EELV_2024_412,EURO,2024,EELV,La réaction diplomatique de la communauté internationale fut alors décisive : le traité de non-prolifération nucléaire adopté entre 1965 et 1968 constitua une réponse forte à l’une des plus grandes menaces que l’humanité n’avait jamais eue à affronter.
EELV_2024,EELV_2024_413,EURO,2024,EELV,Le changement climatique représente lui aussi une menace pour la survie de l’humanité.
EELV_2024,EELV_2024_414,EURO,2024,EELV,"Or, la demande mondiale de charbon, de pétrole et de gaz continue è augmenter, alors que les combustibles fossiles représentent 81% de la consommation mondiale d'énergie."
EELV_2024,EELV_2024_415,EURO,2024,EELV,"L’Union européenne doit adopter et porter un traité mondial de non-prolifération des énergies fossiles basé sur trois piliers : l’inventaire des réserves fossiles, la décarbonation de nos économies et des solutions pour les Etats qui tourneraient ainsi le dos à une source économique juteuse."
EELV_2024,EELV_2024_416,EURO,2024,EELV,07 GARANTIR LE DROIT AU DÉVELOPPEMENT POUR RÉÉQUILIBRER LES RAPPORTS NORD SUD.
EELV_2024,EELV_2024_417,EURO,2024,EELV,"L'Europe doit au plus vite inventer de nouvelles relations avec les pays des Suds ce qui signifie sortir des accords commerciaux qui entraînent le pillage des ressources, en particulier les accords agricoles et halieutiques ainsi que ceux visant le rapatriement des demandeurs d’asile."
EELV_2024,EELV_2024_418,EURO,2024,EELV,"Nous proposons de déployer l’aide au développement à travers des dons plutôt que des prêts en les orientant vers la souveraineté des pays des Suds et utiliser un tiers des ressources de l’ISF climatique (soit 70 milliards par an) pour soutenir une économie respectant les limites planétaires, en priorisant l'aide sur les pays les moins avancés."
EELV_2024,EELV_2024_419,EURO,2024,EELV,10 MESURES URGENTES POUR CHANGER L'EUROPE.
EELV_2024,EELV_2024_420,EURO,2024,EELV,1 Adopter un traité environnemental pour faire de la protection de la nature la norme des normes.
EELV_2024,EELV_2024_421,EURO,2024,EELV,2 Appliquer un droit de veto social pour faire de la lutte contre la pauvreté la colonne vertébrale de l’Europe en bloquant les mesures qui nuisent aux plus modestes.
EELV_2024,EELV_2024_422,EURO,2024,EELV,3 Financer un fonds de souveraineté écologique pour reprendre en main les entreprises du pétrole et du gaz pour sauver le climat.
EELV_2024,EELV_2024_423,EURO,2024,EELV,"4 Baisser la TVA sur les produits ""verts"", fabriqués en Europe et bons pour la santé pour les rendre accessibles au plus grand nombre."
EELV_2024,EELV_2024_424,EURO,2024,EELV,5 Opérer la transition écologique de la pêche et de l'agriculture en garantissant un revenu digne à celles et ceux qui vivent de ces métiers.
EELV_2024,EELV_2024_425,EURO,2024,EELV,6 Créer un service public européen du médicament pour produire en Europe les médicaments dont nous avons besoin 7 Initier un Pacte pour l’emploi pour protéger et accompagner les travailleurs et les travailleuses dans la bifurcation écologique.
EELV_2024,EELV_2024_426,EURO,2024,EELV,8 Engager une stratégie industrielle européenne territorialisée de sortie des produits toxiques.
EELV_2024,EELV_2024_427,EURO,2024,EELV,9 Instituer une Assemblée constituante pour un sursaut fédéral qui renforce l'unité de l'Europe et revitalise la démocratie européenne.
EELV_2024,EELV_2024_428,EURO,2024,EELV,10 Construire l’Europe de la diplomatie et de la défense pour renforcer notre sécurité commune.
LFI_2024,LFI_2024_1,EURO,2024,LFI,Le Programme de l'Union populaire.
LFI_2024,LFI_2024_2,EURO,2024,LFI,CHAPITRE 1 - SORTIR DE L’AUSTÉRITÉ ET PARTAGER LES RICHESSES.
LFI_2024,LFI_2024_3,EURO,2024,LFI,INTRODUCTION.
LFI_2024,LFI_2024_4,EURO,2024,LFI,« Détruire la misère !
LFI_2024,LFI_2024_5,EURO,2024,LFI,"Oui, cela est possible !"
LFI_2024,LFI_2024_6,EURO,2024,LFI,"Les législateurs et les gouvernants doivent y songer sans cesse ; car, en pareille matière, tant que le possible n’est pas fait, le devoir n’est pas rempli."
LFI_2024,LFI_2024_7,EURO,2024,LFI,"» VICTOR HUGO, DISCOURS À L’ASSEMBLÉE NATIONALE, 9 JUILLET 1849."
LFI_2024,LFI_2024_8,EURO,2024,LFI,Les règles budgétaires européennes sont destructrices.
LFI_2024,LFI_2024_9,EURO,2024,LFI,Elles nous obligent au sacrifice de nos services publics et de notre Sécurité sociale.
LFI_2024,LFI_2024_10,EURO,2024,LFI,"Les dirigeants veulent nous imposer la pire cure d’austérité jamais connue en Europe, oubliant les échecs du passé et nous désarmant ainsi pour les crises à venir."
LFI_2024,LFI_2024_11,EURO,2024,LFI,Bruno Le Maire parle même d’augmenter la TVA !
LFI_2024,LFI_2024_12,EURO,2024,LFI,Il est pourtant possible de faire sans ces règles.
LFI_2024,LFI_2024_13,EURO,2024,LFI,"Pour preuve : durant la crise Covid, elles ont été suspendues."
LFI_2024,LFI_2024_14,EURO,2024,LFI,"Pendant que la caste qui nous gouverne saccage tout, une poignée de privilégiés se gave et nous vole en ne payant pas leur juste part d’impôts."
LFI_2024,LFI_2024_15,EURO,2024,LFI,"Dans les 3 dernières années, la fortune des milliardaires français a augmenté de 230 milliards d’euros, soit l’équivalent de plus de 10,8 millions de SMIC annuels."
LFI_2024,LFI_2024_16,EURO,2024,LFI,"Dans le même temps, la France comptait 535 000 personnes pauvres en plus."
LFI_2024,LFI_2024_17,EURO,2024,LFI,"Nous voulons lancer un plan européen d’investissement public pour éradiquer la pauvreté et pour la bifurcation écologique et sociale en faveur de l’agriculture, de la rénovation des logements, ainsi que du développement des énergies renouvelables et du transport ferroviaire de personnes et de marchandises."
LFI_2024,LFI_2024_18,EURO,2024,LFI,"Ce plan sera financé par de nouvelles ressources propres européennes fondées sur la justice fiscale, les droits de douanes et le partage des richesses, détaillées dans ce chapitre."
LFI_2024,LFI_2024_19,EURO,2024,LFI,"Au total, dans toute l’Union européenne et sur 5 ans, elles permettraient de générer 3 000 milliards d’euros de recettes supplémentaires."
LFI_2024,LFI_2024_20,EURO,2024,LFI,Soit quatre fois plus que le prétendu plan de relance improvisé durant la crise Covid !
LFI_2024,LFI_2024_21,EURO,2024,LFI,Combats.
LFI_2024,LFI_2024_22,EURO,2024,LFI,Abolir les règles d’austérité anti-services publics.
LFI_2024,LFI_2024_23,EURO,2024,LFI,Taxer les riches et les superprofits.
LFI_2024,LFI_2024_24,EURO,2024,LFI,Mettre en place une allocation d’autonomie contre la pauvreté de la jeunesse.
LFI_2024,LFI_2024_25,EURO,2024,LFI,REFUSER LE RETOUR DE L’AUSTÉRITÉ BUDGÉTAIRE ET ANNULER LA DETTE.
LFI_2024,LFI_2024_26,EURO,2024,LFI,Mesure clé.
LFI_2024,LFI_2024_27,EURO,2024,LFI,ABROGER LES RÈGLES BUDGÉTAIRES ABSURDES ET DANGEREUSES QUI IMPOSENT L’AUSTÉRITÉ EN LIMITANT LE DÉFICIT À 3% DU PIB ET LA DETTE À 60% DU PIB (PACTE DE STABILITÉ ET DE CROISSANCE).
LFI_2024,LFI_2024_28,EURO,2024,LFI,TOUTES LES MESURES.
LFI_2024,LFI_2024_29,EURO,2024,LFI,"Refuser les injonctions de la Commission et du Conseil formulées dans le cadre du Semestre européen, qui promeuvent la privatisation et la mise en concurrence des services publics, les coupes dans les dépenses publiques et l’affaiblissement de nos systèmes de protection sociale, de santé et des droits sociaux des travailleurs (par exemple, l’intensification de la concurrence dans le secteur de l’électricité et du ferroviaire, la baisse des allocations familiales et des aides au logement)."
LFI_2024,LFI_2024_30,EURO,2024,LFI,"Proposer un cadre économique fondé sur des indicateurs de progrès humains alternatifs à celui qui ne prend en compte que le  déficit, la dette et le PIB."
LFI_2024,LFI_2024_31,EURO,2024,LFI,Un tel cadre partant des besoins encourage les États membres à réaliser les investissements nécessaires à la satisfaction des besoins sociaux et écologiques.
LFI_2024,LFI_2024_32,EURO,2024,LFI,"Lancer un plan européen de bifurcation écologique et sociale en faveur de l’agriculture, de la rénovation des logements, ainsi que du développement des énergies renouvelables et du transport ferroviaire de personnes et de marchandises."
LFI_2024,LFI_2024_33,EURO,2024,LFI,Ce plan sera financé par de nouvelles ressources propres européennes détaillées dans la partie suivante.
LFI_2024,LFI_2024_34,EURO,2024,LFI,Annuler la dette issue du plan de relance européen afin de pouvoir consacrer les ressources propres à des investissements.
LFI_2024,LFI_2024_35,EURO,2024,LFI,Organiser une conférence européenne sur les dettes souveraines sur la base d’audits citoyens pour préparer un réaménagement négocié de la dette publique.
LFI_2024,LFI_2024_36,EURO,2024,LFI,Permettre aux États membres de mettre en place des dispositifs comme l’était le circuit du trésor pour mettre à l’abri leur dette de la spéculation.
LFI_2024,LFI_2024_37,EURO,2024,LFI,METTRE LA POLITIQUE MONÉTAIRE SOUS CONTRÔLE DÉMOCRATIQUE.
LFI_2024,LFI_2024_38,EURO,2024,LFI,MESURE-CLÉ.
LFI_2024,LFI_2024_39,EURO,2024,LFI,FIXER À LA BANQUE CENTRALE EUROPÉENNE (BCE) DE NOUVEAUX OBJECTIFS PRIORITAIRES COMME LA LUTTE CONTRE LES INÉGALITÉS ET LE CHÔMAGE ET LE FINANCEMENT DE LA BIFURCATION ÉCOLOGIQUE.
LFI_2024,LFI_2024_40,EURO,2024,LFI,TOUTES LES MESURES.
LFI_2024,LFI_2024_41,EURO,2024,LFI,"Obliger la BCE à financer les politiques sociales et écologiques des États, en l’autorisant à acheter directement la dette des États sans passer par les banques privées, et en mettant en place une autorisation de découvert des États auprès d’elle (qui ainsi ne devront plus se financer sur les marchés financiers)."
LFI_2024,LFI_2024_42,EURO,2024,LFI,Exiger que la BCE transforme la part de dette des États qu’elle possède en dettes perpétuelles à taux nul Mettre fin à l’indépendance de la BCE et la soumettre à contrôle démocratique.
LFI_2024,LFI_2024_43,EURO,2024,LFI,"Toute nomination au Directoire sera adoptée par le Parlement européen, doté du pouvoir de le renverser."
LFI_2024,LFI_2024_44,EURO,2024,LFI,Toute la stratégie monétaire sera approuvée par le Parlement et le Conseil.
LFI_2024,LFI_2024_45,EURO,2024,LFI,"Contraindre la BCE à intégrer l’Accord environnemental de Paris dans toutes ses actions, en ajoutant des conditionnalités écologiques à l’ensemble de ses programmes et opérations de politique monétaires."
LFI_2024,LFI_2024_46,EURO,2024,LFI,"Exiger de la BCE qu’elle baisse ses taux directeurs, afin de diminuer le coût du crédit pour les ménages, les entreprises, les collectivités locales et l’État."
LFI_2024,LFI_2024_47,EURO,2024,LFI,Ajouter des conditionnalités écologiques et sociales à l’ensemble des programmes monétaires de la BCE et les contraindre à financer l’économie réelle plutôt que la spéculation.
LFI_2024,LFI_2024_48,EURO,2024,LFI,"Garantir un euro numérique 100% public, qui ne soit ni développé ni commercialisé par des plateformes privées, qui respecte la vie privée des usagers et ne remplace pas l’argent liquide."
LFI_2024,LFI_2024_49,EURO,2024,LFI,METTRE AU PAS LA FINANCE.
LFI_2024,LFI_2024_50,EURO,2024,LFI,MESURE-CLÉ.
LFI_2024,LFI_2024_51,EURO,2024,LFI,SÉPARER STRICTEMENT LES BANQUES DE DÉPÔTS ET LES BANQUES D’AFFAIRES EN INTERDISANT L’EXERCICE SIMULTANÉ (AU SEIN D’UNE ENTREPRISE OU D’UN GROUPE) DES ACTIVITÉS DE BANQUE D’AFFAIRES ET DE BANQUE DE DÉTAIL POUR ÉVITER QUE L’ÉPARGNE DES MÉNAGES NE SERVE À RENFLOUER LES PERTES DES SPÉCULATEURS.
LFI_2024,LFI_2024_52,EURO,2024,LFI,TOUTES LES MESURES.
LFI_2024,LFI_2024_53,EURO,2024,LFI,"Réguler la « finance de l’ombre », c’est-à-dire le secteur financier non-bancaire, qui regroupe les compagnies d’assurance comme Axa, les gestionnaires d’actifs comme BlackRock, et les fonds d’investissement, en lui appliquant les mêmes obligations en matière de prises de risques que celles qui s’appliquent déjà aux banques, et en interdisant aux banques de prêter aux fonds spéculatifs."
LFI_2024,LFI_2024_54,EURO,2024,LFI,"Renforcer les obligations prudentielles des banques (c’est-à-dire les règles limitant la prise de risques inconsidérés), notamment en appliquant les règles de Bâle III sans aucun assouplissement des exigences de fonds propres pour les banques."
LFI_2024,LFI_2024_55,EURO,2024,LFI,"Renforcer la supervision bancaire, en déplafonnant le montant des amendes que le superviseur européen (mécanisme de surveillance unique) peut infliger aux banques en cas de manquement à la réglementation."
LFI_2024,LFI_2024_56,EURO,2024,LFI,Renforcer drastiquement la régulation européenne sur le secteur des crypto monnaies et interdire les pratiques les plus spéculatives ou nuisibles sur le plan environnemental.
LFI_2024,LFI_2024_57,EURO,2024,LFI,Transformer la Banque européenne d’investissement (BEI) en une réelle “banque du climat” en accélérant la décarbonation de ses activités de prêt et en conditionnant l’éligibilité des entreprises aux programmes co-financés par la BEI à des critères écologiques et sociaux.
LFI_2024,LFI_2024_58,EURO,2024,LFI,FAIRE CONTRIBUER LES PLUS RICHES ET LES MULTINATIONALES.
LFI_2024,LFI_2024_59,EURO,2024,LFI,MESURE-CLÉ.
LFI_2024,LFI_2024_60,EURO,2024,LFI,"ÉTABLIR UNE TAXE PERMANENTE SUR LES SUPERPROFITS ÉTENDUE À L’ENSEMBLE DES SECTEURS D’ACTIVITÉ, PAS UNIQUEMENT AU SECTEUR ÉNERGÉTIQUE."
LFI_2024,LFI_2024_61,EURO,2024,LFI,TOUTES LES MESURES.
LFI_2024,LFI_2024_62,EURO,2024,LFI,"Instaurer une taxe sur les transactions financières, couvrant les actions comme les obligations et les produits dérivés par un taux suffisamment élevé pour décourager la spéculation."
LFI_2024,LFI_2024_63,EURO,2024,LFI,Adopter un impôt sur la fortune européen.
LFI_2024,LFI_2024_64,EURO,2024,LFI,"Adopter une taxe sur les pratiques climaticides des ultra-riches et les objets de luxe, incluant les yachts et jets privés."
LFI_2024,LFI_2024_65,EURO,2024,LFI,Renforcer la fiscalité écologique avec une taxe sur le dumping écologique et social aux frontières de l’espace économique européen et une taxe kérosène.
LFI_2024,LFI_2024_66,EURO,2024,LFI,Établir une véritable égalité budgétaire européenne en supprimant les rabais obtenus indûment par les États. européens les plus riches.
LFI_2024,LFI_2024_67,EURO,2024,LFI,"L’Allemagne, les Pays-Bas, le Danemark, l’Autriche et la Suède doivent payer leur part au budget européen."
LFI_2024,LFI_2024_68,EURO,2024,LFI,Cela nous permettra de rétablir l’équité entre États membres pour leur contribution au budget européen et de récupérer près de 40 milliards d’euros sur 5 ans pour l’action de l’Union européenne.
LFI_2024,LFI_2024_69,EURO,2024,LFI,DÉMOCRATISER LES ENTREPRISES.
LFI_2024,LFI_2024_70,EURO,2024,LFI,MESURE-CLÉ.
LFI_2024,LFI_2024_71,EURO,2024,LFI,PLAFONNER LA PART DE PROFITS DISTRIBUÉS AUX ACTIONNAIRES POUR UN MEILLEUR PARTAGE DES RICHESSES.
LFI_2024,LFI_2024_72,EURO,2024,LFI,TOUTES LES MESURES.
LFI_2024,LFI_2024_73,EURO,2024,LFI,"Imposer une conditionnalité sociale et écologique à toutes les entreprises bénéficiant d’aides publiques, et favoriser l’Économie sociale et solidaire (ESS) dans l’attribution des aides d’État."
LFI_2024,LFI_2024_74,EURO,2024,LFI,Renforcer les obligations européennes de transparence sur l’impact écologique et social des entreprises.
LFI_2024,LFI_2024_75,EURO,2024,LFI,Rendre obligatoire la transparence salariale au sein des entreprises et fixer un salaire maximum autorisé pour limiter l’écart de 1 à 20 entre le salaire le plus bas et le salaire le plus haut dans une entreprise.
LFI_2024,LFI_2024_76,EURO,2024,LFI,"Renforcer le pouvoir des salariés et des syndicats au sein des entreprises, en particulier leur présence et leurs droits au sein des conseils d’administration, et contrer l’influence des actionnaires recherchant uniquement le profit à court terme."
LFI_2024,LFI_2024_77,EURO,2024,LFI,"Réviser la directive sur les marchés publics afin d’en interdire l’accès aux entreprises ne respectant pas le droit du travail, favoriser l’approvisionnement local et systématiser les conditionnalités écologiques et sociales Garantir l’application effective du devoir de vigilance des multinationales et porter son application au niveau mondial par le biais d’un traité international."
LFI_2024,LFI_2024_78,EURO,2024,LFI,Mettre en cause la responsabilité pénale du chef d’entreprise dans les cas de violations des droits de l’homme dans la chaîne de sous-traitance mondiale.
LFI_2024,LFI_2024_79,EURO,2024,LFI,LUTTER ENFIN RÉELLEMENT CONTRE L’ÉVASION FISCALE.
LFI_2024,LFI_2024_80,EURO,2024,LFI,MESURE-CLÉ.
LFI_2024,LFI_2024_81,EURO,2024,LFI,INSTAURER UN IMPÔT UNIVERSEL SUR LES ENTREPRISES (BASANT LEUR TAXATION SUR L’ACTIVITÉ EFFECTIVEMENT RÉALISÉE DANS LES PAYS EUROPÉENS) ET SUR LES REVENUS DES PARTICULIERS DANS LES PARADIS FISCAUX POUR LUTTER CONTRE L’ÉVASION FISCALE.
LFI_2024,LFI_2024_82,EURO,2024,LFI,TOUTES LES MESURES.
LFI_2024,LFI_2024_83,EURO,2024,LFI,"Établir une liste noire exhaustive de l’ensemble des paradis fiscaux, se basant sur des critères d’équité fiscale (taux d’imposition effectif minimum et critère d’activité économique réelle) et incluant les paradis fiscaux. européens."
LFI_2024,LFI_2024_84,EURO,2024,LFI,Confier l’établissement de cette liste à un groupe démocratique et transparent en remplacement du groupe « Code de conduite » dont les réunions sont opaques.
LFI_2024,LFI_2024_85,EURO,2024,LFI,Lutter contre les paradis fiscaux et la concurrence fiscale agressive au sein de l’Union européenne.
LFI_2024,LFI_2024_86,EURO,2024,LFI,"Faire tomber le véto des paradis fiscaux européens (Luxembourg, Irlande, Malte, Pays-Bas) en supprimant l’unanimité au Conseil en matière de politique fiscale."
LFI_2024,LFI_2024_87,EURO,2024,LFI,"Cela nous permettrait par exemple de mettre immédiatement en place un impôt sur la fortune avec les pays volontaires, sans devoir attendre un vote à l’unanimité."
LFI_2024,LFI_2024_88,EURO,2024,LFI,Garantir la transparence fiscale des multinationales en les obligeant à déclarer publiquement leur chiffre d’affaires et les impôts qu’elles paient dans chaque pays où elles disposent d’une activité.
LFI_2024,LFI_2024_89,EURO,2024,LFI,Instaurer un taux minimum d’imposition des multinationales effectif et sans aucune exception de 25% et une assiette commune consolidée sur les sociétés.
LFI_2024,LFI_2024_90,EURO,2024,LFI,"Pousser pour l’ouverture de négociations internationales, sous l’égide de l’Organisation des Nations Unies (ONU), pour adopter un impôt sur les multinationales à l’échelle mondiale."
LFI_2024,LFI_2024_91,EURO,2024,LFI,"Créer un registre européen global des actifs pour lutter plus efficacement contre l’évasion fiscale, tout en poussant pour son extension au niveau mondial : cela empêchera notamment les investisseurs transfrontaliers de frauder l’impôt avec des schémas tels que ceux révélés dans les CumEx files."
LFI_2024,LFI_2024_92,EURO,2024,LFI,Réglementer les intermédiaires et rendre systématique les poursuites à l’encontre des entreprises et personnes facilitant l’évasion fiscale.
LFI_2024,LFI_2024_93,EURO,2024,LFI,Interdire l’accès aux marchés publics aux entreprises ayant des activités dans les paradis fiscaux.
LFI_2024,LFI_2024_94,EURO,2024,LFI,"Renforcer la directive sur les sociétés écrans, actuellement bloquée au Conseil, pour introduire des sanctions minimales réellement désincitatives."
LFI_2024,LFI_2024_95,EURO,2024,LFI,"Renforcer la protection des lanceurs d’alerte et des aviseurs fiscaux en mettant à disposition des moyens juridiques, financiers et humains propres à l’Union."
LFI_2024,LFI_2024_96,EURO,2024,LFI,ÉRADIQUER LA PAUVRETÉ ET CESSER DE SACRIFIER LA JEUNESSE.
LFI_2024,LFI_2024_97,EURO,2024,LFI,MESURE-CLÉ.
LFI_2024,LFI_2024_98,EURO,2024,LFI,LANCER UNE DIRECTIVE POUR UNE ALLOCATION D’AUTONOMIE ACCESSIBLE AUX JEUNES DE MOINS DE 25 ANS ET SITUÉE AU-DESSUS DU SEUIL DE PAUVRETÉ (SOIT 1158 EUROS MENSUELS EN FRANCE).
LFI_2024,LFI_2024_99,EURO,2024,LFI,TOUTES LES MESURES.
LFI_2024,LFI_2024_100,EURO,2024,LFI,Bloquer les prix des produits de première nécessité au niveau européen pour lutter contre l’inflation causée par les superprofits.
LFI_2024,LFI_2024_101,EURO,2024,LFI,"Lutter contre la pauvreté grâce à une stratégie européenne pour garantir l’accès des plus précaires au logement, à l’alimentation, à l’eau et à l’énergie."
LFI_2024,LFI_2024_102,EURO,2024,LFI,"Doubler le Fonds social européen et renforcer notamment les financements pour l’aide alimentaire aux plus démunis, notamment à destination des jeunes en études pour financer des initiatives de repas publics biologiques, locaux, de qualité."
LFI_2024,LFI_2024_103,EURO,2024,LFI,"Créer un programme européen d’aides aux étudiants précaires, et faire de la lutte contre la précarité des jeunes une priorité européenne."
LFI_2024,LFI_2024_104,EURO,2024,LFI,"Interdire les stages non rémunérés, assurer la rémunération adéquate des stagiaires et des apprentis, refuser l’abaissement du salaire minimum pour les jeunes travailleurs."
LFI_2024,LFI_2024_105,EURO,2024,LFI,"Renforcer les programmes Erasmus en garantissant un accès à toutes et tous, notamment en lycée professionnel, alternance et apprentissage."
LFI_2024,LFI_2024_106,EURO,2024,LFI,Développer les programmes d’échanges entre personnels enseignants.
LFI_2024,LFI_2024_107,EURO,2024,LFI,GARANTIR LE DROIT AU LOGEMENT.
LFI_2024,LFI_2024_108,EURO,2024,LFI,MESURE-CLÉ.
LFI_2024,LFI_2024_109,EURO,2024,LFI,"RECONNAÎTRE LE MODÈLE GÉNÉRALISTE ET UNIVERSALISTE DU LOGEMENT PUBLIC COMME LÉGAL ET LÉGITIME, ET SORTIR DE LA LOGIQUE D’UN LOGEMENT SOCIAL RÉSIDUEL D’OÙ SONT EXCLUS UNE PARTIE DES CLASSES MOYENNES ET POPULAIRES."
LFI_2024,LFI_2024_110,EURO,2024,LFI,TOUTES LES MESURES.
LFI_2024,LFI_2024_111,EURO,2024,LFI,Interdire les expulsions sans relogement au niveau européen et renforcer la Plateforme européenne de lutte contre le sans abrisme.
LFI_2024,LFI_2024_112,EURO,2024,LFI,"Étendre la liste des secteurs d’intérêt général et des biens communs dérogeant au droit de la concurrence, par exemple le logement social (aides à la pierre et à la rénovation)."
LFI_2024,LFI_2024_113,EURO,2024,LFI,Adopter une réglementation européenne permettant aux collectivités de réellement restreindre les activités des plateformes type Airbnb afin de soulager le marché locatif et d’éviter l’explosion des prix.
LFI_2024,LFI_2024_114,EURO,2024,LFI,"Déployer un programme de subvention permettant aux structures publiques des États membres d’augmenter. l’accompagnement à la réhabilitation thermique, sanitaire et architecturale des habitations privées sur la base de critères écologiques et augmenter les fonds afin que les ménages précaires possédant des passoires thermiques puissent rénover avec un reste à charge à 0 €."
LFI_2024,LFI_2024_115,EURO,2024,LFI,CHAPITRE 2 - EN FINIR AVEC LE DUMPING SOCIAL.
LFI_2024,LFI_2024_116,EURO,2024,LFI,Introduction.
LFI_2024,LFI_2024_117,EURO,2024,LFI,« LA CONCURRENCE EST L’EXPRESSION LA PLUS PARFAITE DE LA GUERRE DE TOUS CONTRE TOUS QUI FAIT RAGE DANS LA SOCIÉTÉ BOURGEOISE MODERNE.
LFI_2024,LFI_2024_118,EURO,2024,LFI,"(…) OR, CETTE CONCURRENCE DES TRAVAILLEURS ENTRE EUX EST CE QUE LES CONDITIONS DE VIE ACTUELLES ONT DE PIRE POUR LE TRAVAILLEUR, L’ARME LA PLUS ACÉRÉE DE LA BOURGEOISIE DANS SA LUTTE CONTRE LE PROLÉTARIAT."
LFI_2024,LFI_2024_119,EURO,2024,LFI,"» FRIEDRICH ENGELS, LA SITUATION DE LA CLASSE LABORIEUSE EN ANGLETERRE."
LFI_2024,LFI_2024_120,EURO,2024,LFI,Avoir un emploi digne est une aspiration partagée dans tous les pays européens.
LFI_2024,LFI_2024_121,EURO,2024,LFI,Mais la mise en concurrence des travailleurs détruit ce rêve.
LFI_2024,LFI_2024_122,EURO,2024,LFI,"À l’Ouest, elle provoque des délocalisations et une dégradation des droits sociaux, pour s’aligner sur les pays moins avancés."
LFI_2024,LFI_2024_123,EURO,2024,LFI,"À l’Est, elle enrichit quelques oligarques mais gèle les salaires pour continuer d’attirer les investissements de l’Ouest."
LFI_2024,LFI_2024_124,EURO,2024,LFI,Personne n’a intérêt à cette Europe libérale.
LFI_2024,LFI_2024_125,EURO,2024,LFI,Des conditions matérielles d’existence dignes pour toutes et tous doivent être notre objectif commun.
LFI_2024,LFI_2024_126,EURO,2024,LFI,L’Union européenne s’étend sur les cinq continents avec les territoires ultramarins.
LFI_2024,LFI_2024_127,EURO,2024,LFI,Leurs problèmes sont souvent vus avec autant de distance que les kilomètres qui les séparent de Bruxelles pourtant ils sont plus durement touchés par les politiques austéritaires de la Commission européenne.
LFI_2024,LFI_2024_128,EURO,2024,LFI,Une seule politique : l’alignement par le haut des conditions de travail et de protection sociale pour toutes et tous !
LFI_2024,LFI_2024_129,EURO,2024,LFI,COMBATS.
LFI_2024,LFI_2024_130,EURO,2024,LFI,"Mettre en œuvre, au niveau européen, la victoire insoumise sur la directive de présomption de salariat effective empêchant les plateformes d’avoir recours aux faux indépendants."
LFI_2024,LFI_2024_131,EURO,2024,LFI,Transposer cette directive en une loi nationale contenant une présomption de salariat forte RENFORCER LES DROITS DES TRAVAILLEURS.
LFI_2024,LFI_2024_132,EURO,2024,LFI,MESURE-CLÉ.
LFI_2024,LFI_2024_133,EURO,2024,LFI,"Mettre un terme au statut de travail détaché : les salariés étrangers, y compris saisonniers, doivent relever intégralement et seulement du droit du pays d’accueil (horaires, salaires, cotisations sociales, indemnités, congés, etc.)."
LFI_2024,LFI_2024_134,EURO,2024,LFI,TOUTES LES MESURES.
LFI_2024,LFI_2024_135,EURO,2024,LFI,"Établir un salaire minimum européen d’au moins 75 % du salaire médian de chaque pays, soit 1600€ net en France Adopter une directive européenne pour indexer les salaires sur l’inflation dans tous les États membres Combattre toutes les régressions sociales exigées par la Commission européenne (réforme des retraites, recul des services publics, casse du droit du travail, etc)."
LFI_2024,LFI_2024_136,EURO,2024,LFI,"Défendre notre modèle de sécurité sociale auprès de l’Union européenne, refuser tout recours aux assurances privées qui mettent en péril notre système social, à commencer par les retraites."
LFI_2024,LFI_2024_137,EURO,2024,LFI,"Faire prévaloir la primauté des droits sociaux à l’échelle européenne, notamment du droit du travail, face au principe de concurrence libre et non faussée qui vise à dégrader les conditions de travail."
LFI_2024,LFI_2024_138,EURO,2024,LFI,"Œuvrer à l’adhésion de l’Union européenne à la Charte sociale européenne, traité du Conseil de l’Europe qui garantit les droits sociaux et économiques fondamentaux."
LFI_2024,LFI_2024_139,EURO,2024,LFI,Mettre fin au dumping social et imposer l’harmonisation sociale par le haut grâce à une clause de non-régression des droits sociaux dans les pays les plus protecteurs.
LFI_2024,LFI_2024_140,EURO,2024,LFI,Lutter contre les contrats de travail précaires et promouvoir le modèle du contrat protecteur à temps plein et à durée indéterminée.
LFI_2024,LFI_2024_141,EURO,2024,LFI,Réformer la directive sur le temps de travail pour réduire la durée maximale de travail hebdomadaire.
LFI_2024,LFI_2024_142,EURO,2024,LFI,Augmenter la durée des congés annuel de 4 à 6 semaines minimum pour chaque pays européen.
LFI_2024,LFI_2024_143,EURO,2024,LFI,"Adopter une directive sur la santé et la sécurité des travailleurs relative aux risques psychosociaux, notamment la reconnaissance et la prévention des burnout, le droit à la déconnexion ainsi que le droit d’arrêt de travail en cas de chaleur extrême sans perte de salaire, porter un objectif zéro mort au travail."
LFI_2024,LFI_2024_144,EURO,2024,LFI,Mettre en place un cadre européen de garantie d’emploi permettant de soutenir les programmes proposant aux chômeurs longue durée qui le souhaitent des emplois utiles à l’action sociale ou à la transition écologique manquant sur le territoire via des structures à but non lucratifs encadrés par le Service Public de l’Emploi.
LFI_2024,LFI_2024_145,EURO,2024,LFI,SOUTENIR LES TERRITOIRES ULTRAMARINS.
LFI_2024,LFI_2024_146,EURO,2024,LFI,MESURE-CLÉ.
LFI_2024,LFI_2024_147,EURO,2024,LFI,"Faire de la transition écologique, de l’autonomie énergétique, de l’autonomie alimentaire, du plein emploi, de la lutte contre la vie-chère et du rattrapage des retards des priorités européennes pour les régions ultrapériphériques (RUP) et les pays et territoires d’outre-mer (PTOM)."
LFI_2024,LFI_2024_148,EURO,2024,LFI,TOUTES LES MESURES.
LFI_2024,LFI_2024_149,EURO,2024,LFI,"Dans les régions ultrapériphériques (RUP) : Défendre et renforcer les dérogations, les politiques et les fonds spécifiques favorisant leur développement, le rattrapage des retards et le progrès social en s’appuyant sur l’article 349 des Traités."
LFI_2024,LFI_2024_150,EURO,2024,LFI,Défendre l’augmentation des dotations budgétaires européennes (dans tous les fonds existants) et pour les PTOM (par l’augmentation des dotations dédiées issues du Fonds Européens de Développement).
LFI_2024,LFI_2024_151,EURO,2024,LFI,Lutter contre les grands monopoles qui contribuent à l’accroissement du coût de la vie notamment dans les secteurs des importations qui concurrencent le développement de l’économie locale.
LFI_2024,LFI_2024_152,EURO,2024,LFI,"Poursuivre le combat pour renforcer le financement du Programme d’Options Spécifiques à l’Éloignement et à l’Insularité (POSEI) pour l’agriculture, pour soutenir des salaires dignes pour les agriculteurs, pour consolider les filières traditionnelles d’exportation et poursuivre le développement des filières de diversification agricole en visant l’autonomie alimentaire."
LFI_2024,LFI_2024_153,EURO,2024,LFI,"Élargir le Programme d’Options Spécifiques à l’Éloignement et à l’Insularité (POSEI) aux domaines de la pêche artisanale, des transports, de la connectivité, de l’énergie et du numérique."
LFI_2024,LFI_2024_154,EURO,2024,LFI,"Mobiliser le Fonds européen pour les affaires maritimes, la pêche et l’aquaculture pour la modernisation de la flotte de pêche artisanale des RUP françaises."
LFI_2024,LFI_2024_155,EURO,2024,LFI,Renforcer et élargir l’accès des PTOM à tous les fonds européens.
LFI_2024,LFI_2024_156,EURO,2024,LFI,"Défendre l’attribution de ressources dédiées dans les domaines de la recherche, l’innovation, la culture, l’éducation, la formation, l’emploi, la pauvreté, le dérèglement climatique et le tourisme durable."
LFI_2024,LFI_2024_157,EURO,2024,LFI,"Demander leur intégration dans les réseaux transeuropéens de transport, d’énergie et de télécommunications."
LFI_2024,LFI_2024_158,EURO,2024,LFI,Rendre obligatoire l’analyse de l’impact des accords commerciaux et partenariats économiques signés entre l’Union européenne et des pays tiers pour éviter les concurrences déloyales.
LFI_2024,LFI_2024_159,EURO,2024,LFI,Modifier le droit de la concurrence européen pour permettre davantage de flexibilité dans l’octroi d’aides d’État et accorder un traitement préférentiel aux produits locaux.
LFI_2024,LFI_2024_160,EURO,2024,LFI,Création d’un soutien spécifique pour accroître leur autonomie énergétique.
LFI_2024,LFI_2024_161,EURO,2024,LFI,Création de fonds dédiés à la protection de la biodiversité terrestre et marine.
LFI_2024,LFI_2024_162,EURO,2024,LFI,"Réviser le Fonds de solidarité de l’Union européenne pour mieux répondre aux catastrophes de moindre ampleur et permettre d’y inclure les coûts liés à la prévention, l’évacuation et la réparation lors d’inondations, cyclones, feux de forêt, séismes et éruptions volcaniques."
LFI_2024,LFI_2024_163,EURO,2024,LFI,"Faciliter la mobilisation des fonds de cohésion pour renforcer les coopérations transfrontalières entre les RUP, les pays et territoires d’outremer, et les pays tiers."
LFI_2024,LFI_2024_164,EURO,2024,LFI,"Soutenir la production et la diffusion des créations et œuvres culturelles en langue créole dans l’espace européen, en provenance des régions ultrapériphériques et pays et territoires d’outre-mer francophones."
LFI_2024,LFI_2024_165,EURO,2024,LFI,Soutenir l’enseignement et la diffusion dans l’espace européen de la langue créole au sein des régions ultrapériphériques et pays et territoires d’outre-mer francophone où cette langue se parle au quotidien.
LFI_2024,LFI_2024_166,EURO,2024,LFI,RENFORCER LA POLITIQUE DE COHÉSION.
LFI_2024,LFI_2024_167,EURO,2024,LFI,MESURE-CLÉ.
LFI_2024,LFI_2024_168,EURO,2024,LFI,"Mettre la politique de cohésion au service de la planification écologique, du développement des territoires, de la lutte contre la précarité urbaine et la désertification rurale (déserts médicaux, administratifs, économiques, etc.)."
LFI_2024,LFI_2024_169,EURO,2024,LFI,TOUTES LES MESURES.
LFI_2024,LFI_2024_170,EURO,2024,LFI,Défendre l’augmentation des fonds européens de cohésion dans le cadre de la révision du budget pluriannuel de l’Union européenne (CFP) et de l’élaboration du nouveau budget.
LFI_2024,LFI_2024_171,EURO,2024,LFI,Simplifier la gestion des fonds européens pour les rendre utiles et faciles d’accès pour les petits porteurs de projets et les plus petites communes.
LFI_2024,LFI_2024_172,EURO,2024,LFI,"Renforcer l’association des communes et des citoyens à l’élaboration des projets de cohésion, garantir la transparence et renforcer les outils de lutte contre la fraude et le ciblage écologique et social de l’utilisation des fonds de cohésion."
LFI_2024,LFI_2024_173,EURO,2024,LFI,Faire du soutien aux projets d’initiatives citoyennes dans les villes un axe spécifique du fonds de développement régional.
LFI_2024,LFI_2024_174,EURO,2024,LFI,Faire du Fonds social européen un fonds de lutte contre les inégalités économiques et sociales.
LFI_2024,LFI_2024_175,EURO,2024,LFI,"Défendre la création d’un Fonds européen d’adaptation au changement climatique, pour permettre aux territoires de se préparer aux catastrophes naturelles de plus en plus fréquentes et intenses."
LFI_2024,LFI_2024_176,EURO,2024,LFI,CHAPITRE 3 - SORTIR DU LIBRE-ÉCHANGE ET RELOCALISER INTRODUCTION.
LFI_2024,LFI_2024_177,EURO,2024,LFI,« L’ACTIVITÉ ÉCONOMIQUE N’A DE SENS QU’AU SERVICE D’AUTRE CHOSE QU’ELLE-MÊME.
LFI_2024,LFI_2024_178,EURO,2024,LFI,» ANDRÉ GORZ.
LFI_2024,LFI_2024_179,EURO,2024,LFI,"MALGRÉ LES GRANDS DISCOURS SUR LA « RELOCALISATION » ET LE « PROTECTIONNISME EUROPÉEN », LA COMMISSION EUROPÉENNE S’OBSTINE PLUS QUE JAMAIS DANS LE LIBRE-ÉCHANGE."
LFI_2024,LFI_2024_180,EURO,2024,LFI,L’UNION EUROPÉENNE A DÉJÀ DES ACCORDS DE LIBRE ÉCHANGE EN PLACE AVEC 79 PAYS.
LFI_2024,LFI_2024_181,EURO,2024,LFI,"ELLE EST EN TRAIN D’EN ADOPTER DEUX NOUVEAUX (CHILI, KENYA) ET NÉGOCIE ACTUELLEMENT DES ACCORDS AVEC 11 AUTRES PAYS DONT CELUI AVEC LE MERCOSUR."
LFI_2024,LFI_2024_182,EURO,2024,LFI,"C’EST POURTANT UNE FOLIE TANT EN MATIÈRE D’ÉCOLOGIE – LES COÛTS CLIMATIQUES DES ACCORDS DE LIBRE-ÉCHANGE SONT BIEN SOUVENT SUPÉRIEURS AUX SOI-DISANT AVANTAGES ÉCONOMIQUES – QUE DE DROITS HUMAINS, EN ENCOURAGEANT LE DUMPING SOCIAL ET L’EXPLOITATION DE TRAVAILLEURS DANS DES CONDITIONS CATASTROPHIQUES."
LFI_2024,LFI_2024_183,EURO,2024,LFI,CES ACCORDS TUENT NOTRE INDUSTRIE ET NOTRE AGRICULTURE EN LES SOUMETTANT À UNE CONCURRENCE DÉLOYALE : IL N’Y A POURTANT AUCUN SENS À IMPORTER DES QUATRE COINS DU MONDE DES MARCHANDISES ET PRODUITS ALIMENTAIRES QUE NOUS PRODUISONS DÉJÀ ICI.
LFI_2024,LFI_2024_184,EURO,2024,LFI,NOTRE ENGAGEMENT EST DONC CLAIR : NOUS SOMMES LE SEUL GROUPE À AVOIR VOTÉ CONTRE TOUS LES ACCORDS DE LIBRE-ÉCHANGE DESTRUCTEURS ET NOUS Y METTRONS FIN.
LFI_2024,LFI_2024_185,EURO,2024,LFI,NOUS VOULONS PASSER AU PROTECTIONNISME ÉCOLOGIQUE ET SOCIAL.
LFI_2024,LFI_2024_186,EURO,2024,LFI,IL FAUT GARANTIR LA PROTECTION DES BIENS COMMUNS EN LES SORTANT DU MARCHÉ.
LFI_2024,LFI_2024_187,EURO,2024,LFI,"IL FAUT RELOCALISER L’INDUSTRIE ET GARANTIR NOTRE INDÉPENDANCE SUR LES RESSOURCES CLÉS, EN PARTANT DES BESOINS."
LFI_2024,LFI_2024_188,EURO,2024,LFI,NOUS APPLIQUERONS UN PRINCIPE DE NON-RÉGRESSION POUR QU’AUCUNE DÉCISION EUROPÉENNE NE RÉDUISE LES PROTECTIONS SOCIALES OU ENVIRONNEMENTALES.
LFI_2024,LFI_2024_189,EURO,2024,LFI,COMBATS.
LFI_2024,LFI_2024_190,EURO,2024,LFI,Mettre fin aux accords de libre-échange.
LFI_2024,LFI_2024_191,EURO,2024,LFI,METTRE UN TERME AUX ACCORDS DE LIBRE-ÉCHANGE POUR RELOCALISER L’ÉCONOMIE ET ENCADRER STRICTEMENT LE COMMERCE INTERNATIONAL.
LFI_2024,LFI_2024_192,EURO,2024,LFI,MESURE-CLÉ.
LFI_2024,LFI_2024_193,EURO,2024,LFI,"Bloquer l’ensemble des accords de libre-échange en cours de négociation, de signature, ou de renouvellement et abroger ceux en vigueur."
LFI_2024,LFI_2024_194,EURO,2024,LFI,TOUTES LES MESURES.
LFI_2024,LFI_2024_195,EURO,2024,LFI,"Bloquer l’ensemble des accords de libre-échange en cours de négociation, de signature, ou de renouvellement et refuser notamment les traités avec le Mercosur, y compris révisés, le Chili, le Mexique, l’Inde, l’Indonésie, le Kenya, l’Australie, les Philippines, la Thaïlande, etc."
LFI_2024,LFI_2024_196,EURO,2024,LFI,"Abroger les accords de libre-échange en vigueur (comme avec la Nouvelle-Zélande, le Canada, le Japon) et mettre en place de nouvelles formes de coopération commerciale fondées sur l’équité et le respect d’objectifs écologiques et sociaux communs."
LFI_2024,LFI_2024_197,EURO,2024,LFI,Soumettre l’ensemble de la politique commerciale à l’impératif de réduction des flux internationaux de marchandises pour lutter contre le changement climatique et à l’ambition de relocalisation.
LFI_2024,LFI_2024_198,EURO,2024,LFI,"Instaurer une taxe contre le dumping écologique et social aux frontières de l’Europe pour lutter contre les délocalisations et favoriser la relocalisation, s’appliquant à tous les secteurs d’activité, incluant à la fois les matières premières, les produits finis et semi-finis, à la place du mécanisme d’ajustement carbone aux frontières."
LFI_2024,LFI_2024_199,EURO,2024,LFI,Permettre aux Etats membres d’imposer une telle taxe à leurs frontières nationales si ça n’est pas possible aux frontières de l’Union européenne.
LFI_2024,LFI_2024_200,EURO,2024,LFI,"Utiliser tous les outils (taxes, normes, quotas, interdiction…) pour protéger l’industrie européenne de la concurrence déloyale, notamment chinoise et états-unienne, en particulier dans les secteurs stratégiques (énergie, télécommunications, santé, transports, numérique, spatial…)."
LFI_2024,LFI_2024_201,EURO,2024,LFI,"Interdire sur le sol européen la fabrication et l’export hors de l’Union européenne des produits phytosanitaires interdits par l’Union européenne, conformément à une promesse de la Commission européenne."
LFI_2024,LFI_2024_202,EURO,2024,LFI,"Renforcer la traçabilité et les contrôles sanitaires sur les produits agricoles importés en Europe pour éviter, par exemple, que du boeuf aux hormones se retrouve dans nos assiettes malgré l’interdiction théorique."
LFI_2024,LFI_2024_203,EURO,2024,LFI,Refuser les accords de partenariat économique inégaux et les accords de pêche qui pillent les ressources halieutiques des pays les moins développés.
LFI_2024,LFI_2024_204,EURO,2024,LFI,"Mettre en œuvre dans les États une clause de sauvegarde sanitaire interdisant l’importation de produits mettant en cause un norme sanitaire nationale, à comprendre comme une clause de non régression."
LFI_2024,LFI_2024_205,EURO,2024,LFI,FAIRE PRIMER LE DROIT SOCIAL ET ENVIRONNEMENTAL SUR LES DROITS DES MULTINATIONALES.
LFI_2024,LFI_2024_206,EURO,2024,LFI,MESURE-CLÉ.
LFI_2024,LFI_2024_207,EURO,2024,LFI,"Mettre un terme à la contradiction des pratiques commerciales délétères de l’Union européenne avec ses propres règles visant à protéger les droits humains et l’environnement, notamment les législations européennes sur le devoir de vigilance des entreprises, le travail forcé, la déforestation et la restauration de la nature."
LFI_2024,LFI_2024_208,EURO,2024,LFI,TOUTES LES MESURES.
LFI_2024,LFI_2024_209,EURO,2024,LFI,"Étendre le devoir de vigilance des entreprises adopté au niveau européen à l’ensemble des grandes entreprises, y compris dans le secteur financier, durcir les sanctions administratives pour les entreprises qui violent les droits humains ou détruisent l’environnement dans leur chaîne de production, et faciliter l’accès à la justice pour les victimes en donnant la possibilité aux ONG ou aux associations de les représenter."
LFI_2024,LFI_2024_210,EURO,2024,LFI,Exiger le respect des conventions fondamentales de l’Organisation internationale du Travail (OIT) pour tout accord de coopération économique.
LFI_2024,LFI_2024_211,EURO,2024,LFI,Refuser les tribunaux d’arbitrage privés qui permettent aux grandes entreprises d’attaquer des États devant une justice privée lorsque des décisions publiques favorables à l’intérêt général s’opposent à leurs intérêts économiques.
LFI_2024,LFI_2024_212,EURO,2024,LFI,Refuser les dérogations au droit social et environnemental accordées à des investisseurs privés et qui constituent du dumping déguisé.
LFI_2024,LFI_2024_213,EURO,2024,LFI,Assurer la mise en œuvre de la sortie coordonnée de l’Union européenne et de la France du traité sur la charte de l’énergie et refuser de payer les compensations qui pourraient être exigées par les grandes entreprises fossiles.
LFI_2024,LFI_2024_214,EURO,2024,LFI,"Renforcer les sanctions et la responsabilité civile et pénale du chef d’entreprise et des administrateurs d’entreprises en cas d’infractions sociales ou environnementales dans l’ensemble de leur chaîne de sous-traitance et d’approvisionnement, y compris hors UE."
LFI_2024,LFI_2024_215,EURO,2024,LFI,"Imposer le partage de la richesse et les droits des travailleurs sur l’ensemble de la chaîne d’approvisionnement des matières premières critiques, nécessaires à la décarbonation de notre industrie."
LFI_2024,LFI_2024_216,EURO,2024,LFI,RÉINDUSTRIALISER ET RELOCALISER GRÂCE AU PROTECTIONNISME NATIONAL ET EUROPÉEN.
LFI_2024,LFI_2024_217,EURO,2024,LFI,MESURE-CLÉ.
LFI_2024,LFI_2024_218,EURO,2024,LFI,Interdire l’accès au marché européen aux produits ne respectant pas des normes sociales et environnementales suffisantes ou violant les droits humains dans leur chaîne de production et renforcer les contrôles.
LFI_2024,LFI_2024_219,EURO,2024,LFI,TOUTES LES MESURES.
LFI_2024,LFI_2024_220,EURO,2024,LFI,"Favoriser la production nationale dans les marchés publics lorsqu’elle répond au besoin, puis la production européenne."
LFI_2024,LFI_2024_221,EURO,2024,LFI,Cela permettra par exemple un approvisionnement local des cantines ou bien l’utilisation de panneaux solaires français et européens aujourd’hui laminés par le dumping asiatique.
LFI_2024,LFI_2024_222,EURO,2024,LFI,"Faire primer, via une clause de proximité, les critères sociaux et écologiques et de proximité sur le critère de prix dans les appels d’offres publics."
LFI_2024,LFI_2024_223,EURO,2024,LFI,Réviser la directive sur la passation des marchés publics et refuser l’attribution de marchés publics aux entreprises qui ne respectent pas le droit du travail et les conventions collectives dans l’ensemble de leurs pays d’implantation.
LFI_2024,LFI_2024_224,EURO,2024,LFI,"Garantir le recours aux ressources essentielles à la bifurcation écologique indisponibles en Europe (cobalt, cuivre) dans le respect des droits et conditions de travail des populations des pays détenteurs."
LFI_2024,LFI_2024_225,EURO,2024,LFI,PASSER AU PROTECTIONNISME ÉCOLOGIQUE ET SOCIAL POUR GARANTIR NOTRE INDÉPENDANCE.
LFI_2024,LFI_2024_226,EURO,2024,LFI,MESURE-CLÉ.
LFI_2024,LFI_2024_227,EURO,2024,LFI,"Mettre un terme à la concurrence libre et non-faussée qui empêche la constitution de pôles publics (énergie, transports, etc.) et la sortie des biens communs du marché."
LFI_2024,LFI_2024_228,EURO,2024,LFI,TOUTES LES MESURES.
LFI_2024,LFI_2024_229,EURO,2024,LFI,"Développer des filières publiques, à l’échelle de la France ou de l’Union européenne, pour la production de l’ensemble des biens et services nécessaires à la planification écologique et qui remplissent des besoins essentiels (médicaments, produits alimentaires, biens de consommation courants) pour retrouver notre souveraineté."
LFI_2024,LFI_2024_230,EURO,2024,LFI,"Créer un pôle public minier pour limiter les incidences environnementales de l’extraction minière en Europe, assurer des conditions de travail optimales aux travailleurs et travailleuses du secteur, tout en donnant au peuple le choix des orientations stratégiques du secteur."
LFI_2024,LFI_2024_231,EURO,2024,LFI,"Faire de la sobriété matérielle et de la réduction de la demande un levier de réduction des importations, de relocalisation et de réindustrialisation au service de l’emploi et de la réduction de l’empreinte écologique."
LFI_2024,LFI_2024_232,EURO,2024,LFI,"Autoriser les États membres à nationaliser les grandes entreprises industrielles et commerciales à intérêt public (ferroviaire, ferroutage, gestion des milieux…) ou dont la bifurcation est d’intérêt public pour appliquer la Règle verte (cimenteries, aciéries…)."
LFI_2024,LFI_2024_233,EURO,2024,LFI,"Réformer le cadre des aides d’État pour subventionner directement des secteurs stratégiques clefs, notamment dans le cadre de la planification écologique."
LFI_2024,LFI_2024_234,EURO,2024,LFI,Proposer des formes de coopération entre États membres sur des projets d’infrastructures nécessaires à la bifurcation écologique et de relocalisation de productions sur le sol européen.
LFI_2024,LFI_2024_235,EURO,2024,LFI,"Coordonner le développement des industries nécessaires à la bifurcation écologique, plutôt que le plan industriel du « Pacte vert » européen qui renforce les guerres de subventions entre les États membres."
LFI_2024,LFI_2024_236,EURO,2024,LFI,Réindustrialiser les territoires ruraux grâce à un programme européen de soutien à la modernisation et la décarbonation des TPE / PME afin d’éviter la concentration des soutiens dans les grandes métropoles innovantes et les filières d’excellence.
LFI_2024,LFI_2024_237,EURO,2024,LFI,"Renforcer le contrôle des investissements directs étrangers afin d’empêcher la captation ou la participation d’entreprises étrangères à des industries stratégiques pour notre souveraineté (énergétique, médical, militaire)."
LFI_2024,LFI_2024_238,EURO,2024,LFI,Généraliser la logique des achats groupés coordonnés au niveau européen pour négocier ensemble nos approvisionnements en ressources rares ou matériaux stratégiques et établir des accords équilibrés avec les pays en développement en garantissant des normes écologiques et sociales élevées.
LFI_2024,LFI_2024_239,EURO,2024,LFI,Instaurer un protectionnisme européen sur la filière de l’éolien maritime et du photovoltaïque incluant la construction des panneaux solaires et des éoliennes ainsi que des navires et activités d’installation et maintenance.
LFI_2024,LFI_2024_240,EURO,2024,LFI,Permettre les aides d’État pour les investissements dans les navires construits en Europe et infrastructures portuaires et industrielles pour construire une base industrielle et technologique des énergies renouvelables.
LFI_2024,LFI_2024_241,EURO,2024,LFI,SORTIR DU MARCHÉ EUROPÉEN DE L’ÉLECTRICITÉ .
LFI_2024,LFI_2024_242,EURO,2024,LFI,MESURE-CLÉ.
LFI_2024,LFI_2024_243,EURO,2024,LFI,"SORTIR DU MARCHÉ EUROPÉEN DE L’ÉLECTRICITÉ ET CRÉER UN PÔLE PUBLIC DE L’ÉNERGIE, REMETTRE EN PLACE DES TARIFS RÉGLEMENTÉS PÉRENNES CALCULÉS À PARTIR DES COÛTS DE PRODUCTION, POUR LES PARTICULIERS COMME POUR LES ENTREPRISES, LES COLLECTIVITÉS LOCALES ET LES BAILLEURS SOCIAUX."
LFI_2024,LFI_2024_244,EURO,2024,LFI,"Y INCLURE DES OBJECTIFS SOCIAUX, COMME LA GRATUITÉ DES PREMIERS KILOWATTHEURES, GARANTISSANT LE DROIT À L’ÉNERGIE POUR LES USAGES DE BASE."
LFI_2024,LFI_2024_245,EURO,2024,LFI,TOUTES LES MESURES.
LFI_2024,LFI_2024_246,EURO,2024,LFI,Établir une planification publique européenne et nationale adaptée aux potentiels des différents territoires pour décupler la production d’électricité renouvelable au niveau européen.
LFI_2024,LFI_2024_247,EURO,2024,LFI,Remettre en place un service public national de l’électricité hors du marché tout en maintenant les interconnexions au niveau européen afin de garantir la solidarité entre États membres et ainsi assurer la sécurité d’approvisionnement sans passer par le marché.
LFI_2024,LFI_2024_248,EURO,2024,LFI,"Revenir à une exploitation 100% publique des barrages hydroélectriques, mettant fin à certaines rentes privées et au risque de prise de contrôle privé et étranger."
LFI_2024,LFI_2024_249,EURO,2024,LFI,Combattre la volonté de la Commission européenne de privatiser les barrages.
LFI_2024,LFI_2024_250,EURO,2024,LFI,"Garantir un contrôle citoyen sur ce service public par la mise en place d’un organisme de contrôle indépendant, une obligation de transparence et la publication d’indicateurs définis démocratiquement dans le cadre d’un contrat de service public."
LFI_2024,LFI_2024_251,EURO,2024,LFI,"Mettre en place une coordination des investissements énergétiques par une planification publique européenne, nationale et territoriale, multi-énergies, adaptée aux potentiels des différents territoires."
LFI_2024,LFI_2024_252,EURO,2024,LFI,"Développer et protéger les filières industrielles européennes nécessaires à la bifurcation écologique, (éolien terrestre et maritime, solaire, batteries, hydrogène, réseau, rénovation) afin de limiter notre dépendance aux importations dans ce secteur."
LFI_2024,LFI_2024_253,EURO,2024,LFI,Garantir que le prix payé par le consommateur final reflète uniquement les coûts de production plutôt que la spéculation pour que la facture des usagers n’alimente plus les dividendes des actionnaires et que les marges soient uniquement réinvesties dans la qualité du réseau et le développement des énergies renouvelables.
LFI_2024,LFI_2024_254,EURO,2024,LFI,CHAPITRE 4 - FAIRE LA PLANIFICATION ÉCOLOGIQUE EUROPÉENNE.
LFI_2024,LFI_2024_255,EURO,2024,LFI,INTRODUCTION.
LFI_2024,LFI_2024_256,EURO,2024,LFI,"« ÊTRE RADICAL AU TEMPS DE L’URGENCE CHRONIQUE, C’EST PRENDRE LES CATASTROPHES PERPÉTUELLES À LEURS RACINES ÉCOLOGIQUES."
LFI_2024,LFI_2024_257,EURO,2024,LFI,"» ANDREAS MALM, LA CHAUVE-SOURIS ET LE CAPITAL."
LFI_2024,LFI_2024_258,EURO,2024,LFI,LES ANNÉES À VENIR SONT DÉCISIVES POUR L’HUMANITÉ.
LFI_2024,LFI_2024_259,EURO,2024,LFI,"FACE AU BOULEVERSEMENT CLIMATIQUE ET À SES EFFETS IRRÉVERSIBLES, L’UNION EUROPÉENNE DEVRAIT ÊTRE À LA POINTE DE LA LUTTE POUR LA SAUVEGARDE DE NOS ÉCOSYSTÈMES TOUT EN GARANTISSANT UNE VIE DIGNE POUR TOUTES ET TOUS."
LFI_2024,LFI_2024_260,EURO,2024,LFI,"ELLE EN A LES MOYENS FINANCIERS, TECHNIQUES ET HUMAINS."
LFI_2024,LFI_2024_261,EURO,2024,LFI,L’INTÉRÊT GÉNÉRAL HUMAIN LE COMMANDE.
LFI_2024,LFI_2024_262,EURO,2024,LFI,NOUS REFUSONS TOUTE « PAUSE » SUR LES RÈGLES ENVIRONNEMENTALES EUROPÉENNES DÉCRÉTÉE PAR EMMANUEL MACRON ET SOUHAITONS METTRE PLEINEMENT EN ŒUVRE LE PACTE VERT POUR LE RENFORCER ENSUITE PAR UN DEUXIÈME VOLET PLUS AMBITIEUX LORS DE LA MANDATURE 2024-2029.
LFI_2024,LFI_2024_263,EURO,2024,LFI,"NEUF ANS APRÈS LES ACCORDS DE PARIS, L’UNION EUROPÉENNE MET ENCORE EN PLACE DES DISPOSITIFS CONTRE-PRODUCTIFS COMME LE MARCHÉ CARBONE."
LFI_2024,LFI_2024_264,EURO,2024,LFI,"ALORS QUE 80% DES ÉMISSIONS DE GAZ À EFFET DE SERRE PROVIENNENT AUJOURD’HUI DES ÉNERGIES FOSSILES, IL Y A URGENCE À EN SORTIR DE MANIÈRE JUSTE ET CONCERTÉE."
LFI_2024,LFI_2024_265,EURO,2024,LFI,"CE N’EST PAS AUX PLUS PAUVRES, QUI SUBISSENT DÉJÀ LES PREMIERS LES EFFETS DU DÉRÈGLEMENT CLIMATIQUE, DE PAYER MAIS AUX POLLUEURS ET AUX PLUS RICHES."
LFI_2024,LFI_2024_266,EURO,2024,LFI,"CELA PASSE PAR LA TAXATION DES SUPER-POLLUEURS ET DE LEURS SUPER-PROFITS : LES ENTREPRISES DU PÉTROLE, DU GAZ, ET DU CHARBON QUI S’ENRICHISSENT AU MÉPRIS DE LEUR IMPACT ENVIRONNEMENTAL."
LFI_2024,LFI_2024_267,EURO,2024,LFI,"LA POLITIQUE AGRICOLE ACTUELLE FAVORISE L’EXPANSION D’UNE AGRICULTURE INDUSTRIELLE ET POLLUANTE, LES TRAITÉS DE LIBRE ÉCHANGE PERMETTENT L’IMPORTATION DE PRODUITS ALIMENTAIRES À LA QUALITÉ BIEN INFÉRIEURE AUX NÔTRES ET METTENT EN DANGER LES AGRICULTEURS ET CONSOMMATEURS."
LFI_2024,LFI_2024_268,EURO,2024,LFI,LES AGRICULTEURS ET AGRICULTRICES DOIVENT POUVOIR VIVRE DIGNEMENT DE LEUR TRAVAIL.
LFI_2024,LFI_2024_269,EURO,2024,LFI,"LA POLITIQUE AGRICOLE DOIT ÊTRE AU SERVICE D’UNE AGRICULTURE PAYSANNE RESPECTUEUSE DE L’ÉCOLOGIE, DE NOTRE SANTÉ, DES DROITS SOCIAUX ET DU BIEN-ÊTRE ANIMAL."
LFI_2024,LFI_2024_270,EURO,2024,LFI,"NOUS DEVONS CHANGER LES MODES DE PRODUCTION, DE CONSOMMATION ET D’ÉCHANGE."
LFI_2024,LFI_2024_271,EURO,2024,LFI,TOUT CELA DOIT ÊTRE PLANIFIÉ.
LFI_2024,LFI_2024_272,EURO,2024,LFI,LA PLANIFICATION EST D’ABORD UNE MÉTHODE.
LFI_2024,LFI_2024_273,EURO,2024,LFI,"C’EST POUR CELA QUE NOUS PROPOSONS D’INSCRIRE LES PRINCIPES DE LA RÈGLE VERTE (NE PAS PRÉLEVER SUR LA NATURE PLUS DE RESSOURCES RENOUVELABLES QUE CE QU’ELLE PEUT RECONSTITUER, NI DE PRODUIRE PLUS DE POLLUTIONS ET DE DÉCHETS QUE CE QU’ELLE PEUT SUPPORTER) ET DE LA RÈGLE BLEUE (APPLICATION DE LA RÈGLE VERTE À L’EAU POUR SON USAGE ET POUR LA PROTECTION DE SA QUALITÉ) COMME FONDEMENTS DES POLITIQUES ENVIRONNEMENTALES EUROPÉENNES AFIN QUE LA CONSOMMATION FINALE DE L’UNION EUROPÉENNE N’EXCÈDE PAS LES CAPACITÉS BIOLOGIQUES DES ÉCOSYSTÈMES."
LFI_2024,LFI_2024_274,EURO,2024,LFI,NOUS PROPOSONS UN NOUVEL HORIZON AU PEUPLE HUMAIN : L’HARMONIE DES ÊTRES HUMAINS ENTRE EUX ET AVEC LA NATURE.
LFI_2024,LFI_2024_275,EURO,2024,LFI,COMBATS.
LFI_2024,LFI_2024_276,EURO,2024,LFI,BAISSER LES PRIX DE L’ALIMENTATION EN ENCADRANT LES MARGES DES MULTINATIONALES.
LFI_2024,LFI_2024_277,EURO,2024,LFI,SORTIR DES PESTICIDES ET GARANTIR UNE RÉMUNÉRATION DIGNE AUX SALARIÉS DE L’AGRICULTURE.
LFI_2024,LFI_2024_278,EURO,2024,LFI,PASSER AU 100% ÉNERGIE RENOUVELABLE D’ICI 2050.
LFI_2024,LFI_2024_279,EURO,2024,LFI,SORTIR DU MARCHÉ CARBONE.
LFI_2024,LFI_2024_280,EURO,2024,LFI,MESURE-CLÉ.
LFI_2024,LFI_2024_281,EURO,2024,LFI,"ACTER LA DÉFAILLANCE DU MARCHÉ CARBONE (SEQE-UE) ET INSTAURER UNE VÉRITABLE PLANIFICATION DE LA RÉDUCTION DES ÉMISSIONS DES SECTEURS ÉNERGÉTIQUES ET INDUSTRIELS, PAR LE BIAIS D’OBJECTIFS SECTORIELS CONTRAIGNANTS ET D’UN OBJECTIF DE RÉDUCTION DES ÉMISSIONS POUR LA PÉRIODE 2021-2030 CONFORME AU RESPECT DE L’ACCORD DE PARIS, NOTAMMENT EN APPLIQUANT LE PRINCIPE POLLUEUR-PAYEUR POUR LES ENTREPRISES."
LFI_2024,LFI_2024_282,EURO,2024,LFI,TOUTES LES MESURES.
LFI_2024,LFI_2024_283,EURO,2024,LFI,Parvenir à la neutralité carbone en Europe d’ici 2040.
LFI_2024,LFI_2024_284,EURO,2024,LFI,"Rénover l’ensemble des passoires thermiques, réduire drastiquement le transport aérien, développer les alternatives à la voiture individuelle et au fret routier."
LFI_2024,LFI_2024_285,EURO,2024,LFI,"Adopter une stratégie globale d’adaptation au dérèglement climatique, via le renforcement de la solidarité européenne, anticiper la multiplication des évènements météorologiques extrêmes et protéger les plus vulnérables."
LFI_2024,LFI_2024_286,EURO,2024,LFI,"Empêcher l’extension injuste du marché carbone à l’essence et au chauffage des particuliers, et en parallèle, instaurer une taxation des biens et loisirs anti écologiques des ultra riches, avec une interdiction des plus climaticides."
LFI_2024,LFI_2024_287,EURO,2024,LFI,Rehausser l’objectif de réduction global des émissions de gaz à effet de serre de la loi climat à au moins 70 % d’ici 2030.
LFI_2024,LFI_2024_288,EURO,2024,LFI,"Réviser périodiquement au niveau de l’Union européenne, et par État membre, les plans de réduction des émissions de gaz à effet de serre, fixant des objectifs annuels contraignants, en tenant compte des derniers rapports scientifiques, et appliqués avec des feuilles de route de mise en œuvre travaillées avec les organisations syndicales et patronales."
LFI_2024,LFI_2024_289,EURO,2024,LFI,Exclure les absorptions d’émissions par les puits de carbone de la comptabilisation des objectifs de réduction des émissions.
LFI_2024,LFI_2024_290,EURO,2024,LFI,Protéger cependant les puits de carbone naturels existants.
LFI_2024,LFI_2024_291,EURO,2024,LFI,Adopter des objectifs de réduction spécifiques pour les émissions de protoxyde d’azote et de méthane.
LFI_2024,LFI_2024_292,EURO,2024,LFI,Rehausser l’objectif de l’Union pour 2030 en ce qui concerne les absorptions nettes de gaz à effet de serre à 600 mégatonnes d’équivalent CO2.
LFI_2024,LFI_2024_293,EURO,2024,LFI,Adopter un objectif contraignant de réduction des émissions de gaz à effet de serre associées aux biens et services importés dans l’Union européenne d’au moins 65 % d’ici 2050.
LFI_2024,LFI_2024_294,EURO,2024,LFI,Mettre en place un grand plan d’investissement public dans la bifurcation écologique financé par de nouvelles ressources propres.
LFI_2024,LFI_2024_295,EURO,2024,LFI,Privilégier les réductions d’émissions directes au solutionnisme technologique afin de ne pas faire reposer la réalisation des objectifs climatiques européens sur le déploiement de technologies de capture et séquestration du carbone dont le déploiement demeure limité et à l’efficacité incertaine.
LFI_2024,LFI_2024_296,EURO,2024,LFI,PASSER AU 100% RENOUVELABLE EN EUROPE AUSSI.
LFI_2024,LFI_2024_297,EURO,2024,LFI,MESURE-CLÉ.
LFI_2024,LFI_2024_298,EURO,2024,LFI,PLANIFIER LA SORTIE DU NUCLÉAIRE ET DES ÉNERGIES CARBONÉES ET S’ORIENTER VERS UN MIX ÉNERGÉTIQUE 100 % RENOUVELABLE À HORIZON 2050 EN PLANIFIANT À LONG TERME LE DÉPLOIEMENT DES INFRASTRUCTURES DE PRODUCTION ET DE STOCKAGE D’ÉNERGIE.
LFI_2024,LFI_2024_299,EURO,2024,LFI,TOUTES LES MESURES.
LFI_2024,LFI_2024_300,EURO,2024,LFI,"Supprimer les subventions directes et indirectes accordées aux énergies fossiles (pétrole, gaz, charbon, gaz de schiste) et interdire toute nouvelle exploitation d’énergies fossiles dans l’Union européenne."
LFI_2024,LFI_2024_301,EURO,2024,LFI,"Réserver les fonds européens au développement de l’hydrogène vert, planifier les usages, les développements et les implantations de l’hydrogène afin d’en assurer l’utilisation la plus rationnelle et optimale."
LFI_2024,LFI_2024_302,EURO,2024,LFI,"Négocier un traité international de non-prolifération des énergies fossiles et contre le lobbying des entreprises du pétrole, du charbon et du gaz dans les institutions publiques."
LFI_2024,LFI_2024_303,EURO,2024,LFI,Réviser la taxonomie européenne pour sortir le gaz et le nucléaire des énergies considérées comme durables et introduire une taxonomie noire pour pénaliser les activités économiques attentatoires à l’environnement.
LFI_2024,LFI_2024_304,EURO,2024,LFI,DÉVELOPPER LES TRANSPORTS PUBLICS ET RENDRE LES MOBILITÉS DURABLES ET ACCESSIBLES.
LFI_2024,LFI_2024_305,EURO,2024,LFI,MESURE-CLÉ.
LFI_2024,LFI_2024_306,EURO,2024,LFI,"FAVORISER LE DÉVELOPPEMENT ET LA RÉNOVATION DES LIGNES DE FRET, DES TRAINS DU QUOTIDIEN ET DES TRAINS DE NUIT ENTRE PAYS EUROPÉENS PLUTÔT QUE DE FINANCER DES GRANDS PROJETS INUTILES ET IMPOSÉS COMME LE LYON-TURIN."
LFI_2024,LFI_2024_307,EURO,2024,LFI,TOUTES LES MESURES.
LFI_2024,LFI_2024_308,EURO,2024,LFI,Stopper la liquidation de Fret SNCF poussée par la Commission européenne et mise en place par le gouvernement ; défendre l’opérateur public et développer massivement le fret ferroviaire.
LFI_2024,LFI_2024_309,EURO,2024,LFI,Abroger les quatre paquets ferroviaires qui imposent la mise en concurrence forcée des transports publics urbains et régionaux ; faire du rail un levier central de la planification écologique en créant des pôles publics nationaux et en renforçant les coopérations européennes.
LFI_2024,LFI_2024_310,EURO,2024,LFI,Rétablir un monopole public du rail.
LFI_2024,LFI_2024_311,EURO,2024,LFI,S’attaquer à la précarité des plus vulnérables en matière de mobilité en diminuant le prix des billets de train.
LFI_2024,LFI_2024_312,EURO,2024,LFI,Offrir à chaque jeune un pass interrail d’une durée de 6 mois entre ses 18 et 25 ans.
LFI_2024,LFI_2024_313,EURO,2024,LFI,Lancer un ticket rail européen à un prix abordable pour faciliter le recours au train sur le modèle d’Interrail.
LFI_2024,LFI_2024_314,EURO,2024,LFI,"Développer massivement le train de nuit sur l’ensemble du réseau européen sur les relations longues distances, y compris sur des lignes desservies par le TGV, à des prix bas, fixes et régulés."
LFI_2024,LFI_2024_315,EURO,2024,LFI,"Revenir sur la libéralisation du transport aérien qui exacerbe le dumping social et engager la bifurcation du transport aérien, par la décroissance des vols remplaçables, le report du fret vers le rail et la recherche publique sur les carburants ou l’électrification."
LFI_2024,LFI_2024_316,EURO,2024,LFI,Durcir la réglementation européenne sur la pollution sonore des aéroports.
LFI_2024,LFI_2024_317,EURO,2024,LFI,"Créer une règle européenne pour interdire les vols au sein de l’Union européenne lorsqu’il existe une alternative en rail de moins de 4 heures, hors correspondance internationale."
LFI_2024,LFI_2024_318,EURO,2024,LFI,"Introduire une taxe européenne sur les vols internationaux et intra-européens aujourd’hui détaxés Promouvoir le contrôle public national de l’exploitation des infrastructures routières, portuaires et. aéroportuaires."
LFI_2024,LFI_2024_319,EURO,2024,LFI,"Limiter la taille, le poids et les dimensions des SUV autorisés à la vente dans la réglementation européenne."
LFI_2024,LFI_2024_320,EURO,2024,LFI,"Mettre fin aux zones à faibles émissions (ZFE) dans leur conception actuelle dont les critères induisent des inégalités sociales et une trop grande tolérance à l’égard de certains véhicules, notamment les SUV, qualifiés à tort de non-polluants."
LFI_2024,LFI_2024_321,EURO,2024,LFI,Établir un plan de relocalisation de la production de petites voitures type citadine dans l’Union européenne.
LFI_2024,LFI_2024_322,EURO,2024,LFI,"Renforcer le plan vélo européen avec des objectifs de développement du vélo pour chaque État, notamment des infrastructures, comme les pistes cyclables et les vélos routes (par exemple le projet de véloroute Portugal-Danemark)."
LFI_2024,LFI_2024_323,EURO,2024,LFI,Créer des barrières douanières fortes contres les véhicules fabriqués hors de l’Union européenne.
LFI_2024,LFI_2024_324,EURO,2024,LFI,METTRE LA PAC AU SERVICE DE L’AGRICULTURE PAYSANNE ET DU BIEN-ÊTRE ANIMAL.
LFI_2024,LFI_2024_325,EURO,2024,LFI,MESURE-CLÉ.
LFI_2024,LFI_2024_326,EURO,2024,LFI,GARANTIR DES PRIX RÉMUNÉRATEURS AUX AGRICULTEURS ET ENCADRER LES MARGES DE L’INDUSTRIE AGROALIMENTAIRE ET DE LA GRANDE DISTRIBUTION.
LFI_2024,LFI_2024_327,EURO,2024,LFI,TOUTES LES MESURES.
LFI_2024,LFI_2024_328,EURO,2024,LFI,"Mettre fin aux accords de libre-échange, stopper définitivement les négociations avec le Mercosur."
LFI_2024,LFI_2024_329,EURO,2024,LFI,Adopter la clause de sauvegarde contre la concurrence déloyale.
LFI_2024,LFI_2024_330,EURO,2024,LFI,Appliquer une clause de sauvegarde sanitaire quand une production agricole importée contient des produits interdits en France pour des raisons de santé publique.
LFI_2024,LFI_2024_331,EURO,2024,LFI,"Défendre le budget global de la Politique agricole commune (PAC) et renforcer les conditionnalités écologiques, sociales et de bien-être animal devant être inscrites dans les plans stratégiques nationaux."
LFI_2024,LFI_2024_332,EURO,2024,LFI,Passer d’une logique de production agricole destinée à l’export à un modèle de souveraineté alimentaire.
LFI_2024,LFI_2024_333,EURO,2024,LFI,"Mieux redistribuer l’argent de la PAC vers les petits producteurs, passer du système d’aides à l’hectare à un système d’aides plafonnées à l’actif intégrant des critères sociaux et environnementaux."
LFI_2024,LFI_2024_334,EURO,2024,LFI,"Renforcer les aides à l’installation des jeunes et des nouveaux agriculteurs (y compris au-delà de 40 ans), en favorisant les projets agroécologiques, la diversification des activités du territoire et les démarches collectives."
LFI_2024,LFI_2024_335,EURO,2024,LFI,"Renforcer les aides à la conversion vers des modèles de production agroécologiques, notamment par le biais de contrats transition et des paiements pour services environnementaux."
LFI_2024,LFI_2024_336,EURO,2024,LFI,Créer une caisse de défaisance pour reprendre la dette agricole de celles et ceux qui s’engagent au travers d’un contrat de transition à passer au 100 % bio.
LFI_2024,LFI_2024_337,EURO,2024,LFI,Budgéter une aide à la transition pour les éleveurs industriels se convertissant à l’élevage paysan ou aux cultures végétales.
LFI_2024,LFI_2024_338,EURO,2024,LFI,"Renforcer l’égalité entre les territoires, achever la convergence interne par l’harmonisation des aides au niveau national et maintenir le soutien aux zones soumises à des contraintes naturelles (montagne, zones sèches, …)."
LFI_2024,LFI_2024_339,EURO,2024,LFI,"Renforcer notamment par les aides couplées le soutien aux productions stratégiques pour parvenir à la souveraineté alimentaire et aux « oubliés de la PAC » (arboriculture, maraîchage diversifié sur de petites surfaces, production de légumineuses à destination alimentaire, …)."
LFI_2024,LFI_2024_340,EURO,2024,LFI,"Revoir les aides aux éleveurs de façon à rémunérer l’engagement des éleveurs en faveur du bien-être animal et du rôle environnemental du cheptel, en tenant compte des limites de densité soutenables."
LFI_2024,LFI_2024_341,EURO,2024,LFI,"Pour atteindre une consommation de viande à un niveau écologiquement soutenable, revoir les aides agricoles de façon à rémunérer l’engagement des éleveurs en faveur du bien-être animal et du rôle paysager et environnemental du cheptel, sans perte de revenu."
LFI_2024,LFI_2024_342,EURO,2024,LFI,POUR UNE POLITIQUE ALIMENTAIRE COMMUNE .
LFI_2024,LFI_2024_343,EURO,2024,LFI,MESURE-CLÉ.
LFI_2024,LFI_2024_344,EURO,2024,LFI,INTERDIRE LE GLYPHOSATE ET ÉTABLIR UN PLAN DE SORTIE DE L’ENSEMBLE DES PESTICIDES DE SYNTHÈSE ET DES ENGRAIS CHIMIQUES DANGEREUX POUR L’ENVIRONNEMENT ET LA SANTÉ HUMAINE.
LFI_2024,LFI_2024_345,EURO,2024,LFI,TOUTES LES MESURES.
LFI_2024,LFI_2024_346,EURO,2024,LFI,Réduire le gaspillage alimentaire et viser un système 100 % biologique au plus tard en 2050.
LFI_2024,LFI_2024_347,EURO,2024,LFI,Établir une planification alimentaire européenne afin de garantir que la majorité des besoins alimentaires soient satisfaits par la production locale.
LFI_2024,LFI_2024_348,EURO,2024,LFI,"Garantir le respect des limites planétaires par le système de production, de transformation, de distribution et de consommation alimentaire en adoptant une loi-cadre pour des systèmes alimentaires durables."
LFI_2024,LFI_2024_349,EURO,2024,LFI,Réviser le processus d’autorisation des pesticides pour que la toxicité à long termes des pesticides et leurs effets cocktails soient dûment évalués.
LFI_2024,LFI_2024_350,EURO,2024,LFI,Refuser tout assouplissement de la réglementation sur les OGM et maintenir les NGT (nouveaux OGM) dans le champ de cette réglementation.
LFI_2024,LFI_2024_351,EURO,2024,LFI,Interdire l’élevage en cage comme la Commission européenne s’était engagée à le faire avant d’abandonner le projet Développer massivement la production de protéines végétales pour l’alimentation humaine et animale.
LFI_2024,LFI_2024_352,EURO,2024,LFI,Interdire les agrocarburants qui entrent en compétition avec la production agricole à destination de l’alimentation humaine.
LFI_2024,LFI_2024_353,EURO,2024,LFI,Permettre aux États de privilégier un approvisionnement local et de protéger leurs productions sur des critères écologiques et sociaux.
LFI_2024,LFI_2024_354,EURO,2024,LFI,"Rompre avec le dogme de la concurrence « libre et non-faussée » pour pouvoir imposer 100 % d’alimentation bio, locale et en proposant des repas végétariens, dans la restauration scolaire partout en Europe, proposer des normes minimales de durabilité pour les marchés publics européens de denrées alimentaires."
LFI_2024,LFI_2024_355,EURO,2024,LFI,Encadrer la publicité alimentaire et l’interdire sur tous les supports quand elle est à destination des enfants et adolescents.
LFI_2024,LFI_2024_356,EURO,2024,LFI,Lutter contre le gaspillage alimentaire en fixant des garanties sur la répartition des invendus et les obligations de la grande distribution dans la directive cadre européenne sur les déchets.
LFI_2024,LFI_2024_357,EURO,2024,LFI,PROTÉGER NOTRE SANTÉ.
LFI_2024,LFI_2024_358,EURO,2024,LFI,MESURE-CLÉ.
LFI_2024,LFI_2024_359,EURO,2024,LFI,"CONSTITUER DES PÔLES PUBLICS NATIONAUX OU EUROPÉENS DE PRODUCTION DE MÉDICAMENTS (PAR EXEMPLE : PARACÉTAMOL, PILULE ABORTIVE)."
LFI_2024,LFI_2024_360,EURO,2024,LFI,TOUTES LES MESURES.
LFI_2024,LFI_2024_361,EURO,2024,LFI,"Défendre la sécurité sociale et le service public de santé notamment l’hôpital public, combattre les demandes de la Commission européenne d’y porter atteinte."
LFI_2024,LFI_2024_362,EURO,2024,LFI,"Organiser le déploiement de plateformes d’hébergement de données de santé publiques sécurisées dans chaque pays membre afin de garantir une souveraineté nationale aux membres de l’Union européenne sur leurs données de santé Prévenir les futures zoonoses en fondant nos politiques publiques à partir du principe « une seule santé », en vertu duquel la protection de la santé humaine passe par celle du monde animal et des écosystèmes ."
LFI_2024,LFI_2024_363,EURO,2024,LFI,"Renforcer les coopérations européennes en matière de santé, notamment concernant la prévention et la gestion des pandémies."
LFI_2024,LFI_2024_364,EURO,2024,LFI,Imposer dans tous les cas d’urgence sanitaire la levée des brevets sur les médicaments et vaccins nécessaires.
LFI_2024,LFI_2024_365,EURO,2024,LFI,Planifier une réelle relocalisation de la production des produits pharmaceutiques en favorisant la production locale pour faire face aux pénuries.
LFI_2024,LFI_2024_366,EURO,2024,LFI,Refuser la libéralisation des laboratoires de biologie médicale et leur rachat par des fonds de pension.
LFI_2024,LFI_2024_367,EURO,2024,LFI,"Aligner les standards européens de qualité de l’air sur les normes de l’Organisation mondiale de la santé (OMS), mettre rapidement en place des mesures dans les États membres (comme la France) sanctionnés pour dépassement des seuils en matière de pollution de l’air."
LFI_2024,LFI_2024_368,EURO,2024,LFI,Mettre en place un Plan européen d’éradication de l’amiante pour protéger la santé des travailleurs.
LFI_2024,LFI_2024_369,EURO,2024,LFI,Interdire les perturbateurs endocriniens par une définition stricte et avec des sanctions dissuasives.
LFI_2024,LFI_2024_370,EURO,2024,LFI,Généraliser et rendre obligatoire le Nutri-Score partout en Europe et y intégrer des critères de transparence sur la fabrication et le respect de l’environnement.
LFI_2024,LFI_2024_371,EURO,2024,LFI,"Compléter le Nutri-Score avec l’indicateur NOVA, qui classe les aliments de « peu ou pas transformés » à « ultra-transformés »."
LFI_2024,LFI_2024_372,EURO,2024,LFI,"Interdire d’urgence les additifs les plus controversés, notamment le nitrite de sodium et le nitrate de potassium, limiter la liste des additifs autorisés à ceux admis dans l’agriculture biologique."
LFI_2024,LFI_2024_373,EURO,2024,LFI,"Fixer des taux maximaux de sel, de sucre et d’acide gras saturés dans les aliments transformés sur la base des normes de l’Organisation mondiale de la santé (OMS)."
LFI_2024,LFI_2024_374,EURO,2024,LFI,"Lutter contre l’influence des lobbies du tabac, de l’alcool et de l’ensemble des substances dangereuses pour la santé humaine."
LFI_2024,LFI_2024_375,EURO,2024,LFI,"Garantir l’indépendance des agences réglementaires (médicaments, alimentation, environnement, produits chimiques) et appuyer leurs travaux sur la littérature scientifique en excluant les études provenant de lobbies."
LFI_2024,LFI_2024_376,EURO,2024,LFI,Créer une plateforme européenne de publication scientifique gratuite et libre d’accès gérée par les chercheurs.
LFI_2024,LFI_2024_377,EURO,2024,LFI,Augmenter significativement les investissements de l’Union européenne en matière de programmes publics de santé mentale.
LFI_2024,LFI_2024_378,EURO,2024,LFI,Organiser une campagne de prévention européenne sur la santé mentale notamment à destination des jeunes en lien avec les services de santé publics nationaux et les associations.
LFI_2024,LFI_2024_379,EURO,2024,LFI,"Promouvoir la légalisation du cannabis, encadrée par un monopole d’Etat, afin de remplacer les politiques répressives qui ont échoué par une politique de santé publique efficace."
LFI_2024,LFI_2024_380,EURO,2024,LFI,PROTÉGER LES ÉCOSYSTÈMES ET LA BIODIVERSITÉ.
LFI_2024,LFI_2024_381,EURO,2024,LFI,MESURE-CLÉ.
LFI_2024,LFI_2024_382,EURO,2024,LFI,"PORTER AU NIVEAU INTERNATIONAL LA RECONNAISSANCE DE L’ÉCOCIDE, LE RESPECT DU PRINCIPE DE PRÉCAUTION ET L’INTERDICTION DE L’EXPLOITATION MINIÈRE EN EAUX PROFONDES."
LFI_2024,LFI_2024_383,EURO,2024,LFI,TOUTES LES MESURES.
LFI_2024,LFI_2024_384,EURO,2024,LFI,Faire en sorte que l’action climatique et la protection de la nature soient complémentaires et encadrer strictement toute dérogation.
LFI_2024,LFI_2024_385,EURO,2024,LFI,Faire adopter la loi de restauration de la nature en rehaussant l’objectif global à au moins 30 % des terres et des mers de l’Union européenne à restaurer d’ici 2030 et en prévoyant des financements dédiés.
LFI_2024,LFI_2024_386,EURO,2024,LFI,"Protéger strictement 10 % des terres et des mers, c’est-à-dire y interdire toute activité économique, dans le cadre de la Stratégie européenne en faveur de la biodiversité."
LFI_2024,LFI_2024_387,EURO,2024,LFI,Fixer des obligations de restauration plus ambitieuses de l’ensemble des écosystèmes terrestres et marins dans l’Union ainsi que des populations menacées comme les pollinisateurs.
LFI_2024,LFI_2024_388,EURO,2024,LFI,"Adopter un véritable Plan de sauvegarde pour la biodiversité et renforcer le réseau Natura 2000, proposer une coopération UE-Maghreb pour étendre le réseau aux côtes du Maghreb ainsi qu’aux eaux profondes méditerranéenes ."
LFI_2024,LFI_2024_389,EURO,2024,LFI,"Réviser la Stratégie de l’Union européenne pour les forêts en 2030, notamment les lignes directrices sur le boisement et le reboisement respectueux de la biodiversité, afin de favoriser la sylviculture mélangée à couvert continu."
LFI_2024,LFI_2024_390,EURO,2024,LFI,"Exclure les plantations des subventions européennes à la foresterie, trop souvent utilisées pour des plantations monospécifiques d’essences à croissance rapide, sauf lorsqu’elles font suite à une impasse sanitaire avérée."
LFI_2024,LFI_2024_391,EURO,2024,LFI,Encadrer strictement la pratique des coupes rases au niveau européen et favoriser la transition vers une gestion forestière moins intensive favorisant la préservation des forêts existantes et leur régénération naturelle.
LFI_2024,LFI_2024_392,EURO,2024,LFI,"Faire aboutir le règlement visant à établir un cadre de surveillance des forêts en Europe, en veillant à adopter une définition commune de la forêt distinguant les forêts comme écosystèmes des plantations monospécifiques, et en prévoyant que les États membres adoptent des plans intégrés de long terme sur les forêts visant la préservation des forêts anciennes et un objectif d’au moins 20% de la forêt européenne laissée en libre évolution."
LFI_2024,LFI_2024_393,EURO,2024,LFI,Accroître le soutien européen à la recherche publique sur l’adaptation au changement climatique des forêts et des essences forestières et sur la gestion raisonnée des insectes ravageurs et pathogènes.
LFI_2024,LFI_2024_394,EURO,2024,LFI,Favoriser la mise en place de corridors biologiques entre aires terrestres protégées.
LFI_2024,LFI_2024_395,EURO,2024,LFI,Élargir le champ d’application du règlement européen sur l’interdiction de la déforestation importée à la destruction de tous les types d’écosystèmes.
LFI_2024,LFI_2024_396,EURO,2024,LFI,Renforcer le règlement REACH pour lutter contre les pollutions industrielles et interdire les produits chimiques les plus dangereux et les polluants éternels (PFAS).
LFI_2024,LFI_2024_397,EURO,2024,LFI,"Développer une filière d’éco-construction en matériaux biosourcés (dont bois, terre, paille)."
LFI_2024,LFI_2024_398,EURO,2024,LFI,"Établir un plan européen de sobriété, mettre fin au gaspillage et à l’obsolescence programmée, renforcer le recyclage, garantir la réparabilité des objets électroniques, bannir la publicité lumineuse et la destruction des stocks de marchandises invendues."
LFI_2024,LFI_2024_399,EURO,2024,LFI,ROMPRE AVEC LA MALTRAITANCE ANIMALE.
LFI_2024,LFI_2024_400,EURO,2024,LFI,MESURE-CLÉ.
LFI_2024,LFI_2024_401,EURO,2024,LFI,NOMMER UN COMMISSAIRE EUROPÉEN EN CHARGE DE LA PROTECTION DES ANIMAUX ET FAIRE ADOPTER UNE CHARTE EUROPÉENNE DES DROITS DES ANIMAUX.
LFI_2024,LFI_2024_402,EURO,2024,LFI,TOUTES LES MESURES.
LFI_2024,LFI_2024_403,EURO,2024,LFI,Interdire les fermes usines et faire un moratoire pour la construction de nouveaux bâtiments et la rénovation des bâtiments existants.
LFI_2024,LFI_2024_404,EURO,2024,LFI,Interdire la production de fourrures.
LFI_2024,LFI_2024_405,EURO,2024,LFI,"Sortir de l’élevage intensif, interdire l’élevage en cage, interdire les pratiques barbares comme le broyage des poussins mâles, et réduire de 50% notre consommation moyenne de protéines animales d’ici 2030."
LFI_2024,LFI_2024_406,EURO,2024,LFI,"Déterminer de nouvelles normes pour améliorer les conditions d’élevage (accès à l’air libre obligatoire, pâturage, densité, surface minimale, réduction des cheptels, fin des souches à croissance rapide, objectif d’autonomie alimentaire…)."
LFI_2024,LFI_2024_407,EURO,2024,LFI,"Limiter le temps de transport des animaux à 8 heures, et à 4 heures pour les animaux plus fragiles."
LFI_2024,LFI_2024_408,EURO,2024,LFI,Interdire le transport des animaux non sevrés et des femelles gestantes au-delà de 40 % de leur gestation.
LFI_2024,LFI_2024_409,EURO,2024,LFI,"Interdire l’exploitation des animaux sauvages dans les cirques et les delphinariums, la corrida, réglementer drastiquement les zoos pour mettre fin à leur vocation de divertissement et les accompagner vers une transformation progressive en refuges ou en programmes de conservation et de réintroduction d’espèces."
LFI_2024,LFI_2024_410,EURO,2024,LFI,"En finir progressivement avec les exportations d’animaux vivants hors de l’Union européenne et notamment mettre un terme à leur transport maritime, dont les conditions sont intolérables."
LFI_2024,LFI_2024_411,EURO,2024,LFI,Planifier et accompagner dans ce cadre la transition vers le transport de carcasses ou de matériel génétique.
LFI_2024,LFI_2024_412,EURO,2024,LFI,"Sortir de l’utilisation des animaux à des fins scientifiques : rendre obligatoire l’utilisation de méthodes substitutives déjà validées ; financer et rendre accessibles des méthodes non animales ; ne pas utiliser des animaux en bonne santé afin de les rendre malades et interdire toutes expériences sur les singes, les chiens et les chats."
LFI_2024,LFI_2024_413,EURO,2024,LFI,Proposer une révision de la législation sur le bien-être animal comme s’y était engagée la Commission européenne : lutte contre le trafic d’espèces sauvages ; instaurer des restrictions sur le commerce légal d’animaux de compagnie exotiques ; harmoniser au niveau européen les systèmes d’enregistrement et de traçabilité des animaux de compagnie ; interdire la vente des animaux sur internet.
LFI_2024,LFI_2024_414,EURO,2024,LFI,"L’EAU, NOTRE BIEN COMMUN."
LFI_2024,LFI_2024_415,EURO,2024,LFI,MESURE-CLÉ.
LFI_2024,LFI_2024_416,EURO,2024,LFI,"FAIRE DU DROIT À L’EAU UN DROIT FONDAMENTAL EN EUROPE ET INSTAURER LA GRATUITÉ DE L’ACCÈS AUX MÈTRES CUBES VITAUX, À DES FONTAINES ET À DES BAINS DOUCHES."
LFI_2024,LFI_2024_417,EURO,2024,LFI,TOUTES LES MESURES.
LFI_2024,LFI_2024_418,EURO,2024,LFI,Faire revenir la gestion de l’eau potable et de son assainissement dans le giron du service public.
LFI_2024,LFI_2024_419,EURO,2024,LFI,Établir une tarification progressive de l’eau potable avec la gratuité des premiers m3 indispensable à une vie digne et une tarification plus importante des mésusages de l’eau.
LFI_2024,LFI_2024_420,EURO,2024,LFI,"Exiger l’élaboration d’une nouvelle directive cadre sur l’eau correspondant aux projections climatiques, avec la mise en place notamment d’instruments de sobriété par les États membres."
LFI_2024,LFI_2024_421,EURO,2024,LFI,"Appliquer le principe du « préleveur-payeur » en augmentant de manière pérenne les redevances payées par les acteurs industriels et agro-alimentaires, particulièrement en période d’étiage et de sècheresse, dans un souci d’efficacité et de justice."
LFI_2024,LFI_2024_422,EURO,2024,LFI,Fixer des obligations de résultat aux États membres pour réduire les fuites d’eau potable afin de parvenir à un plafond de 10 % de pertes maximum et assurer le droit à l’eau dans les Outre-mer.
LFI_2024,LFI_2024_423,EURO,2024,LFI,Reconnaître les nappes et aquifères comme propriété publique et collective et interdire l’appropriation des nappes par les sociétés d’eau minérales et de sources au détriment des autres usages vitaux.
LFI_2024,LFI_2024_424,EURO,2024,LFI,Défendre et promouvoir la gestion publique et démocratique de l’eau qui est un bien commun nécessaire à l’exercice de toute forme de vie et un droit humain inaliénable.
LFI_2024,LFI_2024_425,EURO,2024,LFI,Interdire l’utilisation des PFAS et l’importation de produits qui en contiennent.
LFI_2024,LFI_2024_426,EURO,2024,LFI,De nombreuses alternatives naturelles existent et doivent être privilégiées pour toutes les catégories de produits concernés.
LFI_2024,LFI_2024_427,EURO,2024,LFI,"Faire appliquer correctement les protocoles de surveillance sur les polluants déjà en place, augmenter les financements des infrastructures de surveillance et du personnel en charge des prélèvements et appliquer le principe de pollueur-payeur pour partager les coûts de surveillance et de contrôle."
LFI_2024,LFI_2024_428,EURO,2024,LFI,"Élever le nombre de polluants que l’Union européenne autorise à surveiller, mettre à jour régulièrement la liste des substances et leur effets cumulés, améliorer les seuils de qualité pour les eaux potables."
LFI_2024,LFI_2024_429,EURO,2024,LFI,Suspendre les créations de méga-bassines et soumettre les retenues collinaires à une étude d’impact rigoureuse à des fins de permettre la souveraineté alimentaire des bassins de vie.
LFI_2024,LFI_2024_430,EURO,2024,LFI,"Interdire l’accès au processus « éviter, réduire, compenser » pour la suppression de zones humides, des modifications des lits des cours d’eau, des diverses formes d’imperméabilisation des sols."
LFI_2024,LFI_2024_431,EURO,2024,LFI,"Étendre les plans de renaturation et de vivification des sols permettant l’infiltration de l’eau et le ralentissement de ses flux, également en ville, afin de combattre efficacement les îlots de chaleur urbains et ruraux."
LFI_2024,LFI_2024_432,EURO,2024,LFI,CHAPITRE 5 - FAIRE RESPECTER LA SOUVERAINETÉ POPULAIRE EN EUROPE.
LFI_2024,LFI_2024_433,EURO,2024,LFI,INTRODUCTION.
LFI_2024,LFI_2024_434,EURO,2024,LFI,"« ET VOUS, LÉGISLATEURS, SOUVENEZ-VOUS QUE VOUS N’ÊTES POINT LES REPRÉSENTANTS D’UNE CASTE PRIVILÉGIÉE, MAIS CEUX DU PEUPLE FRANÇAIS, N’OUBLIEZ PAS QUE LA SOURCE DE L’ORDRE, C’EST LA JUSTICE, QUE LE PLUS SÛR GARANT DE LA TRANQUILLITÉ PUBLIQUE, C’EST LE BONHEUR DES CITOYENS » ROBESPIERRE, DISCOURS À LA CONVENTION SUR LES SUBSISTANCES, 2 DÉCEMBRE 1792."
LFI_2024,LFI_2024_435,EURO,2024,LFI,L’UNION EUROPÉENNE EST ENGAGÉE SUR UNE PENTE AUTORITAIRE.
LFI_2024,LFI_2024_436,EURO,2024,LFI,LA DÉMOCRATIE EST BAFOUÉE EN PERMANENCE DANS CETTE INSTITUTION GOUVERNÉE PAR LES LOBBIES ET LES INTÉRÊTS FINANCIERS.
LFI_2024,LFI_2024_437,EURO,2024,LFI,LES GOUVERNEMENTS NATIONAUX SONT À LA MERCI DES MENACES ET DU CHANTAGE DE LA COMMISSION ET DE LA BANQUE CENTRALE EUROPÉENNE.
LFI_2024,LFI_2024_438,EURO,2024,LFI,LES VOTES DES PEUPLES SONT BAFOUÉS COMME L’A ÉTÉ LE « NON » DES FRANÇAIS ET DES HOLLANDAIS AU TRAITÉ CONSTITUTIONNEL EN 2005.
LFI_2024,LFI_2024_439,EURO,2024,LFI,"PLUS DE 70 LOBBYISTES PAR PARLEMENTAIRE, VOICI LA RÉALITÉ DE LA GOUVERNANCE EUROPÉENNE."
LFI_2024,LFI_2024_440,EURO,2024,LFI,"UN QUART DES DÉPUTÉS SONT IMPLIQUÉS DANS DES AFFAIRES OU DES SCANDALES (DÉTOURNEMENT DE FONDS, CORRUPTION, ETC.)."
LFI_2024,LFI_2024_441,EURO,2024,LFI,AUCUN DES NÔTRES !
LFI_2024,LFI_2024_442,EURO,2024,LFI,IL EST TEMPS DE FAIRE LE MÉNAGE.
LFI_2024,LFI_2024_443,EURO,2024,LFI,"FACE À L’ARGENT, LES PEUPLES DOIVENT RETROUVER LEUR SOUVERAINETÉ."
LFI_2024,LFI_2024_444,EURO,2024,LFI,"CELA PASSE PAR METTRE FIN À LA CULTURE D’OPACITÉ QUI MINE LA CONFIANCE DES CITOYENS, REND LES GOUVERNEMENTS IRRESPONSABLES DE LEURS POSITIONS POLITIQUES ET DONNE TOUT POUVOIR AUX LOBBIES ET AUX ENTREPRISES TRANSNATIONALES."
LFI_2024,LFI_2024_445,EURO,2024,LFI,COMBATS.
LFI_2024,LFI_2024_446,EURO,2024,LFI,"CONTRE LE RETOUR DE LA COMMISSION EUROPÉENNE SOUTENUE PAR LA COALITION DE LA DROITE, DES MACRONISTES ET DES SOCIALISTES."
LFI_2024,LFI_2024_447,EURO,2024,LFI,CHASSER LES LOBBIES DES INSTITUTIONS EUROPÉENNES.
LFI_2024,LFI_2024_448,EURO,2024,LFI,MESURE-CLÉ.
LFI_2024,LFI_2024_449,EURO,2024,LFI,"INTERDIRE LES RÉMUNÉRATIONS ANNEXES DES DÉPUTÉS ET RESPONSABLES EUROPÉENS SUSCEPTIBLES DE CRÉER DES CONFLITS D’INTÉRÊTS, TOUT COMME LES CADEAUX ET VOYAGES OFFERTS."
LFI_2024,LFI_2024_450,EURO,2024,LFI,TOUTES LES MESURES.
LFI_2024,LFI_2024_451,EURO,2024,LFI,"Créer une commission parlementaire spéciale pour tirer les leçons du scandale de corruption du Qatargate, évaluer les failles des institutions européennes en matière d’éthique et de transparence."
LFI_2024,LFI_2024_452,EURO,2024,LFI,"Créer une autorité éthique indépendante, commune à l’ensemble des institutions européennes, en charge du contrôle de leur intégrité, disposant de moyens et compétences suffisantes pour enquêter sur les violations des règles éthiques et les sanctionner."
LFI_2024,LFI_2024_453,EURO,2024,LFI,"Retirer à la Présidence du Parlement européen le monopole d’enquête et de sanctions pour les violations des règles éthiques par les eurodéputés, renforcer les règles éthiques et sanctions potentielles au Parlement européen."
LFI_2024,LFI_2024_454,EURO,2024,LFI,Rendre obligatoire l’inscription des représentants des lobbys au registre de transparence de l’Union européenne et décupler les moyens de son secrétariat pour lui permettre de vérifier les déclarations et sanctionner les infractions aux règles éthiques.
LFI_2024,LFI_2024_455,EURO,2024,LFI,"Mettre en place un registre de transparence obligatoire pour les élus, leurs équipes, et les fonctionnaires européens pour la publication de tous leurs rendez-vous professionnels avec des représentants des lobbys."
LFI_2024,LFI_2024_456,EURO,2024,LFI,"Rendre obligatoire, pour la Commission européenne, le Parlement européen et le Conseil de l’Union européenne, la publication de l’empreinte législative, c’est-à-dire l’origine des amendements et des propositions législatives suggérés par un tiers."
LFI_2024,LFI_2024_457,EURO,2024,LFI,"Adopter des règles strictes contre les entreprises visant à affaiblir le droit social et environnemental via des pratiques de lobbying anti-démocratiques, notamment contre les lobbies des énergies fossiles sur le modèle des règles en vigueur contre l’influence de l’industrie du tabac."
LFI_2024,LFI_2024_458,EURO,2024,LFI,Durcir les règles contre les allers-retours des élus et fonctionnaires européens entre le secteur public et privé (pantouflage) en allongeant les périodes de carence à 24 mois minimum.
LFI_2024,LFI_2024_459,EURO,2024,LFI,METTRE FIN À L’OPACITÉ DU FONCTIONNEMENT DE L’UNION EUROPÉENNE.
LFI_2024,LFI_2024_460,EURO,2024,LFI,MESURE-CLÉ.
LFI_2024,LFI_2024_461,EURO,2024,LFI,METTRE FIN À LA CULTURE D’OPACITÉ QUI MINE LA CONFIANCE DES CITOYENS ENVERS LES INSTITUTIONS EUROPÉENNES ET DONNE TOUT POUVOIR AUX LOBBIES ET AUX ENTREPRISES TRANSNATIONALES CONTRAIRES À L’INTÉRÊT GÉNÉRAL.
LFI_2024,LFI_2024_462,EURO,2024,LFI,TOUTES LES MESURES.
LFI_2024,LFI_2024_463,EURO,2024,LFI,"Instaurer la transparence sur l’ensemble des votes au Conseil européen (chefs d’État) et au Conseil de l’Union européenne (ministres) afin que les positions défendues soient publiques et connues des citoyens, exiger un accès intégral et simplifié aux documents de travail du Conseil."
LFI_2024,LFI_2024_464,EURO,2024,LFI,Instaurer dès maintenant en France la transparence des positions défendues par le gouvernement au niveau européen en débattant de son mandat à l’Assemblée nationale et au Sénat en amont des réunions du Conseil européen et du Conseil de l’Union européenne.
LFI_2024,LFI_2024_465,EURO,2024,LFI,"Établir la transparence dans l’ensemble des négociations au Parlement européen, au Conseil, dans les trilogues (sessions de négociations des lois entre les trois institutions européennes) et à l’Eurogroupe afin que les citoyens puissent être informés des positions tenues en leur nom."
LFI_2024,LFI_2024_466,EURO,2024,LFI,"Rendre systématiquement publics les votes des députés européens en session plénière comme en commission, et créer une base de données accessible et gratuite pour permettre aux citoyens de les consulter."
LFI_2024,LFI_2024_467,EURO,2024,LFI,Rendre public le vote d’investiture du président de la Commission européenne par les députés européens.
LFI_2024,LFI_2024_468,EURO,2024,LFI,"Réviser les règles d’accès public aux documents pour faire face aux refus de publier des informations d’intérêt public (contrats sur les vaccins Covid, documents du plan de relance européen)."
LFI_2024,LFI_2024_469,EURO,2024,LFI,"Renforcer le rôle et l’implication citoyenne, syndicale et associative dans la prise de décision dans la perspective de favoriser l’adoption de politiques d’intérêt général."
LFI_2024,LFI_2024_470,EURO,2024,LFI,Protéger les lanceurs d’alertes au sein des institutions européennes par l’alignement des procédures internes avec la Directive européenne sur les lanceurs d’alerte applicable aux entreprises.
LFI_2024,LFI_2024_471,EURO,2024,LFI,Adopter des règles claires de sanction pour les membres de l’exécutif européen qui adoptent des positions politiques dépassant leur mandat de leur propre initiative.
LFI_2024,LFI_2024_472,EURO,2024,LFI,METTRE FIN À LA TOUTE PUISSANCE DE LA COMMISSION EUROPÉENNE.
LFI_2024,LFI_2024_473,EURO,2024,LFI,MESURE-CLÉ.
LFI_2024,LFI_2024_474,EURO,2024,LFI,DÉFENDRE UN RIC EUROPÉEN : RENDRE OBLIGATOIRE L’EXAMEN PAR LE PARLEMENT EUROPÉEN DE CE TEXTE ET ABAISSER LE SEUIL POUR L’INITIATIVE CITOYENNE EUROPÉENNE À 500 000 PERSONNES DANS 4 ÉTATS MEMBRES.
LFI_2024,LFI_2024_475,EURO,2024,LFI,TOUTES LES MESURES.
LFI_2024,LFI_2024_476,EURO,2024,LFI,Rendre la Commission européenne réellement responsable devant le Parlement européen tout au long du mandat avec la possibilité de censure individuelle des Commissaires et la simplification de la censure collective de la Commission.
LFI_2024,LFI_2024_477,EURO,2024,LFI,Donner le droit d’initiative au Parlement européen afin qu’il puisse initier des projets législatifs (directives ou règlements) et faire du Parlement un co-législateur sur l’ensemble des domaines de compétences de l’Union européenne.
LFI_2024,LFI_2024_478,EURO,2024,LFI,Renforcer les pouvoirs des députés européens en matière d’ouverture de commissions d’enquête et d’interpellation des Commissaires européens.
LFI_2024,LFI_2024_479,EURO,2024,LFI,"Établir un réel contrôle du Parlement sur l’indépendance de la Commission européenne avant et tout au long du mandat, en lui donnant les moyens d’examiner en détail les conflits d’intérêts des commissaires."
LFI_2024,LFI_2024_480,EURO,2024,LFI,"Renforcer les liens entre Parlements nationaux et Parlement européen, avec des débats dédiés sur les paquets législatifs les plus importants et la préparation des Conseils européens."
LFI_2024,LFI_2024_481,EURO,2024,LFI,"Ouvrir le droit de vote à 16 ans aux élections européennes et le droit de s’y présenter à partir de 18 ans Garantir le droit de vote et d’éligibilité des personnes en situation de handicap, notamment aux élections européennes."
LFI_2024,LFI_2024_482,EURO,2024,LFI,"Garantir l’accès à l’ensemble du processus électoral : accès à l’information, à la propagande électorale, au matériel (notamment via l’usage de sous-titres, braille, LSF, méthode FALC…) et l’accès aux bureaux de votes."
LFI_2024,LFI_2024_483,EURO,2024,LFI,"Proposer la création de listes transnationales, s’ajoutant aux listes nationales habituelles, pour les élections européennes de 2029."
LFI_2024,LFI_2024_484,EURO,2024,LFI,Proposer une directive interdisant les sondages dans les jours précédant les élections.
LFI_2024,LFI_2024_485,EURO,2024,LFI,LANCER LE PROCESSUS DE RÉVISION DES TRAITÉS EN GARANTISSANT LA SOUVERAINETÉ DES PEUPLES.
LFI_2024,LFI_2024_486,EURO,2024,LFI,MESURE-CLÉ.
LFI_2024,LFI_2024_487,EURO,2024,LFI,PROPOSER DE NOUVEAUX TRAITÉS RESPECTUEUX DE LA SOUVERAINETÉ DES PEUPLES ET LES FAIRE RATIFIER PAR RÉFÉRENDUM.
LFI_2024,LFI_2024_488,EURO,2024,LFI,TOUTES LES MESURES.
LFI_2024,LFI_2024_489,EURO,2024,LFI,Acter l’échec de la Conférence sur l’avenir de l’Europe et proposer une nouvelle méthode avec l’activation de l’article 48 pour refonder les traités européens.
LFI_2024,LFI_2024_490,EURO,2024,LFI,"Défendre prioritairement dans ce cadre la démocratisation de l’Union européenne, la refonte du cadre de gouvernance économique et l’abandon des règles d’austérité, la protection du mieux-disant écologique et social, et la règle verte comme objectif prioritaire."
LFI_2024,LFI_2024_491,EURO,2024,LFI,Défendre dans le cadre des discussions sur l’évolution des traités européens le siège du Parlement européen à Strasbourg et l’utilisation de la langue française dans les institutions européennes.
LFI_2024,LFI_2024_492,EURO,2024,LFI,RENFORCER LE MÉCANISME DE RESPECT DE L’ÉTAT DE DROIT.
LFI_2024,LFI_2024_493,EURO,2024,LFI,MESURE-CLÉ.
LFI_2024,LFI_2024_494,EURO,2024,LFI,"SYSTÉMATISER LE RECOURS AU MÉCANISME DE RESPECT DE L’ÉTAT DE DROIT, DÉCLENCHER CE MÉCANISME DÈS QU’UNE LIBERTÉ FONDAMENTALE EST ATTAQUÉE, ET RENFORCER LES SANCTIONS, NOTAMMENT FINANCIÈRES, CONTRE LES ÉTATS CONCERNÉS."
LFI_2024,LFI_2024_495,EURO,2024,LFI,TOUTES LES MESURES.
LFI_2024,LFI_2024_496,EURO,2024,LFI,Renforcer les compétences de l’Agence européenne des droits fondamentaux pour qu’elle puisse enquêter sur les violations des droits fondamentaux au sein de l’Union européenne.
LFI_2024,LFI_2024_497,EURO,2024,LFI,"Rendre prioritaire le rôle de contrôle et de sanction de la Commission européenne sur la préservation des droits, des libertés et de la démocratie plutôt que sur les orientations des politiques économiques menées par les États membres."
LFI_2024,LFI_2024_498,EURO,2024,LFI,"Créer une commission d’enquête du Parlement européen sur la criminalisation des militants syndicaux et écologistes, les entraves à la liberté d’informer et de manifester et l’impunité des violences policières et dans le cadre du rapport sur l’État de droit."
LFI_2024,LFI_2024_499,EURO,2024,LFI,"Refuser la criminalisation des militants syndicaux ou écologistes, protéger la liberté d’association, d’opinion et de manifestation."
LFI_2024,LFI_2024_500,EURO,2024,LFI,"Défendre le rôle de la Commission de Venise, du comité pour les droits humains du Conseil de l’Europe et de la  Cour européenne des droits de l’homme, institutions européennes chargées de la protection de la démocratie, des droits fondamentaux et de l’État de droit."
LFI_2024,LFI_2024_501,EURO,2024,LFI,"Vérifier que la législation et la réglementation européennes adoptées dans le cadre de la lutte contre le terrorisme ou de l’extrémisme ne créent pas de discrimination directe ou indirecte, et abroger ou modifier toute disposition législative ou réglementaire antiterroriste qui crée une inégalité de droit."
LFI_2024,LFI_2024_502,EURO,2024,LFI,"Étendre les prérogatives du Parquet européen à certaines infractions, d’origine ou au mode de fonctionnement transfrontalier (traite d’êtres humains, criminalité environnementale, terrorisme ou drogue)."
LFI_2024,LFI_2024_503,EURO,2024,LFI,Œuvrer à un moratoire européen sur la construction de prisons et à une conférence européenne sur les alternatives à l’incarcération.
LFI_2024,LFI_2024_504,EURO,2024,LFI,"Créer un programme européen de détachement de magistrats dans les juridictions des autres États Membres afin de favoriser la connaissance, la culture et le travail communs des systèmes judiciaires européens."
LFI_2024,LFI_2024_505,EURO,2024,LFI,CHAPITRE 6 - ÉTENDRE LES DROITS ET LIBERTÉS FACE AUX RÉACTIONNAIRES.
LFI_2024,LFI_2024_506,EURO,2024,LFI,INTRODUCTION.
LFI_2024,LFI_2024_507,EURO,2024,LFI,"« CHACUN CHERCHE SA ROUTE ; NOUS CHERCHONS LA NÔTRE ET NOUS PENSONS QUE LE JOUR OÙ LE RÈGNE DE LA LIBERTÉ ET DE L’ÉGALITÉ SERA ARRIVÉ, LE GENRE HUMAIN SERA HEUREUX » LOUISE MICHEL."
LFI_2024,LFI_2024_508,EURO,2024,LFI,"L’EXTRÊME DROITE ET LES IDÉOLOGIES RÉACTIONNAIRES PROGRESSENT PARTOUT DANS LE MONDE, Y COMPRIS EN EUROPE."
LFI_2024,LFI_2024_509,EURO,2024,LFI,"LÀ OÙ L’EXTRÊME DROITE PASSE, LES DROITS RECULENT."
LFI_2024,LFI_2024_510,EURO,2024,LFI,L’ITALIE DE GIORGIA MELONI MULTIPLIE LES ATTAQUES CONTRE LES PERSONNES LGBTI.
LFI_2024,LFI_2024_511,EURO,2024,LFI,"EN POLOGNE, L’EXTRÊME DROITE AU POUVOIR A FORTEMENT ATTAQUÉ LE DROIT À L’AVORTEMENT, DÉSORMAIS AUTORISÉ UNIQUEMENT EN CAS DE VIOL, D’INCESTE OU DE DANGER POUR LA VIE."
LFI_2024,LFI_2024_512,EURO,2024,LFI,"EN HONGRIE, LE GOUVERNEMENT DE VIKTOR ORBAN IMPOSE AUX FEMMES D’ÉCOUTER LE CŒUR DU FŒTUS AVANT DE POUVOIR PROCÉDER À UN AVORTEMENT."
LFI_2024,LFI_2024_513,EURO,2024,LFI,"FACE À CES ATTAQUES QUI ENTRAVENT LES DROITS FONDAMENTAUX ET LA LIBERTÉ DE CHOISIR SA VIE, L’UNION EUROPÉENNE DOIT LES GARANTIR, VOIRE CONSACRER DE NOUVEAUX DROITS POUR UNE NOUVELLE ÉTAPE DE L’ÉMANCIPATION HUMAINE."
LFI_2024,LFI_2024_514,EURO,2024,LFI,"NOUS SOUHAITONS FAIRE ABOUTIR LE PROJET DE DIRECTIVE GLOBALE ET UNIVERSELLE DE L’UNION EUROPÉENNE CONTRE TOUTES LES DISCRIMINATIONS, POUR COMBATTRE TOUTES LES FORMES DE RACISME ET DE DISCRIMINATIONS, LIÉES AUX ORIGINES, AU HANDICAP, À L’ORIENTATION SEXUELLE OU À L’IDENTITÉ DE GENRE."
LFI_2024,LFI_2024_515,EURO,2024,LFI,"LANCER LES ALERTES, RÉSISTER FACE AUX REMISES EN CAUSE DES DROITS, CE SERA LA PREMIÈRE TÂCHE DE NOS DÉPUTÉS FACE AUX RÉACTIONNAIRES ET AUX INDIFFÉRENTS QUI PRÉFÈRENT REGARDER AILLEURS !"
LFI_2024,LFI_2024_516,EURO,2024,LFI,COMBATS.
LFI_2024,LFI_2024_517,EURO,2024,LFI,"INCLURE LE DROIT À L’IVG ET À LA CONTRACEPTION, ET LEUR ACCÈS GRATUIT POUR TOUTES LES FEMMES, DANS LA CHARTE EUROPÉENNE DES DROITS FONDAMENTAUX DÉFENDRE LES DROITS DES FEMMES."
LFI_2024,LFI_2024_518,EURO,2024,LFI,MESURE-CLÉ.
LFI_2024,LFI_2024_519,EURO,2024,LFI,"METTRE DANS LA CHARTE DES DROITS FONDAMENTAUX L’ACCÈS GRATUIT ET SÛR À LA CONTRACEPTION ET À L’IVG, GARANTIR LE DROIT À L’ÉDUCATION À LA SEXUALITÉ DANS TOUS LES ÉTATS MEMBRES DE L’UNION EUROPÉENNE."
LFI_2024,LFI_2024_520,EURO,2024,LFI,"GARANTIR LEUR EFFECTIVITÉ EN PRATIQUE EN ÉTENDANT LE MÉCANISME DE RESPECT DE L’ÉTAT DE DROIT, LA POSSIBILITÉ DE SANCTIONS FINANCIÈRES ET DE BLOCAGE DES SUBVENTIONS EUROPÉENNES EN CAS DE VIOLATIONS DE CES LIBERTÉS FONDAMENTALES."
LFI_2024,LFI_2024_521,EURO,2024,LFI,TOUTES LES MESURES.
LFI_2024,LFI_2024_522,EURO,2024,LFI,Renforcer la directive sur la lutte contre les violences faites aux femmes et proposer une loi européenne sur le consentement pour qu’il soit pris en compte comme un critère dans la définition du viol.
LFI_2024,LFI_2024_523,EURO,2024,LFI,"Garantir un budget européen sensible au genre, à la promotion de l’égalité femmes-hommes, aux droits et la santé sexuels et reproductifs et la lutte contre les discriminations."
LFI_2024,LFI_2024_524,EURO,2024,LFI,Inscrire les droits et la santé sexuels et reproductifs (DSSR) dans la Charte européenne des droits fondamentaux.
LFI_2024,LFI_2024_525,EURO,2024,LFI,"Inclure la pilule et autres dispositifs de contraception, y compris le préservatif, dans une liste de médicaments essentiels pour éviter les pénuries."
LFI_2024,LFI_2024_526,EURO,2024,LFI,Créer un fonds européen de soutien aux organisations féministes en Europe et dans les pays du sud et interdire les financements européens des associations anti-choix et anti-droits.
LFI_2024,LFI_2024_527,EURO,2024,LFI,"Appliquer la « clause de l’européenne la plus favorisée » pour harmoniser par le haut les droits des femmes en Europe, notamment en matière de santé sexuelle et génésique et de lutte contre les violences faites aux femmes."
LFI_2024,LFI_2024_528,EURO,2024,LFI,Lutter contre la précarité menstruelle et défendre la gratuité des protections périodiques.
LFI_2024,LFI_2024_529,EURO,2024,LFI,"Interdire les techniques commerciales discriminatoires visant à augmenter les produits destinés aux femmes en Europe, dites « taxe rose », et qui pèsent sur leur pouvoir d’achat."
LFI_2024,LFI_2024_530,EURO,2024,LFI,"Réviser la directive sur les congés parentaux pour rendre identiques le congé maternité et le congé paternité, les rallonger et mieux les indemniser."
LFI_2024,LFI_2024_531,EURO,2024,LFI,"Garantir enfin l’égalité salariale entre les femmes et les hommes, notamment en étendant la Directive sur la transparence salariale à toutes les entreprises."
LFI_2024,LFI_2024_532,EURO,2024,LFI,Reconnaître et revaloriser les métiers à prédominance féminine.
LFI_2024,LFI_2024_533,EURO,2024,LFI,"ROIT DE VIVRE DANS LA DIGNITÉ, SANS DISCRIMINATION."
LFI_2024,LFI_2024_534,EURO,2024,LFI,MESURE-CLÉ.
LFI_2024,LFI_2024_535,EURO,2024,LFI,LUTTER CONTRE LES MOUVEMENTS RÉACTIONNAIRES QUI S’OPPOSENT AUX DROITS DES FEMMES ET DES PERSONNES LGBTI À TRAVERS TOUTE L’EUROPE.
LFI_2024,LFI_2024_536,EURO,2024,LFI,TOUTES LES MESURES.
LFI_2024,LFI_2024_537,EURO,2024,LFI,"Garantir l’égalité des personnes LGBTI, notamment par la reconnaissance mutuelle des droits des familles, notamment dans le domaine de la filiation."
LFI_2024,LFI_2024_538,EURO,2024,LFI,"Garantir l’égalité des droits pour les couples de même sexe (union civile, mariage, adoption et filiation des enfants) dans toute l’Union européenne et lutter contre les discriminations faites aux personnes LGBTI, permettre la reconnaissance entre États des couples de même sexe, mais aussi celle de la parentalité trans."
LFI_2024,LFI_2024_539,EURO,2024,LFI,"Garantir le remboursement et l’accès aux soins de santé spécifiques aux personnes transgenres, tels que les traitement hormonaux et opérations chirurgicales."
LFI_2024,LFI_2024_540,EURO,2024,LFI,"Garantir l’accès gratuit et rapide à la Procréation médicalement assistée (PMA) pour tous les européens qui le souhaitent, quelle que soit la situation socio-économique, maritale, l’identité de genre ou l’orientation sexuelle."
LFI_2024,LFI_2024_541,EURO,2024,LFI,"Faire appliquer dans les États de l’Union européenne le principe d’auto-détermination du genre préconisé par la Résolution n°2048 de 2015 du Conseil de l’Europe, supprimer les obligations médicales préalables au changement d’état civil et interdire les mutilations et stérilisations forcées de personnes intersexes."
LFI_2024,LFI_2024_542,EURO,2024,LFI,Inscrire le droit à mourir dans la dignité dans la Charte des droits fondamentaux de l’Union européenne.
LFI_2024,LFI_2024_543,EURO,2024,LFI,Défendre la généralisation du droit à la fin de vie assistée en Europe et faciliter dès à présent l’accès des citoyens européens qui souhaitent en disposer dans les États où il est déjà légalisé.
LFI_2024,LFI_2024_544,EURO,2024,LFI,"Promouvoir au niveau européen le principe de laïcité, qui assure la liberté de conscience, garantit le libre exercice des cultes sous les seules restrictions édictées dans l’intérêt de l’ordre public, interdit la discrimination en raison des convictions spirituelles ou religieuses et refuse l’ingérence du religieux dans les affaires politiques et du politique dans les affaires religieuses."
LFI_2024,LFI_2024_545,EURO,2024,LFI,Proposer l’abolition du délit de blasphème dans les pays européens pour garantir la liberté de critique des religions.
LFI_2024,LFI_2024_546,EURO,2024,LFI,LEVER LES OBSTACLES DE L’ACCESSIBILITÉ.
LFI_2024,LFI_2024_547,EURO,2024,LFI,MESURE-CLÉ.
LFI_2024,LFI_2024_548,EURO,2024,LFI,"DONNER DES DROITS IDENTIQUES AU RESTE DE LA POPULATION À TOUTES LES PERSONNES EN SITUATION DE HANDICAP : ÉDUCATION, EMPLOI, DÉPLACEMENTS, PRESTATIONS SOCIALES, VIE POLITIQUE, VIE CULTURELLE ET SPORTIVE."
LFI_2024,LFI_2024_549,EURO,2024,LFI,TOUTES LES MESURES.
LFI_2024,LFI_2024_550,EURO,2024,LFI,"Permettre la liberté de circulation et donner des droits identiques à toute personne en situation de handicap quelle que soit sa nationalité et quel que soit l’État membre dans lequel elle se trouve, en renforçant la proposition de Carte européenne des personnes en situation de handicap et en l’étendant aux déplacements de longue durée."
LFI_2024,LFI_2024_551,EURO,2024,LFI,"Garantir l’accessibilité de l’ensemble des infrastructures aux personnes en situation de handicap, et notamment les transports, en imposant que le règlement sur les droits des passagers de bus impose l’accessibilité aux services de transports régionaux et locaux, et que le règlement sur les droits des personnes en situation de handicap voyageant par les airs ne permettent plus d’interdire l’embarquement de personnes en situation de handicap pour des « raisons de sécurité »."
LFI_2024,LFI_2024_552,EURO,2024,LFI,"Soutenir et accélérer le processus de désinstitutionalisation, en prenant pour exemple les États membres innovants et ayant de bonnes pratiques."
LFI_2024,LFI_2024_553,EURO,2024,LFI,"Exiger l’ouverture sur l’extérieur des structures spécialisées pour les personnes ayant un besoin impératif d’accueil en internat et leur permettre de bénéficier de soins de proximité, dans leur État membre."
LFI_2024,LFI_2024_554,EURO,2024,LFI,"Garantir, par des contrôles indépendants, le bien-être et la dignité des usagers Prendre en compte la situation spécifique des femmes en situation de handicap dans l’ensemble des politiques d’égalités femmes-hommes, notamment dans la lutte contre les violences sexistes et sexuelles."
LFI_2024,LFI_2024_555,EURO,2024,LFI,LUTTER CONTRE LE RACISME.
LFI_2024,LFI_2024_556,EURO,2024,LFI,MESURE-CLÉ.
LFI_2024,LFI_2024_557,EURO,2024,LFI,"COMBATTRE TOUTES LES MANIFESTATIONS DU RACISME, NOTAMMENT L’ANTISÉMITISME ET L’ISLAMOPHOBIE."
LFI_2024,LFI_2024_558,EURO,2024,LFI,TOUTES LES MESURES.
LFI_2024,LFI_2024_559,EURO,2024,LFI,Harmoniser par le haut la mise en oeuvre du renversement de la charge de la preuve en faveur des victimes de discrimination pour faciliter leur accès à la justice dans tous les États membres.
LFI_2024,LFI_2024_560,EURO,2024,LFI,Renforcer les organismes nationaux chargés de la lutte antidiscriminatoire et leur accorder le pouvoir d’enquêter à leur propre initiative sur des possibles cas de discriminations.
LFI_2024,LFI_2024_561,EURO,2024,LFI,Mettre en place un organe européen indépendant à même de recevoir et d’examiner des recours de victimes de discrimination raciale.
LFI_2024,LFI_2024_562,EURO,2024,LFI,Instaurer pour toute l’Union européenne des journées commémoratives en lien avec notre histoire commune.
LFI_2024,LFI_2024_563,EURO,2024,LFI,Soutenir les mouvements antiracistes et antifascistes pour contrer la montée de l’extrême droite et la diffusion du racisme et de l’antisémitisme partout en Europe.
LFI_2024,LFI_2024_564,EURO,2024,LFI,"Plaider pour une doctrine européenne partagée en matière de stratégie de maintien de l’ordre visant à la désescalade et de lutte contre les violences policières, le racisme et les discriminations au sein des services de police, notamment au moyen du rapport annuel sur l’État de droit, et défendre la mise en place des formations initiales et continues de la police et des autorités judiciaires dans ce domaine."
LFI_2024,LFI_2024_565,EURO,2024,LFI,GARANTIR LE DROIT À L’INFORMATION ET PROTÉGER LES JOURNALISTES.
LFI_2024,LFI_2024_566,EURO,2024,LFI,MESURE-CLÉ.
LFI_2024,LFI_2024_567,EURO,2024,LFI,LUTTER CONTRE LA CONCENTRATION DES MÉDIAS DANS LES MAINS DE QUELQUES ULTRA-RICHES.
LFI_2024,LFI_2024_568,EURO,2024,LFI,TOUTES LES MESURES.
LFI_2024,LFI_2024_569,EURO,2024,LFI,"Interdire toute prise de contrôle de plus de 20 % du capital par une même personne physique ou morale dans les médias et industries culturelles les plus significatives (audiovisuel, musique, livre, jeu vidéo) comme le groupe Bolloré, et encourager la constitution d’acteurs européens alternatifs misant sur la diversité culturelle et la liberté de création pour résister face aux plateformes américaines."
LFI_2024,LFI_2024_570,EURO,2024,LFI,"Protéger et développer un service public de l’information de qualité, avec une augmentation des moyens mis à sa disposition et favorisant la diversité des programmes, la création et la diffusion de programmes européens et l’investigation."
LFI_2024,LFI_2024_571,EURO,2024,LFI,Créer un système de protection de l’espace informationnel démocratique face aux régimes autoritaires.
LFI_2024,LFI_2024_572,EURO,2024,LFI,"Celui-ci veillera à l’honnêteté, à l’indépendance et au pluralisme de l’information pour tous les médias diffusés sur les canaux audiovisuels au sein de l’Union européenne, y compris les médias des pays tiers."
LFI_2024,LFI_2024_573,EURO,2024,LFI,"Assurer la protection du secret des sources des journalistes, avec l’interdiction d’utilisation de logiciels espions contre la presse, que ce soit le fait d’États ou d’entreprises."
LFI_2024,LFI_2024_574,EURO,2024,LFI,"Abroger la directive européenne sur le secret des affaires transposée dans le droit français, qui protège les grandes entreprises, acte que les informations à valeur commerciale considérées comme secrètes doivent être protégées et permet ainsi des procédures-baillons entravant le travail de la presse et des lanceurs d’alerte."
LFI_2024,LFI_2024_575,EURO,2024,LFI,"Créer un observatoire européen de la liberté d’information dans l’Union européenne doté d’un mécanisme d’alerte, afin de surveiller les entraves au travail des journalistes (procédures-baillons, logiciels espions, violences lors de manifestations,…), les manques de transparence en matière de propriété des médias, les manquements en matière de pluralisme et de liberté éditoriale."
LFI_2024,LFI_2024_576,EURO,2024,LFI,Engager les États membres à consacrer 1 % de l’aide publique au développement au soutien en faveur de médias indépendants et conditionner les financements européens au respect de la liberté de la presse et de l’État de droit.
LFI_2024,LFI_2024_577,EURO,2024,LFI,REFONDER UN SERVICE PUBLIC DE L’ÉDUCATION ET DE L’ENSEIGNEMENT SUPÉRIEUR POUR L’ÉMANCIPATION.
LFI_2024,LFI_2024_578,EURO,2024,LFI,MESURE-CLÉ.
LFI_2024,LFI_2024_579,EURO,2024,LFI,METTRE FIN À LA SÉLECTION À L’UNIVERSITÉ PARTOUT EN EUROPE EN REMETTANT EN CAUSE LE PROCESSUS DE BOLOGNE ET EN RÉUNISSANT UNE NOUVELLE CONFÉRENCE POUR L’ENSEIGNEMENT SUPÉRIEUR GRATUIT ET OUVERT À TOUS.
LFI_2024,LFI_2024_580,EURO,2024,LFI,TOUTES LES MESURES.
LFI_2024,LFI_2024_581,EURO,2024,LFI,"Défendre un autre modèle universitaire à l’échelle européenne pour une libre circulation du savoir, des étudiants et des enseignants, quelle que soit leur origine dans le cadre d’un enseignement public, ouvert à tous et toutes, émancipateur et indépendant des pressions économiques."
LFI_2024,LFI_2024_582,EURO,2024,LFI,"S’opposer à la marchandisation du service public d’éducation et à sa privatisation ainsi qu’aux pressions des lobbies, GAFAM - Google, Apple, Facebook, Amazon et Microsoft - et intérêts économiques sous la forme par exemple de fondations financées par des entreprises, du mécénat, de la sponsorisation d’établissements, d’équipements informatiques – hardware et software – ou de diplômes."
LFI_2024,LFI_2024_583,EURO,2024,LFI,"Construire un espace international solidaire grâce à l’augmentation des bourses européennes de mobilité pour les étudiants, apprentis et alternants hors Europe."
LFI_2024,LFI_2024_584,EURO,2024,LFI,Équiper les programmes de mobilité de dispositifs d’accompagnement social.
LFI_2024,LFI_2024_585,EURO,2024,LFI,Interdire les cautions spécifiques pour étudiants étrangers en Europe.
LFI_2024,LFI_2024_586,EURO,2024,LFI,Augmenter les budgets européens alloués à la recherche publique afin d’atteindre effectivement 3 % du PIB pour l’ensemble des investissements en recherche et les rendre pérennes pour sanctuariser et renforcer notamment le financement public de la recherche fondamentale.
LFI_2024,LFI_2024_587,EURO,2024,LFI,"Augmenter et flécher les financements européens nécessaires pour répondre aux besoins de qualification massifs liés à la planification écologique, dont la réindustrialisation (techniciens, ingénieurs, …)."
LFI_2024,LFI_2024_588,EURO,2024,LFI,Créer un comité d’éthique européen garant de l’indépendance de la recherche et de la liberté académique.
LFI_2024,LFI_2024_589,EURO,2024,LFI,ÉTENDRE ET RENFORCER L’EXCEPTION CULTURELLE FRANÇAISE.
LFI_2024,LFI_2024_590,EURO,2024,LFI,MESURE-CLÉ.
LFI_2024,LFI_2024_591,EURO,2024,LFI,"DÉFENDRE L’EXCEPTION CULTURELLE FRANÇAISE, À SAVOIR LA PRÉSERVATION DES ARTS ET DE LA CULTURE DE LA PRÉDATION DU MARCHÉ ET DE SES LOGIQUES."
LFI_2024,LFI_2024_592,EURO,2024,LFI,TOUTES LES MESURES.
LFI_2024,LFI_2024_593,EURO,2024,LFI,"Travailler à la reconnaissance et l’harmonisation du travail de l’art au niveau européen en soutenant la création d’un statut européen de l’artiste et des régimes sociaux adaptés notamment pour les artistes-auteurs, lutter contre l’ubérisation dans ces métiers et conditionner les subventions d’Europe Créative, programme de l’Union européenne visant à soutenir les secteurs culturels et créatifs, au respect de ces statuts spécifiques de travailleur."
LFI_2024,LFI_2024_594,EURO,2024,LFI,Généraliser la pratique artistique et les échanges culturels dès le plus jeune âge en Europe via Europe Créative et la mise en place d’un fonds de développement pour l’Éducation artistique et culturelle pour les citoyens européens tout au long de la vie.
LFI_2024,LFI_2024_595,EURO,2024,LFI,"Développer la liberté de création, la diversité et les échanges culturels au sein de l’Europe et avec le monde en rendant plus accessibles les financements européens, notamment ceux d’Europe Créative, par la simplification de leurs démarches d’obtention et le développement de dispositifs pérennes."
LFI_2024,LFI_2024_596,EURO,2024,LFI,"Introduire une conditionnalité sociale pour les projets bénéficiant de financements de l’Union dans les secteurs de la culture et de la création, par exemple Europe créative."
LFI_2024,LFI_2024_597,EURO,2024,LFI,CHAPITRE 7 - LUTTER CONTRE L’EXIL FORCÉ ET ORGANISER UN ACCUEIL COORDONNÉ DIGNE.
LFI_2024,LFI_2024_598,EURO,2024,LFI,INTRODUCTION.
LFI_2024,LFI_2024_599,EURO,2024,LFI,"« MA BOUCHE SERA LA BOUCHE DES MALHEURS QUI N’ONT POINT DE BOUCHE, MA VOIX, LA LIBERTÉ DE CELLES QUI S’AFFAISSENT AU CACHOT DU DÉSESPOIR » AIMÉ CÉSAIRE, CAHIER D’UN RETOUR AU PAYS NATAL."
LFI_2024,LFI_2024_600,EURO,2024,LFI,NOUS DEVONS ACCUEILLIR DIGNEMENT CELLES ET CEUX QUI CHERCHENT REFUGE SUR NOTRE SOL.
LFI_2024,LFI_2024_601,EURO,2024,LFI,"À L’ENCONTRE DES POLITIQUES XÉNOPHOBES MENÉES PAR LE GOUVERNEMENT MACRON, MAIN DANS LA MAIN AVEC L’EXTRÊME DROITE DE MARINE LE PEN ET DE JORDAN BARDELLA, L’ACCUEIL ET LE RESPECT DES DROITS HUMAINS SONT DES PRINCIPES FONDAMENTAUX DE LA RÉPUBLIQUE FRANÇAISE."
LFI_2024,LFI_2024_602,EURO,2024,LFI,"LA FRANCE EST LE PREMIER PAYS AU MONDE À INTÉGRER LE DROIT D’ASILE DANS SA CONSTITUTION, DÈS 1793."
LFI_2024,LFI_2024_603,EURO,2024,LFI,"EN EUROPE, LES ARRIVÉES DE POPULATIONS NE SONT PAS MASSIVES : EN 2020, LES RÉFUGIÉS REPRÉSENTENT 0,6% DE LA POPULATION TOTALE."
LFI_2024,LFI_2024_604,EURO,2024,LFI,"PAR CONTRE, LES PAYS LES PLUS RICHES QUI LA COMPOSENT ONT SOUVENT LA RESPONSABILITÉ DES MIGRATIONS FORCÉES DE PAR LEUR IMPLICATION DANS LA MULTIPLICATION DES CONFLITS ARMÉS, LA DESTRUCTION DES ÉCONOMIES LOCALES PAR LA MONDIALISATION ET LE RÉCHAUFFEMENT CLIMATIQUE."
LFI_2024,LFI_2024_605,EURO,2024,LFI,"AU COURS DES ANNÉES 2010 LES ÉVÉNEMENTS CLIMATIQUES ONT PROVOQUÉ 2 FOIS PLUS DE DÉPLACEMENTS FORCÉS QUE LES CONFLITS, SELON LE HAUT-COMMISSARIAT POUR LES RÉFUGIÉS DE L’ONU."
LFI_2024,LFI_2024_606,EURO,2024,LFI,"IL Y AURA JUSQU’À 1 MILLIARD DE MIGRANTS CLIMATIQUES DANS LES 30 ANS, SELON L’ORGANISATION INTERNATIONALE POUR LES MIGRATIONS."
LFI_2024,LFI_2024_607,EURO,2024,LFI,"AVEC SON AGENCE MEURTRIÈRE FRONTEX, L’UNION EUROPÉENNE A FAIT DE LA MÉDITERRANÉE ET DE LA MANCHE DES CIMETIÈRES À CIEL OUVERT."
LFI_2024,LFI_2024_608,EURO,2024,LFI,"PLUTÔT QUE LA POLITIQUE DU CHIFFRE ET LA CHASSE AUX MIGRANTS, QUI NE FONT QUE CRÉER DU DÉSORDRE ET DE LA SOUFFRANCE, NOUS PORTERONS UNE POLITIQUE MIGRATOIRE HUMAINE FONDÉE SUR UN ACCUEIL RESPECTUEUX, LA RÉPRESSION DES RÉSEAUX DE PASSEURS ET LA LUTTE CONTRE LES CAUSES DES MIGRATIONS FORCÉES."
LFI_2024,LFI_2024_609,EURO,2024,LFI,COMBATS.
LFI_2024,LFI_2024_610,EURO,2024,LFI,GARANTIR LE DROIT D’ASILE SUR LE SOL EUROPÉEN.
LFI_2024,LFI_2024_611,EURO,2024,LFI,AGIR SUR LES CAUSES DES MIGRATIONS FORCÉES.
LFI_2024,LFI_2024_612,EURO,2024,LFI,MESURE-CLÉ.
LFI_2024,LFI_2024_613,EURO,2024,LFI,AGIR POUR LA LUTTE CONTRE LE DÉRÈGLEMENT CLIMATIQUE ET CRÉER UN STATUT DE DÉTRESSE ENVIRONNEMENTALE COUVRANT TOUT TYPE DE CATASTROPHE AYANT ENTRAÎNÉ UNE MIGRATION FORCÉE.
LFI_2024,LFI_2024_614,EURO,2024,LFI,TOUTES LES MESURES.
LFI_2024,LFI_2024_615,EURO,2024,LFI,"Renforcer l’aide au développement des États membres et de l’Union européenne pour atteindre l’objectif historique de 0,7% du Revenu National Brut (RNB)."
LFI_2024,LFI_2024_616,EURO,2024,LFI,Remplacer les accords injustes de commerce ou de pêche entre l’Union européenne et les pays en développement par des accords de partenariat durables.
LFI_2024,LFI_2024_617,EURO,2024,LFI,Défendre au niveau européen les restructurations et les annulations des dettes qui étranglent financièrement les pays les moins avancés.
LFI_2024,LFI_2024_618,EURO,2024,LFI,Développer les relations entre l’Union européenne et les pays du sud de la Méditerranée à travers des projets communs.
LFI_2024,LFI_2024_619,EURO,2024,LFI,SAUVER DES VIES EN MER MÉDITERRANÉE.
LFI_2024,LFI_2024_620,EURO,2024,LFI,MESURE-CLÉ.
LFI_2024,LFI_2024_621,EURO,2024,LFI,"REMPLACER L’AGENCE MEURTRIÈRE FRONTEX PAR UNE AGENCE EUROPÉENNE CIVILE DE SAUVETAGE EN MER ET SUR TERRE, EN APPUI DE L’AGENCE DE L’UNION EUROPÉENNE POUR L’ASILE (AUEA)."
LFI_2024,LFI_2024_622,EURO,2024,LFI,TOUTES LES MESURES.
LFI_2024,LFI_2024_623,EURO,2024,LFI,Refuser le financement et la construction de murs et de clôtures inutiles et dangereux aux frontières de l’Union européenne.
LFI_2024,LFI_2024_624,EURO,2024,LFI,"Soutenir une politique migratoire qui prend en compte les besoins spécifiques (juridiques, médicaux, psychologiques) des femmes et des enfants, particulièrement vulnérables aux violences sexistes et sexuelles Stopper la militarisation mortifère des frontières, l’armement massif de Frontex et la surveillance biométrique généralisée des entrées et des sorties."
LFI_2024,LFI_2024_625,EURO,2024,LFI,Protéger l’activité des navires humanitaires de secours et arrêter la criminalisation des ONG de sauvetage en mer Sanctionner les refoulements illégaux en mer et sur terre opérés par les garde-côtes de Frontex ou les autorités de certains États membres.
LFI_2024,LFI_2024_626,EURO,2024,LFI,Organiser une Commission d’enquête sur ces pratiques et sur l’ensemble des violations des droits fondamentaux lors des procédures aux frontières de l’Union européenne.
LFI_2024,LFI_2024_627,EURO,2024,LFI,"Ouvrir des voies de migrations légales sécurisées et administrées par les autorités européennes compétentes pour permettre, chaque fois que cela est possible, que des êtres humains accèdent à l’asile sans être forcés de prendre la route et de traverser la mer au péril de leur vie."
LFI_2024,LFI_2024_628,EURO,2024,LFI,"Mettre un terme aux accords formels et informels par lesquels l’Union européenne sous-traite sa politique migratoire à des États tiers au détriment du respect des droits des migrants, comme le protocole d’accord adopté avec la Tunisie."
LFI_2024,LFI_2024_629,EURO,2024,LFI,Suspendre le mandat de la mission d’assistance de l’Union européenne pour la gestion des frontières en Libye (EUBAM) compte tenu des exactions documentées commises par les gardes-côtes libyens.
LFI_2024,LFI_2024_630,EURO,2024,LFI,Renforcer les coopérations policières et judiciaires pour condamner les réseaux de passeurs qui exploitent la misère des exilés.
LFI_2024,LFI_2024_631,EURO,2024,LFI,GARANTIR LE DROIT D’ASILE SUR LE SOL EUROPÉEN.
LFI_2024,LFI_2024_632,EURO,2024,LFI,MESURE-CLÉ.
LFI_2024,LFI_2024_633,EURO,2024,LFI,"GARANTIR L’APPLICATION STRICTE DE L’ENSEMBLE DES DISPOSITIFS DE DROIT INTERNATIONAL LIÉS À L’ASILE ET ABROGER LE PACTE ASILE-IMMIGRATION QUI PRÉVOIT UNE AUGMENTATION DE LA RÉTENTION AUX FRONTIÈRES, L’AFFAIBLISSEMENT DU DROIT D’ASILE ET UNE ACCÉLÉRATION DE L’EXTERNALISATION DE LA POLITIQUE MIGRATOIRE."
LFI_2024,LFI_2024_634,EURO,2024,LFI,TOUTES LES MESURES.
LFI_2024,LFI_2024_635,EURO,2024,LFI,Permettre aux personnes qui fuient les violences et les persécutions du fait de leur genre ou de leur orientation sexuelle de bénéficier du droit d’asile.
LFI_2024,LFI_2024_636,EURO,2024,LFI,Sanctionner les États membres qui refusent d’accorder une protection à des demandeurs d’asile qui répondent aux critères du droit humanitaire.
LFI_2024,LFI_2024_637,EURO,2024,LFI,"Interdire le placement des mineurs, des familles et des personnes vulnérables en centres de rétention Garantir le respect de l’intérêt supérieur des enfants dans toute procédure et dans chaque étape du parcours des demandeurs d’asile."
LFI_2024,LFI_2024_638,EURO,2024,LFI,"Renégocier le régime d’asile européen commun (RAEC), notamment pour mettre fin au Règlement Dublin et à l’approche hotspots afin de soulager les États frontaliers et de garantir un partage équitable des responsabilités entre États membres de l’Union européenne."
LFI_2024,LFI_2024_639,EURO,2024,LFI,Établir un mécanisme contraignant de répartition du traitement des demandes d’asile dès lors qu’un État membre fait face à un nombre plus élevé de demandes de protection internationale que ses capacités administratives ne lui permettent pas de gérer.
LFI_2024,LFI_2024_640,EURO,2024,LFI,"Garantir le droit à des procédures d’asile équitables et dignes, limiter les procédures accélérées et stopper les détentions arbitraires."
LFI_2024,LFI_2024_641,EURO,2024,LFI,"Refuser l’externalisation des frontières européennes dans des pays tiers, en particulier dans les régimes autoritaires qui violent les droits humains."
LFI_2024,LFI_2024_642,EURO,2024,LFI,PERMETTRE L’ACCUEIL DES EXILÉS.
LFI_2024,LFI_2024_643,EURO,2024,LFI,MESURE-CLÉ.
LFI_2024,LFI_2024_644,EURO,2024,LFI,COMBATTRE LA CRIMINALISATION ET LES CAMPAGNES DE HARCÈLEMENT CONDUITES À L’ENCONTRE DES ASSOCIATIONS D’AIDE ET DES PERSONNES SOLIDAIRES AVEC LES MIGRANTS.
LFI_2024,LFI_2024_645,EURO,2024,LFI,TOUTES LES MESURES.
LFI_2024,LFI_2024_646,EURO,2024,LFI,"Refuser les réintroductions injustifiées des contrôles aux frontières internes de l’Union européenne, garantir les droits des exilés illégalement détenus, maltraités et refoulés d’un État membre à l’autre, notamment à la frontière franco-italienne."
LFI_2024,LFI_2024_647,EURO,2024,LFI,"Prendre en compte les relations familiales, culturelles, linguistiques et professionnelles dans le cadre du mécanisme de répartition des demandes d’asile afin d’améliorer les perspectives d’intégration."
LFI_2024,LFI_2024_648,EURO,2024,LFI,"Interdire les politiques discriminatoires à l’encontre des réfugiés et faciliter leur intégration par le droit au travail, la reconnaissance des compétences et des qualifications acquises avant la migration."
LFI_2024,LFI_2024_649,EURO,2024,LFI,"Mettre en place un accès effectif des exilés aux soins physiques et mentaux ainsi qu’au soutien psychosocial Garantir l’accès des exilés à l’éducation, à l’apprentissage de la langue, à l’aide juridique, et plus globalement au système de protection sociale."
LFI_2024,LFI_2024_650,EURO,2024,LFI,Construire un programme pour l’aide au retour des réfugiés qui le souhaitent lorsque la situation dans leur pays d’origine le permet.
LFI_2024,LFI_2024_651,EURO,2024,LFI,CHAPITRE 8 - POUR LA PAIX : REFUSER LA VASSALISATION DE L’EUROPE.
LFI_2024,LFI_2024_652,EURO,2024,LFI,INTRODUCTION.
LFI_2024,LFI_2024_653,EURO,2024,LFI,« ON NE FAIT PAS LA GUERRE POUR SE DÉBARRASSER DE LA GUERRE » JEAN JAURÈS.
LFI_2024,LFI_2024_654,EURO,2024,LFI,LA CONSTRUCTION EUROPÉENNE S’EST FAITE SUR UNE PROMESSE DE PAIX.
LFI_2024,LFI_2024_655,EURO,2024,LFI,"POURTANT, EN ACCEPTANT DE SE RANGER DERRIÈRE L’OTAN, L’UNION EUROPÉENNE S’INSCRIT DANS UNE STRATÉGIE ÉTATSUNIENNE D’ESCALADE DES TENSIONS À TRAVERS LE GLOBE."
LFI_2024,LFI_2024_656,EURO,2024,LFI,L’EUROPE DE LA DÉFENSE N’A TOUJOURS AUCUNE RÉALITÉ EN DÉPIT DE PLUS DE VINGT ANS DE BAVARDAGES OFFICIELS À SON SUJET.
LFI_2024,LFI_2024_657,EURO,2024,LFI,"C’EST UN MIROIR AUX ALOUETTES, ANTIDÉMOCRATIQUE PAR DÉFINITION, INEFFICACE DEPUIS TOUJOURS DANS LES TRÈS MAIGRES SEGMENTS QU’ELLE A VOULU CONSTITUER."
LFI_2024,LFI_2024_658,EURO,2024,LFI,NOUS REFUSONS TOUT ALIGNEMENT SUR UNE AUTRE PUISSANCE.
LFI_2024,LFI_2024_659,EURO,2024,LFI,NOUS DÉFENDONS UN MONDE ORDONNÉ SUR LE DROIT INTERNATIONAL ET LA PAIX.
LFI_2024,LFI_2024_660,EURO,2024,LFI,"C’EST PARCE QUE NOUS PORTONS LE NON-ALIGNEMENT QUE NOUS POUVONS À LA FOIS CONDAMNER L’INVASION DE L’UKRAINE PAR LA RUSSIE ET LE MASSACRE EN COURS À GAZA, TOUS DEUX DES VIOLATIONS FLAGRANTES DU DROIT INTERNATIONAL."
LFI_2024,LFI_2024_661,EURO,2024,LFI,"NOUS REFUSONS LE DEUX POIDS, DEUX MESURES QUI CONSISTE À DÉFENDRE LE DROIT INTERNATIONAL DANS UN CAS, ET À LE REFUSER DANS UN AUTRE."
LFI_2024,LFI_2024_662,EURO,2024,LFI,"EN TOUTES CIRCONSTANCES, NOUS EXIGERONS LA MISE EN ŒUVRE IMMÉDIATE DES DÉCISIONS DE LA COUR INTERNATIONALE DE JUSTICE, L’EMBARGO SUR LES LIVRAISONS D’ARMES ET LA SUSPENSION DES ACCORDS DE COOPÉRATION AVEC LES PAYS DONT L’ACTION PRÉSENTE UN RISQUE DE GÉNOCIDE ÉTABLI PAR CETTE COUR."
LFI_2024,LFI_2024_663,EURO,2024,LFI,NOUS DÉFENDRONS LA MÊME OSTRACISATION POUR LES PAYS QUI VIOLENT LA SOUVERAINETÉ DE LEURS VOISINS EN AGRESSANT LEURS POPULATIONS COMME PAR EXEMPLE LE RWANDA EN RÉPUBLIQUE DÉMOCRATIQUE DU CONGO OU L’AZERBAÏDJAN EN ARMÉNIE.
LFI_2024,LFI_2024_664,EURO,2024,LFI,LA PAIX EST NOTRE SEULE BOUSSOLE.
LFI_2024,LFI_2024_665,EURO,2024,LFI,COMBATS.
LFI_2024,LFI_2024_666,EURO,2024,LFI,DÉFENDRE UN CESSEZ-LE-FEU IMMÉDIAT ET PERMANENT À GAZA.
LFI_2024,LFI_2024_667,EURO,2024,LFI,INCARNER LA VOIX DE LA PAIX EN EUROPE.
LFI_2024,LFI_2024_668,EURO,2024,LFI,DÉFENDRE UN CESSEZ-LE-FEU IMMÉDIAT ET PERMANENT À GAZA.
LFI_2024,LFI_2024_669,EURO,2024,LFI,MESURE-CLÉ.
LFI_2024,LFI_2024_670,EURO,2024,LFI,"EXIGER UN CESSEZ-LE-FEU IMMÉDIAT AU PROCHE-ORIENT, LA CRÉATION DE CORRIDORS HUMANITAIRES, LE RETOUR DE TOUS LES DÉPLACÉS ET LA FIN IMMÉDIATE DU BLOCUS DE LA BANDE DE GAZA."
LFI_2024,LFI_2024_671,EURO,2024,LFI,TOUTES LES MESURES.
LFI_2024,LFI_2024_672,EURO,2024,LFI,"Mettre fin à la colonisation illégale en Cisjordanie, reconnaître l’État de Palestine et sa souveraineté sur l’ensemble des territoires palestiniens occupés depuis 1967, soutenir la constitution d’un unique gouvernement palestinien administrant l’ensemble des territoires palestiniens, y compris Jérusalem-Est la bande de Gaza, et intensifier tous les efforts diplomatiques pour relancer le processus de paix sur la base des résolutions pertinentes de l’ONU."
LFI_2024,LFI_2024_673,EURO,2024,LFI,"Appuyer toutes les initiatives diplomatiques visant à obtenir la libération des otages détenus à Gaza par le Hamas, ainsi que la libération des prisonniers palestiniens détenus arbitrairement par le gouvernement de Netanyahu."
LFI_2024,LFI_2024_674,EURO,2024,LFI,Suspendre l’accord d’association entre l’Union européenne et l’État d’Israël tant que perdureront l’occupation et la colonisation des territoires palestiniens.
LFI_2024,LFI_2024_675,EURO,2024,LFI,"Rompre les accords de coopération avec les pays mis en cause, en accord avec les décisions de la Cour internationale de Justice."
LFI_2024,LFI_2024_676,EURO,2024,LFI,Mettre en place un embargo sur les armes envoyées par les États de l’Union européenne à Israël qui sont utilisées pour massacrer le peuple gazaoui.
LFI_2024,LFI_2024_677,EURO,2024,LFI,Sanctionner les personnes et entités dont l’action viole le droit humanitaire international et les résolutions de l’ONU sur le conflit israélo-palestinien.
LFI_2024,LFI_2024_678,EURO,2024,LFI,Saisir la Cour pénale internationale afin qu’elle juge l’ensemble des crimes de guerre et crimes contre l’humanité commis durant le conflit israélo-palestinien.
LFI_2024,LFI_2024_679,EURO,2024,LFI,Reconnaître l’État de Palestine.
LFI_2024,LFI_2024_680,EURO,2024,LFI,DÉFENDRE LA PAIX EN UKRAINE.
LFI_2024,LFI_2024_681,EURO,2024,LFI,TOUTES LES MESURES.
LFI_2024,LFI_2024_682,EURO,2024,LFI,"Poursuivre le soutien à l’Ukraine et agir pour créer un cadre diplomatique permettant d’obtenir un cessez-le-feu, le retrait des troupes russes, et l’ouverture de négociations pour une paix durable."
LFI_2024,LFI_2024_683,EURO,2024,LFI,"En revenir à l’action diplomatique en Ukraine : cessez-le-feu, sécurisation des centrales nucléaires, conférence sur les frontières et la sécurité collective en Europe."
LFI_2024,LFI_2024_684,EURO,2024,LFI,Soutenir les démarches internationales de jugement des crimes de guerre commis en Ukraine.
LFI_2024,LFI_2024_685,EURO,2024,LFI,Aider à la reconstruction de l’Ukraine notamment à travers une annulation de la dette ukrainienne et des subventions directes plutôt que des prêts conditionnés à des réformes néolibérales.
LFI_2024,LFI_2024_686,EURO,2024,LFI,"Rétablir, une fois la paix revenue, un cadre paneuropéen stable et pérenne donnant des garanties de sécurité crédibles à l’ensemble des pays d’Europe centrale et orientale et facilitant les coopérations au bénéfice des populations."
LFI_2024,LFI_2024_687,EURO,2024,LFI,PORTER UNE VOIX INDÉPENDANTE AU SERVICE DE LA PAIX.
LFI_2024,LFI_2024_688,EURO,2024,LFI,MESURE-CLÉ.
LFI_2024,LFI_2024_689,EURO,2024,LFI,"REFUSER L’ALIGNEMENT DE LA FRANCE DANS L’UNION EUROPÉENNE SUR TOUTE AUTRE PUISSANCE ET DÉFENDRE LE DROIT INTERNATIONAL, L’INVIOLABILITÉ DES FRONTIÈRES ET LA PAIX."
LFI_2024,LFI_2024_690,EURO,2024,LFI,TOUTES LES MESURES.
LFI_2024,LFI_2024_691,EURO,2024,LFI,"Faire de l’Union européenne une interlocutrice crédible auprès des pays du Sud, une médiatrice au service de la paix et du droit international à travers une action diplomatique indépendante et non alignée."
LFI_2024,LFI_2024_692,EURO,2024,LFI,Maintenir une action diplomatique française indépendante et refuser l’affaiblissement du réseau diplomatique français au nom du renforcement de la diplomatie européenne.
LFI_2024,LFI_2024_693,EURO,2024,LFI,"Proposer l’organisation d’une conférence sur les frontières et la sécurité collective en Europe dans le cadre de l’Organisation pour la sécurité et la coopération en Europe (OSCE) pour prévenir l’émergence de nouveaux conflits sur le continent européen et résoudre les conflits gelés (Transnistrie, Chypre)."
LFI_2024,LFI_2024_694,EURO,2024,LFI,"Refuser toute confrontation militaire et remise en cause unilatérale des frontières, et favoriser le règlement pacifique des différends territoriaux existants."
LFI_2024,LFI_2024_695,EURO,2024,LFI,"Suspendre l’actuel protocole d’accord sur un partenariat stratégique dans le domaine de l’énergie entre l’Union européenne et l’Azerbaïdjan tant que les autorités azerbaïdjanaises ne garantiront pas le droit au retour en toute sécurité aux Arméniens qui le souhaitent, ainsi que leurs droits et libertés."
LFI_2024,LFI_2024_696,EURO,2024,LFI,Relancer le processus de Minsk pour parvenir à un règlement durable du conflit du Haut-Karabakh garantissant l’autonomie des populations arméniennes et le respect de l’intégrité territoriale de l’Azerbaïdjan.
LFI_2024,LFI_2024_697,EURO,2024,LFI,REFUSER DE PARTICIPER À UNE COALITION MILITAIRE EN ASIE-PACIFIQUE .
LFI_2024,LFI_2024_698,EURO,2024,LFI,MESURE-CLÉ.
LFI_2024,LFI_2024_699,EURO,2024,LFI,REFUSER DE RÉGLER NOS DIFFÉRENDS COMMERCIAUX AVEC LA CHINE EN ENTRANT DANS L’ALLIANCE MILITAIRE QUE LES ÉTATS-UNIS CRÉENT CONTRE ELLE.
LFI_2024,LFI_2024_700,EURO,2024,LFI,TOUTES LES MESURES.
LFI_2024,LFI_2024_701,EURO,2024,LFI,"Entre la côte des Amériques et celles de Chine et d’Inde, c’est la zone Asie-pacifique."
LFI_2024,LFI_2024_702,EURO,2024,LFI,"C’est le nouveau centre du monde d’où vient 60 % de son produit intérieur brut (PIB) et où vit deux-tiers de sa population. 50 % de la surface du globe terrestre, 60 % des océans."
LFI_2024,LFI_2024_703,EURO,2024,LFI,Là vivent les trois-quarts des humains menacés par la montée des eaux qui provoquera 50 % des migrations climatiques mondiales à venir.
LFI_2024,LFI_2024_704,EURO,2024,LFI,"L’Europe et la France sont impliquées notamment par la Polynésie, la Calédonie et La Réunion."
LFI_2024,LFI_2024_705,EURO,2024,LFI,Refuser l’escalade à propos de Taïwan.
LFI_2024,LFI_2024_706,EURO,2024,LFI,Soutenir la relance des cadres d’action de coopération et de paix comme la Commission de l’Océan Indien et la Communauté du Pacifique (CPS) dont le siège est en France à Nouméa.
LFI_2024,LFI_2024_707,EURO,2024,LFI,DÉFENDRE UN MONDE ORDONNÉ ET LES COOPÉRATIONS INTERNATIONALES AU SERVICE DE L’INTÉRÊT GÉNÉRAL HUMAIN.
LFI_2024,LFI_2024_708,EURO,2024,LFI,MESURE-CLÉ.
LFI_2024,LFI_2024_709,EURO,2024,LFI,"REFUSER TOUT NOUVEL ÉLARGISSEMENT DE L’UNION EUROPÉENNE, NOTAMMENT À L’UKRAINE, TANT QU’UNE HARMONISATION ÉCOLOGIQUE, SOCIALE, FISCALE ET DES DROITS HUMAINS N’A PAS ÉTÉ MENÉE."
LFI_2024,LFI_2024_710,EURO,2024,LFI,TOUTES LES MESURES.
LFI_2024,LFI_2024_711,EURO,2024,LFI,"Relancer les initiatives internationales pour le désarmement nucléaire multilatéral et coordonné, contre la course mondiale au renforcement des capacités militaires conventionnelles."
LFI_2024,LFI_2024_712,EURO,2024,LFI,Interdire les systèmes d’armes létaux autonomes.
LFI_2024,LFI_2024_713,EURO,2024,LFI,"Œuvrer pour un traité international de démilitarisation de l’espace, réaffirmant le principe de non-appropriation des ressources et des territoires et la régulation des activités spatiales humaines."
LFI_2024,LFI_2024_714,EURO,2024,LFI,"Faire aboutir l’adoption d’un traité international juridiquement contraignant pour réglementer, dans le cadre du droit international des droits de l’homme, les activités des sociétés transnationales et autres entreprises Proposer l’adoption d’un traité international de lutte contre la concurrence fiscale et pour une imposition minimale des grandes fortunes et des multinationales."
LFI_2024,LFI_2024_715,EURO,2024,LFI,"Offrir un cadre institutionnel stable afin de permettre le renforcement des coopérations au-delà de l’Union européenne avec l’ensemble des États européens, notamment les pays des Balkans occidentaux (Albanie, Bosnie-Herzégovine, Macédoine du Nord, Monténégro, Serbie)."
LFI_2024,LFI_2024_716,EURO,2024,LFI,"Relancer les politiques de coopération avec les pays de la Méditerranée occidentale autour de projets d’intérêt commun comme la préservation de l’environnement, la réponse aux catastrophes naturelles, et les échanges culturels et éducatifs."
LFI_2024,LFI_2024_717,EURO,2024,LFI,ÉTENDRE LES PROTECTIONS DU DROIT INTERNATIONAL AUX BIENS COMMUNS PLANÉTAIRES.
LFI_2024,LFI_2024_718,EURO,2024,LFI,MESURE-CLÉ.
LFI_2024,LFI_2024_719,EURO,2024,LFI,PORTER AU NIVEAU INTERNATIONAL LA RECONNAISSANCE DE L’ÉCOCIDE.
LFI_2024,LFI_2024_720,EURO,2024,LFI,TOUTES LES MESURES.
LFI_2024,LFI_2024_721,EURO,2024,LFI,"Soutenir dans le cadre de l’ONU l’élaboration d’instruments internationaux de protection et de régulation de l’accès et de la gestion des biens publics mondiaux : pôles, haute mer, atmosphère, espace extra-atmosphérique, biomes, cyberespace, intelligence artificielle."
LFI_2024,LFI_2024_722,EURO,2024,LFI,Soutenir la création d’un tribunal international de justice climatique et environnementale.
LFI_2024,LFI_2024_723,EURO,2024,LFI,Refuser la brevetabilité et la marchandisation du vivant et des éléments nécessaires à sa survie (air et eau notamment).
LFI_2024,LFI_2024_724,EURO,2024,LFI,"Faire de la question de l’eau, de sa protection et de son accès pour tous un enjeu prioritaire de la politique internationale et de coopération de la France."
LFI_2024,LFI_2024_725,EURO,2024,LFI,Soutenir activement les négociations en cours d’un traité international de lutte contre les plastiques.
LFI_2024,LFI_2024_726,EURO,2024,LFI,Élargir le dispositif de la licence d’office et lever les brevets sur les vaccins et autres moyens médicaux de lutte contre les pandémies.
LFI_2024,LFI_2024_727,EURO,2024,LFI,ASSURER NOTRE AUTONOMIE GÉOPOLITIQUE ET MILITAIRE.
LFI_2024,LFI_2024_728,EURO,2024,LFI,MESURE-CLÉ.
LFI_2024,LFI_2024_729,EURO,2024,LFI,REFUSER UNE EUROPE DE LA DÉFENSE ARRIMÉE À L’OTAN CAR ELLE NE SERAIT QU’UNE EXTENSION DES INTÉRÊTS GÉOPOLITIQUES.
LFI_2024,LFI_2024_730,EURO,2024,LFI,DES ÉTATS-UNIS ET UN DÉBOUCHÉ CONTRAINT SUPPLÉMENTAIRE POUR SON INDUSTRIE DE L’ARMEMENT.
LFI_2024,LFI_2024_731,EURO,2024,LFI,TOUTES LES MESURES.
LFI_2024,LFI_2024_732,EURO,2024,LFI,"Pérenniser la clause de défense mutuelle entre les États membres de l’Union européenne (article 42, paragraphe 7 du TUE) comme fondement et cadre de la mise en œuvre de la défense collective de l’Union européenne plutôt que celui de l’OTAN."
LFI_2024,LFI_2024_733,EURO,2024,LFI,Faire vivre activement le siège de la France au Conseil de sécurité de l’ONU.
LFI_2024,LFI_2024_734,EURO,2024,LFI,Renforcer la coordination des positions européennes au sein de l’ONU.
LFI_2024,LFI_2024_735,EURO,2024,LFI,Conserver l’unanimité au Conseil pour les questions de politique étrangère et de défense et passer à la majorité qualifiée uniquement sur les sanctions ciblées contre les personnes responsables de violations des droits humains afin de ne pas être prisonnier du chantage au veto d’autocrates comme Orbán refusant de respecter les règles européennes sur l’État de droit.
LFI_2024,LFI_2024_736,EURO,2024,LFI,Maintenir le caractère national de la dissuasion nucléaire française.
LFI_2024,LFI_2024_737,EURO,2024,LFI,PRÉSERVER NOS CAPACITÉS INDÉPENDANTES DE DÉFENSE ET SÉCURITÉ .
LFI_2024,LFI_2024_738,EURO,2024,LFI,MESURE-CLÉ.
LFI_2024,LFI_2024_739,EURO,2024,LFI,"MAINTENIR L’UNANIMITÉ SUR LES QUESTIONS D’INTERVENTIONS MILITAIRES ET D’ENVOI DE TROUPES, QUI RELÈVENT DE LA SOUVERAINETÉ DES ÉTATS."
LFI_2024,LFI_2024_740,EURO,2024,LFI,TOUTES LES MESURES.
LFI_2024,LFI_2024_741,EURO,2024,LFI,"Rejeter les références à la coopération avec l’OTAN dans la « boussole stratégique » de la politique de sécurité et de défense européenne et dans les actes/lois d’acquisitions conjointes ou production d’armes (EDIRPA, ASAP)."
LFI_2024,LFI_2024_742,EURO,2024,LFI,"Mettre en place un protectionnisme industriel militaire dans les programmes financés ou accompagnés par l’Union européenne, en harmonisant les normes et règles communes, afin de garantir des débouchés européens internes et cesser de dépendre d’exportations à des régimes ne respectant pas le droit international."
LFI_2024,LFI_2024_743,EURO,2024,LFI,"Faciliter la coordination des États européens, au cas par cas, pour des missions militaires conjointes dans le cadre d’interventions effectuées dans le cadre de l’ONU."
LFI_2024,LFI_2024_744,EURO,2024,LFI,"Prioriser les coopérations stratégiques de la France avec les pays européens ayant des centres et des aires d’intérêt communs, en particulier au service de la paix dans le bassin méditerranéen, ou bien aux projets augmentant notre autonomie stratégique."
LFI_2024,LFI_2024_745,EURO,2024,LFI,CHAPITRE 9 - NOUVELLES FRONTIÈRES DE L’HUMANITÉ.
LFI_2024,LFI_2024_746,EURO,2024,LFI,INTRODUCTION.
LFI_2024,LFI_2024_747,EURO,2024,LFI,« “LES LARMES DE NOS SOUVERAINS ONT LE GOÛT SALÉ DE LA MER QU’ILS ONT IGNORÉE.”
LFI_2024,LFI_2024_748,EURO,2024,LFI,CETTE PHRASE DE RICHELIEU PORTE TOUJOURS.
LFI_2024,LFI_2024_749,EURO,2024,LFI,(…) LA MER EST POURTANT LE NOUVEL HORIZON DE L’HUMANITÉ.
LFI_2024,LFI_2024_750,EURO,2024,LFI,"ELLE EST AUSSI UN BIEN COMMUN ESSENTIEL, GRAVEMENT MENACÉ."
LFI_2024,LFI_2024_751,EURO,2024,LFI,ET LA FRANCE ?
LFI_2024,LFI_2024_752,EURO,2024,LFI,SON DEVOIR EST FIXÉ PAR SON RANG.
LFI_2024,LFI_2024_753,EURO,2024,LFI,C’EST UNE OPPORTUNITÉ FANTASTIQUE POUR NOTRE PEUPLE DANS LE SIÈCLE QUI COMMENCE.
LFI_2024,LFI_2024_754,EURO,2024,LFI,LA MER A LE GOÛT DU FUTUR POUR LES FRANÇAIS.
LFI_2024,LFI_2024_755,EURO,2024,LFI,"» JEAN-LUC MÉLENCHON, « LA FRANCE, PUISSANCE MARITIME QUI S’IGNORE  », (REVUE INTERNATIONALE ET STRATÉGIQUE, 2014, N°95)."
LFI_2024,LFI_2024_756,EURO,2024,LFI,NOUS AVONS À CONSTRUIRE DE NOUVEAUX HORIZONS DE PROGRÈS ÉCOLOGIQUE POUR PROTÉGER LES BIENS COMMUNS DE L’HUMANITÉ ET NOUS PORTER AUX NOUVELLES FRONTIÈRES QUE SONT LES MERS ET LE VIRTUEL.
LFI_2024,LFI_2024_757,EURO,2024,LFI,LA RÉVOLUTION NUMÉRIQUE TOUT D’ABORD EST UNE CHANCE IMMENSE POUR L’HUMANITÉ.
LFI_2024,LFI_2024_758,EURO,2024,LFI,"ELLE PEUT PERMETTRE UN DÉVELOPPEMENT HUMAIN, SCIENTIFIQUE ET DÉMOCRATIQUE INÉDIT."
LFI_2024,LFI_2024_759,EURO,2024,LFI,POURTANT LES POLITIQUES EUROPÉENNES ACTUELLES LAISSENT LES GÉANTS DU NUMÉRIQUE PROSPÉRER GRÂCE À L’ACCUMULATION ET AU COMMERCE DES DONNÉES PERSONNELLES.
LFI_2024,LFI_2024_760,EURO,2024,LFI,NOUS REPRENDRONS LE CONTRÔLE.
LFI_2024,LFI_2024_761,EURO,2024,LFI,LE PROGRÈS TECHNIQUE NE PEUT SE FAIRE SANS ÊTRE AU SERVICE DU PROGRÈS HUMAIN.
LFI_2024,LFI_2024_762,EURO,2024,LFI,IL DOIT EN ÊTRE DE MÊME POUR L’ESPACE.
LFI_2024,LFI_2024_763,EURO,2024,LFI,L’AVENTURE SPATIALE DE L’HUMANITÉ EST CAPTÉE PAR LES MARCHANDS ET LES GRANDES PUISSANCES.
LFI_2024,LFI_2024_764,EURO,2024,LFI,NOTRE POLITIQUE SPATIALE DOIT ÊTRE SOUVERAINE ET AUTONOME.
LFI_2024,LFI_2024_765,EURO,2024,LFI,"ENFIN, LES OCÉANS SONT EN DANGER."
LFI_2024,LFI_2024_766,EURO,2024,LFI,"EN TANT QUE PREMIÈRE PUISSANCE MARITIME MONDIALE, L’UNION EUROPÉENNE PORTE UNE RESPONSABILITÉ IMMENSE."
LFI_2024,LFI_2024_767,EURO,2024,LFI,LE PEUPLE HUMAIN SE DÉFINIT PAR SA DÉPENDANCE ABSOLUE AUX MERS ET AUX OCÉANS.
LFI_2024,LFI_2024_768,EURO,2024,LFI,CE SONT LES 70 % DE LA PLANÈTE RECOUVERTS D’EAU QUI PERMETTENT LA SURVIE DE L’HUMANITÉ.
LFI_2024,LFI_2024_769,EURO,2024,LFI,PROTÉGER LES MERS ET OCÉANS.
LFI_2024,LFI_2024_770,EURO,2024,LFI,MESURE-CLÉ.
LFI_2024,LFI_2024_771,EURO,2024,LFI,"CRÉER UN VÉRITABLE RÉSEAU CONNECTÉ D’AIRES MARINES PROTÉGÉES EN EUROPE, DÉDIÉES EXCLUSIVEMENT À LA CONSERVATION ET À LA RESTAURATION DE LA BIODIVERSITÉ."
LFI_2024,LFI_2024_772,EURO,2024,LFI,TOUTES LES MESURES.
LFI_2024,LFI_2024_773,EURO,2024,LFI,"Réorienter les financements européens et les quotas de pêche pour une pêche artisanale, durable et créatrice d’emplois."
LFI_2024,LFI_2024_774,EURO,2024,LFI,"Interdire les subventions à la pêche industrielle et à la surpêche, supprimer celles qui favorisent la pêche illicite."
LFI_2024,LFI_2024_775,EURO,2024,LFI,"Appliquer effectivement l’interdiction de la pêche électrique, interdire le chalutage des fonds marins et les techniques industrielles dévastatrices comme la senne démersale, et interdire tout commerce d’ailerons."
LFI_2024,LFI_2024_776,EURO,2024,LFI,Exiger une réduction de la vitesse des navires et interdire le trafic maritime dans les aires maritimes protégées et leurs abords.
LFI_2024,LFI_2024_777,EURO,2024,LFI,"Exécuter des plans de gestion des ressources halieutiques fondés sur des données scientifiques, avec pour objectif de les rétablir."
LFI_2024,LFI_2024_778,EURO,2024,LFI,Réserver les 12 milles de la zone côtière de l’Union européenne aux navires de moins de 12 mètres afin de limiter l’impact de la pêche industrielle.
LFI_2024,LFI_2024_779,EURO,2024,LFI,"Imposer un socle social, fiscal et de sécurité renforcé et harmonisé selon les clauses de la nation la plus favorisée et de non-régression sociale afin de combattre les pavillons de complaisance européen et réserver le cabotage intra communautaire aux navires battant pavillons d’État européens de premier registre qui est le seul impliquant le respect du code des transports et du code des douanes."
LFI_2024,LFI_2024_780,EURO,2024,LFI,"Défendre une exploitation durable des ressources marines, porter l’exigence d’un moratoire sur l’exploitation minière des fonds marins sur les océans et soutenir la ratification du traité sur la Haute mer par tous les pays de l’Union européenne et son renforcement."
LFI_2024,LFI_2024_781,EURO,2024,LFI,Exiger le remplacement des accords de pêche passés entre l’Union européenne et les pays tiers par des accords de partenariat favorisant la pêche artisanale locale et impliquant réellement la société civile.
LFI_2024,LFI_2024_782,EURO,2024,LFI,"Protéger le bien-être des poissons d’élevage pendant l’élevage, le transport et  l’abattage, réglementer l’abattage, améliorer le bien-être des espèces ciblées lors de la pêche sauvage et interdire l’élevage de poulpes."
LFI_2024,LFI_2024_783,EURO,2024,LFI,Soutenir une aquaculture écologique par la diminution de notre demande de poissons carnivores d’élevage et le refus de la création de fermes aquacoles géantes et hyper-intensives.
LFI_2024,LFI_2024_784,EURO,2024,LFI,Développer l’algoculture à destination de la consommation humaine.
LFI_2024,LFI_2024_785,EURO,2024,LFI,Accompagner les pêcheurs pour trouver des solutions afin d’éviter les prises accidentelles et consacrer une partie du Fonds européen pour les affaires maritimes et la pêche (FEAMP) à l’indemnisation des pêcheurs concernés par les nécessaires fermetures spatio-temporelles dans l’Union européenne.
LFI_2024,LFI_2024_786,EURO,2024,LFI,Faire du bien-être animal une partie intégrante de la politique commune de la pêche.
LFI_2024,LFI_2024_787,EURO,2024,LFI,"Interdire la pêche au vif, ainsi que l’élevage et la vente d’animaux utilisés pour pratiquer cette pêche au sein de l’Union européenne."
LFI_2024,LFI_2024_788,EURO,2024,LFI,"Lancer un programme européen de dépollution des mers et océans (récupérations des déchets plastiques, équipements des littoraux en stations d’épuration, etc.)."
LFI_2024,LFI_2024_789,EURO,2024,LFI,Renforcer les normes et les contrôles en Europe sur les activités industrielles et agricoles à fort potentiel de pollution marine.
LFI_2024,LFI_2024_790,EURO,2024,LFI,Accélérer l’électrification des ports de l’Union européenne et imposer le recours à l’alimentation électrique à quai pour les navires.
LFI_2024,LFI_2024_791,EURO,2024,LFI,Réserver les financements publics aux propulsions décarbonées et les éteindre pour les énergies carbonés (y compris GNL ou biocarburants).
LFI_2024,LFI_2024_792,EURO,2024,LFI,Obliger les navires à une propulsion hybride vélique à compter de 2035 pour les navires neufs.
LFI_2024,LFI_2024_793,EURO,2024,LFI,Soutenir le développement d’une filière de déconstruction navale en Europe.
LFI_2024,LFI_2024_794,EURO,2024,LFI,Interdire les forages pétroliers et gaziers en Méditerranée.
LFI_2024,LFI_2024_795,EURO,2024,LFI,Financer un programme d’intervention et d’inspection écologique des fonds sous-marins en Méditerranée.
LFI_2024,LFI_2024_796,EURO,2024,LFI,Harmoniser les normes de protection de la Méditerranée avec le mieux disant des autres rivages européens.
LFI_2024,LFI_2024_797,EURO,2024,LFI,REPRENDRE LE CONTRÔLE SUR LES MULTINATIONALES DU NUMÉRIQUE.
LFI_2024,LFI_2024_798,EURO,2024,LFI,MESURE-CLÉ.
LFI_2024,LFI_2024_799,EURO,2024,LFI,"INSCRIRE LA NEUTRALITÉ DU NET, C’EST-À-DIRE L’ACCÈS ÉGAL DE CHACUN ET L’ÉGALITÉ DE TRAITEMENT, DANS LA CHARTE DES DROITS FONDAMENTAUX DE L’UNION EUROPÉENNE."
LFI_2024,LFI_2024_800,EURO,2024,LFI,TOUTES LES MESURES.
LFI_2024,LFI_2024_801,EURO,2024,LFI,Renforcer les dispositions des règlements sur les services numériques pour mieux encadrer l’activité des GAFAM et garantir la protection des citoyens.
LFI_2024,LFI_2024_802,EURO,2024,LFI,Refuser tout accord d’exfiltration de données personnelles et stratégiques en dehors de l’espace français et de l’Union européenne.
LFI_2024,LFI_2024_803,EURO,2024,LFI,"Investir dans la recherche publique, notamment sur les nouvelles technologies, et développer les coopérations entre universités et centres de recherches européens en sortant de la logique des partenariats publics privés."
LFI_2024,LFI_2024_804,EURO,2024,LFI,Réformer le système mondial des droits de propriété intellectuelle pour soutenir le transfert des nouvelles technologies écologiquement durables.
LFI_2024,LFI_2024_805,EURO,2024,LFI,Planifier une politique ambitieuse de câbles internet sous-marins transcontinentaux alternatifs à ceux transitant pour le Royaume-Uni et les États-Unis et concurrençant la progression des câbles tirés par les grandes multinationales du numérique.
LFI_2024,LFI_2024_806,EURO,2024,LFI,"Planifier une politique ambitieuse de super-calculateurs et de relocalisation des infrastructures numériques (nœuds internet, data centers) davantage décentralisée sur le territoire européen."
LFI_2024,LFI_2024_807,EURO,2024,LFI,Lutter contre l’introduction de brevets dans l’industrie logicielle qui sont un outil de domination pour les grandes entreprises au détriment de l’autonomie et de la capacité d’innovation des PME.
LFI_2024,LFI_2024_808,EURO,2024,LFI,Soutenir une planification numérique axée sur les secteurs du logiciel libre.
LFI_2024,LFI_2024_809,EURO,2024,LFI,"Développer une politique de modération des contenus en ligne alternative et inclusive, transparente dans ses algorithmes et respectueuse des travailleurs des plateformes de microtravail (modération en ligne, assistance des intelligences artificielles) avec une rémunération décente."
LFI_2024,LFI_2024_810,EURO,2024,LFI,Inciter les États-membres à faire passer les « coffres à butin » payants (ou loot box payantes) dans la juridiction des régulateurs de jeux d’argent.
LFI_2024,LFI_2024_811,EURO,2024,LFI,"Investir dans une planification écologique du numérique : favoriser le codage vert et le low tech, instaurer des critères techniques et environnementaux permettant aux utilisateurs d’opérer des choix éclairés de services de stockage en ligne."
LFI_2024,LFI_2024_812,EURO,2024,LFI,AFFIRMER LE PROGRÈS TECHNIQUE ET LA DÉCOUVERTE SPATIALE COMME ÉTANT AU SERVICE DE L’INTÉRÊT GÉNÉRAL.
LFI_2024,LFI_2024_813,EURO,2024,LFI,MESURE-CLÉ.
LFI_2024,LFI_2024_814,EURO,2024,LFI,CONSERVER UNE PRISE DE DÉCISION HUMAINE EN TOUTE CIRCONSTANCE DANS LES ENTREPRISES ET LES SERVICES PUBLICS QUI UTILISENT L’INTELLIGENCE ARTIFICIELLE (IA).
LFI_2024,LFI_2024_815,EURO,2024,LFI,TOUTES LES MESURES.
LFI_2024,LFI_2024_816,EURO,2024,LFI,"Renforcer la réglementation sur l’intelligence artificielle, en interdisant les identifications biométriques et les technologies répressives, en introduisant des principes de précaution environnementaux et éthiques avec une autorité européenne dédiée, tout en favorisant le développement des IA européennes et des bases de données ouvertes pour leur entraînement."
LFI_2024,LFI_2024_817,EURO,2024,LFI,"Imposer des règles contre les biais discriminatoires des intelligences artificielles, notamment sur la qualité des ensembles de données d’entraînement et les procédures d’essai pour la détection et la correction des préjugés ; Assurer un suivi constant en ce qui concerne le respect de la législation existante en matière d’égalité tout au long du cycle de vie de l’intelligence artificielle."
LFI_2024,LFI_2024_818,EURO,2024,LFI,Encadrer l’usage de l’intelligence artificielle dans les secteurs culturels et créatifs notamment par la transparence des algorithmes utilisés dans ces domaines et la création de statuts juridiques spécifiques pour les oeuvres créées par IA ou ayant eu recours à cette dernière.
LFI_2024,LFI_2024_819,EURO,2024,LFI,"Rompre avec la privatisation des ressources spatiales et plus globalement la marchandisation de l’exploration, accélérées notamment par le retour sur la Lune, auquel de nombreux membres de l’Union européenne participent via les Accords Artemis portés par les États-Unis, mais aussi par l’intensification des usages en orbite basse terrestre (déploiement des méga-constellations)."
LFI_2024,LFI_2024_820,EURO,2024,LFI,L’exploration de l’espace doit être mise au service de l’intérêt général humain et de la connaissance.
LFI_2024,LFI_2024_821,EURO,2024,LFI,Garantir l’accès indépendant de la France à l’espace en réussissant le programme Ariane 6.
LR_2024,LR_2024_1,EURO,2024,LR,ÉLECTIONS EUROPÉENNES — 9 JUIN 2024 Maîtriser notre destin.
LR_2024,LR_2024_2,EURO,2024,LR,Programme Les Républicains.
LR_2024,LR_2024_3,EURO,2024,LR,Le 9 juin avec fx BELLAMY.
LR_2024,LR_2024_4,EURO,2024,LR,Maîtriser notre destin.
LR_2024,LR_2024_5,EURO,2024,LR,La droite pour faire entendre la voix des français en europe.
LR_2024,LR_2024_6,EURO,2024,LR,"Pour sortir des crises que traversent la France et l’Europe, il est temps d’agir."
LR_2024,LR_2024_7,EURO,2024,LR,"Nous ne voulons plus subir l’inflation et l’appauvrissement de nos pays, la crise migratoire, la montée de l’insécurité, le dérèglement climatique, le retour de la guerre."
LR_2024,LR_2024_8,EURO,2024,LR,Comme si nous ne pouvions plus décider de rien.
LR_2024,LR_2024_9,EURO,2024,LR,Il n’y a pas de fatalité.
LR_2024,LR_2024_10,EURO,2024,LR,Nous avons tout pour réussir.
LR_2024,LR_2024_11,EURO,2024,LR,Notre décrochage est le résultat d’un échec politique.
LR_2024,LR_2024_12,EURO,2024,LR,Emmanuel Macron n’a pas mené les changements qu’attendaient la France et l’Europe.
LR_2024,LR_2024_13,EURO,2024,LR,Il veut aujourd’hui aller plus loin encore en créant des dettes et des impôts européens.
LR_2024,LR_2024_14,EURO,2024,LR,"Le Rassemblement national, qui a déjà gagné les deux dernières élections européennes, ne défend pas le travail et n’a rien obtenu pour les Français."
LR_2024,LR_2024_15,EURO,2024,LR,Nous avons mené chaque jour le combat au Parlement européen.
LR_2024,LR_2024_16,EURO,2024,LR,"Pour sortir de l’excès des normes, des charges et des contraintes."
LR_2024,LR_2024_17,EURO,2024,LR,Retrouver la valeur du travail.
LR_2024,LR_2024_18,EURO,2024,LR,"Soutenir notre agriculture, reconstruire notre industrie."
LR_2024,LR_2024_19,EURO,2024,LR,"Défendre le nucléaire, contre l’inflation des prix de l’énergie."
LR_2024,LR_2024_20,EURO,2024,LR,Maîtriser nos frontières.
LR_2024,LR_2024_21,EURO,2024,LR,Réaffirmer notre civilisation.
LR_2024,LR_2024_22,EURO,2024,LR,"Aujourd’hui, nous pouvons reprendre la main."
LR_2024,LR_2024_23,EURO,2024,LR,"En envoyant le plus de députés français au sein de notre famille, celle de la droite européenne, qui devient la première force politique en Europe, vous pouvez obtenir ces changements dont nous avons tant besoin."
LR_2024,LR_2024_24,EURO,2024,LR,"Nous savons ce que nous voulons, et nous l’affirmons avec constance et clarté."
LR_2024,LR_2024_25,EURO,2024,LR,"Une Europe de la liberté, et non des contraintes et des charges."
LR_2024,LR_2024_26,EURO,2024,LR,"Une Europe de la prospérité retrouvée, et non du décrochage économique."
LR_2024,LR_2024_27,EURO,2024,LR,Une Europe qui assume ses frontières et défende nos intérêts dans le monde.
LR_2024,LR_2024_28,EURO,2024,LR,Une Europe qui transmette notre nature par une écologie des résultats et non de la décroissance.
LR_2024,LR_2024_29,EURO,2024,LR,"Une Europe qui transmette notre culture, en assumant ses racines plutôt que de les nier."
LR_2024,LR_2024_30,EURO,2024,LR,"Nous sommes les seuls à proposer le changement de cap qui permettra aux Français de ne plus subir, mais de retrouver la maîtrise de leur destin."
LR_2024,LR_2024_31,EURO,2024,LR,C’est maintenant que tout se joue.
LR_2024,LR_2024_32,EURO,2024,LR,Je compte sur vous.
LR_2024,LR_2024_33,EURO,2024,LR,Maîtriser notre destin.
LR_2024,LR_2024_34,EURO,2024,LR,POUR LA FRANCE MAÎTRISER NOTRE DESTIN EN EUROPE.
LR_2024,LR_2024_35,EURO,2024,LR,LES PRINCIPALES PROPOSITIONS DES RÉPUBLICAINS POUR LES ÉLECTIONS EUROPÉENNES.
LR_2024,LR_2024_36,EURO,2024,LR,"Parce que nous sommes profondément patriotes et européens, nous voulons de grands changements dans la manière dont l’Union européenne fonctionne aujourd’hui."
LR_2024,LR_2024_37,EURO,2024,LR,Redresser la France et remettre l’Europe à l’endroit pour pouvoir de nouveau maîtriser notre destin sont les priorités de cette élection.
LR_2024,LR_2024_38,EURO,2024,LR,Le général de Gaulle nous l’a appris : l’Europe a vocation à servir de « levier d’Archimède » pour la puissance française dans le monde.
LR_2024,LR_2024_39,EURO,2024,LR,La France doit donc retrouver sa puissance.
LR_2024,LR_2024_40,EURO,2024,LR,"Et l’Europe doit privilégier les grandes politiques et les grands défis qui ne peuvent être relevés qu’à plusieurs, agir avec efficacité pour répondre aux besoins des peuples européens, respecter les compétences des Etats sans se disperser, ni agir en dehors des traités."
LR_2024,LR_2024_41,EURO,2024,LR,"Voter pour Les Républicains, c’est soutenir trois convictions majeures."
LR_2024,LR_2024_42,EURO,2024,LR,"L’Europe doit se concentrer sur l’essentiel en mettant sa puissance d’intervention à disposition de ses 27 États membres pour affronter les défis qui ne peuvent être relevés qu’ensemble : la paix et la maîtrise de nos frontières, l’adaptation au changement climatique et la préservation de la biodiversité, l’investissement dans les technologies du futur et la prospérité grâce au marché intérieur."
LR_2024,LR_2024_43,EURO,2024,LR,L’action de l’Europe doit passer par moins de normes et atteindre plus de résultats.
LR_2024,LR_2024_44,EURO,2024,LR,"L’Europe doit cesser de se disperser et parfois même de nuire, dans les domaines où elle ne doit pas intervenir car ils relèvent des États membres comme la sauvegarde de l’ordre public, l’éducation, la politique familiale ou la solidarité nationale."
LR_2024,LR_2024_45,EURO,2024,LR,"La France doit redevenir un maillon fort de l’Europe, capable de peser sur les choix fondamentaux de l’Union européenne sans se laisser imposer, à cause de sa faiblesse, des orientations qui sont contraires à ses intérêts."
LR_2024,LR_2024_46,EURO,2024,LR,"La dégradation spectaculaire de nos finances publiques, la poursuite inacceptable de notre désindustrialisation, le déficit permanent de notre commerce extérieur font de la France un partenaire affaibli, discrédité et de moins en moins écouté en Europe."
LR_2024,LR_2024_47,EURO,2024,LR,Il n’y a pas de fatalité.
LR_2024,LR_2024_48,EURO,2024,LR,Nous pouvons redresser la barre.
LR_2024,LR_2024_49,EURO,2024,LR,Mais il faut pour cela faire preuve de réalisme autant que de volonté.
LR_2024,LR_2024_50,EURO,2024,LR,Être européen sans renoncer à notre esprit critique.
LR_2024,LR_2024_51,EURO,2024,LR,"Changer la France et changer l’Europe, afin de retrouver la maîtrise de notre destin."
LR_2024,LR_2024_52,EURO,2024,LR,Nous refusons d’abandonner notre pays et le peuple français au piège que lui tendent M.
LR_2024,LR_2024_53,EURO,2024,LR,Macron et Mme Le Pen dont les programmes sont une impasse pour la France.
LR_2024,LR_2024_54,EURO,2024,LR,"L’impasse inefficace et fédéraliste d’Emmanuel Macron : Emmanuel Macron a affaibli et isolé la France en Europe par une surenchère verbale de propositions irréalistes rejetées par les autres États membres, une dérive sans précédent de nos finances publiques, une politique du « en même temps » illisible pour nos partenaires et pour les Français."
LR_2024,LR_2024_55,EURO,2024,LR,"Son action au sein de l’Europe depuis sept ans et ses propositions récentes à la Sorbonne ou dans la presse promeuvent une Europe fédérale, qui n’est pas le modèle européen original et qui conduit à la perte de la souveraineté française, à l’abandon de notre autonomie en matière de politique étrangère et de défense et, pire que tout, à la fragilisation de la crédibilité de notre puissance nucléaire et de notre indépendance stratégique pour laquelle nous investissons, au travers de nos impôts, depuis des décennies."
LR_2024,LR_2024_56,EURO,2024,LR,"Si elle n’est pas stoppée nette, par une politique de rétablissement de la puissance française et la réaffirmation du modèle européen original, ni fédéral, ni confédéral, c’est notre place au Conseil de sécurité de l’ONU qui finira par être remise en cause."
LR_2024,LR_2024_57,EURO,2024,LR,"De manière illusoire, Emmanuel Macron fait de l’Europe le remède à toutes nos difficultés quand nos partenaires attendent de la France qu’elle se reprenne en main pour redresser ses comptes et résoudre ses problèmes."
LR_2024,LR_2024_58,EURO,2024,LR,"Son « besoin d’Europe », dont il ose faire son slogan de campagne, est l’aveu criant de son incapacité, depuis maintenant sept ans, à répondre concrètement aux attentes des Français."
LR_2024,LR_2024_59,EURO,2024,LR,"Comme si l’Union européenne pouvait et devait régler à notre place nos déficits publics, le poids des prélèvements obligatoires, la désindustrialisation de notre pays, la paupérisation des Français, la montée de l’insécurité ou la dégradation de nos services publics."
LR_2024,LR_2024_60,EURO,2024,LR,"L’impasse socialiste et anti-européenne de Marine Le Pen : même si elle avance désormais masquée, Mme Le Pen souhaite toujours que la France sorte de l’Union européenne."
LR_2024,LR_2024_61,EURO,2024,LR,Le Rassemblement national est allié à des partis politiques qui font du Brexit un modèle pour leurs pays.
LR_2024,LR_2024_62,EURO,2024,LR,"Avec son Frexit de l’intérieur et son souhait de démantèlement de l’Europe, le RN mènerait notre pays à la catastrophe économique en fragilisant l’épargne des Français et en faisant fuir les entreprises et les investisseurs."
LR_2024,LR_2024_63,EURO,2024,LR,Le RN souhaite aussi se priver du levier européen pour résoudre la crise migratoire ou répondre aux grands défis de notre temps.
LR_2024,LR_2024_64,EURO,2024,LR,"En affaiblissant l’Europe et en conduisant une politique économique socialiste ruineuse pour notre pays, Mme Le Pen fragiliserait la France face à nos ennemis, nos adversaires et nos concurrents."
LR_2024,LR_2024_65,EURO,2024,LR,"Le RN a récemment défendu, comme La France Insoumise et d’ailleurs également les Macronistes, les prix-planchers pour les produits agricoles, une idée socialisante qui appauvrira nos agriculteurs."
LR_2024,LR_2024_66,EURO,2024,LR,Le RN a récemment défendu les grévistes qui bloquaient notre pays.
LR_2024,LR_2024_67,EURO,2024,LR,"Il se complaît, comme la gauche, à défendre un Etatprovidence rongé par les abus, qui s’est transformé en hamac pour une partie de la population au lieu d’être un véritable filet social."
LR_2024,LR_2024_68,EURO,2024,LR,"Enfin, les députés du RN ont voté contre le conditionnement du RSA à 15 heure d’activité hebdomadaire, mesure adoptée à l’initiative des Républicains."
LR_2024,LR_2024_69,EURO,2024,LR,Ils se sont aussi opposés à toutes les réformes de l’assurance-chômage qui ont pour objectif de faire en sorte que les chômeurs soient davantage incités à retrouver du travail et de lutter contre l’assistanat.
LR_2024,LR_2024_70,EURO,2024,LR,Le RN est anti-européen.
LR_2024,LR_2024_71,EURO,2024,LR,Renew est antination.
LR_2024,LR_2024_72,EURO,2024,LR,"Bardella-Le Pen, c’est la fin de l’Europe."
LR_2024,LR_2024_73,EURO,2024,LR,"Macron, c’est la fin des nations."
LR_2024,LR_2024_74,EURO,2024,LR,Sortons de ce piège mortel pour la France.
LR_2024,LR_2024_75,EURO,2024,LR,Nous sommes patriotes parce que nous plaçons la France au premier rang.
LR_2024,LR_2024_76,EURO,2024,LR,"Les Etats européens ne sont pas des vestiges du passé, mais le coeur battant de l’Europe."
LR_2024,LR_2024_77,EURO,2024,LR,"L’Europe n’a pas vocation à se substituer aux nations européennes, mais au contraire, à augmenter leur capacité à agir ensemble."
LR_2024,LR_2024_78,EURO,2024,LR,C’est pourquoi nous voulons plus d’Europe là où l’Europe crée une vraie valeur ajoutée pour les citoyens de notre pays.
LR_2024,LR_2024_79,EURO,2024,LR,Et nous voulons moins d’Europe là où elle n’en crée pas.
LR_2024,LR_2024_80,EURO,2024,LR,"Nous sommes européens parce que nous savons ce que nous devons à l’Union européenne, hier comme aujourd’hui."
LR_2024,LR_2024_81,EURO,2024,LR,"Nous sommes fiers de l’espace de paix, de liberté et de prospérité que les Etats européens, en surmontant leurs rivalités ancestrales et en acceptant de mettre certaines de leurs compétences en commun, ont su bâtir ensemble."
LR_2024,LR_2024_82,EURO,2024,LR,Nous voulons défendre la civilisation européenne qui est la raison d’être de l’Union.
LR_2024,LR_2024_83,EURO,2024,LR,"Alors que la Russie de Poutine a envahi l’Ukraine, que la puissance chinoise est de plus en plus menaçante et que les Etats-Unis font face à de graves incertitudes politiques, comment ne pas comprendre que nous devons renforcer, à l’échelle du continent européen, l’alliance puissante que nous avons construite avec les autres États membres de l’Union européenne ?"
LR_2024,LR_2024_84,EURO,2024,LR,Cela ne nous empêche pas de penser que le fonctionnement de l’Union européenne doit profondément changer.
LR_2024,LR_2024_85,EURO,2024,LR,L’Europe s’enlise dans les normes quand les Etats-Unis et la Chine font le pari de l’investissement et de la technologie.
LR_2024,LR_2024_86,EURO,2024,LR,"L’Europe veut montrer l’exemple sur tous les sujets, mais c’est au prix d’une naïveté sans limite qui laisse nos marchés ouverts au dumping et nos frontières ouvertes aux trafics."
LR_2024,LR_2024_87,EURO,2024,LR,"L’Europe veut faire la transition climatique à elle seule et préfère se faire envahir de produits chinois (panneaux solaires, voitures électriques…) plutôt que d’investir dans les technologies qui assureront notre souveraineté face aux enjeux de l’adaptation au changement climatique."
LR_2024,LR_2024_88,EURO,2024,LR,L’Europe submerge nos agriculteurs et nos pêcheurs de réglementations et d’interdictions et propose la décroissance de la production alimentaire quand l’enjeu est d’assurer une nourriture de qualité pour tous.
LR_2024,LR_2024_89,EURO,2024,LR,"L’Europe a confié son destin à des institutions supranationales qui n’exécutent plus la volonté des Etats, mais poursuivent leurs propres objectifs sans rendre compte aux peuples."
LR_2024,LR_2024_90,EURO,2024,LR,Tout cela doit changer.
LR_2024,LR_2024_91,EURO,2024,LR,Nous pensons enfin que l’Europe n’est pas et ne peut pas être la solution à tous nos problèmes.
LR_2024,LR_2024_92,EURO,2024,LR,"Pour réformer l’Europe, la France doit retrouver son leadership."
LR_2024,LR_2024_93,EURO,2024,LR,"Être capable d’impulser les changements dont l’Union européenne a besoin et d’en convaincre ses partenaires, plutôt que d’accepter la dérive technocratique actuelle."
LR_2024,LR_2024_94,EURO,2024,LR,"Être une voix respectée, pas celle dont on se moque car elle a perdu toute crédibilité ou parce que ses orientations politiques sont incompréhensibles."
LR_2024,LR_2024_95,EURO,2024,LR,Cela passe par de profonds changements dans notre politique intérieure.
LR_2024,LR_2024_96,EURO,2024,LR,"Ensemble, redressons la France et remettons l’Europe à l’endroit pour maîtriser notre destin."
LR_2024,LR_2024_97,EURO,2024,LR,NOS PROPOSITIONS.
LR_2024,LR_2024_98,EURO,2024,LR,"TABLE DES MATIÈRES FACE À DES PUISSANCES PRÉDATRICES ET À L’AGGRAVATION DES MENACES, L’EUROPE DOIT SE RÉARMER."
LR_2024,LR_2024_99,EURO,2024,LR,Apporter aujourd’hui un soutien massif à l’Ukraine pour repousser l’agression russe plutôt que de promettre un nouvel élargissement de l’Union européenne.
LR_2024,LR_2024_100,EURO,2024,LR,Imposer à chaque État membre de l’Union européenne de consacrer chaque année au moins 3% de son PIB à la défense et consolider l’OTAN.
LR_2024,LR_2024_101,EURO,2024,LR,Rééquilibrer les dépenses du Fonds européen de défense (FED) et les commandes de l’Agence européenne de défense (AED) au profit d’entreprises européennes.
LR_2024,LR_2024_102,EURO,2024,LR,Donner davantage de moyens à l’état-major de l’Union européenne pour qu’il devienne un centre d’opérations permanent et créer un « pilier européen » de l’OTAN.
LR_2024,LR_2024_103,EURO,2024,LR,Préparer les jeunes Européens à la défense de leurs pays.
LR_2024,LR_2024_104,EURO,2024,LR,Et au niveau français ?
LR_2024,LR_2024_105,EURO,2024,LR,"POUR GARANTIR NOTRE SOUVERAINETÉ ÉCONOMIQUE ET AUGMENTER LE POUVOIR D’ACHAT DES FRANÇAIS, L’EUROPE DOIT CHOISIR L’INVESTISSEMENT ET LE PROGRÈS TECHNOLOGIQUE."
LR_2024,LR_2024_106,EURO,2024,LR,Pour une mandature de la déréglementation et de la lutte contre le délire normatif européen.
LR_2024,LR_2024_107,EURO,2024,LR,Inscrire dans le droit de l’Union européenne un principe de non-régression économique et un principe d’innovation.
LR_2024,LR_2024_108,EURO,2024,LR,Lever l’interdiction des aides d’Etat pour les secteurs stratégiques lorsqu’il est nécessaire de faire émerger des champions européens capables de rivaliser avec les plus grands concurrents mondiaux.
LR_2024,LR_2024_109,EURO,2024,LR,Investir massivement dans l’intelligence artificielle.
LR_2024,LR_2024_110,EURO,2024,LR,Mettre en place un plan « Made in Europe 2030 » (« Fabriqué en Europe 2030 ») pour relocaliser la production en Europe et réindustrialiser notre continent.
LR_2024,LR_2024_111,EURO,2024,LR,Protéger les entreprises européennes des lois extraterritoriales de certains pays tiers.
LR_2024,LR_2024_112,EURO,2024,LR,Créer les conditions pour que l’UE devienne une puissance spatiale et fixer un objectif d’autonomie pour le lancement de nos satellites.
LR_2024,LR_2024_113,EURO,2024,LR,Ne pas signer de nouveaux accords de libreéchange qui soient contraires à nos intérêts et assurer une concurrence loyale pour nos producteurs.
LR_2024,LR_2024_114,EURO,2024,LR,"Créer un livret d’épargne européen pour orienter l’épargne privée des ménages vers les secteurs stratégiques de notre économie (défense, numérique, biotechs, transition écologique)."
LR_2024,LR_2024_115,EURO,2024,LR,Inciter les banques européennes à financer les secteurs stratégiques.
LR_2024,LR_2024_116,EURO,2024,LR,Assurer une électricité bon marché pour les ménages et nos entreprises.
LR_2024,LR_2024_117,EURO,2024,LR,Les dérives françaises d’Emmanuel Macron ne doivent pas contaminer l’Europe : nous nous opposons résolument au « quoi qu’il en coûte » et à la création d’impôts au niveau européen.
LR_2024,LR_2024_118,EURO,2024,LR,Et au niveau français ?
LR_2024,LR_2024_119,EURO,2024,LR,"POUR GARANTIR UNE VÉRITABLE SOUVERAINETÉ ALIMENTAIRE, L’EUROPE DOIT SOUTENIR NOS AGRICULTEURS, NOS PÊCHEURS ET NOTRE RURALITÉ."
LR_2024,LR_2024_120,EURO,2024,LR,Inscrire l’agriculture et la pêche dans le droit européen comme étant d’intérêt général européen majeur.
LR_2024,LR_2024_121,EURO,2024,LR,"Augmenter le budget de la PAC et de la PCP, notamment les aides directes à nos agriculteurs."
LR_2024,LR_2024_122,EURO,2024,LR,Abroger les textes européens qui nuisent à nos agriculteurs et à nos pêcheurs en prônant la décroissance.
LR_2024,LR_2024_123,EURO,2024,LR,"Consacrer davantage de fonds du second pilier de la PAC à la recherche et à l’innovation publiques pour développer des alternatives aux pesticides et aux produits phytosanitaires, notamment le glyphosate, et favoriser les nouvelles techniques génomiques (NGT)."
LR_2024,LR_2024_124,EURO,2024,LR,Exiger des clauses miroirs dans les accords de libre-échange et garantir leur application effective.
LR_2024,LR_2024_125,EURO,2024,LR,Mettre en place des clauses de sauvegarde pour que l’accès des produits agricoles ukrainiens au marché intérieur européen ne se fasse pas dans n’importe quelles conditions.
LR_2024,LR_2024_126,EURO,2024,LR,Mieux défendre les intérêts de nos pêcheurs face au Royaume-Uni.
LR_2024,LR_2024_127,EURO,2024,LR,Rendre possible l’adaptation des taux de TVA par les États membres pour favoriser les produits les moins polluants ou consommés en circuits courts.
LR_2024,LR_2024_128,EURO,2024,LR,Doter l’Union européenne d’une politique ambitieuse d’aide alimentaire au niveau européen et mondial.
LR_2024,LR_2024_129,EURO,2024,LR,Prévoir des fonds européens pour aider les agriculteurs français à acquérir leur autonomie énergétique.
LR_2024,LR_2024_130,EURO,2024,LR,Améliorer et simplifier les dispositifs d’incitation des agriculteurs à développer le stockage du carbone dans les sols.
LR_2024,LR_2024_131,EURO,2024,LR,Mieux maîtriser la présence du loup sur le territoire de l’Union européenne.
LR_2024,LR_2024_132,EURO,2024,LR,Respecter le principe de subsidiarité en matière de protection des espaces naturels et de réglementation de la chasse.
LR_2024,LR_2024_133,EURO,2024,LR,Défendre l’inscription des modes de vie traditionnels ruraux au patrimoine mondial immatériel de l’humanité de l’UNESCO et lutter contre l’agribashing.
LR_2024,LR_2024_134,EURO,2024,LR,Et au niveau français ?.
LR_2024,LR_2024_135,EURO,2024,LR,"CONTRE LE CHANGEMENT CLIMATIQUE ET POUR LA BIODIVERSITÉ, L’EUROPE DOIT ENCOURAGER LE PROGRÈS ET LA SCIENCE."
LR_2024,LR_2024_136,EURO,2024,LR,Compléter la « barrière verte » aux frontières extérieures de l’Union européenne et taxer davantage les produits importés qui ne respectent pas nos exigences environnementales (mécanisme d’ajustement carbone aux frontières - MACF) 36 Instaurer un principe de liberté technologique pour atteindre les objectifs environnementaux fixés au niveau européen et revenir sur l’interdiction de la vente de véhicules thermiques neufs en 2035.
LR_2024,LR_2024_137,EURO,2024,LR,Financer un grand programme de construction de centrales nucléaires dans l’Union européenne et promouvoir la filière hydrogène pour assurer une énergie décarbonée à bas coût et garantir notre souveraineté énergétique.
LR_2024,LR_2024_138,EURO,2024,LR,Réformer la directive sur les passoires thermiques pour se concentrer sur les émissions de gaz carbonique des logements et mettre en place des incitations plutôt que des interdictions.
LR_2024,LR_2024_139,EURO,2024,LR,Faire peser sur les États membres une taxe européenne sur les centrales à charbon et une taxe européenne sur la mise en décharge (enfouissement des déchets) et l’exportation de déchets.
LR_2024,LR_2024_140,EURO,2024,LR,"L’Union européenne doit investir massivement dans le développement de technologies de stockage du carbone, dans les technologies d’adaptation au changement climatique et dans la diversification de nos sources d’énergie.."
LR_2024,LR_2024_141,EURO,2024,LR,Mettre en place une stratégie européenne de prévention contre les « polluants éternels » et améliorer la stratégie européenne contre les plastiques à usage unique.
LR_2024,LR_2024_142,EURO,2024,LR,Créer une force mobile permanente de protection civile équipée de matériels de pointe capable d’intervenir partout dans l’Union européenne en cas de catastrophe naturelle ou industrielle et créer un Erasmus de la protection civile.
LR_2024,LR_2024_143,EURO,2024,LR,Et au niveau français ?
LR_2024,LR_2024_144,EURO,2024,LR,"POUR MAINTENIR LA COHÉSION DU CONTINENT EUROPÉEN, L’EUROPE DOIT MAÎTRISER SES FRONTIÈRES EXTÉRIEURES."
LR_2024,LR_2024_145,EURO,2024,LR,"Assurer le contrôle des frontières extérieures de l’Union européenne en redéployant des fonds européens inutiles vers la construction d’infrastructures physiques à l’Est (murs, fossés, caméras, intelligence artificielle, etc.) et le déploiement de forces maritimes en 11 Méditerranée pour empêcher l’immigration illégale."
LR_2024,LR_2024_146,EURO,2024,LR,"Donner à Frontex la capacité opérationnelle et le soutien politique nécessaires pour prévenir, détecter et empêcher l’immigration illégale et expulser les clandestins d’Europe."
LR_2024,LR_2024_147,EURO,2024,LR,Transférer la gestion des demandes d’asile dans des centres d’accueil fermés situés aux frontières extérieures de l’Union européenne en lien avec Frontex et l’Agence européenne de l’asile.
LR_2024,LR_2024_148,EURO,2024,LR,Instaurer au niveau européen une liste de « pays d’origine sûrs » et une liste de « pays tiers sûrs » avec lesquels l’Union européenne pourra coopérer pour gérer les flux migratoires.
LR_2024,LR_2024_149,EURO,2024,LR,Le Conseil européen doit fixer à la Commission des objectifs chiffrés de réduction des franchissements irréguliers des frontières extérieures de l’Union et d’augmentation des taux d’éloignement et établir un véritable Schengen groupe au niveau européen (à l’image de l’Eurogroupe).
LR_2024,LR_2024_150,EURO,2024,LR,Instaurer un « choc de conditionnalité » dans les relations diplomatiques de l’Union européenne avec les pays tiers.
LR_2024,LR_2024_151,EURO,2024,LR,Aucune coopération ne pourra exister sans un accord complet dans le domaine migratoire et la reprise des clandestins par les pays d’origine.
LR_2024,LR_2024_152,EURO,2024,LR,Instaurer des sanctions financières à l’encontre des pays non coopératifs en matière de lutte contre l’immigration illégale ou en matière de réadmission.
LR_2024,LR_2024_153,EURO,2024,LR,"Mettre en place une « clause de sauvegarde » pour permettre aux États membres de rétablir des contrôles aux frontières intérieures de l’Union en cas d’urgence, sans l’accord de la Commission européenne."
LR_2024,LR_2024_154,EURO,2024,LR,Conditionner le versement des prestations sociales non contributives à 3 ans de résidence régulière dans toute l’Union européenne et permettre aux États membres de réguler comme ils le souhaitent le regroupement familial.
LR_2024,LR_2024_155,EURO,2024,LR,Créer une force de police européenne contre le trafic de drogue.
LR_2024,LR_2024_156,EURO,2024,LR,Et au niveau français ?
LR_2024,LR_2024_157,EURO,2024,LR,"POUR SE RAPPROCHER DES CITOYENS, L’EUROPE DOIT PRIVILÉGIER LES GRANDS PROJETS ET METTRE EN OEUVRE LA VOLONTÉ EXPRIMÉE PAR LES INSTITUTIONS REPRÉSENTATIVES DES PEUPLES EUROPÉENS."
LR_2024,LR_2024_158,EURO,2024,LR,Faire respecter la répartition des compétences et le principe de subsidiarité prévus par les traités entre l’Union européenne et ses États membres.
LR_2024,LR_2024_159,EURO,2024,LR,Pour une Europe des projets et pas une Europe des normes.
LR_2024,LR_2024_160,EURO,2024,LR,"Augmenter l’espérance de vie en bonne santé en investissant dans des programmes de recherche européens pour trouver des traitements efficaces contre le cancer, les maladies liées au vieillissement, le diabète, l’endométriose et les maladies mentales."
LR_2024,LR_2024_161,EURO,2024,LR,"Constituer des stocks stratégiques européens de produits pharmaceutiques, d’équipements médicaux et de vaccins, déployer une politique de relocalisation de l’industrie pharmaceutique en Europe et assurer notre autonomie stratégique dans le domaine de la santé."
LR_2024,LR_2024_162,EURO,2024,LR,"Développer les grandes infrastructures européennes, en particulier les infrastructures ferroviaires."
LR_2024,LR_2024_163,EURO,2024,LR,Développer un réseau d’hôpitaux européens de haut niveau dans un cadre transfrontalier.
LR_2024,LR_2024_164,EURO,2024,LR,Étendre le programme Erasmus vers de nouveaux publics pour faciliter la mobilité des jeunes générations et la découverte de nos cultures nationales et de notre culture européenne commune. établir à l’échelle de l’Union européenne un véritable droit de propriété sur nos données personnelles pour redonner de la maîtrise aux citoyens face à la domination des grandes entreprises américaines (GAFAM) et chinoises (Tiktok).
LR_2024,LR_2024_165,EURO,2024,LR,Défendre la civilisation européenne contre les idéologies qui veulent la discréditer et dépolitiser la science.
LR_2024,LR_2024_166,EURO,2024,LR,Faire du développement des Outre-mer une priorité pour l’Union européenne.
LR_2024,LR_2024_167,EURO,2024,LR,Et au niveau français ?
LR_2024,LR_2024_168,EURO,2024,LR,Détail de nos propositions.
LR_2024,LR_2024_169,EURO,2024,LR,"1 — Face à des puissances prédatrices et à l’aggravation des menaces, l’Europe doit se réarmer."
LR_2024,LR_2024_170,EURO,2024,LR,"1 — FACE À DES PUISSANCES PRÉDATRICES ET À L’AGGRAVATION DES MENACES, L’EUROPE DOIT SE RÉARMER."
LR_2024,LR_2024_171,EURO,2024,LR,La paix sur notre continent est la plus grande réussite historique de la construction européenne.
LR_2024,LR_2024_172,EURO,2024,LR,Nous sommes en paix car nous sommes unis.
LR_2024,LR_2024_173,EURO,2024,LR,Mais cette paix est aujourd’hui menacée par le retour de la guerre aux portes de l’Union européenne.
LR_2024,LR_2024_174,EURO,2024,LR,Les menaces qui pèsent sur notre continent font de la défense européenne une priorité de la prochaine mandature.
LR_2024,LR_2024_175,EURO,2024,LR,APPORTER AUJOURD’HUI UN SOUTIEN MASSIF À L’UKRAINE POUR REPOUSSER L’AGRESSION RUSSE PLUTÔT QUE DE PROMETTRE UN NOUVEL ÉLARGISSEMENT DE L’UNION EUROPÉENNE.
LR_2024,LR_2024_176,EURO,2024,LR,"A la différence du Rassemblement national, qui, peu de temps avant le déclenchement des hostilités, a voté contre une résolution de soutien à l’intégrité territoriale de l’Ukraine, notre position est claire : l’Ukraine a choisi de combattre pour son indépendance et l’intégrité de ses frontières, nous la soutenons."
LR_2024,LR_2024_177,EURO,2024,LR,"Nous devons donc maintenir ce soutien et le rendre plus effectif au niveau diplomatique, civil et militaire."
LR_2024,LR_2024_178,EURO,2024,LR,L’industrie d’armement européenne doit tenir ses engagements et ses promesses de livraisons d’armes et de munitions.
LR_2024,LR_2024_179,EURO,2024,LR,L’Europe devra également s’investir dans la reconstruction de l’Ukraine une fois la guerre gagnée.
LR_2024,LR_2024_180,EURO,2024,LR,"Mais ce dont les Ukrainiens ont besoin aujourd’hui, ce sont des armes et des munitions, pas des fausses promesses d’Emmanuel Macron, encore moins de ses propos va-t’en guerre."
LR_2024,LR_2024_181,EURO,2024,LR,L’Union européenne ne peut clairement pas assumer aujourd’hui de nouveaux élargissements qui affaibliraient le projet européen.
LR_2024,LR_2024_182,EURO,2024,LR,"Il faut consolider l’Europe, pas l’élargir."
LR_2024,LR_2024_183,EURO,2024,LR,"L’Ukraine, la Moldavie, la Géorgie et les pays des Balkans occidentaux doivent être arrimés à l’Europe par des partenariats solides et par le développement du statut d’État associé à l’Union européenne, pas par des élargissements."
LR_2024,LR_2024_184,EURO,2024,LR,Les négociations d’adhésion avec la Turquie doivent prendre fin une bonne fois pour toutes.
LR_2024,LR_2024_185,EURO,2024,LR,IMPOSER À CHAQUE ÉTAT MEMBRE DE L’UNION EUROPÉENNE DE CONSACRER CHAQUE ANNÉE AU MOINS 3% DE SON PIB À LA DÉFENSE ET CONSOLIDER L’OTAN.
LR_2024,LR_2024_186,EURO,2024,LR,"Nous estimons que l’OTAN est et doit rester un pilier de la défense européenne, en lien avec nos alliés américains."
LR_2024,LR_2024_187,EURO,2024,LR,"L’engagement de porter les dépenses de défense à 2% du PIB a été pris en 2014 par les États membres de l’OTAN, mais il n’est toujours pas tenu, pas même par la France (1,9% de notre PIB en 2023)."
LR_2024,LR_2024_188,EURO,2024,LR,"Entre 1999 et 2021, le total des dépenses des États membres de l’Union européenne dans le domaine de la défense a augmenté de seulement 20% contre 65% pour les Etats-Unis, 300% pour la Russie et 600% pour la Chine."
LR_2024,LR_2024_189,EURO,2024,LR,"Face à l’aggravation des menaces, le réarmement de l’Europe est une nécessité vitale."
LR_2024,LR_2024_190,EURO,2024,LR,"Tous les membres de l’Union européenne doivent se fixer l’objectif d’atteindre le plus vite possible le seuil de 3% de leur PIB annuel consacré aux dépenses de défense, même ceux qui n’appartiennent pas à l’OTAN."
LR_2024,LR_2024_191,EURO,2024,LR,"Cette augmentation des moyens permettra de renforcer notre industrie de défense européenne, d’assurer nos engagements de soutien à l’égard de l’Ukraine et de consolider l’OTAN."
LR_2024,LR_2024_192,EURO,2024,LR,RÉÉQUILIBRER LES DÉPENSES DU FONDS EUROPÉEN DE DÉFENSE (FED) ET LES COMMANDES DE L’AGENCE EUROPÉENNE DE DÉFENSE (AED) AU PROFIT D’ENTREPRISES EUROPÉENNES.
LR_2024,LR_2024_193,EURO,2024,LR,Nous voulons que l’Europe soutienne fermement le développement de l’industrie de défense sur notre continent.
LR_2024,LR_2024_194,EURO,2024,LR,"Depuis le début de l’invasion de l’Ukraine, 78% des commandes d’armement de l’UE ont été passées à des acteurs non européens, dont 63% aux Etats-Unis."
LR_2024,LR_2024_195,EURO,2024,LR,"La France n’affiche que 2,5% de part de marché."
LR_2024,LR_2024_196,EURO,2024,LR,Nous proposons de tripler le budget du Fonds européen de défense (FED) au cours de la prochaine mandature (de 8 à 25 milliards d’euros) et nous souhaitons que davantage de dépenses du FED et de commandes de l’Agence européenne de défense (AED) s’orientent vers des entreprises européennes pour soutenir notre industrie de défense.
LR_2024,LR_2024_197,EURO,2024,LR,Le développement de notre industrie de défense passe aussi par des achats et des commandes conjoints de matériels et d’équipements par les États membres à des entreprises européennes.
LR_2024,LR_2024_198,EURO,2024,LR,DONNER DAVANTAGE DE MOYENS À L’ÉTAT-MAJOR DE L’UNION EUROPÉENNE POUR QU’IL DEVIENNE UN CENTRE D’OPÉRATIONS PERMANENT ET CRÉER UN « PILIER EUROPÉEN » DE L’OTAN.
LR_2024,LR_2024_199,EURO,2024,LR,"L’Union européenne doit disposer de moyens de planification et de coordination militaires pour permettre des engagements opérationnels conjoints, potentiellement sans les Américains."
LR_2024,LR_2024_200,EURO,2024,LR,Il faut donner des moyens à l’état-major de l’Union européenne pour conduire des opérations militaires et créer un véritable « pilier européen » de l’OTAN.
LR_2024,LR_2024_201,EURO,2024,LR,Nous voulons renforcer la Capacité Militaire de Planification et de Conduite (MPCC) de l’Union européenne dont les pouvoirs ont été étendus en 2017.
LR_2024,LR_2024_202,EURO,2024,LR,PRÉPARER LES JEUNES EUROPÉENS À LA DÉFENSE DE LEURS PAYS.
LR_2024,LR_2024_203,EURO,2024,LR,"Nous proposons que chaque jeune Européen, fille et garçon, suive une formation de 2 mois aux enjeux de la défense opérationnelle du territoire européen."
LR_2024,LR_2024_204,EURO,2024,LR,"Ceux qui le souhaitent pourront ensuite intégrer une Garde nationale et servir en tant que de besoin dans la police, la gendarmerie, la protection civile, les armées ou d’autres services publics de la Nation (comme les eaux et forêts et la préservation de l’environnement)."
LR_2024,LR_2024_205,EURO,2024,LR,"Ces réservistes auront vocation à aider les forces de sécurité dans leurs tâches quotidiennes et pourront être mobilisés pour les opérations nécessitant des effectifs significatifs (défense, sécurité, mais aussi catastrophes naturelles)."
LR_2024,LR_2024_206,EURO,2024,LR,Chaque période d’engagement facilitera l’accès à des bourses ou sera pris en compte pour l’accès aux prestations contributives.
LR_2024,LR_2024_207,EURO,2024,LR,Nous sommes convaincus que les jeunes souhaitent s’engager pour leur pays et pour le continent européen.
LR_2024,LR_2024_208,EURO,2024,LR,Ne passons pas à côté de leur audace et de leur énergie.
LR_2024,LR_2024_209,EURO,2024,LR,ET AU NIVEAU FRANÇAIS ?
LR_2024,LR_2024_210,EURO,2024,LR,"Plutôt que d’envisager l’envoi de troupes, la France doit augmenter immédiatement son soutien à l’Ukraine."
LR_2024,LR_2024_211,EURO,2024,LR,"Depuis le début de la guerre, selon le gouvernement, la France a fourni un total de 3,8 milliards d’euros d’aides à l’Ukraine et s’est engagée à fournir jusqu’à 3 milliards d’euros d’aide militaire supplémentaire en 2024."
LR_2024,LR_2024_212,EURO,2024,LR,La France est donc très en retard par rapport à nos partenaires européens.
LR_2024,LR_2024_213,EURO,2024,LR,"Avec 24 milliards d’euros d’aide, dont 19 milliards d’euros d’aide militaire, l’Allemagne fournit 7 fois plus d’aide que la France."
LR_2024,LR_2024_214,EURO,2024,LR,"Avec 17 milliards d’euros d’aides, dont 10 milliards d’aide militaire, le Royaume-Uni fournit quatre fois plus d’aide que la France."
LR_2024,LR_2024_215,EURO,2024,LR,"2 — POUR GARANTIR NOTRE SOUVERAINETÉ ÉCONOMIQUE ET AUGMENTER LE POUVOIR D’ACHAT DES FRANÇAIS, L’EUROPE DOIT CHOISIR L’INVESTISSEMENT ET LE PROGRÈS TECHNOLOGIQUE."
LR_2024,LR_2024_216,EURO,2024,LR,Malgré les affirmations d’Emmanuel Macron et de certains de ses amis de la Commission européenne comme M.
LR_2024,LR_2024_217,EURO,2024,LR,"Breton, les économies française et européenne sont en décrochage très important par rapport aux Etats-Unis."
LR_2024,LR_2024_218,EURO,2024,LR,"En 2008, la zone euro et les Etats-Unis avaient un produit intérieur brut (PIB) pratiquement équivalents."
LR_2024,LR_2024_219,EURO,2024,LR,"A taux de change constant, l’économie européenne ne pèse plus que 68% de l’économie américaine en 2023."
LR_2024,LR_2024_220,EURO,2024,LR,"Si ce décrochage se poursuit, l’écart de prospérité entre un Européen et un Américain sera aussi important en 2035 qu’entre un Européen et un Indien aujourd’hui et en 2070, le PIB de la zone euro pourrait ne plus représenter qu’un tiers du PIB américain."
LR_2024,LR_2024_221,EURO,2024,LR,"Le développement d’un marché intérieur européen fort et créateur de richesses a été au coeur de la construction européenne, mais ce moteur s’est enrayé par le choix de la réglementation et de la décroissance plutôt que de l’investissement et du progrès."
LR_2024,LR_2024_222,EURO,2024,LR,"L’objectif de prospérité de l’Union européenne est une priorité pour nous, pour augmenter le pouvoir d’achat des Français et garantir notre souveraineté."
LR_2024,LR_2024_223,EURO,2024,LR,"2— Pour garantir notre souveraineté économique et augmenter le pouvoir d’achat des Français, l’Europe doit choisir l’investissement et le progrès technologique."
LR_2024,LR_2024_224,EURO,2024,LR,POUR UNE MANDATURE DE LA DÉRÉGLEMENTATION ET DE LA LUTTE CONTRE LE DÉLIRE NORMATIF EUROPÉEN.
LR_2024,LR_2024_225,EURO,2024,LR,"Depuis l’agriculteur et l’artisan jusqu’à la grande entreprise, des normes trop nombreuses et inutiles représentent des coûts importants et nuisent à la création de richesses."
LR_2024,LR_2024_226,EURO,2024,LR,"La simplification et la réduction du nombre de normes, la lutte contre l’impôt papier (l’OCDE estime que la réglementation coûte chaque année à la France entre 3 et 4% de son produit intérieur brut), doivent être une priorité européenne absolue."
LR_2024,LR_2024_227,EURO,2024,LR,"Le remède est simple : d’une part, la fonction publique européenne doit être réduite de 25% dans les fonctions de législation car il y a toujours moins de normes quand il y a moins de fonctionnaires."
LR_2024,LR_2024_228,EURO,2024,LR,"Les fonctionnaires européens doivent être affectés davantage à la mise en oeuvre effective et à la réussite des projets européens dans des conditions simplifiées et accélérées ; d’autre part, il faut mettre en place un moratoire sur un certain nombre de normes récemment adoptées, en particulier les directives CSRD et devoir de vigilance, dont le coût est prohibitif pour nos entreprises et qui s’apparentent à un « suicide économique européen », selon l’expression de M."
LR_2024,LR_2024_229,EURO,2024,LR,"Le Maire lui-même, qui est pourtant membre du Conseil Ecofin de l’Union depuis 7 ans, mais n’a visiblement pas trouvé l’énergie ou le courage de s’y opposer… Nous défendons aussi la règle selon laquelle pour toute nouvelle norme européenne créée, deux normes européennes doivent être supprimées (règle dite du “one in, two out”) et une prise en compte réelle et obligatoire des études d’impact ainsi que de l’évaluation de la législation existante avant l’édiction d’une nouvelle norme."
LR_2024,LR_2024_230,EURO,2024,LR,La prochaine mandature doit être celle de la déréglementation.
LR_2024,LR_2024_231,EURO,2024,LR,"Enfin, il faut donner au Parlement et au Conseil un pouvoir d’initiative pour supprimer des normes (actuellement, il s’agit d’un monopole de la Commission européenne)."
LR_2024,LR_2024_232,EURO,2024,LR,Nous souhaitons aussi réduire le nombre d’agences au niveau européen et réduire le budget de fonctionnement de l’Union européenne.
LR_2024,LR_2024_233,EURO,2024,LR,INSCRIRE DANS LE DROIT DE L’UNION EUROPÉENNE UN PRINCIPE DE NONRÉGRESSION ÉCONOMIQUE ET UN PRINCIPE D’INNOVATION.
LR_2024,LR_2024_234,EURO,2024,LR,L’écart de production entre l’Union européenne et les Etats-Unis doit nous inciter à défendre l’approfondissement du marché intérieur européen et la croissance économique.
LR_2024,LR_2024_235,EURO,2024,LR,Nous nous opposons avec force au dogme de la décroissance des écologistes et des macronistes.
LR_2024,LR_2024_236,EURO,2024,LR,C’est la raison pour laquelle nous défendons l’inscription dans le droit européen d’un principe de non-régression économique qui viendra équilibrer le principe de nonrégression environnementale.
LR_2024,LR_2024_237,EURO,2024,LR,Aucune loi ne pourra être votée si elle porte atteinte aux capacités de production européenne.
LR_2024,LR_2024_238,EURO,2024,LR,"De la même manière, nous défendons l’inscription dans le droit européen d’un principe d’innovation pour équilibrer le principe de précaution et favoriser les entreprises innovantes."
LR_2024,LR_2024_239,EURO,2024,LR,LEVER L’INTERDICTION DES AIDES D’ETAT POUR LES SECTEURS STRATÉGIQUES LORSQU’IL EST NÉCESSAIRE DE FAIRE ÉMERGER DES CHAMPIONS EUROPÉENS CAPABLES DE RIVALISER AVEC LES PLUS GRANDS CONCURRENTS MONDIAUX.
LR_2024,LR_2024_240,EURO,2024,LR,"Nous croyons dans les principes d’une concurrence saine et loyale, qui sont favorables à l’innovation et aux consommateurs."
LR_2024,LR_2024_241,EURO,2024,LR,"Mais, dans certains secteurs stratégiques, il est nécessaire d’aider nos entreprises pour faire émerger des champions européens."
LR_2024,LR_2024_242,EURO,2024,LR,Nous avons perdu trop de temps et trop de batailles technologiques alors que tant d’autres Etats ne se privent pas d’aider massivement leurs entreprises et que les tensions internationales justifient plus que jamais de veiller à notre indépendance industrielle.
LR_2024,LR_2024_243,EURO,2024,LR,L’Union européenne doit donc explicitement autoriser les aides d’Etat dans ces secteurs stratégiques par des textes clairs permettant de lever tout risque de récupération des aides par la Commission européenne ou les États membres en cas de non-conformité avec le droit de l’Union européenne.
LR_2024,LR_2024_244,EURO,2024,LR,"Cela concerne en particulier la production d’énergie nucléaire, qui nécessitera un soutien massif de la puissance publique dans les décennies à venir."
LR_2024,LR_2024_245,EURO,2024,LR,"Il faut également supprimer toutes les contraintes bureaucratiques qui pèsent sur les projets éligibles aux aides d’Etat, qui les rendent lents et complexes et favorisent la dispersion des fonds publics plutôt que leur efficacité."
LR_2024,LR_2024_246,EURO,2024,LR,INVESTIR MASSIVEMENT DANS L’INTELLIGENCE ARTIFICIELLE.
LR_2024,LR_2024_247,EURO,2024,LR,"Chaque décennie, l’Union perd une bataille du numérique : d’abord les ordinateurs et les logiciels, ensuite les réseaux et les plates-formes, enfin le cloud… La bataille de l’intelligence artificielle est lancée : l’Union doit investir massivement dans ces technologies pour ne pas se laisser distancer."
LR_2024,LR_2024_248,EURO,2024,LR,"Plutôt que d’investir dans les normes, l’Union européenne doit investir dans les projets."
LR_2024,LR_2024_249,EURO,2024,LR,L’Union doit également créer un Fonds européen pour l’accompagnement des transformations de l’économie liées à la révolution de l’intelligence artificielle.
LR_2024,LR_2024_250,EURO,2024,LR,"L’Europe ne doit pas manquer cette nouvelle révolution industrielle, mais en devenir l’un des moteurs et l’accompagner socialement."
LR_2024,LR_2024_251,EURO,2024,LR,Elle doit être une puissance numérique en investissant massivement dans la recherche et l’innovation et en développant un plan pour faire émerger des champions européens dans l’intelligence artificielle et la cybersécurité.
LR_2024,LR_2024_252,EURO,2024,LR,METTRE EN PLACE UN PLAN « MADE IN EUROPE 2030 » (« FABRIQUÉ EN EUROPE 2030 ») POUR RELOCALISER LA PRODUCTION EN EUROPE ET RÉINDUSTRIALISER NOTRE CONTINENT.
LR_2024,LR_2024_253,EURO,2024,LR,Nous devons favoriser la relocalisation des entreprises dans l’Union européenne sur le modèle des agences de relocalisation américaines ou britanniques.
LR_2024,LR_2024_254,EURO,2024,LR,Nous proposons à cette fin de réallouer des dépenses inutiles de l’Union européenne vers la création d’un Fonds européen d’aide à la reconversion des friches industrielles.
LR_2024,LR_2024_255,EURO,2024,LR,Nous devons lever le tabou de la « préférence européenne » dans nos marchés publics et en faire une obligation lorsque la réciprocité de l’accès des entreprises européennes aux marchés publics des pays tiers n’est pas réellement assurée.
LR_2024,LR_2024_256,EURO,2024,LR,"Nous proposons également de mettre en place au niveau européen une offre significative de «crédit/assurance export», via la Banque européenne d’investissement (BEI) ou les établissements financiers nationaux, pour les contrats obtenus dans des pays tiers par les petites et moyennes entreprises (PME) et les entreprises de taille intermédiaire (ETI) européennes des secteurs stratégiques."
LR_2024,LR_2024_257,EURO,2024,LR,PROTÉGER LES ENTREPRISES EUROPÉENNES DES LOIS EXTRATERRITORIALES DE CERTAINS PAYS TIERS.
LR_2024,LR_2024_258,EURO,2024,LR,"Afin de garantir l’équité des procédures, nous proposons l’élaboration d’un traité de coopération judiciaire afin que les faits de corruption à l’étranger soient jugés dans et par les États dont les entreprises concernées sont originaires : les entreprises européennes ne seront plus jugées par les autorités américaines."
LR_2024,LR_2024_259,EURO,2024,LR,"De même, une banque publique européenne détenue et dirigée par l’Union européenne et les États membres pourrait permettre la réalisation exclusivement en euros d’opérations internationales par des entreprises européennes à destination de pays placés unilatéralement sous sanction par un pays tiers."
LR_2024,LR_2024_260,EURO,2024,LR,CRÉER LES CONDITIONS POUR QUE L’UE DEVIENNE UNE PUISSANCE SPATIALE ET FIXER UN OBJECTIF D’AUTONOMIE POUR LE LANCEMENT DE NOS SATELLITES.
LR_2024,LR_2024_261,EURO,2024,LR,"En 2023, l’Europe a été contrainte de se tourner vers l’Américain SpaceX pour lancer ses satellites Galileo à cause des retards pris dans le développement de notre lanceur Ariane 6."
LR_2024,LR_2024_262,EURO,2024,LR,"En 2022, l’Agence spatiale européenne a également fait appel à SpaceX pour lancer son télescope spatial Euclid."
LR_2024,LR_2024_263,EURO,2024,LR,"Cette dépendance de l’Europe aux Etats-Unis pour assurer le lancement de satellites, ou à d’autres pays tiers, est insupportable."
LR_2024,LR_2024_264,EURO,2024,LR,L’Europe a le devoir de devenir une grande puissance spatiale en soutenant davantage l’Agence spatiale européenne.
LR_2024,LR_2024_265,EURO,2024,LR,Les Etats européens devraient privilégier les lanceurs européens lorsqu’ils seront de nouveau disponibles.
LR_2024,LR_2024_266,EURO,2024,LR,NE PAS SIGNER DE NOUVEAUX ACCORDS DE LIBRE-ÉCHANGE QUI SOIENT CONTRAIRES À NOS INTÉRÊTS ET ASSURER UNE CONCURRENCE LOYALE POUR NOS PRODUCTEURS.
LR_2024,LR_2024_267,EURO,2024,LR,"Nous sommes favorables au commerce et au libre-échange car la France compte de nombreux exportateurs, mais pas à n’importe quelles conditions ni à n’importe quel prix."
LR_2024,LR_2024_268,EURO,2024,LR,Les accords de libre-échange signés par l’Union européenne avec des pays tiers doivent systématiquement contenir des clauses miroirs et celles-ci doivent être appliquées.
LR_2024,LR_2024_269,EURO,2024,LR,"Si ce n’est pas le cas, des clauses de sauvegarde doivent permettre de suspendre l’application des accords de libre-échange en vigueur."
LR_2024,LR_2024_270,EURO,2024,LR,Il est hors de question que nos producteurs français doivent faire face à des situations de concurrence déloyale comme c’est le cas aujourd’hui.
LR_2024,LR_2024_271,EURO,2024,LR,"C’est la raison pour laquelle nous nous opposons à l’accord de libre-échange, dans son format actuel, entre l’Union européenne et le Canada, dont les « clauses miroirs » imposant aux exportateurs canadiens de s’aligner sur nos standards européens sont soit insuffisantes, soit non contrôlées, et à la signature d’un accord de libre-échange entre l’Union européenne et le Mercosur (Argentine, Brésil, Paraguay, Uruguay)."
LR_2024,LR_2024_272,EURO,2024,LR,"Par ailleurs, l’Union européenne doit réagir beaucoup plus vigoureusement face au dumping de la Chine, comme le font les Etats-Unis, en mettant en place les mesures et les sanctions nécessaires dans des délais courts."
LR_2024,LR_2024_273,EURO,2024,LR,La Commission européenne devrait être beaucoup moins naïve et beaucoup plus offensive face aux puissances économiques rivales.
LR_2024,LR_2024_274,EURO,2024,LR,Elle devrait aussi éviter d’élaborer des normes qui favorisent le déversement de produits étrangers sur nos territoires.
LR_2024,LR_2024_275,EURO,2024,LR,"CRÉER UN LIVRET D’ÉPARGNE EUROPÉEN POUR ORIENTER L’ÉPARGNE PRIVÉE DES MÉNAGES VERS LES SECTEURS STRATÉGIQUES DE NOTRE ÉCONOMIE (DÉFENSE, NUMÉRIQUE, BIOTECHS, TRANSITION ÉCOLOGIQUE)."
LR_2024,LR_2024_276,EURO,2024,LR,Nous ne croyons pas que la dépense publique soit toujours la réponse aux grands défis qui attendent l’Europe.
LR_2024,LR_2024_277,EURO,2024,LR,"Pour les affronter, il faut que l’Europe, comme les Etats-Unis, mobilise davantage de fonds privés pour financer l’investissement."
LR_2024,LR_2024_278,EURO,2024,LR,Une part importante de l’épargne dans nos pays n’est pas investie dans l’économie européenne et beaucoup d’entreprises européennes innovantes sont contraintes d’aller aux Etats-Unis faute de financements suffisants en Europe.
LR_2024,LR_2024_279,EURO,2024,LR,Le livret d’épargne européen (LEE) serait inspiré du livret A.
LR_2024,LR_2024_280,EURO,2024,LR,"Il serait géré par les banques nationales, mais aussi par la Banque européenne d’investissement (BEI) pour les projets les plus significatifs."
LR_2024,LR_2024_281,EURO,2024,LR,L’objectif est de mobiliser les épargnants à travers toute l’Europe afin de rendre concret le marché européen de capitaux et de rattraper le retard en matière d’investissements privés par rapport aux Etats-Unis.
LR_2024,LR_2024_282,EURO,2024,LR,Les ressources levées par ce livret d’épargne européen pourraient être utilisées aussi bien sous forme de prêts que d’investissements pour financer les projets des entreprises françaises et européennes.
LR_2024,LR_2024_283,EURO,2024,LR,Le LEE serait garanti par les institutions européennes et par la BEI.
LR_2024,LR_2024_284,EURO,2024,LR,Il conviendra au passage de modifier la doctrine d’investissement de la BEI pour lui permettre de financer l’industrie de défense européenne.
LR_2024,LR_2024_285,EURO,2024,LR,Nous défendons également l’approfondissement du marché européen des capitaux.
LR_2024,LR_2024_286,EURO,2024,LR,INCITER LES BANQUES EUROPÉENNES À FINANCER LES SECTEURS STRATÉGIQUES.
LR_2024,LR_2024_287,EURO,2024,LR,"A la suite de la crise financière de 2008, les banques ont été soumises à des exigences renforcées en matière de ratios prudentiels de capitalisation et de liquidité, ce qui était nécessaire."
LR_2024,LR_2024_288,EURO,2024,LR,"En comparaison de la régulation nord-américaine, les banques de l’Union européenne sont toutefois confrontées à des exigences de fonds propres plus élevées que leurs homologues américaines."
LR_2024,LR_2024_289,EURO,2024,LR,"Par ailleurs, l’approche de l’Union européenne pour fixer ces exigences est plus complexe, donne aux régulateurs un pouvoir discrétionnaire plus large et peut être perçue comme moins transparente."
LR_2024,LR_2024_290,EURO,2024,LR,"L’incertitude qui en résulte serait l’une des raisons pour lesquelles les banques de l’UE ont tendance, en moyenne, à détenir des capitaux excédentaires."
LR_2024,LR_2024_291,EURO,2024,LR,Une modification contrôlée et prudente des règles actuellement applicables pourrait fournir une capacité de prêts bancaires supplémentaires de 4 000 à 4 500 milliards d’euros selon une étude de février 2023 de la Fédération européenne des banques.
LR_2024,LR_2024_292,EURO,2024,LR,"Cet assouplissement serait assorti de l’orientation des fonds libérés vers les secteurs économiques stratégiques, comme l’intelligence artificielle, et particulièrement vers le financement des PME et des ETI."
LR_2024,LR_2024_293,EURO,2024,LR,ASSURER UNE ÉLECTRICITÉ BON MARCHÉ POUR LES MÉNAGES ET NOS ENTREPRISES.
LR_2024,LR_2024_294,EURO,2024,LR,La réforme du marché européen de l’électricité doit se poursuivre.
LR_2024,LR_2024_295,EURO,2024,LR,La décorrélation des prix du gaz et de l’électricité doit être mise en oeuvre et les prix de marché se rapprocher ainsi des coûts de production.
LR_2024,LR_2024_296,EURO,2024,LR,Nous souhaitons multiplier les interconnexions des réseaux électriques entre États membres qui permettent à la France de tirer avantage de notre filière nucléaire d’excellence et d’exporter notre électricité en Europe.
LR_2024,LR_2024_297,EURO,2024,LR,"Nous nous opposons également au démantèlement de nos grands services publics en réseau au nom d’un principe de concurrence qui ne peut être pertinent dans leur contexte spécifique (électricité, rail par exemple)."
LR_2024,LR_2024_298,EURO,2024,LR,L’exploitation de notre exceptionnel réseau de barrages doit rester entre les mains d’Electricité de France (EDF) et ne doit pas être concédée à des opérateurs privés.
LR_2024,LR_2024_299,EURO,2024,LR,C’est une question de sécurité stratégique et de maîtrise technologique.
LR_2024,LR_2024_300,EURO,2024,LR,LES DÉRIVES FRANÇAISES D’EMMANUEL MACRON NE DOIVENT PAS CONTAMINER L’EUROPE : NOUS NOUS OPPOSONS RÉSOLUMENT AU « QUOI QU’IL EN COÛTE » ET À LA CRÉATION D’IMPÔTS AU NIVEAU EUROPÉEN.
LR_2024,LR_2024_301,EURO,2024,LR,"Nous nous opposons à une dérive de la dette et des déficits au niveau européen, dérive qui restera le plus lourd bilan d’Emmanuel Macron au niveau français."
LR_2024,LR_2024_302,EURO,2024,LR,"Le président français veut créer de nouveaux emprunts européens, alors que le précédent n’est toujours pas financé : le remboursement du plan NextGenerationEU de 750 milliards d’euros n’est pas financé et pèsera lourd sur le budget de l’Union européenne et des États membres au cours des années à venir."
LR_2024,LR_2024_303,EURO,2024,LR,Nous défendons l’idée d’une sobriété budgétaire au niveau européen : refus de toute nouvelle dette commune et limitation des dépenses.
LR_2024,LR_2024_304,EURO,2024,LR,Nous sommes opposés à la création d’impôts européens qui viendraient encore diminuer le pouvoir d’achat des Français ou réduire la compétitivité de nos entreprises.
LR_2024,LR_2024_305,EURO,2024,LR,"Nous souhaitons également la fin des rabais dont bénéficient plusieurs États membres (Allemagne, Pays-Bas, Autriche, Suède) sur leurs contributions au budget de l’Union européenne."
LR_2024,LR_2024_306,EURO,2024,LR,Ces rabais ne se justifient pas.
LR_2024,LR_2024_307,EURO,2024,LR,ET AU NIVEAU FRANÇAIS ?
LR_2024,LR_2024_308,EURO,2024,LR,"Avec 5,5% du PIB de déficit public en 2023 (alors que le Gouvernement prévoyait un déficit de 4,9%) et une dette publique qui s’établit à plus de 3 100 milliards d’euros (plus de 110% du PIB), la France est le cancre de l’Union européenne face à des partenaires européens qui réduisent leurs déficits, voire, comme le Portugal, qui ont dégagé un excédent budgétaire l’année dernière."
LR_2024,LR_2024_309,EURO,2024,LR,"Sous Emmanuel Macron, la dette de la France a augmenté de 940 milliards d’euros et la France est passée de la sixième à la troisième place en Europe en termes de ratio dette / PIB."
LR_2024,LR_2024_310,EURO,2024,LR,Cette politique est un choix : celui de signer sans cesse de nouveaux chèques pour régler les problèmes de la France plutôt que de s’attaquer aux causes de nos difficultés structurelles.
LR_2024,LR_2024_311,EURO,2024,LR,La France ne pourra pas retrouver sa place et sa crédibilité en Europe si elle ne redresse pas ses comptes publics.
LR_2024,LR_2024_312,EURO,2024,LR,"Le Gouvernement doit réduire sans tarder les dépenses publiques tout en baissant les prélèvements obligatoires pour rendre aux Français le pouvoir de produire, le pouvoir d’acheter et le pouvoir de transmettre."
LR_2024,LR_2024_313,EURO,2024,LR,"À l’heure où l’entourage d’Emmanuel Macron a engagé le concours Lépine des impôts à augmenter, Les Républicains affirment que, pour redevenir prospère, écoutée et respectée dans l’Union européenne, la France doit aligner son niveau global de fiscalité (48% du PIB selon Eurostat, le record mondial) sur la moyenne des pays de l’Union européenne (41,8%), c’est-à-dire baisser les impôts."
LR_2024,LR_2024_314,EURO,2024,LR,"En raison de la dérive sans précédent des finances publiques sous Emmanuel Macron, cela ne pourra hélas se faire que progressivement."
LR_2024,LR_2024_315,EURO,2024,LR,La première priorité est de baisser les impôts de production et les cotisations sociales qui grèvent la compétitivité de nos entreprises.
LR_2024,LR_2024_316,EURO,2024,LR,C’est le pouvoir de produire.
LR_2024,LR_2024_317,EURO,2024,LR,"Le poids des impôts de production reste nettement plus élevé en France (4,7% du PIB) que dans la moyenne de la zone euro (2,3% du PIB) ou de l’Union européenne (2,5% du PIB) et qu’en Allemagne (1,0% du PIB)."
LR_2024,LR_2024_318,EURO,2024,LR,Nous devons impérativement mettre de l’ordre dans nos comptes publics pour financer ces baisses d’impôts.
LR_2024,LR_2024_319,EURO,2024,LR,La deuxième priorité est de baisser les charges sociales salariales pour aligner au maximum le salaire net des Français sur leur salaire brut.
LR_2024,LR_2024_320,EURO,2024,LR,L’écart entre le salaire brut et le salaire net est l’un des plus élevés d’Europe.
LR_2024,LR_2024_321,EURO,2024,LR,"Sur 100 euros de revenus du travail, 47 euros sont prélevés par l’Etat en France."
LR_2024,LR_2024_322,EURO,2024,LR,Nous voulons baisser les cotisations salariales pour redonner du pouvoir d’acheter aux Français.
LR_2024,LR_2024_323,EURO,2024,LR,Cette mesure permettrait de rendre du pouvoir d’achat aux Français qui travaillent.
LR_2024,LR_2024_324,EURO,2024,LR,Elle concernerait les salariés jusqu’à au moins 3 SMIC et permettrait une augmentation des salaires nets entre 5 et 10%.
LR_2024,LR_2024_325,EURO,2024,LR,La troisième priorité est de favoriser la transmission et la propriété en prenant modèle sur certains de nos partenaires européens.
LR_2024,LR_2024_326,EURO,2024,LR,C’est le pouvoir de transmettre.
LR_2024,LR_2024_327,EURO,2024,LR,"Les droits de succession ont été réduits, voire supprimés, dans la plupart des pays de l’OCDE car cet « impôt sur la mort » est largement rejeté par les citoyens."
LR_2024,LR_2024_328,EURO,2024,LR,"La France fait figure d’exception et se trouve au premier rang de l’OCDE avec la Belgique pour le poids des droits de succession en pourcentage du PIB (0,7 % du PIB en 2020)."
LR_2024,LR_2024_329,EURO,2024,LR,"Chaque Français doit pouvoir transmettre jusqu’à un million d’euros de patrimoine à ses héritiers sans payer aucun droit de succession, comme en Italie."
LR_2024,LR_2024_330,EURO,2024,LR,Les droits sur les donations doivent également être réduits car ils favorisent la circulation plus rapide du patrimoine entre les générations.
LR_2024,LR_2024_331,EURO,2024,LR,"La transmission des entreprises familiales (PME et ETI)) doit être totalement défiscalisée, comme en Allemagne, tant que les moyens de production restent dans la famille."
LR_2024,LR_2024_332,EURO,2024,LR,Ces baisses d’impôts sont possibles si l’on a le courage de baisser les dépenses.
LR_2024,LR_2024_333,EURO,2024,LR,Notre contre-budget présenté à l’automne 2023 proposait déjà une baisse de 25 milliards d’euros des dépenses publiques.
LR_2024,LR_2024_334,EURO,2024,LR,"Nous considérons qu’il faut aller beaucoup plus loin et trouver des sources d’économies en réduisant le nombre de fonctionnaires (il n’y a aucune raison que le nombre de fonctionnaires soit de 85 pour 1 000 habitants en France contre 56 en Allemagne), en engageant une réforme des structures publiques et en révisant les politiques publiques pour les rendre plus efficaces tout en diminuant leurs coûts."
LR_2024,LR_2024_335,EURO,2024,LR,"Il faut également réduire les dépenses sociales, notamment en fusionnant les minima sociaux."
LR_2024,LR_2024_336,EURO,2024,LR,"Nous proposons enfin de réduire la taxe intérieure de consommation finale sur l’électricité (TIFCE) et le tarif d’utilisation des réseaux publics d’électricité (TURPE) qui pèsent sur le prix de l’électricité, de façon à rendre près de 10 milliards d’euros aux Français."
LR_2024,LR_2024_337,EURO,2024,LR,Il n’est plus nécessaire de subventionner à outrance les énergies renouvelables qui ne pourront jamais se substituer totalement à l’énergie nucléaire car leur fonctionnement est alternatif.
LR_2024,LR_2024_338,EURO,2024,LR,La priorité est donc le renforcement de l’énergie nucléaire.
LR_2024,LR_2024_339,EURO,2024,LR,"3 —P our garantir une véritable souveraineté alimentaire, l’Europe doit soutenir nos agriculteurs, nos pêcheurs et notre ruralité."
LR_2024,LR_2024_340,EURO,2024,LR,"3 — POUR GARANTIR UNE VÉRITABLE SOUVERAINETÉ ALIMENTAIRE, L’EUROPE DOIT SOUTENIR NOS AGRICULTEURS, NOS PÊCHEURS ET NOTRE RURALITÉ."
LR_2024,LR_2024_341,EURO,2024,LR,"Les agriculteurs et les pêcheurs font face à des difficultés majeures du fait des faibles revenus qu’ils tirent de leur activité, de l’agribashing dont ils sont victimes, du fardeau administratif qui les écrase et d’une concurrence déloyale avec des partenaires commerciaux qui ne sont pas soumis aux mêmes normes sociales et environnementales qu’eux."
LR_2024,LR_2024_342,EURO,2024,LR,Les instruments de la politique agricole commune (PAC) et de la politique commune de la pêche (PCP) ne cessent de se complexifier tandis que leurs budgets ne cessent d’être remis en cause.
LR_2024,LR_2024_343,EURO,2024,LR,"Le « Pacte vert européen » (Green Deal) a fortement aggravé la charge réglementaire en imposant des objectifs environnementaux aux agriculteurs en matière de conservation des terres, de réduction des engrais, d’augmentation de l’agriculture bio, qui vont accroître leurs coûts de production, diminuer leur compétitivité et augmenter les prix pour les consommateurs."
LR_2024,LR_2024_344,EURO,2024,LR,"De nombreuses études ont pointé les conséquences catastrophiques de ces textes sur les revenus des producteurs, l’augmentation des prix pour les consommateurs (entre 10 et 17%) et l’augmentation des importations vers l’Europe."
LR_2024,LR_2024_345,EURO,2024,LR,Le secteur de la pêche connaît pour sa part une crise structurelle sans doute de même nature que l’industrie sidérurgique ou textile dans les années 1990.
LR_2024,LR_2024_346,EURO,2024,LR,"Le secteur français de la pêche peine à surmonter les bouleversements récents, au premier rang desquels le Brexit et la hausse des prix de l’énergie."
LR_2024,LR_2024_347,EURO,2024,LR,"Pourtant, la croissance de la demande alimentaire liée à l’accroissement démographique mondial est un enjeu majeur de notre siècle : la population mondiale augmentera de 1,5 milliard d’habitants d’ici à 2030, surtout en Afrique."
LR_2024,LR_2024_348,EURO,2024,LR,"La population mondiale qui a atteint 8 milliards de personnes depuis novembre 2022 devrait atteindre 8,5 milliards d’individus en 2030, puis passer à 9,7 milliards d’êtres humains en 2050 et 10,4 milliards vers 2100, selon les prévisions et les statistiques démographiques des Nations-Unies."
LR_2024,LR_2024_349,EURO,2024,LR,L’agriculture devra produire suffisamment pour nourrir les populations alors que les surfaces agricoles vont très probablement diminuer sous l’effet de l’urbanisation et du réchauffement climatique.
LR_2024,LR_2024_350,EURO,2024,LR,"Dans ce contexte, envisager une réduction de la production agricole est une folie."
LR_2024,LR_2024_351,EURO,2024,LR,"Dans le même temps, les grandes puissances mondiales font tout pour assurer leur souveraineté alimentaire."
LR_2024,LR_2024_352,EURO,2024,LR,"En 2020, les Etats-Unis ont ainsi annoncé l’objectif d’un gain de 40% de leur rendement agricole à l’horizon 2050 tandis que le président chinois Xi Jinping affirmait, en 2022, que « la nourriture du peuple chinois doit être produite par les Chinois et rester entre leurs mains »."
LR_2024,LR_2024_353,EURO,2024,LR,La sécurité alimentaire consiste à garantir que les peuples européens auront de quoi se nourrir dans les prochaines décennies.
LR_2024,LR_2024_354,EURO,2024,LR,"La souveraineté alimentaire consiste à faire en sorte que les peuples européens aient la possibilité de choisir leur alimentation, son origine, ses conditions de production, sans dépendre des importations."
LR_2024,LR_2024_355,EURO,2024,LR,Nous nous battrons pour faire prévaloir le principe de souveraineté alimentaire dans l’Union européenne.
LR_2024,LR_2024_356,EURO,2024,LR,La PAC et la PCP doivent cesser de porter un objectif de décroissance et revenir sur leur objectif originel qui consiste à nourrir les Français et les Européens.
LR_2024,LR_2024_357,EURO,2024,LR,Elles doivent cesser de s’éparpiller et se focaliser au contraire sur les points fondamentaux : assurer la souveraineté alimentaire de l’Europe par la production ; assurer un niveau de vie équitable et décent à chaque agriculteur ou pêcheur ; stabiliser les marchés agricoles ; valoriser l’innovation ; entretenir nos paysages et soutenir la ruralité.
LR_2024,LR_2024_358,EURO,2024,LR,INSCRIRE L’AGRICULTURE ET LA PÊCHE DANS LE DROIT EUROPÉEN COMME ÉTANT D’INTÉRÊT GÉNÉRAL EUROPÉEN MAJEUR.
LR_2024,LR_2024_359,EURO,2024,LR,La Communauté européenne est essentiellement née d’un compromis entre la France et l’Allemagne : la France a obtenu le soutien à son agriculture et à son outre-mer.
LR_2024,LR_2024_360,EURO,2024,LR,L’Allemagne a obtenu le principe de libre-concurrence sur le marché intérieur et l’ouverture du continent européen au commerce international.
LR_2024,LR_2024_361,EURO,2024,LR,Le maintien de cet équilibre fondateur original est déterminant pour préserver la force de l’idéal européen.
LR_2024,LR_2024_362,EURO,2024,LR,Nous proposons donc d’inscrire dans le droit européen le fait que l’agriculture et la pêche sont d’intérêt général européen majeur.
LR_2024,LR_2024_363,EURO,2024,LR,Nous souhaitons aussi mettre en place un cadre dérogatoire au droit de la concurrence pour soutenir nos agriculteurs et nos pêcheurs et consolider la puissance agricole de la France et de l’Union européenne.
LR_2024,LR_2024_364,EURO,2024,LR,Les lois Egalim votées au niveau français sont aujourd’hui menacées par la politique de concurrence européenne et l’interprétation qu’en donne la Cour de justice de l’Union européenne à Luxembourg.
LR_2024,LR_2024_365,EURO,2024,LR,Nous souhaitons préciser clairement dans le droit de l’Union européenne que les États membres sont autorisés à voter des lois telles que les lois Egalim françaises pour refuser que la pression sur les agriculteurs et les pêcheurs ne passe par des centrales d’achat installées dans d’autres États membres.
LR_2024,LR_2024_366,EURO,2024,LR,"La question n’est pas d’interdire les centrales d’achats, mais de faire en sorte que les produits alimentaires qui arrivent sur le marché français ne puissent pas être négociés selon un cadre différent de celui prévu par le droit français."
LR_2024,LR_2024_367,EURO,2024,LR,"AUGMENTER LE BUDGET DE LA PAC ET DE LA PCP, NOTAMMENT LES AIDES DIRECTES À NOS AGRICULTEURS."
LR_2024,LR_2024_368,EURO,2024,LR,Le maintien d’une forte production agricole sur le sol français et européen est une condition nécessaire à notre souveraineté alimentaire.
LR_2024,LR_2024_369,EURO,2024,LR,"Le gouvernement d’Emmanuel Macron n’a visiblement pas pris la mesure de ce défi en ne se battant que trop peu et trop tard pour défendre le budget de la PAC qui, en 20 ans, aura baissé de 30% en euros constants, alors que le budget agricole de la Chine et des États-Unis ne fait qu’augmenter."
LR_2024,LR_2024_370,EURO,2024,LR,"L’agriculture est une activité par nature aléatoire, soumise à d’impondérables aléas climatiques et biologique, et dont les cycles de production sont longs."
LR_2024,LR_2024_371,EURO,2024,LR,"Sans régulation et sans stratégie collective, l’activité agricole oscillerait entre phases de surproduction et périodes de pénurie."
LR_2024,LR_2024_372,EURO,2024,LR,"L’agriculture accomplit en outre des missions d’intérêt général (valorisation du monde rural, sauvegarde des paysages, aménagement du territoire, captation et stockage du carbone, etc.) qui ne sont pas prises en compte par le marché."
LR_2024,LR_2024_373,EURO,2024,LR,"Il faut donc augmenter le budget de la prochaine politique agricole commune et le soutien à nos pêcheurs, en tenant compte de l’inflation, grâce à un redéploiement de nombreuses dépenses européennes inutiles comme certains fonds européens de cohésion qui n’ont pas fait la preuve de leur efficacité."
LR_2024,LR_2024_374,EURO,2024,LR,ABROGER LES TEXTES EUROPÉENS QUI NUISENT À NOS AGRICULTEURS ET À NOS PÊCHEURS EN PRÔNANT LA DÉCROISSANCE.
LR_2024,LR_2024_375,EURO,2024,LR,"Nous obtiendrons l’abrogation des dispositions du Pacte vert européen qui favorisent la décroissance agricole (stratégie « De la ferme à la table »), adoptées grâce aux partisans d’Emmanuel Macron et auxquelles les députés Les Républicains au Parlement européen se sont fermement opposés."
LR_2024,LR_2024_376,EURO,2024,LR,"Nous proposons un moratoire sur toute nouvelle norme pour la prochaine mandature, notamment pour le secteur agricole et le secteur de la pêche, afin de redonner de la visibilité sur le temps long à ces filières qui ont beaucoup souffert de l’instabilité réglementaire."
LR_2024,LR_2024_377,EURO,2024,LR,"CONSACRER DAVANTAGE DE FONDS DU SECOND PILIER DE LA PAC À LA RECHERCHE ET À L’INNOVATION PUBLIQUES POUR DÉVELOPPER DES ALTERNATIVES AUX PESTICIDES ET AUX PRODUITS PHYTOSANITAIRES, NOTAMMENT LE GLYPHOSATE, ET FAVORISER LES NOUVELLES TECHNIQUES GÉNOMIQUES (NGT)."
LR_2024,LR_2024_378,EURO,2024,LR,Les budgets alloués à la recherche et à l’innovation publiques (qui dépendent du second pilier de la politique agricole commune) sont faibles et les États membres ont seulement consacré entre 2 et 6% du second pilier de la PAC à ces aspects.
LR_2024,LR_2024_379,EURO,2024,LR,Les politiques publiques de recherche doivent privilégier les sujets de recherche qui ne sont pas couverts par les budgets considérables de recherche et de développement (R&D) privés des grandes entreprises internationales.
LR_2024,LR_2024_380,EURO,2024,LR,L’accent doit être mis sur le développement rapide d’alternatives au glyphosate.
LR_2024,LR_2024_381,EURO,2024,LR,"Nous défendons le principe « pas d’interdiction sans solution et sans accompagnement » pour nos agriculteurs, mais il revient à l’Europe et aux États membres d’aider au développement de ces solutions."
LR_2024,LR_2024_382,EURO,2024,LR,"L’Europe doit aussi rester à la pointe de la recherche en ce qui concerne les nouvelles techniques génomiques (NGT) qui offrent de grandes perspectives dans le domaine de la sélection des variétés de plantes cultivées, en lien avec la nécessaire adaptation au changement climatique et aux menaces épidémiologiques."
LR_2024,LR_2024_383,EURO,2024,LR,"Contrairement aux OGM, les organismes issus des NTG ont subi une modification génétique sans introduction de gène extérieur dans leur génome, tout en leur conférant de nouvelles caractéristiques."
LR_2024,LR_2024_384,EURO,2024,LR,EXIGER DES CLAUSES MIROIRS DANS LES ACCORDS DE LIBRE-ÉCHANGE ET GARANTIR LEUR APPLICATION EFFECTIVE.
LR_2024,LR_2024_385,EURO,2024,LR,Nous sommes favorables au commerce international qui a toujours favorisé la prospérité au niveau mondial.
LR_2024,LR_2024_386,EURO,2024,LR,Mais nous devons ouvrir les yeux : 98% des aliments consommés dans les 5 premières aires urbaines françaises sont importés alors que 97% de la production agricole locale de ces territoires est exportée à l’étranger.
LR_2024,LR_2024_387,EURO,2024,LR,"Depuis 2000, les importations agricoles françaises ont augmenté de 87% alors même que les exportations n’ont augmenté que de 55%."
LR_2024,LR_2024_388,EURO,2024,LR,La France importe 20% des produits qu’elle consomme et 10 à 25% de ces denrées ne respecteraient pas les normes sanitaires de production européennes.
LR_2024,LR_2024_389,EURO,2024,LR,Nous ne devons donc plus accepter l’entrée sur le territoire de l’Union européenne de produits agricoles ou de la pêche qui ne correspondent pas aux mêmes standards environnementaux que ceux de l’Union européenne ou les taxer très fortement pour rétablir une concurrence loyale entre les agriculteurs français et européens et les agriculteurs des Etats tiers.
LR_2024,LR_2024_390,EURO,2024,LR,Aucun nouvel accord commercial ne devrait être signé s’il met en péril les intérêts agricoles de l’Union et de la France et nous demandons une revue générale de tous les accords existants.
LR_2024,LR_2024_391,EURO,2024,LR,"Par ailleurs, les clauses miroirs doivent être accompagnées de clauses de sauvegarde et de contrôles stricts aux frontières : si les règles ne sont pas respectées par nos partenaires commerciaux, il doit y avoir une possibilité de suspension immédiate de l’application de ces accords commerciaux."
LR_2024,LR_2024_392,EURO,2024,LR,METTRE EN PLACE DES CLAUSES DE SAUVEGARDE POUR QUE L’ACCÈS DES PRODUITS AGRICOLES UKRAINIENS AU MARCHÉ INTÉRIEUR EUROPÉEN NE SE FASSE PAS DANS N’IMPORTE QUELLES CONDITIONS.
LR_2024,LR_2024_393,EURO,2024,LR,L’Europe et la France font face à un afflux d’importations de produits ukrainiens dont les coûts de production sont près de deux fois moins élevés et les exigences environnementales beaucoup moins importantes qu’au sein de l’Union européenne.
LR_2024,LR_2024_394,EURO,2024,LR,"Depuis l’invasion russe, les importations de céréales ukrainiennes ont été multipliées par 20, ce qui déstabilise profondément les marchés agricoles européens et tire les prix vers le bas."
LR_2024,LR_2024_395,EURO,2024,LR,Nos agriculteurs ne doivent pas payer le prix de la guerre en Ukraine et faire face seuls à cette concurrence.
LR_2024,LR_2024_396,EURO,2024,LR,"Les Républicains ont obtenu de premières clauses de sauvegarde pour plusieurs filières agricoles, mais elles doivent très rapidement être complétées et étendues en incluant les productions encore non couvertes par ces clauses, suivant la position du Parlement européen."
LR_2024,LR_2024_397,EURO,2024,LR,MIEUX DÉFENDRE LES INTÉRÊTS DE NOS PÊCHEURS FACE AU ROYAUME-UNI.
LR_2024,LR_2024_398,EURO,2024,LR,"Depuis le Brexit, que Mme Le Pen et M."
LR_2024,LR_2024_399,EURO,2024,LR,"Bardella soutenaient et dont on observe aujourd’hui les conséquences désastreuses pour l’économie britannique, le Royaume-Uni est devenu un Etat tiers à l’Union européenne."
LR_2024,LR_2024_400,EURO,2024,LR,"Nous ne pouvons pas laisser nos pêcheurs dépendants de règlementations britanniques qui prennent la protection de la biodiversité pour prétexte, mais qui risquent de les priver demain de tout accès à des zones de pêche essentielles pour leur activité économique."
LR_2024,LR_2024_401,EURO,2024,LR,L’extension et le renforcement des aires marines protégées par les Britanniques menacent gravement la pêche française.
LR_2024,LR_2024_402,EURO,2024,LR,Le Royaume-Uni a besoin d’un partenariat commercial solide avec l’Union européenne.
LR_2024,LR_2024_403,EURO,2024,LR,Nous devons utiliser tous les leviers à notre disposition (y compris des mesures de rétorsion économiques) pour faire pression sur le Royaume-Uni de façon à ce que les intérêts des pêcheurs français soient mieux défendus.
LR_2024,LR_2024_404,EURO,2024,LR,RENDRE POSSIBLE L’ADAPTATION DES TAUX DE TVA PAR LES ÉTATS MEMBRES POUR FAVORISER LES PRODUITS LES MOINS POLLUANTS OU CONSOMMÉS EN CIRCUITS COURTS.
LR_2024,LR_2024_405,EURO,2024,LR,Nous proposons que les États membres puissent choisir d’appliquer un taux de TVA super réduit pour les produits alimentaires les moins polluants ou consommés en circuits courts.
LR_2024,LR_2024_406,EURO,2024,LR,DOTER L’UNION EUROPÉENNE D’UNE POLITIQUE AMBITIEUSE D’AIDE ALIMENTAIRE AU NIVEAU EUROPÉEN ET MONDIAL.
LR_2024,LR_2024_407,EURO,2024,LR,"Les Etats-Unis achètent systématiquement les surplus agricoles des producteurs américains, qu’ils utilisent ensuite dans le cadre de leur politique d’aide alimentaire au niveau mondial et leur stratégie d’influence et de puissance."
LR_2024,LR_2024_408,EURO,2024,LR,"L’Europe devrait pouvoir acheter des produits agricoles et alimentaires européens pour mettre en place un programme ambitieux d’aide alimentaire vers les pays tiers, en particulier en Afrique, et le Fonds européen d’aide aux plus démunis (FEAD), et soutenir ainsi les agriculteurs français et européens."
LR_2024,LR_2024_409,EURO,2024,LR,"L’Union européenne aurait pu le faire pour aider l’Ukraine (acheter la production ukrainienne et l’utiliser dans sa politique d’aide alimentaire), ce qui aurait permis de ne pas déstabiliser le marché intérieur européen, en laissant entrer sans contrôles des produits ukrainiens qui ne répondent pas aux mêmes normes et qui créent une concurrence déloyale pour les agriculteurs français."
LR_2024,LR_2024_410,EURO,2024,LR,Emmanuel Macron et Mme Von der Leyen ne l’ont toutefois pas voulu.
LR_2024,LR_2024_411,EURO,2024,LR,PRÉVOIR DES FONDS EUROPÉENS POUR AIDER LES AGRICULTEURS FRANÇAIS À ACQUÉRIR LEUR AUTONOMIE ÉNERGÉTIQUE.
LR_2024,LR_2024_412,EURO,2024,LR,Le coût de l’énergie fait partie des problématiques majeures pour nos agriculteurs.
LR_2024,LR_2024_413,EURO,2024,LR,"Nous souhaitons que l’Europe puisse les accompagner pour investir dans différentes technologies (photovoltaïque, méthanisation, etc.) afin qu’ils soient plus autonomes et davantage en mesure de produire eux-mêmes l’énergie dont ils ont besoin pour gagner en compétitivité."
LR_2024,LR_2024_414,EURO,2024,LR,"Nous souhaitons aussi que l’Europe soutienne le développement d’une filière européenne de production d’engrais car l’Union européenne a, à l’heure actuelle, un taux de dépendance bien trop important aux engrais russes et biélorusses."
LR_2024,LR_2024_415,EURO,2024,LR,AMÉLIORER ET SIMPLIFIER LES DISPOSITIFS D’INCITATION DES AGRICULTEURS À DÉVELOPPER LE STOCKAGE DU CARBONE DANS LES SOLS.
LR_2024,LR_2024_416,EURO,2024,LR,"Si 10% des émissions de gaz à effet de serre à l’échelle européenne sont attribuables aux activités agricoles, notre agriculture est aussi un levier efficace pour lutter contre le changement climatique grâce à la captation du carbone dans les sols."
LR_2024,LR_2024_417,EURO,2024,LR,Le carbon farming est un ensemble de techniques agricoles qui permettent d’absorber davantage de CO2 et de le stocker dans les sols.
LR_2024,LR_2024_418,EURO,2024,LR,Nous souhaitons développer les incitations prévues au niveau européen pour que nos agriculteurs adoptent ces techniques de manière plus systématique.
LR_2024,LR_2024_419,EURO,2024,LR,"L’agriculture et l’élevage ne doivent pas être considérés comme un problème au regard des émissions de gaz à effet de serre, mais comme une solution."
LR_2024,LR_2024_420,EURO,2024,LR,Ils génèrent des externalités positives qui doivent être rémunérées sans que la charge administrative liée à la traçabilité de la captation du carbone dans les fermes soit rédhibitoire.
LR_2024,LR_2024_421,EURO,2024,LR,MIEUX MAÎTRISER LA PRÉSENCE DU LOUP SUR LE TERRITOIRE DE L’UNION EUROPÉENNE.
LR_2024,LR_2024_422,EURO,2024,LR,"Selon le rapport parlementaire d’Emilie Bonnivard, députée Les Républicains de la Savoie, le nombre de loups en France a été multiplié par 6 en 12 ans."
LR_2024,LR_2024_423,EURO,2024,LR,Nous sommes passés de 194 loups estimés en 2009 à 1 104 en 2022.
LR_2024,LR_2024_424,EURO,2024,LR,"En 2009, 12 départements étaient concernés par la présence du loup contre 53 départements en 2022."
LR_2024,LR_2024_425,EURO,2024,LR,"Logiquement, le nombre d’attaques sur les troupeaux a augmenté de 325% et le nombre d’animaux tués est passé de 4 200 en 2010 à 12 526 en 2022."
LR_2024,LR_2024_426,EURO,2024,LR,Il va de soi que cette progression exige une réaction rapide de l’Union européenne.
LR_2024,LR_2024_427,EURO,2024,LR,"Cela passe par une révision urgente du statut du loup dans la Directive « Habitat », afin d’autoriser davantage de prélèvements et de mieux protéger nos élevages et la biodiversité désormais menacée en montagne."
LR_2024,LR_2024_428,EURO,2024,LR,Ces prélèvements doivent pouvoir être effectués de façon préventive pas uniquement après des attaques constatées.
LR_2024,LR_2024_429,EURO,2024,LR,"Cette révision doit concerner aussi d’autres prédateurs devenus endémiques, comme le cormoran dans les régions piscicoles françaises."
LR_2024,LR_2024_430,EURO,2024,LR,RESPECTER LE PRINCIPE DE SUBSIDIARITÉ EN MATIÈRE DE PROTECTION DES ESPACES NATURELS ET DE RÉGLEMENTATION DE LA CHASSE.
LR_2024,LR_2024_431,EURO,2024,LR,"L’Europe doit faire confiance aux agriculteurs, aux pêcheurs, aux chasseurs, et plus largement au monde rural, acteurs de terrain, pour être les meilleurs artisans de la protection de nos espaces naturels et de la biodiversité."
LR_2024,LR_2024_432,EURO,2024,LR,"Au lieu de vouloir tout réglementer, elle doit laisser place aux spécificités régionales, aux traditions et aux modes de vie ancestraux."
LR_2024,LR_2024_433,EURO,2024,LR,La réglementation de la chasse doit rester prioritairement une compétence nationale.
LR_2024,LR_2024_434,EURO,2024,LR,DÉFENDRE L’INSCRIPTION DES MODES DE VIE TRADITIONNELS RURAUX AU PATRIMOINE MONDIAL IMMATÉRIEL DE L’HUMANITÉ DE L’UNESCO ET LUTTER CONTRE L’AGRIBASHING.
LR_2024,LR_2024_435,EURO,2024,LR,L’Union européenne doit contribuer à défendre et à valoriser les modes de vie traditionnels et la ruralité.
LR_2024,LR_2024_436,EURO,2024,LR,C’est pourquoi nous proposons qu’elle demande l’inscription de ces modes de vie au patrimoine mondial immatériel de l’humanité de l’UNESCO.
LR_2024,LR_2024_437,EURO,2024,LR,"L’Europe doit aussi mener, aux côtés de ses États membres, une politique de lutte active contre l’agribashing qui doit reposer sur une stratégie de communication efficace auprès des consommateurs européens."
LR_2024,LR_2024_438,EURO,2024,LR,ET AU NIVEAU FRANÇAIS ?
LR_2024,LR_2024_439,EURO,2024,LR,"La défense de nos agriculteurs, de nos pêcheurs et de notre ruralité doit se faire au niveau européen, mais aussi au niveau national, ce que ne fait pas le gouvernement de Gabriel Attal qui n’a toujours pas tenu ses promesses faites au moment du salon de l’agriculture."
LR_2024,LR_2024_440,EURO,2024,LR,"Au sein du marché intérieur européen, la France est championne de la surtransposition des normes européennes ; la France est également championne des prélèvements obligatoires, des charges et des impôts de production."
LR_2024,LR_2024_441,EURO,2024,LR,Le poids de ces normes et de ces charges pèse sur la compétitivité de nos agriculteurs et de nos pêcheurs.
LR_2024,LR_2024_442,EURO,2024,LR,"Il convient de « faire la chasse » aux surtranspositions dans le domaine agricole, qui procède souvent de la faiblesse du gouvernement face aux lobbies."
LR_2024,LR_2024_443,EURO,2024,LR,Toute surtransposition devrait être systématiquement signalée aux parlementaires nationaux afin que ceux-ci puissent refuser de les voter.
LR_2024,LR_2024_444,EURO,2024,LR,Les propositions nationales des Républicains en matière d’agriculture et de pêche sont très claires : elles se trouvent notamment dans la proposition de loi tendant à répondre à la crise agricole déposée au mois de janvier 2024 à l’initiative de notre sénateur Laurent Duplomb ainsi que dans le Livre blanc sur l’agriculture proposé par nos députés.
LR_2024,LR_2024_445,EURO,2024,LR,"Nous souhaitons assurer une juste rémunération à nos agriculteurs qui souhaitent vivre dignement du produit de leur travail, les protéger contre l’agribashing (en alourdissant notamment les sanctions pénales contre les personnes qui s’en prennent aux exploitations), favoriser la compétitivité (baisse des charges et réduction du fardeau des normes), travailler à l’attractivité des métiers agricoles et favoriser la transmission des exploitations par une suppression de toute fiscalité sur les donations et les successions lorsque le capital de l’exploitation reste dans le patrimoine familial, et protéger nos agriculteurs et nos pêcheurs de la concurrence déloyale."
LR_2024,LR_2024_446,EURO,2024,LR,"4 — Contre le changement climatique et pour la biodiversité, l’Europe doit encourager le progrès et la science."
LR_2024,LR_2024_447,EURO,2024,LR,4 — CONTRE LE CHANGEMENT CLIMATIQUE ET POUR LA BIODIVERSITÉ L’EUROPE DOIT ENCOURAGER LE PROGRÈS ET LA SCIENCE.
LR_2024,LR_2024_448,EURO,2024,LR,Le changement climatique est une réalité qui s’impose à nous de manière de plus en plus préoccupante.
LR_2024,LR_2024_449,EURO,2024,LR,Nous sommes très attachés à l’objectif de neutralité carbone au niveau mondial et à la préservation de la biodiversité et de nos ressources en eau.
LR_2024,LR_2024_450,EURO,2024,LR,"En revanche, nous dénonçons l’écologie de gauche totalitaire qui prône la décroissance et veut imposer un contrôle social sans précédent des comportements individuels."
LR_2024,LR_2024_451,EURO,2024,LR,"C’est une écologie bureaucratique, qui édicte de plus en plus de normes, qui fixe des objectifs sans se préoccuper des moyens de les atteindre, qui punit et interdit systématiquement."
LR_2024,LR_2024_452,EURO,2024,LR,C’est aussi une écologie culpabilisante pour les Européens alors que l’Europe est plus que vertueuse et a avancé dans la transition écologique.
LR_2024,LR_2024_453,EURO,2024,LR,La France comme l’Union européenne ont déjà réduit de 30% leurs émissions de CO2 entre 1990 et 2020.
LR_2024,LR_2024_454,EURO,2024,LR,"Sur la même période, elles ont augmenté de 381,5% en Chine."
LR_2024,LR_2024_455,EURO,2024,LR,"Même l’idée de la « dette » carbone de l’Europe est discutable : seuls 22,3% des émissions totales de CO2 depuis le début de l’ère industrielle (1750) sont attribuables aux pays de l’UE alors que l’Asie est responsable de 26% et les Etats-Unis de 28% (source : ministère de la transition énergétique, Chiffres clés du climat Décembre 2022)."
LR_2024,LR_2024_456,EURO,2024,LR,L’urgence est d’inciter les autres zones à réduire leurs émissions.
LR_2024,LR_2024_457,EURO,2024,LR,"A défaut, le changement climatique continuera et les sacrifices demandés aux Européens n’auront pas d’impact."
LR_2024,LR_2024_458,EURO,2024,LR,"Cela aboutira à renforcer les écologistes millénaristes d’un côté, le rejet de toute politique environnementale par les Européens de l’autre."
LR_2024,LR_2024_459,EURO,2024,LR,Nous portons la vision d’une écologie conservatrice fondée sur la liberté et la transmission.
LR_2024,LR_2024_460,EURO,2024,LR,Elle repose sur la conciliation de la modernité et du progrès technique avec le respect de la nature et de la biodiversité.
LR_2024,LR_2024_461,EURO,2024,LR,"La planète, qui est notre héritage, est aussi la propriété de ceux qui ne sont pas encore nés."
LR_2024,LR_2024_462,EURO,2024,LR,"Nous privilégions la raison et le progrès sur l’émotion, la transmission sur la déconstruction, les solutions sur l’idéologie, la responsabilisation et l’incitation sur la punition."
LR_2024,LR_2024_463,EURO,2024,LR,Notre écologie est réaliste et pragmatique.
LR_2024,LR_2024_464,EURO,2024,LR,Elle se fonde sur la science.
LR_2024,LR_2024_465,EURO,2024,LR,Il faut privilégier les mesures qui sont les plus efficaces pour réduire les émissions de gaz à effet de serre.
LR_2024,LR_2024_466,EURO,2024,LR,"L’Europe doit fixer des objectifs précis et ambitieux, mais l’incitation doit être la règle et l’interdiction brutale l’exception."
LR_2024,LR_2024_467,EURO,2024,LR,Nous voulons mettre un prix sur le carbone et appliquer le principe pollueur-payeur.
LR_2024,LR_2024_468,EURO,2024,LR,Notre écologie repose enfin sur l’investissement.
LR_2024,LR_2024_469,EURO,2024,LR,"La transformation de nos industries, de nos transports, de nos logements pour lutter et s’adapter au changement climatique nécessite des investissements considérables, d’abord dans la recherche et l’innovation, ensuite dans la mise en oeuvre."
LR_2024,LR_2024_470,EURO,2024,LR,"Un soutien public est nécessaire, notamment lorsque les entreprises européennes innovantes doivent faire face au soutien apporté à leurs concurrents chinois ou américains."
LR_2024,LR_2024_471,EURO,2024,LR,Mais cet effort d’investissement sera d’abord privé et il faut donc assurer les conditions de son succès.
LR_2024,LR_2024_472,EURO,2024,LR,"Cela nécessite de préserver un environnement fiscal favorable à la prise de risque et à la recherche-développement, pour les entreprises et pour les entrepreneurs, et de limiter les obstacles administratifs et réglementaires à l’innovation, pour permettre à l’Europe d’exploiter ses avantages plutôt que de buter sur un « principe de précaution » européen qui incite à aller innover ailleurs."
LR_2024,LR_2024_473,EURO,2024,LR,"Les Européens doivent se donner les moyens de mener une transition climatique effective, fondée sur des technologies qu’ils pourront en outre exporter, plutôt que sur l’idéologie régressive de la décroissance."
LR_2024,LR_2024_474,EURO,2024,LR,"Nous ne sauverons pas le monde en liquidant notre agriculture ou notre industrie, mais en nous appuyant sur elles."
LR_2024,LR_2024_475,EURO,2024,LR,Nous devons cesser de mettre des boulets aux pieds de nos entreprises et des ménages en oubliant que l’Europe pollue moins que d’autres continents.
LR_2024,LR_2024_476,EURO,2024,LR,Il faut sortir de la myopie européenne en matière d’environnement et raisonner mondialement.
LR_2024,LR_2024_477,EURO,2024,LR,"Plus nous nous fournissons en Europe, moins nous polluons."
LR_2024,LR_2024_478,EURO,2024,LR,"Plus le monde se fournit en Europe, moins il pollue."
LR_2024,LR_2024_479,EURO,2024,LR,COMPLÉTER LA « BARRIÈRE VERTE » AUX FRONTIÈRES EXTÉRIEURES DE L’UNION EUROPÉENNE ET TAXER DAVANTAGE LES PRODUITS IMPORTÉS QUI NE RESPECTENT PAS NOS EXIGENCES ENVIRONNEMENTALES (MÉCANISME D’AJUSTEMENT CARBONE AUX FRONTIÈRES — MACF).
LR_2024,LR_2024_480,EURO,2024,LR,La « barrière verte » (Mécanisme d’ajustement carbone aux frontières) de l’UE a été mise en place grâce aux Républicains et à François-Xavier Bellamy.
LR_2024,LR_2024_481,EURO,2024,LR,Elle consiste à taxer les produits importés qui sont trop polluants et ne respectent pas nos standards environnementaux.
LR_2024,LR_2024_482,EURO,2024,LR,"Aujourd’hui, cette barrière est encore incomplète."
LR_2024,LR_2024_483,EURO,2024,LR,Elle ne s’applique pas à la plupart des produits finis.
LR_2024,LR_2024_484,EURO,2024,LR,Nous proposons de l’étendre progressivement à tous les produits importés au sein de l’Union européenne en aménageant certaines exceptions pour les matières premières.
LR_2024,LR_2024_485,EURO,2024,LR,"Cette mesure est déterminante pour faire du marché intérieur européen un levier efficace pour la décarbonation rapide des grands producteurs mondiaux, tout en redonnant de la compétitivité à la production en Europe."
LR_2024,LR_2024_486,EURO,2024,LR,"En attendant que ce mécanisme soit complété et qu’il prouve son efficacité, il est important de remettre en oeuvre les quotas gratuits pour ne pas voir disparaître une part importante de l’industrie européenne au profit d’importations plus polluantes, ce qui serait un contresens économique, social et environnemental."
LR_2024,LR_2024_487,EURO,2024,LR,"Nous souhaitons également étendre le marché carbone européen (SEQE), qui ne couvre aujourd’hui qu’environ 36% des émissions de gaz à effet de serre de l’UE pour que le prix du carbone soit suffisamment élevé pour que les acteurs économiques soient incités à changer leurs pratiques et à diminuer leurs émissions."
LR_2024,LR_2024_488,EURO,2024,LR,INSTAURER UN PRINCIPE DE LIBERTÉ TECHNOLOGIQUE POUR ATTEINDRE LES OBJECTIFS ENVIRONNEMENTAUX FIXÉS AU NIVEAU EUROPÉEN ET REVENIR SUR L’INTERDICTION DE LA VENTE DE VÉHICULES THERMIQUES NEUFS EN 2035.
LR_2024,LR_2024_489,EURO,2024,LR,Il est nécessaire que des objectifs ambitieux de réduction des émissions de gaz à effet de serre et de protection de la biodiversité soient fixés au niveau européen pour atteindre la neutralité carbone en 2050.
LR_2024,LR_2024_490,EURO,2024,LR,"Néanmoins, ce sont les ingénieurs, les chercheurs et les entreprises, pas les fonctionnaires, qui nous permettront d’atteindre ces objectifs."
LR_2024,LR_2024_491,EURO,2024,LR,"Par exemple, le « tout électrique » n’est pas forcément la meilleure option pour nos véhicules, car il faut raisonner en termes d’émissions de carbone pour l’ensemble du cycle de fabrication et d’utilisation du produit."
LR_2024,LR_2024_492,EURO,2024,LR,"L’Europe doit fixer une trajectoire d’émission pour l’ensemble du cycle de production et d’utilisation des produits, mais les entreprises doivent être libres de choisir les technologies permettant d’atteindre les objectifs visés."
LR_2024,LR_2024_493,EURO,2024,LR,Nous nous battrons au Parlement européen pour revenir sur l’interdiction de la vente de véhicules thermiques neufs en 2035 et imposer notre principe de liberté technologique.
LR_2024,LR_2024_494,EURO,2024,LR,FINANCER UN GRAND PROGRAMME DE CONSTRUCTION DE CENTRALES NUCLÉAIRES DANS L’UNION EUROPÉENNE ET PROMOUVOIR LA FILIÈRE HYDROGÈNE POUR ASSURER UNE ÉNERGIE DÉCARBONÉE À BAS COÛT ET GARANTIR NOTRE SOUVERAINETÉ ÉNERGÉTIQUE.
LR_2024,LR_2024_495,EURO,2024,LR,"Chaque État membre doit être libre de déterminer son mix énergétique et la part d’énergies renouvelables qu’il souhaite tant que sa production énergétique est décarbonée, comme c’est le cas de la France avec le nucléaire."
LR_2024,LR_2024_496,EURO,2024,LR,Toutes les études scientifiques sérieuses montrent toutefois que nous ne pourrons pas nous passer de l’énergie nucléaire pour atteindre la neutralité carbone en 2050.
LR_2024,LR_2024_497,EURO,2024,LR,La France doit donc obtenir que l’effort européen d’investissement pour la décarbonation (notamment à travers le plan de relance européen) soutienne prioritairement le développement de la filière nucléaire dans toute l’Europe.
LR_2024,LR_2024_498,EURO,2024,LR,"Non seulement c’est mieux que de financer des éoliennes, qui ne permettent pas d’assurer la permanence de la production électrique et ne contribuent pas du tout à la préservation de nos paysages, mais ce sera le plus efficace pour apporter aux Européens une énergie autonome, qui réduira encore les émissions de gaz à effet de serre du continent qui est déjà le plus vertueux."
LR_2024,LR_2024_499,EURO,2024,LR,La filière hydrogène doit aussi être soutenue au niveau européen.
LR_2024,LR_2024_500,EURO,2024,LR,Le développement des énergies renouvelables doit être laissé à l’appréciation des États membres et adapté à la spécificité de chaque territoire.
LR_2024,LR_2024_501,EURO,2024,LR,Nous refusons de dénaturer nos paysages avec l’implantation déraisonnée d’éoliennes ou de sacrifier des terres agricoles par l’installation non maîtrisée de panneaux photovoltaïques.
LR_2024,LR_2024_502,EURO,2024,LR,RÉFORMER LA DIRECTIVE SUR LES PASSOIRES THERMIQUES POUR SE CONCENTRER SUR LES ÉMISSIONS DE GAZ CARBONIQUE DES LOGEMENTS ET METTRE EN PLACE DES INCITATIONS PLUTÔT QUE DES INTERDICTIONS.
LR_2024,LR_2024_503,EURO,2024,LR,"Il faut revenir sur la loi Climat et résilience et sur la directive européenne sur la performance énergétique des bâtiments (DPEB) qui accentuent la crise du logement (tous les logements classés en G seront interdits à la location au 1er janvier 2025 (environ 600 000 logements) et tous les logements classés en F seront interdits à la location au 1er janvier 2028 (environ 1,2 million de logements)."
LR_2024,LR_2024_504,EURO,2024,LR,"Le DPE (Diagnostic de Performance Energétique) ne doit refléter que les émissions de CO² et les propriétaires doivent être encouragés avant tout à électrifier les solutions de chauffage, en parallèle d’une augmentation de la production d’électricité bas carbone, plutôt qu’à passer obligatoirement par des chantiers d’isolation."
LR_2024,LR_2024_505,EURO,2024,LR,FAIRE PESER SUR LES ÉTATS MEMBRES UNE TAXE EUROPÉENNE SUR LES CENTRALES À CHARBON ET UNE TAXE EUROPÉENNE SUR LA MISE EN DÉCHARGE (ENFOUISSEMENT DES DÉCHETS) ET L’EXPORTATION DE DÉCHETS.
LR_2024,LR_2024_506,EURO,2024,LR,"Bien qu’en baisse, le charbon a représenté plus de 60% de la pollution du secteur de l’électricité de l’Union européenne en 2022, en particulier en Allemagne et en Pologne."
LR_2024,LR_2024_507,EURO,2024,LR,Les 10 centrales à charbon les plus polluantes d’Europe ont produit 13% des émissions totales de gaz à effet de serre de l’UE.
LR_2024,LR_2024_508,EURO,2024,LR,Ces centrales doivent fermer le plus rapidement possible et cette taxe pèsera sur les États membres où elles se trouvent.
LR_2024,LR_2024_509,EURO,2024,LR,La pratique de la mise en décharge des déchets reste populaire dans les parties orientale et méridionale de l’Europe.
LR_2024,LR_2024_510,EURO,2024,LR,Ces Etats doivent être taxés pour ces pratiques tout comme pour l’exportation des déchets vers des pays tiers à l’Union européenne.
LR_2024,LR_2024_511,EURO,2024,LR,"L’UE doit cesser d’exporter ses déchets mais, au contraire, réduire leur nombre et les traiter."
LR_2024,LR_2024_512,EURO,2024,LR,"L’UNION EUROPÉENNE DOIT INVESTIR MASSIVEMENT DANS LE DÉVELOPPEMENT DE TECHNOLOGIES DE STOCKAGE DU CARBONE, DANS LES TECHNOLOGIES D’ADAPTATION AU CHANGEMENT CLIMATIQUE ET DANS LA DIVERSIFICATION DE NOS SOURCES D’ÉNERGIE."
LR_2024,LR_2024_513,EURO,2024,LR,Certaines industries afficheront toujours une quantité incompressible de CO2 émis dans les prochaines années malgré l’amélioration des technologies disponibles.
LR_2024,LR_2024_514,EURO,2024,LR,"La capture et le stockage du carbone s’imposent comme un complément à l’énergie nucléaire, aux énergies renouvelables, à la sobriété et à l’amélioration des rendements énergétiques."
LR_2024,LR_2024_515,EURO,2024,LR,"La recherche est aussi fondamentale pour diversifier nos sources d’approvisionnement énergétique et l’Union européenne doit la soutenir (hydrolien, fusion nucléaire, biogaz, hydrogène, etc.)."
LR_2024,LR_2024_516,EURO,2024,LR,METTRE EN PLACE UNE STRATÉGIE EUROPÉENNE DE PRÉVENTION CONTRE LES « POLLUANTS ÉTERNELS » ET AMÉLIORER LA STRATÉGIE EUROPÉENNE CONTRE LES PLASTIQUES À USAGE UNIQUE.
LR_2024,LR_2024_517,EURO,2024,LR,"Le nombre exact de « polluants éternels » (per et polyfluoroalkylées (PFAS)) n’est pas encore connu : 256 seraient produits industriellement, mais il pourrait en exister entre 4 000 et 14 000."
LR_2024,LR_2024_518,EURO,2024,LR,"Ce sont des molécules de synthèse très résistantes à la dégradation dans l’environnement et qui présentent vraisemblablement un risque pour la santé humaine (développement de cancers, diabète, etc.)."
LR_2024,LR_2024_519,EURO,2024,LR,"La contamination se produit par l’eau, les aliments et l’air."
LR_2024,LR_2024_520,EURO,2024,LR,L’Europe doit se saisir de ce sujet et travailler à la réduction et à l’élimination de ces polluants éternels.
LR_2024,LR_2024_521,EURO,2024,LR,"Par ailleurs, en 2021, chaque Européen a produit en moyenne 35,9 kg d’emballages plastiques."
LR_2024,LR_2024_522,EURO,2024,LR,"Un chiffre qui a bondi de 26,7% en dix ans, soit 7,6 kg de plus par habitant."
LR_2024,LR_2024_523,EURO,2024,LR,"L’Union européenne doit agir pour réduire l’enfouissement des déchets plastiques, améliorer le recyclage et diminuer l’utilisation de certains plastiques à usage unique."
LR_2024,LR_2024_524,EURO,2024,LR,CRÉER UNE FORCE MOBILE PERMANENTE DE PROTECTION CIVILE ÉQUIPÉE DE MATÉRIELS DE POINTE CAPABLE D’INTERVENIR PARTOUT DANS L’UNION EUROPÉENNE EN CAS DE CATASTROPHE NATURELLE OU INDUSTRIELLE ET CRÉER UN ERASMUS DE LA PROTECTION CIVILE.
LR_2024,LR_2024_525,EURO,2024,LR,"A la fin du mois d’août 2023, la surface de forêts brûlées en Europe était de 40% supérieure à la moyenne enregistrée sur la période de 2006 à 2022 par le Système européen d’information sur les incendies de forêt (Effis)."
LR_2024,LR_2024_526,EURO,2024,LR,"Face aux risques liés au changement climatique, l’Europe doit investir massivement pour mettre à la disposition de ses États membres des moyens supplémentaires pour lutter contre les catastrophes naturelles ou industrielles."
LR_2024,LR_2024_527,EURO,2024,LR,ET AU NIVEAU FRANÇAIS ?
LR_2024,LR_2024_528,EURO,2024,LR,Après les erreurs grossières de MM.
LR_2024,LR_2024_529,EURO,2024,LR,"Macron et Hollande qui ont fait prendre 10 années de retard à notre filière nucléaire d’excellence, la France doit investir massivement dans la construction de nouvelles centrales nucléaires avec l’aide de l’Union européenne."
LR_2024,LR_2024_530,EURO,2024,LR,"Sur le fondement de la directive européenne sur la performance énergétique des bâtiments (EPBD), à laquelle nous nous sommes fortement opposés au Parlement européen, la loi Climat et résilience du 22 août 2021 prévoit que les logements en classe énergétique G+ depuis le 1er janvier 2023, en classe énergétique G à partir du 1er janvier 2025, en classe énergétique F à partir du 1er janvier 2028 et en classe énergétique E à partir de 2034 sont ou seront interdits à la location."
LR_2024,LR_2024_531,EURO,2024,LR,"Sur les 30 millions de résidences principales que compte la France au 1er janvier 2022, environ 5,2 millions de logements, soit 17% du parc, seraient des « passoires énergétiques »."
LR_2024,LR_2024_532,EURO,2024,LR,"Cette politique aggrave considérablement la crise du logement, mais nuit aussi scandaleusement aux propriétaires modestes."
LR_2024,LR_2024_533,EURO,2024,LR,"Ceux-là n’ont en effet pas les moyens de financer ces travaux et sont poussés à choisir dans l’urgence, face à des mesures couperet, entre deux mauvaises solutions : vendre alors que le marché baisse, ou s’endetter à un coût prohibitif pour financer des travaux dont ils ne sont pas sûrs qu’ils suffiront à les autoriser à relouer."
LR_2024,LR_2024_534,EURO,2024,LR,"Dans les deux cas, c’est une spoliation au détriment de ceux qui avaient investi pour avoir un complément de retraite."
LR_2024,LR_2024_535,EURO,2024,LR,"Nous proposons donc de supprimer d’urgence ces interdictions de mise en location au profit d’une aide aux propriétaires pour améliorer progressivement l’isolation des logements et électrifier leur chauffage, avec l’aide d’artisans locaux compétents, qui pourrait prendre la forme d’un crédit d’impôt carbone permettant aux propriétaires d’amortir cet investissement (en le déduisant du revenu de leurs loyers pendant dix ans)."
LR_2024,LR_2024_536,EURO,2024,LR,Nous voulons aussi créer un statut de bailleur privé pour donner la possibilité aux investisseurs dans le logement locatif d’amortir leurs acquisitions et leurs travaux.
LR_2024,LR_2024_537,EURO,2024,LR,"En France, réduire le taux de vacance des logements de 8,4 à 3% correspondrait au retour sur le marché de 2 millions de logements, pouvant loger environ 4,5 millions de personnes."
LR_2024,LR_2024_538,EURO,2024,LR,"Pour créer ce « choc d’offre », nous proposons de donner un avantage fiscal aux investisseurs dans le logement locatif en leur permettant de déduire de leur impôt sur le revenu le coût de leurs acquisitions immobilières et des travaux qu’ils y effectuent pour mettre ces logements en location."
LR_2024,LR_2024_539,EURO,2024,LR,Nous souhaitons enfin simplifier les baux de location et protéger les propriétaires face aux locataires malhonnêtes et mauvais payeurs.
LR_2024,LR_2024_540,EURO,2024,LR,"Pour que les propriétaires mettent davantage de logements en location, il faut mieux les protéger face aux locataires indélicats et, en contrepartie pour les locataires, proposer des baux de location plus simples."
LR_2024,LR_2024_541,EURO,2024,LR,Il faut libérer la contrainte qui pèse sur les baux en France en simplifiant les contrats de location et en facilitant l’expulsion en cas de squat ou de nonpaiement du loyer.
LR_2024,LR_2024_542,EURO,2024,LR,"Les termes des contrats de location doivent être librement choisis par les parties, les seules contraintes étant celles liées à la sécurité des personnes."
LR_2024,LR_2024_543,EURO,2024,LR,Le bail doit valoir titre exécutoire et l’Etat doit apporter systématiquement le concours de la force publique pour réaliser les expulsions.
LR_2024,LR_2024_544,EURO,2024,LR,"5 — Pour maintenir la cohésion du continent européen, l’Europe doit maîtriser ses frontières extérieures."
LR_2024,LR_2024_545,EURO,2024,LR,"5 — POUR MAINTENIR LA COHÉSION DU CONTINENT EUROPÉEN, L’EUROPE DOIT MAÎTRISER SES FRONTIÈRES EXTÉRIEURES."
LR_2024,LR_2024_546,EURO,2024,LR,Nous sommes attachés à la liberté de circulation en Europe qui est un des grands acquis de l’UE.
LR_2024,LR_2024_547,EURO,2024,LR,Mais l’un des premiers rôles d’un Etat ou d’une union d’Etats comme l’Europe est de protéger ses frontières.
LR_2024,LR_2024_548,EURO,2024,LR,"Or, les frontières extérieures de l’Union européenne sont des passoires."
LR_2024,LR_2024_549,EURO,2024,LR,Le nombre de passages clandestins détectés dans l’UE a augmenté de 17% en 2023 pour approcher un total de 380 000 migrants irréguliers supplémentaires.
LR_2024,LR_2024_550,EURO,2024,LR,Cette augmentation est la plus élevée depuis la crise migratoire de 2016.
LR_2024,LR_2024_551,EURO,2024,LR,"En 2023, plus d’un million de demandes d’asile ont été déposées dans l’Union européenne, un record depuis 7 ans."
LR_2024,LR_2024_552,EURO,2024,LR,L’Union européenne a un rôle fondamental à jouer dans la lutte contre l’immigration illégale pour protéger et maîtriser les frontières extérieures de l’Europe.
LR_2024,LR_2024_553,EURO,2024,LR,La politique européenne est complémentaire de la politique nationale.
LR_2024,LR_2024_554,EURO,2024,LR,"L’une ne peut être efficace sans l’autre, contrairement à ce qu’affirme Mme Le Pen."
LR_2024,LR_2024_555,EURO,2024,LR,"ASSURER LE CONTRÔLE DES FRONTIÈRES EXTÉRIEURES DE L’UNION EUROPÉENNE EN REDÉPLOYANT DES FONDS EUROPÉENS INUTILES VERS LA CONSTRUCTION D’INFRASTRUCTURES PHYSIQUES À L’EST (MURS, FOSSÉS, CAMÉRAS, INTELLIGENCE ARTIFICIELLE, ETC.)"
LR_2024,LR_2024_556,EURO,2024,LR,ET LE DÉPLOIEMENT DE FORCES MARITIMES EN MÉDITERRANÉE POUR EMPÊCHER L’IMMIGRATION ILLÉGALE.
LR_2024,LR_2024_557,EURO,2024,LR,Les flux migratoires aux frontières extérieures de l’Union européenne doivent être maîtrisés.
LR_2024,LR_2024_558,EURO,2024,LR,L’Union européenne ne peut tolérer des entrées illégales si nombreuses sur son sol.
LR_2024,LR_2024_559,EURO,2024,LR,"Alors que la Commission européenne et Emmanuel Macron l’ont refusé en 2021, il est indispensable que l’Union aide les États membres concernés, ceux qui sont en première ligne des frontières extérieures de l’Europe, à construire les infrastructures physiques nécessaires pour mettre un coup d’arrêt à ce phénomène qui porte atteinte à notre souveraineté, à notre sécurité et à notre cohésion."
LR_2024,LR_2024_560,EURO,2024,LR,"De même, il est nécessaire d’organiser des opérations maritimes européennes, en Méditerranée, mobilisant de nouveaux moyens de surveillance et d’intervention, afin d’empêcher les traversées clandestines qui mettent en péril la vie des migrants et des demandeurs d’asile et enrichissent les réseaux de passeurs."
LR_2024,LR_2024_561,EURO,2024,LR,"A l’Est comme au Sud, nous devons déployer une capacité européenne de dissuasion de l’immigration clandestine."
LR_2024,LR_2024_562,EURO,2024,LR,"DONNER À FRONTEX LA CAPACITÉ OPÉRATIONNELLE ET LE SOUTIEN POLITIQUE NÉCESSAIRES POUR PRÉVENIR, DÉTECTER ET EMPÊCHER L’IMMIGRATION ILLÉGALE ET EXPULSER LES CLANDESTINS D’EUROPE."
LR_2024,LR_2024_563,EURO,2024,LR,"L’agence Frontex qui est chargée d’aider les États membres de l’Union européenne à lutter contre l’immigration illégale doit se concentrer sur 3 grandes missions : prévenir, détecter et empêcher les flux migratoires irréguliers à nos frontières extérieures."
LR_2024,LR_2024_564,EURO,2024,LR,Elle doit devenir une Agence européenne du retour et aider les États membres à éloigner les personnes en situation irrégulière en organisant des retours collectifs.
LR_2024,LR_2024_565,EURO,2024,LR,Ses effectifs doivent être portés de 10 000 à 30 000 agents et elle doit être dotée des équipements les plus modernes possibles.
LR_2024,LR_2024_566,EURO,2024,LR,TRANSFÉRER LA GESTION DES DEMANDES D’ASILE DANS DES CENTRES D’ACCUEIL FERMÉS SITUÉS AUX FRONTIÈRES EXTÉRIEURES DE L’UNION EUROPÉENNE EN LIEN AVEC FRONTEX ET L’AGENCE EUROPÉENNE DE L’ASILE.
LR_2024,LR_2024_567,EURO,2024,LR,"Une fois que les étrangers sont entrés sur le territoire de l’Union européenne, il est très difficile de les éloigner si on leur refuse le statut de réfugié (moins d’un tiers d’entre eux obtiennent ce statut)."
LR_2024,LR_2024_568,EURO,2024,LR,Il faut créer des centres d’accueil fermés qui seront l’équivalent de zones internationales dans les aéroports.
LR_2024,LR_2024_569,EURO,2024,LR,"Ils seront mis en place dans les pays les plus exposés aux arrivées par la mer (Malte, Italie, Grèce, Espagne) et par la terre (Roumanie, Pologne, Croatie, Bulgarie, Grèce)."
LR_2024,LR_2024_570,EURO,2024,LR,Les demandeurs d’asile secourus en mer à proximité des côtes européennes ou accostant sur ces côtes y seront regroupés sans possibilité d’en sortir pendant tout l’examen de leur demande d’asile.
LR_2024,LR_2024_571,EURO,2024,LR,"Contrairement aux dispositions du Pacte européen sur la migration et l’asile, ces mesures de rétention doivent pouvoir être mises en oeuvre unilatéralement par les États concernés."
LR_2024,LR_2024_572,EURO,2024,LR,"Si l’asile leur est refusé, ils seront directement reconduits vers leurs pays d’origine avec l’appui de Frontex."
LR_2024,LR_2024_573,EURO,2024,LR,INSTAURER AU NIVEAU EUROPÉEN UNE LISTE DE « PAYS D’ORIGINE SÛRS » ET UNE LISTE DE « PAYS TIERS SÛRS » AVEC LESQUELS L’UNION EUROPÉENNE POURRA COOPÉRER POUR GÉRER LES FLUX MIGRATOIRES.
LR_2024,LR_2024_574,EURO,2024,LR,Les demandes d’asile de ressortissants venant des « pays d’origine sûrs » (comme l’Albanie) seront frappées d’une présomption d’irrecevabilité qui pourra être confirmée par un examen très rapide du dossier.
LR_2024,LR_2024_575,EURO,2024,LR,"En cas de rejet de leurs demandes, ces demandeurs d’asile seront immédiatement renvoyés vers leurs « pays d’origine sûrs »."
LR_2024,LR_2024_576,EURO,2024,LR,La coopération avec des « pays tiers sûrs » permettra de renvoyer les demandeurs d’asile vers ces pays quand ils sont interceptés dans les eaux internationales en Méditerranée.
LR_2024,LR_2024_577,EURO,2024,LR,Ces pays seront alors responsables du traitement de leur demande d’asile.
LR_2024,LR_2024_578,EURO,2024,LR,LE CONSEIL EUROPÉEN DOIT FIXER À LA COMMISSION DES OBJECTIFS CHIFFRÉS DE RÉDUCTION DES FRANCHISSEMENTS IRRÉGULIERS DES FRONTIÈRES EXTÉRIEURES DE L’UNION ET D’AUGMENTATION DES TAUX D’ÉLOIGNEMENT ET ÉTABLIR UN VÉRITABLE SCHENGEN GROUPE AU NIVEAU EUROPÉEN (À L’IMAGE DE L’EUROGROUPE).
LR_2024,LR_2024_579,EURO,2024,LR,La lutte contre l’immigration illégale souffre aujourd’hui d’un manque de pilotage politique.
LR_2024,LR_2024_580,EURO,2024,LR,Le Conseil européen des chefs d’Etat et de gouvernement doit être davantage impliqué sur ce sujet fondamental.
LR_2024,LR_2024_581,EURO,2024,LR,Il lui reviendra de fixer de manière annuelle et pluriannuelle des objectifs chiffrés et une trajectoire pour faire baisser les franchissements irréguliers aux frontières extérieures de l’Union européenne et augmenter le nombre des éloignements.
LR_2024,LR_2024_582,EURO,2024,LR,INSTAURER UN « CHOC DE CONDITIONNALITÉ » DANS LES RELATIONS DIPLOMATIQUES DE L’UNION EUROPÉENNE AVEC LES PAYS TIERS.
LR_2024,LR_2024_583,EURO,2024,LR,AUCUNE COOPÉRATION NE POURRA EXISTER SANS UN ACCORD COMPLET DANS LE DOMAINE MIGRATOIRE ET LA REPRISE DES CLANDESTINS PAR LES PAYS D’ORIGINE.
LR_2024,LR_2024_584,EURO,2024,LR,Les pays tiers à l’Union européenne doivent accepter de reprendre leurs ressortissants en situation irrégulière en Europe.
LR_2024,LR_2024_585,EURO,2024,LR,"Nous devons utiliser l’ensemble des instruments régaliens (comme les visas), économiques (accès au marché intérieur) et financiers (Aide publique au développement) pour contraindre, par des mesures de suspension de ces facilités, les pays qui ne coopèrent pas avec l’Union européenne dans le domaine migratoire."
LR_2024,LR_2024_586,EURO,2024,LR,La règle doit être simple : aucune aide au développement et aucun visa pour les pays qui ne signent pas ou n’appliquent pas d’accord de réadmission.
LR_2024,LR_2024_587,EURO,2024,LR,INSTAURER DES SANCTIONS FINANCIÈRES À L’ENCONTRE DES PAYS NON COOPÉRATIFS EN MATIÈRE DE LUTTE CONTRE L’IMMIGRATION ILLÉGALE OU EN MATIÈRE DE RÉADMISSION.
LR_2024,LR_2024_588,EURO,2024,LR,"Il faut mettre en place un dispositif de gel des avoirs et des biens situés en Europe appartenant à des Etats ou à des dirigeants d’Etats non coopératifs en matière de lutte contre l’immigration illégale et de réadmission des clandestins, ainsi qu’aux personnes soupçonnées de contribuer au trafic de migrants."
LR_2024,LR_2024_589,EURO,2024,LR,Il faut également suspendre les transferts de fonds de l’Union européenne vers les pays non coopératifs.
LR_2024,LR_2024_590,EURO,2024,LR,"METTRE EN PLACE UNE « CLAUSE DE SAUVEGARDE » POUR PERMETTRE AUX ÉTATS MEMBRES DE RÉTABLIR DES CONTRÔLES AUX FRONTIÈRES INTÉRIEURES DE L’UNION EN CAS D’URGENCE, SANS L’ACCORD DE LA COMMISSION EUROPÉENNE."
LR_2024,LR_2024_591,EURO,2024,LR,"Même si la reprise des contrôles aux frontières intérieures de l’Union européenne, qui devait être une exception, est devenue une situation pérenne depuis 2015 et les attentats de Paris, il faut que les États membres puissent rétablir les contrôles à leurs frontières intérieures en cas de besoin sans l’accord préalable de la Commission européenne."
LR_2024,LR_2024_592,EURO,2024,LR,Ils doivent aussi pouvoir prononcer des refus d’admission sur leur territoire d’étrangers en situation irrégulière venant d’autres États membres et les renvoyer directement comme ils peuvent le faire aux frontières extérieures de l’Union européenne.
LR_2024,LR_2024_593,EURO,2024,LR,L’Union européenne doit aussi financer des campagnes de communication sur les réseaux sociaux et dans les pays de transit et d’origine pour dissuader la migration économique et la dangereuse traversée de la mer Méditerranée.
LR_2024,LR_2024_594,EURO,2024,LR,"En moins d’une décennie, près de 28 000 personnes migrantes ont perdu la vie en traversant la mer Méditerranée."
LR_2024,LR_2024_595,EURO,2024,LR,C’est inacceptable.
LR_2024,LR_2024_596,EURO,2024,LR,CONDITIONNER LE VERSEMENT DES PRESTATIONS SOCIALES NON CONTRIBUTIVES À 3 ANS DE RÉSIDENCE RÉGULIÈRE DANS TOUTE L’UNION EUROPÉENNE ET PERMETTRE AUX ÉTATS MEMBRES DE RÉGULER COMME ILS LE SOUHAITENT LE REGROUPEMENT FAMILIAL.
LR_2024,LR_2024_597,EURO,2024,LR,Le modèle social européen doit perdre en attractivité.
LR_2024,LR_2024_598,EURO,2024,LR,Nous proposons que le versement des prestations sociales non contributives aux étrangers soit conditionné à 3 ans de résidence régulière dans tous les pays de l’Union européenne.
LR_2024,LR_2024_599,EURO,2024,LR,"Il faut parallèlement supprimer toutes les règles dérogatoires accordées en faveur de certains ressortissants pour l’accès à certaines prestations : par exemple, pour le RSA et l’allocation de solidarité aux personnes âgées (ASPA, ex-minimum vieillesse) qui, en France, sont accordées sans aucune condition de durée de résidence régulière en vertu d’accords bilatéraux passés avec certains pays comme l’Algérie ou le Gabon."
LR_2024,LR_2024_600,EURO,2024,LR,Il faut enfin réformer la directive de 2003 sur le regroupement familial pour permettre aux États membres d’en durcir partout les conditions.
LR_2024,LR_2024_601,EURO,2024,LR,CRÉER UNE FORCE DE POLICE EUROPÉENNE CONTRE LE TRAFIC DE DROGUE.
LR_2024,LR_2024_602,EURO,2024,LR,Le nombre de passages aux urgences en lien avec la cocaïne a triplé en une décennie.
LR_2024,LR_2024_603,EURO,2024,LR,Sa consommation se banalise et touche tous les milieux sociaux.
LR_2024,LR_2024_604,EURO,2024,LR,"Le trafic de grandes quantités de cocaïne par l’intermédiaire des principaux ports d’Europe, dans des conteneurs maritimes, explique la diffusion massive et inquiétante de cette drogue en Europe, y compris dans les zones rurales."
LR_2024,LR_2024_605,EURO,2024,LR,"Comme il existe avec Frontex un corps de gardecôtes et de garde-frontières européens, il est nécessaire de créer une véritable force de police européenne contre le trafic de drogues et les narco-trafiquants."
LR_2024,LR_2024_606,EURO,2024,LR,Le trafic de drogue doit constituer une des premières priorités d’Europol dont les effectifs doivent être doublés de 1 400 à 3 000 par redéploiements L’Europe doit également prendre des sanctions au niveau européen contre les pays producteurs de drogues qui ne coopèrent pas.
LR_2024,LR_2024_607,EURO,2024,LR,"Il faut enfin impliquer les compagnies maritimes pour qu’elles se mobilisent plus dans la lutte contre les trafics de produits en tous genres, dont les stupéfiants."
LR_2024,LR_2024_608,EURO,2024,LR,ET AU NIVEAU FRANÇAIS ?
LR_2024,LR_2024_609,EURO,2024,LR,Seule une action forte et simultanée au niveau français et au niveau européen permettra de reprendre le contrôle de nos frontières et de choisir librement qui a le droit de résider sur notre territoire.
LR_2024,LR_2024_610,EURO,2024,LR,"Les Républicains proposent depuis un an une réforme constitutionnelle pour mettre en place des quotas migratoires annuels votés par le Parlement (y compris pour le regroupement familial), expulser systématiquement les étrangers qui présentent un danger pour l’ordre public du territoire français et traiter les demandes d’asile dans des centres fermés comme cela se pratique déjà dans plusieurs pays de l’Union européenne."
LR_2024,LR_2024_611,EURO,2024,LR,Emmanuel Macron et son gouvernement ont rejeté cette proposition de réforme constitutionnelle avec mépris en décembre 2023.
LR_2024,LR_2024_612,EURO,2024,LR,"Nous avons également fait voter au Parlement de nombreux amendements à la loi immigration en décembre 2023 pour en faire une loi de fermeté (durcissement des conditions pour bénéficier du regroupement familial, rétablissement du délit de séjour irrégulier sur notre territoire, conditionnement de l’aide au développement à la coopération des Etats bénéficiaires en matière migratoire, débat annuel au Parlement sur les questions migratoires et possibilité pour les parlementaires de fixer des quotas migratoires annuels, durcissement des conditions du bénéfice du droit du sol pour l’accès à la nationalité française sur l’ensemble du territoire français – avec la fin de l’automaticité et la nécessité d’une manifestation de la volonté : retour au régime de la loi « Pasqua » de 1993, en vigueur entre 1993 et 1998)."
LR_2024,LR_2024_613,EURO,2024,LR,"Le Gouvernement n’a pas défendu ces dispositions devant le Conseil constitutionnel, qui les a censurées le 25 janvier 2024 pour un motif de procédure."
LR_2024,LR_2024_614,EURO,2024,LR,"Enfin, nous avons souhaité rendre la parole aux Français par l’intermédiaire d’un Référendum d’Initiative Partagée (RIP) concernant les conséquences sociales de l’immigration (transformation de l’Aide Médicale d’Etat – AME – en Aide Médicale d’Urgence – AMU ; conditionnalité du versement de plusieurs prestations sociales non contributives – APL, prestations familiales, etc., à une durée minimale de présence régulière sur notre territoire national ; interdiction d’octroyer des tarifs privilégiés dans certains services publics, notamment les transports, aux étrangers en situation irrégulière etc.), mais le Gouvernement s’y est, de nouveau, opposé."
LR_2024,LR_2024_615,EURO,2024,LR,"6 — Pour se rapprocher des citoyens, l’Europe doit Privilégier les grands projets et mettre en oeuvre la volonté exprimée par les institutions représentatives des peuples européens."
LR_2024,LR_2024_616,EURO,2024,LR,"6 — POUR SE RAPPROCHER DES CITOYENS, L’EUROPE DOIT PRIVILÉGIER LES GRANDS PROJETS D’INTÉRÊT GÉNÉRAL EUROPÉEN ET METTRE EN OEUVRE LA VOLONTÉ EXPRIMÉE PAR LES INSTITUTIONS REPRÉSENTATIVES DES PEUPLES EUROPÉENS."
LR_2024,LR_2024_617,EURO,2024,LR,"Contrairement à l’illusion macroniste d’une Europe qui doit s’occuper de tout, nous proposons une Europe qui se concentre sur les grands projets d’intérêt européen."
LR_2024,LR_2024_618,EURO,2024,LR,"L’Europe que nous voulons est aussi une Europe efficace qui ne se mêle pas de tous les sujets, qui respecte les prérogatives de ses États membres et dans laquelle les intérêts de la France sont défendus avec efficacité."
LR_2024,LR_2024_619,EURO,2024,LR,Nous respectons les institutions européennes chargées de poursuivre l’intérêt de l’Union (Commission européenne ; Cour de justice de l’Union européenne).
LR_2024,LR_2024_620,EURO,2024,LR,Nous savons ce qu’elles ont apporté à la réalisation du projet européen.
LR_2024,LR_2024_621,EURO,2024,LR,"Mais, avec le temps, ces institutions se sont bureaucratisées et semblent avoir oublié qu’elles sont au service des peuples européens, et non de leur propre agenda."
LR_2024,LR_2024_622,EURO,2024,LR,FAIRE RESPECTER LA RÉPARTITION DES COMPÉTENCES ET LE PRINCIPE DE SUBSIDIARITÉ PRÉVUS PAR LES TRAITÉS ENTRE L’UNION EUROPÉENNE ET SES ÉTATS MEMBRES.
LR_2024,LR_2024_623,EURO,2024,LR,"Par des interprétations constructives, la Commission européenne et la Cour de justice de l’Union européenne ne cessent d’étendre les compétences de l’Union européenne au-delà des limites des traités fondateurs."
LR_2024,LR_2024_624,EURO,2024,LR,"C’est cette extension qui conduit l’Europe à s’occuper de tout, y compris de sujets clairement réservés par les traités aux États membres comme la sauvegarde de l’ordre public, la lutte contre la criminalité, la défense de l’intégrité du territoire ou la préservation de la sécurité nationale."
LR_2024,LR_2024_625,EURO,2024,LR,"Dans tous ces domaines, l’Europe peut aider."
LR_2024,LR_2024_626,EURO,2024,LR,Elle ne doit pas empêcher ou interdire.
LR_2024,LR_2024_627,EURO,2024,LR,"C’est pourquoi nous demanderons qu’une revue générale des politiques publiques européennes soit entreprise afin que la valeur ajoutée de chaque politique européenne soit évaluée et que les politiques inefficaces soient abandonnées au profit des États membres ou de coopérations renforcées, qui sont insuffisamment utilisées."
LR_2024,LR_2024_628,EURO,2024,LR,Nous voulons également que le Conseil européen puisse revenir sur une jurisprudence de la Cour de justice de l’Union européenne qui ne respecte pas les compétences des États membres ou le principe de subsidiarité.
LR_2024,LR_2024_629,EURO,2024,LR,"De même, nous voulons permettre aux juridictions suprêmes françaises (Conseil constitutionnel, Conseil d’Etat, Cour de cassation) d’écarter un acte de l’Union européenne ou une jurisprudence de la Cour de justice qui ne respecte pas les limites de compétence attribuées à l’Union par les traités (contrôle de l’ultra vires), à l’instar de l’Allemagne, du Danemark ou de la République tchèque."
LR_2024,LR_2024_630,EURO,2024,LR,POUR UNE EUROPE DES PROJETS ET PAS UNE EUROPE DES NORMES.
LR_2024,LR_2024_631,EURO,2024,LR,L’inflation normative est une calamité européenne.
LR_2024,LR_2024_632,EURO,2024,LR,"La Commission européenne, qui a le monopole de l’initiative législative, doit cesser d’être une machine à produire des normes."
LR_2024,LR_2024_633,EURO,2024,LR,"Quand les États-Unis innovent, quand la Chine produit, l’Europe se noie dans un océan de réglementations."
LR_2024,LR_2024_634,EURO,2024,LR,"En 2023, l’Union européenne a publié 570 actes juridiques de nature législative, plus de dix par semaine, dont certains de plusieurs centaines de pages et totalement incompréhensibles."
LR_2024,LR_2024_635,EURO,2024,LR,"Pour chaque projet de norme nouvelle, nous proposons que la Commission, qui a le monopole de l’initiative législative, soit tenue de faire une proposition alternative sous formes de mesures concrètes non normatives permettant d’atteindre le même objectif."
LR_2024,LR_2024_636,EURO,2024,LR,"AUGMENTER L’ESPÉRANCE DE VIE EN BONNE SANTÉ EN INVESTISSANT DANS DES PROGRAMMES DE RECHERCHE EUROPÉENS POUR TROUVER DES TRAITEMENTS EFFICACES CONTRE LE CANCER, LES MALADIES LIÉES AU VIEILLISSEMENT, LE DIABÈTE, L’ENDOMÉTRIOSE ET LES MALADIES MENTALES."
LR_2024,LR_2024_637,EURO,2024,LR,Le cancer est la deuxième cause de mortalité dans les pays de l’Union européenne après les maladies cardiovasculaires.
LR_2024,LR_2024_638,EURO,2024,LR,"Chaque année, un cancer est diagnostiqué chez 2,6 millions de personnes et 1,2 million en meurent."
LR_2024,LR_2024_639,EURO,2024,LR,Un tiers de la population européenne – soit 179 millions d’individus – est touché par au moins un trouble du cerveau.
LR_2024,LR_2024_640,EURO,2024,LR,"De même, dans l’Union européenne, plus de 33 millions de personnes vivent avec un diabète, soit un adulte sur dix."
LR_2024,LR_2024_641,EURO,2024,LR,"Enfin, avec l’augmentation de l’espérance de vie, de nombreux Européens et leurs familles sont touchés par les terribles maladies du vieillissement, dont les maladies d’Alzheimer et de Parkinson."
LR_2024,LR_2024_642,EURO,2024,LR,Il s’agit d’un enjeu européen majeur pour lequel une intervention de l’Europe est justifiée.
LR_2024,LR_2024_643,EURO,2024,LR,"Nous voulons donc doubler, par redéploiement de dépenses actuellement inutiles, le budget de l’Union européenne consacré à la recherche et à l’innovation pour la période 2024-2027 tout en fixsant l’objectif de 4% du PIB européen consacré à la recherche et à l’innovation (publiques et privées) d’ici à 2030."
LR_2024,LR_2024_644,EURO,2024,LR,"CONSTITUER DES STOCKS STRATÉGIQUES EUROPÉENS DE PRODUITS PHARMACEUTIQUES, D’ÉQUIPEMENTS MÉDICAUX ET DE VACCINS, DÉPLOYER UNE POLITIQUE DE RELOCALISATION DE L’INDUSTRIE PHARMACEUTIQUE EN EUROPE ET ASSURER NOTRE AUTONOMIE STRATÉGIQUE DANS LE DOMAINE DE LA SANTÉ."
LR_2024,LR_2024_645,EURO,2024,LR,La crise sanitaire de la Covid-19 a montré l’état de dépendance de l’Union européenne aux pays tiers.
LR_2024,LR_2024_646,EURO,2024,LR,"Les pénuries de médicaments au sein de l’Union ont été multipliées par vingt entre 2000 et 2018, pénuries particulièrement marquées pour les médicaments essentiels. 40% des médicaments commercialisés dans l’Union proviennent de pays tiers, 60 à 80% des principes actifs des médicaments pharmaceutiques sont fabriqués en Inde ou en Chine."
LR_2024,LR_2024_647,EURO,2024,LR,"L’Inde et la Chine produisent 60% du paracétamol, 90% de la pénicilline et 50% de l’ibuprofène dans le monde."
LR_2024,LR_2024_648,EURO,2024,LR,"Au-delà de la constitution de stocks stratégiques, nous proposons de définir à l’échelle de l’Union une stratégie de lutte contre les risques de pénuries de médicaments et de relocalisation des productions en Europe en créant un fonds européen dédié à la relocalisation des industries pharmaceutiques mais aussi en simplifiant les procédures de mise sur le marché des médicaments pour permettre un accès plus rapide aux soins."
LR_2024,LR_2024_649,EURO,2024,LR,L’Europe doit contribuer à assurer notre autonomie stratégique dans le domaine de la santé.
LR_2024,LR_2024_650,EURO,2024,LR,"DÉVELOPPER LES GRANDES INFRASTRUCTURES EUROPÉENNES, EN PARTICULIER LES INFRASTRUCTURES FERROVIAIRES."
LR_2024,LR_2024_651,EURO,2024,LR,Le transport ferroviaire ne représente qu’une part minimale des émissions de CO2.
LR_2024,LR_2024_652,EURO,2024,LR,"Il faut donc d’urgence investir dans le développement et la modernisation des infrastructures ferroviaires pour améliorer les connexions à travers l’Europe, en particulier les interconnexions à grande vitesse comme le projet Lyon-Turin."
LR_2024,LR_2024_653,EURO,2024,LR,"En 2020, le transport routier représentait encore les trois quarts (74,4%) du transport intérieur de marchandises de l’UE alors que le transport ferroviaire en représentait 16,1% (sur la base des tonnes-kilomètres effectuées)."
LR_2024,LR_2024_654,EURO,2024,LR,"L’Europe doit financer un grand programme de développement du transport ferroviaire sur tout le continent (passagers et fret, urbain et interurbain) et faire progresser le Réseau transeuropéen de transport (RTE-T)."
LR_2024,LR_2024_655,EURO,2024,LR,DÉVELOPPER UN RÉSEAU D’HÔPITAUX EUROPÉENS DE HAUT NIVEAU DANS UN CADRE TRANSFRONTALIER.
LR_2024,LR_2024_656,EURO,2024,LR,"Le premier hôpital transfrontalier européen de Cerdagne, situé dans les Pyrénées espagnoles, a ouvert ses portes en septembre 2014 et soulage des milliers de Français des Pyrénées-Orientales qui devaient jusque-là rouler jusqu’à 100 kilomètres pour se faire soigner."
LR_2024,LR_2024_657,EURO,2024,LR,Nous souhaitons favoriser les pôles transfrontaliers de médecine hospitalière partout en Europe (Hauts-de-France/ Belgique ; Grand-Est/Luxembourg et Allemagne ; Auvergne-Rhône-Alpes/ Italie ; Occitanie et Nouvelle-Aquitaine/ Espagne) de façon à lutter plus efficacement contre les déserts médicaux et mutualiser l’excellence médicale européenne.
LR_2024,LR_2024_658,EURO,2024,LR,ÉTENDRE LE PROGRAMME ERASMUS VERS DE NOUVEAUX PUBLICS POUR FACILITER LA MOBILITÉ DES JEUNES GÉNÉRATIONS ET LA DÉCOUVERTE DE NOS CULTURES NATIONALES ET DE NOTRE CULTURE EUROPÉENNE COMMUNE.
LR_2024,LR_2024_659,EURO,2024,LR,"Malgré sa grande réussite depuis sa création, le programme Erasmus est encore trop axé sur les jeunes urbains."
LR_2024,LR_2024_660,EURO,2024,LR,Nous souhaitons le développer et le démocratiser en permettant aux jeunes qui vivent dans les secteurs ruraux d’en bénéficier pleinement.
LR_2024,LR_2024_661,EURO,2024,LR,"Par ailleurs, seulement 2% des apprentis bénéficient de ce programme : nous devons donc faire en sorte qu’Erasmus se démocratise davantage."
LR_2024,LR_2024_662,EURO,2024,LR,Nous proposons aussi que le programme Erasmus touche des publics plus jeunes.
LR_2024,LR_2024_663,EURO,2024,LR,"Dans l’enseignement secondaire (collège et lycée), tous les élèves français et européens devraient avoir la possibilité d’effectuer au moins un échange ou un voyage dans l’Union européenne au cours de leur scolarité."
LR_2024,LR_2024_664,EURO,2024,LR,ÉTABLIR À L’ÉCHELLE DE L’UNION EUROPÉENNE UN VÉRITABLE DROIT DE PROPRIÉTÉ SUR NOS DONNÉES PERSONNELLES POUR REDONNER DE LA MAÎTRISE AUX CITOYENS FACE À LA DOMINATION DES GRANDES ENTREPRISES AMÉRICAINES (GAFAM) ET CHINOISES (TIKTOK).
LR_2024,LR_2024_665,EURO,2024,LR,Le droit de propriété a constitué une source de liberté et d’émancipation dans l’histoire.
LR_2024,LR_2024_666,EURO,2024,LR,"Il s’agit aujourd’hui de l’adapter au monde numérique dans lequel nous vivons en permettant à chaque individu de choisir ce qu’il souhaite faire de ses données personnelles, nerf de la guerre pour les entreprises du numérique."
LR_2024,LR_2024_667,EURO,2024,LR,Un individu devrait pouvoir choisir de privilégier sa vie privée ou de vendre ses données personnelles à certains ou tous les grands acteurs du numérique.
LR_2024,LR_2024_668,EURO,2024,LR,"Comme le font les Etats-Unis, nous proposons que l’Union européenne interdise les plateformes et les réseaux sociaux sous le contrôle de gouvernements autoritaires comme TikTok qui est clairement sous le contrôle du gouvernement chinois."
LR_2024,LR_2024_669,EURO,2024,LR,Les réseaux sociaux doivent également être interdits aux jeunes avant l’âge de 15 ans dans toute l’Union européenne en créant une majorité numérique.
LR_2024,LR_2024_670,EURO,2024,LR,DÉFENDRE LA CIVILISATION EUROPÉENNE CONTRE LES IDÉOLOGIES QUI VEULENT LA DISCRÉDITER ET DÉPOLITISER LA SCIENCE.
LR_2024,LR_2024_671,EURO,2024,LR,Nous sommes fiers de nos identités nationales et européenne ainsi que de nos cultures.
LR_2024,LR_2024_672,EURO,2024,LR,"Nous souhaitons interdire toute forme de financement par les institutions européennes d’idéologies qui cherchent à discréditer la culture européenne (wokisme, islamisme, etc.), notamment dans le domaine de la communication, de la recherche et de l’enseignement."
LR_2024,LR_2024_673,EURO,2024,LR,Nous sommes favorables au financement public de la recherche et de l’enseignement et à la liberté académique.
LR_2024,LR_2024_674,EURO,2024,LR,Mais nous souhaitons que l’argent du contribuable européen soit utilisé pour la mission qui lui est confiée : faire de la recherche scientifique (et non militante) et enseigner l’esprit critique aux étudiants sans diffuser des idéologies qui s’opposent aux valeurs de notre civilisation.
LR_2024,LR_2024_675,EURO,2024,LR,FAIRE DU DÉVELOPPEMENT DES OUTRE-MER UNE PRIORITÉ POUR L’UNION EUROPÉENNE.
LR_2024,LR_2024_676,EURO,2024,LR,"Hors du continent européen, 22 territoires répartis sur l’ensemble du globe font partie de l’Union européenne ou entretiennent des liens privilégiés avec elle, ce sont les régions ultrapériphériques (RUP) et les pays et territoires d’outre-mer au sens du droit européen."
LR_2024,LR_2024_677,EURO,2024,LR,Leur prospérité doit constituer une priorité pour l’Union européenne au cours des années à venir.
LR_2024,LR_2024_678,EURO,2024,LR,Nous nous battrons au Parlement européen pour que les fonds structurels européens qui contribuent au développement des Outre-mer soient maintenus et pour que les procédures pour les obtenir soient allégées.
LR_2024,LR_2024_679,EURO,2024,LR,"Nous souhaitons également que les Outre-mer bénéficient au maximum des grands programmes européens comme le programme Erasmus, le Corps européen de solidarité ou le programme de recherche Horizon Europe."
LR_2024,LR_2024_680,EURO,2024,LR,"Nous voulons que des détachements de Frontex soient mobilisés dans ces territoires, en particulier à Mayotte et en Guyane, pour aider à lutter plus efficacement contre l’immigration illégale."
LR_2024,LR_2024_681,EURO,2024,LR,ET AU NIVEAU FRANÇAIS ?
LR_2024,LR_2024_682,EURO,2024,LR,"Avec Emmanuel Macron, l’influence de la France dans les institutions européennes s’est considérablement réduite."
LR_2024,LR_2024_683,EURO,2024,LR,"Paradoxalement, le Brexit n’a pas diminué l’usage de l’anglais au sein des institutions européennes."
LR_2024,LR_2024_684,EURO,2024,LR,"Enfin, les effectifs de la Commission européenne ne comptent que 10% de Français, ce qui est inférieur à notre poids dans la population de l’Union européenne ou ses ressources, et le nombre de Français à des postes à haute responsabilité décline."
LR_2024,LR_2024_685,EURO,2024,LR,"Nous proposons que la France déploie une stratégie d’influence globale dans toutes les institutions européennes, comme le fait efficacement l’Allemagne."
LR_2024,LR_2024_686,EURO,2024,LR,Nous souhaitons qu’un maximum de Français y travaillent.
LR_2024,LR_2024_687,EURO,2024,LR,"Nous voulons réaffirmer que la Constitution est la norme juridique suprême en France audessus du droit de l’Union européenne, comme l’a fait l’Allemagne."
LR_2024,LR_2024_688,EURO,2024,LR,Nous proposons également que les pouvoirs des parlements nationaux soient renforcés pour contrôler l’action de la Commission européenne : un tiers des parlements nationaux des États membres devraient pouvoir bloquer une initiative législative de la Commission européenne qui ne respecte pas le champ des compétences de l’Union européenne.
LR_2024,LR_2024_689,EURO,2024,LR,"Enfin, nous défendons l’usage de la langue française dans les institutions européennes."
LR_2024,LR_2024_690,EURO,2024,LR,Les sites des institutions européennes doivent être systématiquement traduits en français et dans un maximum de langues européennes.
LR_2024,LR_2024_691,EURO,2024,LR,Nous nous opposerons à toute tentative de transfert du Parlement européen de Strasbourg à Bruxelles.
LR_2024,LR_2024_692,EURO,2024,LR,HUIT VICTOIRES DE LA DROITE AU PARLEMENT EUROPÉEN.
LR_2024,LR_2024_693,EURO,2024,LR,"Voter pour la liste Les Républicains menée par François-Xavier Bellamy, c’est voter pour une équipe compétente, engagée, qui maîtrise les processus décisionnels européens et qui, par sa présence continue au Parlement européen au cours de la mandature précédente, a engrangé de nombreux succès."
LR_2024,LR_2024_694,EURO,2024,LR,1) POUR LE POUVOIR D’ACHAT DES FRANÇAIS : UNE MEILLEURE MAÎTRISE DU PRIX DE L’ÉLECTRICITÉ.
LR_2024,LR_2024_695,EURO,2024,LR,Nous avons obtenu que le prix de l’électricité ne soit plus lié à celui du gaz.
LR_2024,LR_2024_696,EURO,2024,LR,"Notre pays retrouve ainsi l’atout de son énergie nucléaire grâce auquel les prix de l’électricité sont plus faibles, malgré le choix du gouvernement d’augmenter les taxes sur l’électricité."
LR_2024,LR_2024_697,EURO,2024,LR,2) UNE PROTECTION PLUS EFFICACE DE NOS FRONTIÈRES CONTRE L’IMMIGRATION ILLÉGALE.
LR_2024,LR_2024_698,EURO,2024,LR,Nous avons obtenu l’augmentation du budget de Frontex pour mieux contrôler les frontières extérieures de l’Union.
LR_2024,LR_2024_699,EURO,2024,LR,"Nous avons obtenu le début du financement de barrières physiques aux frontières de l’Europe, une mesure cruciale pour réduire les flux migratoires irréguliers."
LR_2024,LR_2024_700,EURO,2024,LR,Nous avons obtenu que la Commission européenne renonce à une répartition obligatoire des demandeurs d’asile entre les États membres de l’Union européenne et défendu une solidarité européenne fondée sur un soutien financier ou logistique aux Etats de première ligne.
LR_2024,LR_2024_701,EURO,2024,LR,3) UN SOUTIEN SANS FAILLE À NOS AGRICULTEURS.
LR_2024,LR_2024_702,EURO,2024,LR,Nous avons obtenu la garantie du maintien des fonds européens de la Politique agricole commune (PAC) pour nos agriculteurs.
LR_2024,LR_2024_703,EURO,2024,LR,"Nous avons empêché le gel de 10% des surfaces agricoles que souhaitaient imposer à nos agriculteurs les macronistes, les écologistes et les socialistes."
LR_2024,LR_2024_704,EURO,2024,LR,4) UN COMBAT POUR NOTRE FILIÈRE NUCLÉAIRE.
LR_2024,LR_2024_705,EURO,2024,LR,Nous avons obtenu que la filière nucléaire bénéficie du plan de relance européen.
LR_2024,LR_2024_706,EURO,2024,LR,"Nous avons toujours défendu notre filière nucléaire au niveau européen qui permet aux ménages et aux entreprises d’avoir accès à une énergie bon marché, pilotable et décarbonée."
LR_2024,LR_2024_707,EURO,2024,LR,"Grâce à l’énergie nucléaire, nous préservons notre souveraineté et notre indépendance."
LR_2024,LR_2024_708,EURO,2024,LR,5) ENVIRONNEMENT : UNE LUTTE CONTRE LES POLLUEURS EXTRAEUROPÉENS.
LR_2024,LR_2024_709,EURO,2024,LR,Nous avons fait adopter la barrière écologique aux frontières de l’Union européenne pour taxer les importations en provenance des pays les plus pollueurs comme la Chine.
LR_2024,LR_2024_710,EURO,2024,LR,Cette barrière protège l’environnement et protège aussi nos producteurs d’une concurrence déloyale.
LR_2024,LR_2024_711,EURO,2024,LR,"Nous nous sommes opposés aux incohérences du Pacte vert européen et avons refusé des accords de libre-échange défavorables à nos producteurs comme celui avec les pays du Mercosur (Argentine, Brésil, Paraguay, Uruguay) ou avec la Nouvelle-Zélande."
LR_2024,LR_2024_712,EURO,2024,LR,6) RENFORCEMENT DE NOTRE INDUSTRIE DE DÉFENSE.
LR_2024,LR_2024_713,EURO,2024,LR,"Pour soutenir nos forces armées, nous avons créé le premier fonds européen de défense : il finance les coopérations industrielles qui garantiront l’indépendance et la sécurité de la France et de l’Europe."
LR_2024,LR_2024_714,EURO,2024,LR,7) REFUS DU « QUOI QU’IL EN COÛTE » ET DE TOUT IMPÔT EUROPÉEN.
LR_2024,LR_2024_715,EURO,2024,LR,Nous nous sommes opposés à ce que la Commission européenne puisse créer de nouveaux impôts dans notre pays sans même obtenir l’accord du Parlement français alors que les macronistes ont voté en faveur de nouveaux impôts européens.
LR_2024,LR_2024_716,EURO,2024,LR,"Nous avons dénoncé le fait que le plan de relance européen, qui a créé s750 milliards d’euros de dettes, ne soit pas financé, ce qui conduira à un alourdissement des prélèvements sur les ménages français et sur nos entreprises."
LR_2024,LR_2024_717,EURO,2024,LR,8) LUTTE CONTRE L’ISLAMISME : NON À LA PROMOTION DU VOILE AVEC DES FONDS EUROPÉENS.
LR_2024,LR_2024_718,EURO,2024,LR,Nous avons fait adopter une disposition interdisant à la Commission européenne de financer la promotion du voile islamique.
LR_2024,LR_2024_719,EURO,2024,LR,Maitriser notre destin.
PCF_2024,PCF_2024_1,EURO,2024,PCF,Gauche Unie pour le monde du travail.
PCF_2024,PCF_2024_2,EURO,2024,PCF,Reprenons la main en France et en Europe.
PCF_2024,PCF_2024_3,EURO,2024,PCF,"À la conquête de nouveaux Jours heureux, une liste de rassemblement pour le monde du travail."
PCF_2024,PCF_2024_4,EURO,2024,PCF,Les élections européennes du 9 juin prochain se dérouleront alors que nos concitoyennes et concitoyens sont assaillis de très graves préoccupations.
PCF_2024,PCF_2024_5,EURO,2024,PCF,Ils et elles sont loin d’être résignés à ce qu’on leur présente comme des fatalités.
PCF_2024,PCF_2024_6,EURO,2024,PCF,"Ils ne veulent ni d’une France rabougrie par un désastre social, ni d’une Europe devenue une machine à broyer les droits et protections du plus grand nombre du fait de traités cherchant à satisfaire les seuls desseins du capital."
PCF_2024,PCF_2024_7,EURO,2024,PCF,"Ils l’ont montré en se levant en masse contre le passage à 64 ans de l’âge du départ à la retraite, pour l’augmentation des salaires, pour défendre leurs services publics."
PCF_2024,PCF_2024_8,EURO,2024,PCF,"Ils et elles se sont retrouvés unis dans le soutien aux agriculteurs, dans les nombreux combats contre les fermetures d’entreprises et pour l’emploi, dans les résistances à l’autoritarisme grandissant du pouvoir en place."
PCF_2024,PCF_2024_9,EURO,2024,PCF,Leur voix n’a pas été entendue.
PCF_2024,PCF_2024_10,EURO,2024,PCF,"Car, sous cette Ve République présidentialiste, comme dans une Union européenne qui s’est construite en piétinant la volonté des citoyennes et des citoyens — à l’image du référendum de 2005 en France, dont le « non » a été cyniquement bafoué —, la démocratie est étouffée."
PCF_2024,PCF_2024_11,EURO,2024,PCF,"Ils et elles ne doivent pas, de nouveau, être ignorés, méprisés."
PCF_2024,PCF_2024_12,EURO,2024,PCF,"L’heure est, en effet, grave."
PCF_2024,PCF_2024_13,EURO,2024,PCF,La paix est menacée aux frontières de l’Europe.
PCF_2024,PCF_2024_14,EURO,2024,PCF,"Partout sur le globe, les logiques de force et de puissances s’imposent, au détriment du droit international et de l’intérêt des peuples."
PCF_2024,PCF_2024_15,EURO,2024,PCF,L’instauration de l’« économie de guerre » annoncée par le président de la République va rendre encore plus difficile le quotidien de chacune et chacun.
PCF_2024,PCF_2024_16,EURO,2024,PCF,Elle va considérablement alourdir la facture des 40 milliards d’économies budgétaires que le Premier ministre justifie au nom des prescriptions austéritaires sur lesquelles viennent de s’accorder les chefs d’État et de gouvernement de toute l’Union européenne.
PCF_2024,PCF_2024_17,EURO,2024,PCF,Et pourtant !
PCF_2024,PCF_2024_18,EURO,2024,PCF,Les salaires ne suffisent plus à vivre dignement.
PCF_2024,PCF_2024_19,EURO,2024,PCF,"Des milliers de familles se serrent la ceinture pour se nourrir, payer les factures, le loyer, l’énergie."
PCF_2024,PCF_2024_20,EURO,2024,PCF,"Les associations caritatives sonnent l’alerte face à l’extrême pauvreté qui frappe la jeunesse, les précaires, les retraité·es."
PCF_2024,PCF_2024_21,EURO,2024,PCF,Les services publics se dégradent.
PCF_2024,PCF_2024_22,EURO,2024,PCF,"Nos communes, nos villages voient leurs budgets étranglés alors qu’elles sont souvent le dernier rempart de l’égalité et de la solidarité, aux fondements de la promesse républicaine."
PCF_2024,PCF_2024_23,EURO,2024,PCF,La nation et l’Europe ne protègent plus l’avenir.
PCF_2024,PCF_2024_24,EURO,2024,PCF,Celui de la jeunesse est confisqué.
PCF_2024,PCF_2024_25,EURO,2024,PCF,"L’école n’offre plus de perspective de réussite pour chaque enfant, alors que les enseignant·es, épuisé·es par les réformes successives, ne demandent qu’à se vouer à leur mission : former les citoyennes et citoyens de demain."
PCF_2024,PCF_2024_26,EURO,2024,PCF,"L’hôpital peine à apporter les soins nécessaires à toutes et tous, en dépit du dévouement des médecins, infirmier·es et personnels de santé."
PCF_2024,PCF_2024_27,EURO,2024,PCF,"Des agriculteurs, des agricultrices se suicident chaque semaine parce que condamnés à la misère."
PCF_2024,PCF_2024_28,EURO,2024,PCF,Les biens essentiels sont devenus des marchandises.
PCF_2024,PCF_2024_29,EURO,2024,PCF,"Se transporter, se chauffer, envoyer un courrier, se loger, trouver un mode de garde, étudier, vieillir dans la dignité sont devenus inaccessibles pour beaucoup."
PCF_2024,PCF_2024_30,EURO,2024,PCF,La France ne produit plus.
PCF_2024,PCF_2024_31,EURO,2024,PCF,Son industrie a été ravagée par les logiques de profitabilité et de concurrence à tout-va n’ayant servi que le grand patronat et les multinationales.
PCF_2024,PCF_2024_32,EURO,2024,PCF,"La pénurie d’antibiotiques en dit long à cet égard, alors que la crise du Covid avait auparavant prouvé l’urgence de retrouver notre souveraineté industrielle, sanitaire, alimentaire, numérique."
PCF_2024,PCF_2024_33,EURO,2024,PCF,"Quant à la bataille contre le dérèglement climatique, elle est en panne alors que les inondations ou les pénuries d’eau voient les populations concernées réduites à assister, impuissantes, à ces nouveaux désastres écologiques."
PCF_2024,PCF_2024_34,EURO,2024,PCF,"Mais comment l’État se mobiliserait-il, à la hauteur des défis qui assaillent la France et la planète, quand ses dirigeants ne parlent que d’austérité et qu‘ils consacrent toute leur énergie à gaver de cadeaux fiscaux les grand·es actionnaires et les gros patrimoines ?"
PCF_2024,PCF_2024_35,EURO,2024,PCF,"Entre 2017 et 2023, les actionnaires des entreprises du CAC 40 ont vu leurs dividendes passer de 51 milliards d’euros à… 97 milliards !"
PCF_2024,PCF_2024_36,EURO,2024,PCF,"Voilà ce qui nourrit, dans notre pays et chez nos voisins, le désespoir, le sentiment d’impuissance, l’abstention. ce qui permet à l’extrême droite de faire sa pelote."
PCF_2024,PCF_2024_37,EURO,2024,PCF,"Ceux-là, les Le Pen, Bardella, Zemmour, Maréchal, ne répondent à aucune des aspirations qui montent du pays."
PCF_2024,PCF_2024_38,EURO,2024,PCF,Ils ne proposent rien qui puisse répondre à l’urgence sociale.
PCF_2024,PCF_2024_39,EURO,2024,PCF,"On l’a vu à l’occasion de la crise épidémique et de la nécessaire vaccination des populations, ils surfent volontiers sur les idéologies obscurantistes et les discours complotistes qui portent le rejet des Lumières comme de la Raison, et qui contestent les apports de la science."
PCF_2024,PCF_2024_40,EURO,2024,PCF,"Ils incitent à la haine, ce qui n’apportera jamais la sécurité et la tranquillité à nos quartiers et à nos communes."
PCF_2024,PCF_2024_41,EURO,2024,PCF,"Ils veulent seulement nous diviser, nous opposer en fonction de nos origines ou de nos couleurs de peau, afin d’accoucher de la société de leur rêve : toujours plus injuste, liberticide et raciste."
PCF_2024,PCF_2024_42,EURO,2024,PCF,Nous avons pour ambition de les faire refluer en réveillant l’espoir.
PCF_2024,PCF_2024_43,EURO,2024,PCF,"Comme nos aîné·es qui, au plus fort de l’occupation, imaginaient des « Jours heureux » pour la France, nous ne nous résignons pas à la régression sociale, à l‘abaissement de notre pays, à cette construction capitaliste de l’Europe qui creuse les inégalités et génère la compétition de tous contre tous."
PCF_2024,PCF_2024_44,EURO,2024,PCF,Nous appelons à ce que l’intérêt général prime sur celui des marchés financiers et des marchands de canons.
PCF_2024,PCF_2024_45,EURO,2024,PCF,"Nous appelons à prendre le pouvoir sur le capital, grâce à la conquête de droits nouveaux pour les citoyen·nes comme pour les travailleurs et les travailleuses dans les entreprises."
PCF_2024,PCF_2024_46,EURO,2024,PCF,"Nous appelons à construire une Europe des peuples et des nations libres, souverains et associés, au service de la coopération et de la justice."
PCF_2024,PCF_2024_47,EURO,2024,PCF,"Parce que la paix est la première exigence des Françaises et des Français, nous appelons à renouer avec la belle idée hier défendue par Jaurès : le retour de la diplomatie dans les relations internationales, le droit de chaque nation et de chaque peuple à voir garantie l’intégrité de son territoire, une sécurité collective pour l’ensemble du continent."
PCF_2024,PCF_2024_48,EURO,2024,PCF,Notre liste vous ressemble.
PCF_2024,PCF_2024_49,EURO,2024,PCF,"Elle réunit des femmes et des hommes qui, comme vous, ne vivent pas de la distribution de dividendes mirobolants, mais de leur travail."
PCF_2024,PCF_2024_50,EURO,2024,PCF,"Ils et elles sont des salarié·es, des agricultrices, agriculteurs, des entrepreneuses, entrepreneurs, des jeunes, des acteurs culturels."
PCF_2024,PCF_2024_51,EURO,2024,PCF,Ils et elles sont engagés dans le syndicalisme ou dans le monde associatif.
PCF_2024,PCF_2024_52,EURO,2024,PCF,"Ils et elles sont des élu·es, quotidiennement à votre service dans ces communes et ces départements qui font la richesse de la France et la force de notre République."
PCF_2024,PCF_2024_53,EURO,2024,PCF,Ils défendront les principes universalistes et laïques de la République et combattront sans relâche toute forme d’antisémitisme et de racisme.
PCF_2024,PCF_2024_54,EURO,2024,PCF,"Notre liste est aussi celle qui rassemble plusieurs formations politiques : le Parti communiste français, la Gauche républicaine et socialiste, l’Engagement, les Radicaux de gauche."
PCF_2024,PCF_2024_55,EURO,2024,PCF,"Elle est donc une liste qui unit la gauche, et dont les élu·es, au Parlement européen, s’opposeront avec la plus grande détermination aux projets des macronistes, de la droite et de l’extrême droite."
PCF_2024,PCF_2024_56,EURO,2024,PCF,"Les propositions que nous vous présentons ici expriment notre commune volonté de reprendre la main, en France comme en Europe, afin ce soit la majorité, et non une infime minorité, obsédée par son enrichissement égoïste, qui décide enfin de l’avenir."
PCF_2024,PCF_2024_57,EURO,2024,PCF,"En nous soutenant, vous serez certains que votre voix ne sera ni perdue ni oubliée."
PCF_2024,PCF_2024_58,EURO,2024,PCF,"Cette élection se faisant à la proportionnelle, personne ne pourra vous refaire le coup du « vote utile »."
PCF_2024,PCF_2024_59,EURO,2024,PCF,"En nous soutenant, vous voterez pour vous."
PCF_2024,PCF_2024_60,EURO,2024,PCF,Léon Deffontaines.
PCF_2024,PCF_2024_61,EURO,2024,PCF,1 UNE AUTRE CONSTRUCTION EUROPÉENNE : UN ENJEU POLITIQUE ET SOCIAL MAJEUR.
PCF_2024,PCF_2024_62,EURO,2024,PCF,Le grand patronat et les gouvernements européens à leur service cherchent à faire croire que les questions européennes sont techniques et réservées à des expert·es.
PCF_2024,PCF_2024_63,EURO,2024,PCF,"Elles sont pourtant extrêmement politiques et ont un effet direct sur la vie des peuples européens, en matière de services publics, d’industrie, de travail et d’emploi, d’agriculture et d’alimentation, de financement des politiques régionales et de contrôle budgétaire, de culture."
PCF_2024,PCF_2024_64,EURO,2024,PCF,Des politiques dangereuses pour les peuples.
PCF_2024,PCF_2024_65,EURO,2024,PCF,"Sous le choc de la pandémie, des brèches se sont ouvertes dans la conception néolibérale sur laquelle a, depuis sa naissance, été fondée l’Union européenne."
PCF_2024,PCF_2024_66,EURO,2024,PCF,"C’est ainsi qu’ont, par exemple, été suspendues les règles budgétaires, et limitées les ambitions hégémoniques des Gafam."
PCF_2024,PCF_2024_67,EURO,2024,PCF,"C’est ainsi également que l’on a commencé à contrôler les investissements directs étrangers, qu’ont été rendues publiques des directives sur les salaires minimums etc..."
PCF_2024,PCF_2024_68,EURO,2024,PCF,"Pour autant, les mêmes logiques sont toujours à l’oeuvre."
PCF_2024,PCF_2024_69,EURO,2024,PCF,"Elles rendent vains les discours sur la « souveraineté » d’une partie des dirigeant·es européen·nes, sans qu’ils soient jamais accompagnés de la moindre initiative concrète."
PCF_2024,PCF_2024_70,EURO,2024,PCF,"En 1957, l’article 2 du Traité du Rome promettait un « développement harmonieux des activités économiques dans l’ensemble de la Communauté, une expansion continue et équilibrée, une stabilité accrue, un relèvement accéléré du niveau de vie et des relations plus étroites entre les États qu’elle réunit »."
PCF_2024,PCF_2024_71,EURO,2024,PCF,"Les règles et politiques néolibérales et austéritaires, gravées dans le marbre des textes qui ont été imposés aux peuples, ont au contraire, depuis l’Acte unique jusqu’aux Traités de Maastricht ou de Lisbonne, généralisé la libre circulation des capitaux, la déréglementation à tout-va, la casse des droits sociaux les plus fondamentaux, la mise en concurrence des salarié·es sur tout le continent, la régression de la démocratie tant à l’échelle du continent que de tous ses pays membres."
PCF_2024,PCF_2024_72,EURO,2024,PCF,Elles ont encouragé les délocalisations ayant dévasté des régions entières et détruit des pans entiers de notre industrie.
PCF_2024,PCF_2024_73,EURO,2024,PCF,"Elles ont provoqué l’accroissement de la pauvreté, qui concerne aujourd’hui plus d’un·e Européen·ne sur cinq."
PCF_2024,PCF_2024_74,EURO,2024,PCF,Et la dynamique de domination des plus fort·es sur les plus faibles aura fini par exacerber les divergences entre les nations et favoriser des dynamiques centrifuges.
PCF_2024,PCF_2024_75,EURO,2024,PCF,"Dans ce contexte de convulsions qui agitent la globalisation capitaliste, l’Union européenne affronte une crise majeure."
PCF_2024,PCF_2024_76,EURO,2024,PCF,"Cette crise ne porte pas seulement de graves dangers pour les êtres humains et la planète, elle peut aussi ouvrir de nouvelles potentialités pour faire émerger une autre perspective pour le continent."
PCF_2024,PCF_2024_77,EURO,2024,PCF,"Dans le même temps, les dernières années ont vu s’accentuer l’alignement de la politique étrangère de l’Union sur l’Otan et les intérêts des États-Unis."
PCF_2024,PCF_2024_78,EURO,2024,PCF,"En dépit des effets de tribune de certain·es dirigeant·es européen·nes sur la « souveraineté européenne » et « l’autonomie stratégique » du continent, l’UE s’est donnée, en mars 2022, une « boussole stratégique » qui l’emprisonne dans une logique de blocs, c’est-à-dire dans une logique de guerre."
PCF_2024,PCF_2024_79,EURO,2024,PCF,Logique austéritaire et logique belliciste sont les deux dimensions d’une même dérive.
PCF_2024,PCF_2024_80,EURO,2024,PCF,L’une et l’autre aboutissent à faire payer la crise et la guerre aux peuples.
PCF_2024,PCF_2024_81,EURO,2024,PCF,L’exacerbation des tensions économiques et commerciales provoque une montée des tensions géopolitiques.
PCF_2024,PCF_2024_82,EURO,2024,PCF,"À leur tour, celles-ci peuvent mener à une généralisation des conflits."
PCF_2024,PCF_2024_83,EURO,2024,PCF,"Au sein de l’Union européenne, les divergences d’intérêt produisent des rapports de force internes qui fissurent l’édifice."
PCF_2024,PCF_2024_84,EURO,2024,PCF,"Les arbitrages systématiquement favorables au capital allemand et défavorables à la France et à l’Europe du Sud ont, par exemple, miné la confiance dans la construction européenne."
PCF_2024,PCF_2024_85,EURO,2024,PCF,"La montée des droites réactionnaires et des extrêmes droites, au détriment des forces progressistes, en est une des conséquences majeures."
PCF_2024,PCF_2024_86,EURO,2024,PCF,Les retombées politiques en sont d’ores et déjà perceptibles.
PCF_2024,PCF_2024_87,EURO,2024,PCF,Les conservateurs envisagent des alliances nouvelles avec une partie de l’extrême droite.
PCF_2024,PCF_2024_88,EURO,2024,PCF,"Cette dernière est désormais au pouvoir dans cinq des 27 pays de l’Union, et elle progresse dangereusement dans de nombreux pays."
PCF_2024,PCF_2024_89,EURO,2024,PCF,Elle impose même ses priorités politiques aux décisions européennes.
PCF_2024,PCF_2024_90,EURO,2024,PCF,"C’est patent pour les politiques migratoires, menées au mépris du droit international, et bien souvent de la vie des migrant·es."
PCF_2024,PCF_2024_91,EURO,2024,PCF,"Dans le même temps, dans la mesure où elles se dérobent à la confrontation indispensable avec le capital, et qu’elles renoncent ce faisant à changer le rapport des forces, la social-démocratie et les écologistes s’engagent dans une dynamique fédéraliste et atlantiste incapable de répondre aux exigences populaires."
PCF_2024,PCF_2024_92,EURO,2024,PCF,"Dans toute l’Union européenne, la gauche se retrouve donc confrontée à des enjeux historiques et à un véritable défi de civilisation."
PCF_2024,PCF_2024_93,EURO,2024,PCF,"Pour répondre aux défis communs, une nouvelle construction européenne, de peuples et de nations libres, souverains et associés, est urgente."
PCF_2024,PCF_2024_94,EURO,2024,PCF,"Ni impasse nationaliste, ni surenchère fédéraliste : une Europe des peuples et des nations libres, souverains et associés."
PCF_2024,PCF_2024_95,EURO,2024,PCF,"L’échec de la construction néolibérale et capitaliste de l’actuelle Union montre combien il est indispensable d’ouvrir une nouvelle voie pour les peuples, qui leur permette de reprendre la main sur leurs destins."
PCF_2024,PCF_2024_96,EURO,2024,PCF,"Reprendre la main, en France comme en Europe, c’est recouvrer la maîtrise des choix et construire les coopérations nécessaires."
PCF_2024,PCF_2024_97,EURO,2024,PCF,C’est l’une des clés pour initier une nouvelle construction européenne.
PCF_2024,PCF_2024_98,EURO,2024,PCF,"Face aux défis auxquels nous confrontent l’état de l’actuelle UE et les convulsions de la globalisation capitaliste, la réponse ne peut être circonscrite aux seuls cadres nationaux."
PCF_2024,PCF_2024_99,EURO,2024,PCF,"Nous avons besoin d’une Europe au service du progrès social et de la lutte contre le dérèglement climatique, de la démocratie et de la paix."
PCF_2024,PCF_2024_100,EURO,2024,PCF,"Un nouveau saut fédéraliste et atlantiste, tel que le prépare une partie des classes dirigeantes européennes, ne ferait qu’éloigner davantage les peuples de l’enjeu européen."
PCF_2024,PCF_2024_101,EURO,2024,PCF,"À l’inverse, ne parler que de « désobéissance » ou prôner un « Frexit » n’ouvrirait pas la moindre perspective positive."
PCF_2024,PCF_2024_102,EURO,2024,PCF,"L’objectif est aujourd’hui de conquérir la maîtrise des choix politiques, industriels, commerciaux, énergétiques, monétaires, agricoles, alimentaires, numériques et culturels."
PCF_2024,PCF_2024_103,EURO,2024,PCF,"De développer les services publics et d’en faire des leviers de souveraineté démocratique, avec des pouvoirs d’intervention nouveaux des salarié·es et des usager·es, s’appuyant sur des financements à la hauteur des besoins échappant aux logiques de rentabilité."
PCF_2024,PCF_2024_104,EURO,2024,PCF,"Il s’agit, dans le même sens, d’aller vers des politiques de défense, reposant sur des coopérations démocratiquement maîtrisées entre les nations, dans l’objectif de dégager notre continent de la domination du capital et de l’hégémonie des États-Unis."
PCF_2024,PCF_2024_105,EURO,2024,PCF,Nous proposons un projet européen qui oppose le principe de coopération au principe de concurrence.
PCF_2024,PCF_2024_106,EURO,2024,PCF,"Un projet qui donne des droits aux citoyen·nes et aux salarié·es sur les décisions économiques stratégiques, plutôt que d’en faire la chasse gardée du capital et des technocrates."
PCF_2024,PCF_2024_107,EURO,2024,PCF,"Un projet qui libère de la dictature des marchés financiers, en faisant de la création monétaire de la BCE un outil au service du développement social et écologique."
PCF_2024,PCF_2024_108,EURO,2024,PCF,Un projet qui s’adresse au monde des pays émergents pour un nouvel ordre international.
PCF_2024,PCF_2024_109,EURO,2024,PCF,"C’est au service de ce projet que nous entendons travailler à la construction de fronts d’entente sur des sujets communs répondant à des attentes populaires qui, dans tous les domaines, n’ont jamais été aussi criantes."
PCF_2024,PCF_2024_110,EURO,2024,PCF,Il revient aux peuples de choisir démocratiquement les coopérations qu’ils bâtissent avec leurs voisins.
PCF_2024,PCF_2024_111,EURO,2024,PCF,"Les délégations de pouvoirs au niveau européen doivent, en ce sens, correspondre à de réels besoins communs, et elles doivent donc toujours être approuvées et contrôlées par les citoyennes et les citoyens."
PCF_2024,PCF_2024_112,EURO,2024,PCF,"En 2015, Jean-Claude Juncker, alors président de la Commission européenne, avait dit : « Il ne peut pas y avoir de choix démocratique contre les traités."
PCF_2024,PCF_2024_113,EURO,2024,PCF,» Nous pensons exactement l’inverse : il ne peut pas y avoir de traité contre les choix démocratiques.
PCF_2024,PCF_2024_114,EURO,2024,PCF,Les gouvernements expriment à présent la volonté de rouvrir le débat sur les traités et les règles européennes.
PCF_2024,PCF_2024_115,EURO,2024,PCF,Chiche !
PCF_2024,PCF_2024_116,EURO,2024,PCF,"Ces changements ne sauraient toutefois ni relever de modifications cosmétiques des textes régissant aujourd’hui l’UE, ni aggraver encore les dynamiques inégalitaires, fédéralistes, atlantistes dont les Européen·nes n’ont que trop fait les frais."
PCF_2024,PCF_2024_117,EURO,2024,PCF,C’est l’exigence que de nouveaux traités soient écrits que nous voulons porter dans cette campagne des élections européennes.
PCF_2024,PCF_2024_118,EURO,2024,PCF,"Nous appelons à ce que la France déroge aux règles européennes, à chaque fois que ces dernières ne correspondent pas aux intérêts des peuples européens et du peuple français."
PCF_2024,PCF_2024_119,EURO,2024,PCF,"La France, deuxième contributrice au budget de l’Union et deuxième puissance économique de celle-ci, peut et doit appeler à la constitution de fronts d’entente entre pays, afin de faire respecter les volontés populaires."
PCF_2024,PCF_2024_120,EURO,2024,PCF,Ces fronts peuvent être différents selon les questions soulevées.
PCF_2024,PCF_2024_121,EURO,2024,PCF,"Ils sont cependant un moyen de s’opposer aux règles austéritaires et libérales, portées par la Commission, votées par le Conseil des gouvernements et par le Parlement européens."
PCF_2024,PCF_2024_122,EURO,2024,PCF,Ils permettraient en outre de porter des alternatives à des règles qui remettent en cause les intérêts et la souveraineté des peuples.
PCF_2024,PCF_2024_123,EURO,2024,PCF,"Une gauche digne de ce nom ne saurait se contenter de vouloir amender à la marge les fondements néolibéraux de l’actuelle construction européenne, il lui faut porter l’exigence d’un changement radical."
PCF_2024,PCF_2024_124,EURO,2024,PCF,Un changement qui aille à la racine du problème : la domination du capital sur l’UE.
PCF_2024,PCF_2024_125,EURO,2024,PCF,"Telle est notre conception de la rupture concrète, que nous souhaitons mettre à l’ordre du jour."
PCF_2024,PCF_2024_126,EURO,2024,PCF,"Ce changement ne pourra venir que de la mobilisation de l’immense majorité des Européen·nes, de toutes celles et tous ceux qui n’ont que leur travail pour vivre, de la jeunesse qui est l’avenir du monde, des hommes et des femmes qui sont attachés à la démocratie et à l’universalité des droits humains."
PCF_2024,PCF_2024_127,EURO,2024,PCF,C’est la raison pour laquelle nous défendons l’idée de convoquer une Assemblée des peuples d’Europe.
PCF_2024,PCF_2024_128,EURO,2024,PCF,"À charge, pour celle-ci, de regrouper les représentant·es des différents pays et de leurs forces sociales, dans le but de jeter les bases d’un nouveau traité."
PCF_2024,PCF_2024_129,EURO,2024,PCF,"2 POUR UNE EUROPE DES PEUPLES ET DES NATIONS LIBRES, SOUVERAINS ET ASSOCIÉS.  5 orientations nouvelles. 20 engagements pour la mandature."
PCF_2024,PCF_2024_130,EURO,2024,PCF,PREMIÈRE ORIENTATION.
PCF_2024,PCF_2024_131,EURO,2024,PCF,Pour lutter contre le retour de l’austérité européenne.
PCF_2024,PCF_2024_132,EURO,2024,PCF,Garantir la souveraineté démocratique des peuples.
PCF_2024,PCF_2024_133,EURO,2024,PCF,Pour refuser l’élargissement de l’UE.
PCF_2024,PCF_2024_134,EURO,2024,PCF,Pour respecter les choix démocratiques souverains des peuples.
PCF_2024,PCF_2024_135,EURO,2024,PCF,"Pour construire des coopérations économiques mutuellement avantageuses, en faveur de l’emploi et des biens communs.  contre les traités de libre-échange."
PCF_2024,PCF_2024_136,EURO,2024,PCF,Pour lutter contre le retour de l’austérité européenne.
PCF_2024,PCF_2024_137,EURO,2024,PCF,Le système capitaliste est en crise structurelle depuis plusieurs années.
PCF_2024,PCF_2024_138,EURO,2024,PCF,"Afin de garantir la conquête de nouveaux marchés, les classes possédantes européennes préparent le retour des règles austéritaires au détriment du monde du travail et des peuples."
PCF_2024,PCF_2024_139,EURO,2024,PCF,Le mouvement social a commencé à se mobiliser pour s’y opposer.
PCF_2024,PCF_2024_140,EURO,2024,PCF,"Cette politique austéritaire, qui a déjà démontré sa nocivité, aura des conséquences sociales désastreuses ; elle constituera une nouvelle attaque contre les services publics, comme les récentes annonces de Bruno le Maire le démontrent."
PCF_2024,PCF_2024_141,EURO,2024,PCF,Le respect de la souveraineté populaire est fondamental pour une autre construction européenne.
PCF_2024,PCF_2024_142,EURO,2024,PCF,Il importe de construire le rapport de force politique qui permettra d’imposer tout de suite des politiques de conquêtes sociales et écologiques.
PCF_2024,PCF_2024_143,EURO,2024,PCF,"En travaillant à de larges rassemblements autour de mesures concrètes, radicales et applicables maintenant, nous entendons créer les conditions d’une transformation en profondeur des objectifs de l’Union européenne et de ses bases, d’un changement des traités."
PCF_2024,PCF_2024_144,EURO,2024,PCF,"Nous refusons le retour des règles budgétaires austéritaires, même sous une forme prétendument aménagée."
PCF_2024,PCF_2024_145,EURO,2024,PCF,"Cette politique a démontré son inefficacité en faisant le l’UE une zone de faible développement, d’innovation réduite, de pessimisme grandissant, en retard sur les États-Unis et la Chine."
PCF_2024,PCF_2024_146,EURO,2024,PCF,"C’est pourquoi la tenue d’un référendum à ce propos relève d’une exigence démocratique élémentaire, le peuple de France, autant que ses voisins, devant pouvoir se prononcer sur une question qui engage l’avenir."
PCF_2024,PCF_2024_147,EURO,2024,PCF,"Nous proposons de remplacer le pacte budgétaire, le « semestre européen », et le Traité de coordination, de stabilité et de gouvernance (TSCG) par un pacte social et démocratique de développement soutenable."
PCF_2024,PCF_2024_148,EURO,2024,PCF,"À charge, pour celui-ci, de permettre le financement d’une nouvelle industrialisation, le développement des services publics, et la mise en oeuvre d’une écologie populaire."
PCF_2024,PCF_2024_149,EURO,2024,PCF,Nous voulons mettre un terme à l’obsession des « équilibres budgétaires » et des « réformes structurelles ».
PCF_2024,PCF_2024_150,EURO,2024,PCF,"Même si l’Union n’a officiellement que peu de pouvoirs en matière de salaires, ses injonctions pèsent lourd sur les conditions de rémunération."
PCF_2024,PCF_2024_151,EURO,2024,PCF,La majorité du salariat européen a été violemment frappée par l’inflation.
PCF_2024,PCF_2024_152,EURO,2024,PCF,"Les prix se sont envolés, particulièrement dans l’énergie et l’alimentation."
PCF_2024,PCF_2024_153,EURO,2024,PCF,"Mais, entre 2022 et 2023, les salaires réels n’ont augmenté qu’aux Pays-Bas et en Belgique."
PCF_2024,PCF_2024_154,EURO,2024,PCF,Ce phénomène est apparu avant la guerre en Ukraine.
PCF_2024,PCF_2024_155,EURO,2024,PCF,"Entre 2019 et 2022, le salaire réel moyen n’a augmenté que dans cinq pays, en Italie il s’est effondré de 10,6 %, en Suède de 8 %, en Espagne de 5,3 %, en Allemagne de 4,4 %."
PCF_2024,PCF_2024_156,EURO,2024,PCF,"En France, il a péniblement progressé de 1,3 %."
PCF_2024,PCF_2024_157,EURO,2024,PCF,Nous proposons une autre politique budgétaire et monétaire.
PCF_2024,PCF_2024_158,EURO,2024,PCF,Elle est la condition de l’augmentation des revenus des Européens et des Européennes.
PCF_2024,PCF_2024_159,EURO,2024,PCF,"L’austérité a coûté cher tant en matière d’emplois et de salaires, que de dynamisme économique et technologique."
PCF_2024,PCF_2024_160,EURO,2024,PCF,"Au cours des années 2010, l’Europe a décroché et elle ne rattrape pas son retard en ce milieu de décennie."
PCF_2024,PCF_2024_161,EURO,2024,PCF,"Au lieu d’étouffer la croissance, il faut relancer l’activité !"
PCF_2024,PCF_2024_162,EURO,2024,PCF,"En même temps que le pacte budgétaire doit être abandonné, la Banque centrale européenne doit réviser ses taux d’intérêt à la baisse et, surtout, soutenir l’effort d’investissement des États, comme elle l’a fait lors du Covid."
PCF_2024,PCF_2024_163,EURO,2024,PCF,Pour refuser l’élargissement de l’Union Européenne.
PCF_2024,PCF_2024_164,EURO,2024,PCF,Un nouvel élargissement de l’Union européenne à huit pays et à 60 millions d’habitant·es supplémentaires ne ferait qu’aggraver le dumping social.
PCF_2024,PCF_2024_165,EURO,2024,PCF,"Nul ne peut ignorer que les précédents élargissements avaient profondément modifié les équilibres économiques et politiques en Europe, la France avec l’Europe du Sud y ayant particulièrement perdu."
PCF_2024,PCF_2024_166,EURO,2024,PCF,Notre industrie a été délocalisée à l’Est et le rapport de force intra-européen s’est modifié à l’avantage de l’Allemagne.
PCF_2024,PCF_2024_167,EURO,2024,PCF,Les élargissements des années 2000-2010 ont produit des résultats très contrastés.
PCF_2024,PCF_2024_168,EURO,2024,PCF,"Le volet économique des « critères de Copenhague », avec leurs plans d’ajustements structurels, ont provoqué le démantèlement et la privatisation des services et institutions publiques de ces pays."
PCF_2024,PCF_2024_169,EURO,2024,PCF,"Des pays comme la Pologne, la République tchèque ou la Hongrie se sont renforcés économiquement, mais leur situation sociale est médiocre, et les salaires y restent bas (le salaire minimum ne dépasse pas 600 euros)."
PCF_2024,PCF_2024_170,EURO,2024,PCF,Leurs gouvernements continuent de miser sur les écarts de rémunérations avec l’Ouest pour attirer les entreprises.
PCF_2024,PCF_2024_171,EURO,2024,PCF,"La solidarité avec l’Ukraine, la Moldavie et les pays des Balkans est indispensable."
PCF_2024,PCF_2024_172,EURO,2024,PCF,Mais aucun de ces pays n’est prêt à franchir le cap de l’adhésion dans un avenir proche.
PCF_2024,PCF_2024_173,EURO,2024,PCF,"La plupart d’entre eux connaissent une corruption endémique, l’État de droit y est particulièrement déficient (les exemples polonais et hongrois montrent que l’adhésion à l’UE ne règle pas magiquement des problèmes de cette nature), et l’appareil productif y est très délabré."
PCF_2024,PCF_2024_174,EURO,2024,PCF,Une adhésion accélérée serait donc une adhésion bâclée.
PCF_2024,PCF_2024_175,EURO,2024,PCF,"Si les pays candidats ne sont pas prêts à l’adhésion, l’UE n’est pas davantage en condition de les accueillir."
PCF_2024,PCF_2024_176,EURO,2024,PCF,Que deviendra la politique agricole commune (PAC) si un géant agricole comme l’Ukraine devient membre à part entière ?
PCF_2024,PCF_2024_177,EURO,2024,PCF,"Pour nos agricultrices et agriculteurs, ce serait une double peine : déjà concurrencé·es par les exploitations géantes et le coût de la main d’oeuvre ukrainienne (environ 180 euros par mois), ils verraient en outre les subventions de la politique agricole commune fondre comme neige au soleil."
PCF_2024,PCF_2024_178,EURO,2024,PCF,Ce serait le coup de grâce pour notre ruralité.
PCF_2024,PCF_2024_179,EURO,2024,PCF,"Enfin, dès lors qu’une Europe à 36 serait politiquement ingérable, il faudrait généraliser tous les votes à la majorité et supprimer la règle de l’unanimité, au détriment de la souveraineté des États."
PCF_2024,PCF_2024_180,EURO,2024,PCF,"Si les dirigeant·es européen·nes persistent dans leur projet, il faudra consulter les Français·es par référendum."
PCF_2024,PCF_2024_181,EURO,2024,PCF,"Non seulement l’élargissement de l’UE actuelle ne ferait qu’aggraver les différences de développement entre pays, mais il ne permettrait pas la définition d’un projet émancipateur au service de tous et toutes."
PCF_2024,PCF_2024_182,EURO,2024,PCF,Il convient donc plutôt de proposer aux États voisins de l’Union de constituer avec elle un Forum politique d’échanges et d’élaboration de politiques communes mutuellement avantageuses.
PCF_2024,PCF_2024_183,EURO,2024,PCF,"Dans cette perspective, la politique de voisinage devrait être entièrement refondée, et les accords d’associations réécrits afin de pouvoir développer le maximum de partenariats justes, sans pour autant que les pays proches deviennent de nouveaux États membres."
PCF_2024,PCF_2024_184,EURO,2024,PCF,Pour le respect des choix démocratiques souverains des peuples.
PCF_2024,PCF_2024_185,EURO,2024,PCF,"Traité libéral après traité libéral, l’Union européenne s’est construite sans l’assentiment des peuples."
PCF_2024,PCF_2024_186,EURO,2024,PCF,"Le choix du peuple français de refuser, en 2005, le Traité constitutionnel européen n’a pas été respecté."
PCF_2024,PCF_2024_187,EURO,2024,PCF,La Grèce a été écrasée en 2015.
PCF_2024,PCF_2024_188,EURO,2024,PCF,Le respect des choix souverains des peuples et des nations est pourtant la condition et le levier de réelles coopérations européennes.
PCF_2024,PCF_2024_189,EURO,2024,PCF,Reprendre la main sur les orientations et les décisions de l’UE impose un certain nombre de ruptures pratiques avec son fonctionnement actuel.
PCF_2024,PCF_2024_190,EURO,2024,PCF,Nous voulons faire appliquer le principe de subsidiarité démocratique à l’échelle européenne.
PCF_2024,PCF_2024_191,EURO,2024,PCF,"Selon ce principe, l’Union doit se concentrer sur les sujets d’intérêt européen."
PCF_2024,PCF_2024_192,EURO,2024,PCF,"Il existe théoriquement dans les traités (article 5 du Traité sur l’Union européenne), mais il n’est guère appliqué."
PCF_2024,PCF_2024_193,EURO,2024,PCF,"La Commission européenne ne doit plus avoir l’initiative des lois mais devenir un exécutif du Conseil et du Parlement européens, émancipé du droit de la concurrence."
PCF_2024,PCF_2024_194,EURO,2024,PCF,"Nous souhaitons ancrer le droit européen dans la Déclaration universelle des droits de l’Homme et le droit international, sans qu’il se substitue aux droits sociaux, économiques, démocratiques et environnementaux garantis par les Constitutions et les lois des États."
PCF_2024,PCF_2024_195,EURO,2024,PCF,"Dans ces domaines, il faut remettre en cause le principe de primauté du droit européen sur le droit national, primauté qui n’est pas inscrite dans les traités mais relève de la jurisprudence de la Cour de justice de l’Union européenne (CJUE)."
PCF_2024,PCF_2024_196,EURO,2024,PCF,Le droit communautaire ne peut en effet déroger aux principes constitutionnels des États membres.
PCF_2024,PCF_2024_197,EURO,2024,PCF,"Nous appelons à garantir la primauté de la Constitution française, et celles des autres États membres, sur le droit européen."
PCF_2024,PCF_2024_198,EURO,2024,PCF,"La CJUE considère que le droit européen est supérieur à toutes les normes nationales, y compris aux Constitutions."
PCF_2024,PCF_2024_199,EURO,2024,PCF,"C’est d’autant plus inacceptable que, bien souvent, cette cour rend des jugements défavorables aux travailleuses et travailleurs et aux services publics, au nom de la « concurrence libre et non faussée »."
PCF_2024,PCF_2024_200,EURO,2024,PCF,"D’ailleurs, l’Allemagne pour sa part ne reconnaît pas la primauté du droit européen dans sa Loi fondamentale."
PCF_2024,PCF_2024_201,EURO,2024,PCF,"Nous proposons que l’on puisse déroger aux règles des traités et aux directives européennes qui vont à l’encontre des intérêts démocratiques, sociaux et économiques du peuple de France et du monde du travail."
PCF_2024,PCF_2024_202,EURO,2024,PCF,"La France doit, dans ce cadre, s’atteler à la construction des fronts d’entente en Europe, à la fois pour bloquer les dynamiques antidémocratiques et antisociales à l’oeuvre, mais également pour faire émerger des alternatives sur des sujets précis."
PCF_2024,PCF_2024_203,EURO,2024,PCF,"Si cela se révèle impossible, la France doit se garder la possibilité de ne pas appliquer les règles qui rendent possibles des régressions sociales."
PCF_2024,PCF_2024_204,EURO,2024,PCF,"Nous préconisons qu’avant chaque sommet européen, en France, un mandat du Parlement soit délivré à l’exécutif."
PCF_2024,PCF_2024_205,EURO,2024,PCF,Celui-ci ne doit pas pouvoir y déroger et il lui faudra en rendre compte devant la représentation nationale.
PCF_2024,PCF_2024_206,EURO,2024,PCF,"D’autres pays d’Europe le font, et cela leur donne plus de force dans les négociations."
PCF_2024,PCF_2024_207,EURO,2024,PCF,Nous voulons que soit révisée la procédure législative européenne afin d’y associer effectivement les Parlements nationaux.
PCF_2024,PCF_2024_208,EURO,2024,PCF,"Il faut en finir avec la multiplication des règlements (qui s’appliquent directement, sans passer par les Parlement nationaux), au détriment des directives (qui, elles, doivent être transposées par les Parlements nationaux)."
PCF_2024,PCF_2024_209,EURO,2024,PCF,"Durant la législature 1999-2004, les directives représentaient 60 % des textes législatifs ; 20 ans plus tard, elles n’en représentent plus que 18 %."
PCF_2024,PCF_2024_210,EURO,2024,PCF,L’avis des Parlements des États membres n’est plus que rarement pris en compte.
PCF_2024,PCF_2024_211,EURO,2024,PCF,"Si, lors de cette procédure, un État juge que ses intérêts sociaux, démocratiques et économiques fondamentaux sont bafoués, il doit pouvoir s’y opposer."
PCF_2024,PCF_2024_212,EURO,2024,PCF,Nous exigeons la transparence dans les institutions de l’UE.
PCF_2024,PCF_2024_213,EURO,2024,PCF,Une échelle salariale de 1 à 10 doit être mise en place dans les instances européennes.
PCF_2024,PCF_2024_214,EURO,2024,PCF,"Il faut mettre fin aux conflits d’intérêt, en interdisant durant sept ans les pratiques de « pantouflage », c’est-à-dire la possibilité que les commissaires et eurodéputé·es puissent travailler pour des lobbys ou multinationales tout au long de cette période."
PCF_2024,PCF_2024_215,EURO,2024,PCF,Nous nous opposons à la suppression des règles d’unanimité en matière de défense et de politique extérieure qui ne ferait qu’accentuer l’alignement sur l’Otan.
PCF_2024,PCF_2024_216,EURO,2024,PCF,"Aujourd’hui, la majorité des États membres alignent leur défense et leur diplomatie sur celle des États-Unis, via l’Otan notamment."
PCF_2024,PCF_2024_217,EURO,2024,PCF,"Si la règle de l’unanimité disparaissait, c’est l’alignement « euro-atlantique » qui deviendrait la règle."
PCF_2024,PCF_2024_218,EURO,2024,PCF,La France doit toujours porter une voix singulière et indépendante sur la scène internationale.
PCF_2024,PCF_2024_219,EURO,2024,PCF,"Comme les autres États, elle doit pouvoir garder son indépendance et sa souveraineté en matière de défense et de diplomatie."
PCF_2024,PCF_2024_220,EURO,2024,PCF,"Nous appelons au respect de l’intégralité des accords de paix de 1998 en Irlande, dits « Accords du Vendredi saint », mettant fin à la période des troubles qui ont ensanglanté l’Irlande du Nord, et qui comprennent la possibilité d’un référendum pour l’unité irlandaise."
PCF_2024,PCF_2024_221,EURO,2024,PCF,"Pour construire des coopérations économiques mutuellement avantageuses, en faveur de l’emploi et des biens communs contre les traités de libre-échange."
PCF_2024,PCF_2024_222,EURO,2024,PCF,Le libre-échange n’est pas créateur d’emplois.
PCF_2024,PCF_2024_223,EURO,2024,PCF,"C’est, au contraire, un accélérateur de délocalisations qui ne génère pas d’essor économique."
PCF_2024,PCF_2024_224,EURO,2024,PCF,"Les accords de libre-échange sont incompatibles avec le progrès social, écologique, la souveraineté industrielle et alimentaire."
PCF_2024,PCF_2024_225,EURO,2024,PCF,"Ils génèrent, en revanche, des profits considérables pour les firmes multinationales."
PCF_2024,PCF_2024_226,EURO,2024,PCF,"Il nous faut construire de nouveaux traités internationaux, visant au codéveloppement humain, social, écologique."
PCF_2024,PCF_2024_227,EURO,2024,PCF,"Nous appelons à la dénonciation des traités de libre-échange et à la suspension des négociations en cours (UE-Mercosur, UE-Kenya, UE-Chili, Nouvelle-Zélande…)."
PCF_2024,PCF_2024_228,EURO,2024,PCF,"En 2023, le Parlement européen a validé des « accords de libre-échange de nouvelle génération »."
PCF_2024,PCF_2024_229,EURO,2024,PCF,Ces accords ont reçu le soutien de la majorité des sociaux-démocrates et des écologistes.
PCF_2024,PCF_2024_230,EURO,2024,PCF,"Ils ne permettront pourtant pas le respect des grands principes sociaux (conventions de l’Organisation internationale du travail) et environnementaux (accord de Paris sur le climat, charte de la biodiversité...) dans la mesure où les sanctions possibles sont uniquement « non-financières » et qu’elles sont soumises à des conditions drastiques empêchant leur mise en oeuvre effective."
PCF_2024,PCF_2024_231,EURO,2024,PCF,"La suppression des droits de douane tout comme le non respect des normes européennes, flagrant dans le Ceta, dans l’accord avec la Nouvelle-Zélande ou dans le projet d’accord avec le Mercosur, aggravent la concurrence déloyale."
PCF_2024,PCF_2024_232,EURO,2024,PCF,"Les privilèges accordés aux « investisseurs », qui règlent leurs litiges devant des juridictions spéciales instituées pour garantir leurs profits présents et futurs, empêchent les États de mener des politiques progressistes et écologiquement ambitieuses."
PCF_2024,PCF_2024_233,EURO,2024,PCF,Ces accords ne permettent pas le développement des pays « du Sud ».
PCF_2024,PCF_2024_234,EURO,2024,PCF,"Les nouveaux accords, conclus avec l’Afrique ou l’Amérique latine, notamment sur les « matières et les minerais critiques et stratégiques », ne permettent pas un développement mutuel et partagé avec les États et populations détenteurs des ressources."
PCF_2024,PCF_2024_235,EURO,2024,PCF,"Au contraire, en République démocratique du Congo (RDC) ou au Chili par exemple, ils organisent un véritable pillage des minerais, dans une logique de domination néocoloniale."
PCF_2024,PCF_2024_236,EURO,2024,PCF,Ils s’appliquent sans la moindre considération pour les conditions sociales désastreuses que subissent les travailleurs ou pour les normes environnementales.
PCF_2024,PCF_2024_237,EURO,2024,PCF,Nous agissons afin que l’Europe se mette enfin au service des peuples.
PCF_2024,PCF_2024_238,EURO,2024,PCF,"Elle doit, à cette fin, radicalement changer de politique commerciale."
PCF_2024,PCF_2024_239,EURO,2024,PCF,"Une négociation doit s’engager en faveur de nouveaux traités internationaux, de coopération et de maîtrise des échanges comme des investissements."
PCF_2024,PCF_2024_240,EURO,2024,PCF,"Ils devront être au service de l’emploi et des biens communs (santé, environnement, alimentation, énergie...), favoriser la souveraineté économique, alimentaire, industrielle et agricole des peuples."
PCF_2024,PCF_2024_241,EURO,2024,PCF,"C’est ainsi que l’on atteindra un juste échange, favorable au codéveloppement humain, social et écologique."
PCF_2024,PCF_2024_242,EURO,2024,PCF,Une politique commerciale ne pénalisant plus les pays partenaires et leurs travailleurs et travailleuses suppose d’en finir avec les privilèges des « investisseurs ».
PCF_2024,PCF_2024_243,EURO,2024,PCF,Elle implique de garantir le droit des États de légiférer en matière sociale et environnementale.
PCF_2024,PCF_2024_244,EURO,2024,PCF,APRÈS LE REJET DU CETA PAR LE SÉNAT.
PCF_2024,PCF_2024_245,EURO,2024,PCF,"Même minoritaire et dans l’opposition, les sénatrices et sénateurs communistes du groupe CRCE-K ont fait la démonstration de leur efficacité, en mettant aux voix la ratification du Ceta, et en obtenant son rejet par la Chambre haute."
PCF_2024,PCF_2024_246,EURO,2024,PCF,"Le débat doit continuer à l’Assemblée nationale, ce que le gourvernement fait tant pour éviter."
PCF_2024,PCF_2024_247,EURO,2024,PCF,Il pensait pouvoir piétiner tranquillement la démocratie en mettant en oeuvre le traité sans l’avoir fait ratifier par le Parlement.
PCF_2024,PCF_2024_248,EURO,2024,PCF,"Il a été mis en échec, témoignant du fort rejet que suscitent ces traités de libre-échange, extrêmement dangereux pour les droits sociaux et les exigences environnementales."
PCF_2024,PCF_2024_249,EURO,2024,PCF,Il faut que ce traité soit définitivement rejeté.
PCF_2024,PCF_2024_250,EURO,2024,PCF,DEUXIEME ORIENTATION.
PCF_2024,PCF_2024_251,EURO,2024,PCF,Promouvoir la paix et la sécurité collective.
PCF_2024,PCF_2024_252,EURO,2024,PCF,Pour imposer une réelle autonomie stratégique.
PCF_2024,PCF_2024_253,EURO,2024,PCF,Pour impulser un espace méditerranéen de coopérations.
PCF_2024,PCF_2024_254,EURO,2024,PCF,Pour bâtir un nouvel ordre du monde..
PCF_2024,PCF_2024_255,EURO,2024,PCF,Pour imposer une réelle autonomie stratégique.
PCF_2024,PCF_2024_256,EURO,2024,PCF,"Les classes dirigeantes européennes, Emmanuel Macron en tête, invoquent désormais la nécessité d’une autonomie stratégique en matière de défense et de politique industrielle."
PCF_2024,PCF_2024_257,EURO,2024,PCF,Mais ce ne sont là que des effets de tribune.
PCF_2024,PCF_2024_258,EURO,2024,PCF,"Il n’y a pas d’autonomie stratégique possible dans le cadre contraint des politiques de l’Otan, bras armé des États-Unis, c’est-à-dire dans une approche de blocs, ni dans une économie livrée aux règles du marché et de la concurrence."
PCF_2024,PCF_2024_259,EURO,2024,PCF,"Une véritable autonomie stratégique suppose une politique de défense et de sécurité collective souveraine, des industries de défense servant la défense nationale, et une politique de paix et de sécurité collective."
PCF_2024,PCF_2024_260,EURO,2024,PCF,Nous proposons la mise en place d’une coalition pour la paix en Ukraine.
PCF_2024,PCF_2024_261,EURO,2024,PCF,Nous réitérons notre condamnation de l’invasion de l’Ukraine par le régime russe de Vladimir Poutine.
PCF_2024,PCF_2024_262,EURO,2024,PCF,"L’Ukraine a le droit de se défendre et doit continuer à être aidée pour ce faire, sur les plans humanitaire et militaire."
PCF_2024,PCF_2024_263,EURO,2024,PCF,"Après deux ans de guerre et plusieurs centaines de milliers de victimes, il n’existera pas de solution militaire à ce conflit."
PCF_2024,PCF_2024_264,EURO,2024,PCF,"C’est pourquoi nous refusons toute escalade, qui prendrait la forme de la fourniture d’armes offensives capables de frapper le territoire russe ou de l’envoi de troupes au sol."
PCF_2024,PCF_2024_265,EURO,2024,PCF,"Il convient au contraire de sortir de l’engrenage du militarisme et d’agir en faveur d’un cessez-le-feu et d’une solution diplomatique négociée, rétablissant le droit et la sécurité en Europe."
PCF_2024,PCF_2024_266,EURO,2024,PCF,"La France, du fait de sa place et de son histoire singulière en Europe, a un rôle essentiel à jouer."
PCF_2024,PCF_2024_267,EURO,2024,PCF,"Avec les pays de l’UE qui le souhaiteront, elle doit prendre l’initiative de former une coalition internationale pour la paix, en toute indépendance de l’Otan et des États-Unis."
PCF_2024,PCF_2024_268,EURO,2024,PCF,"Nous pensons que la paix doit se construire sur les principes suivants : l’indépendance de l’Ukraine et le retrait des troupes russes ; la neutralité du pays sous garanties de la communauté internationale et de l’ONU ; l’ouverture, sur ces bases, d’un processus négocié restaurant la paix entre les peuples ukrainien et russe, entre tous les peuples d’Europe, traitant les sujets de tension qui se sont accumulés en Europe depuis la fin de la Guerre froide."
PCF_2024,PCF_2024_269,EURO,2024,PCF,Les peuples russe et ukrainien ont droit à la paix et à la sécurité.
PCF_2024,PCF_2024_270,EURO,2024,PCF,Nous agissons en faveur d’une réelle autonomie stratégique.
PCF_2024,PCF_2024_271,EURO,2024,PCF,"Celle-ci appelle des négociations en vue d’un traité de sécurité collective, respectant la souveraineté de chaque pays, fournissant un cadre commun pour une coopération entre États."
PCF_2024,PCF_2024_272,EURO,2024,PCF,"C’est de la construction d’une réelle autonomie stratégique, dégagée de la domination de l’Otan, dont l’Europe a le plus urgent besoin."
PCF_2024,PCF_2024_273,EURO,2024,PCF,"Un tel traité permettrait de relancer les négociations en faveur d’un désarmement global et multilatéral en Europe et dans le monde, en premier lieu dans le domaine nucléaire."
PCF_2024,PCF_2024_274,EURO,2024,PCF,"S’inscrivant dans le cadre des principes de la Charte des Nations unies, il devrait par conséquent être placé au service de la sécurité de l’ensemble de ses membres."
PCF_2024,PCF_2024_275,EURO,2024,PCF,"De par sa nature et son histoire, qui en font un instrument de l’impérialisme des États-Unis, l’Otan ne peut répondre à cette exigence."
PCF_2024,PCF_2024_276,EURO,2024,PCF,Elle a donc vocation à être dissoute dans le cadre d’une refonte du système de sécurité collective européenne.
PCF_2024,PCF_2024_277,EURO,2024,PCF,"Dans l’immédiat, pour retrouver la pleine indépendance de ses décisions, la France se doit de sortir du commandement militaire de l’organisation atlantique et remettre en cause le partenariat stratégique qui la lie à l’UE."
PCF_2024,PCF_2024_278,EURO,2024,PCF,Nous refusons que la politique de défense soit imposée aux peuples.
PCF_2024,PCF_2024_279,EURO,2024,PCF,Les choix stratégiques de la politique de défense doivent en premier lieu relever de la souveraineté des peuples.
PCF_2024,PCF_2024_280,EURO,2024,PCF,"Nous nous opposons, en ce sens, aux projets d’une armée européenne."
PCF_2024,PCF_2024_281,EURO,2024,PCF,"Des coopérations sont cependant nécessaires pour répondre aux intérêts et aux problématiques communes, aux besoins de défense."
PCF_2024,PCF_2024_282,EURO,2024,PCF,Mais elles doivent toujours s’organiser dans une logique de désescalade et de détente.
PCF_2024,PCF_2024_283,EURO,2024,PCF,"Il importe dès lors qu’une défense européenne, prenant en compte la diversité des nations, repose à la fois sur des coopérations entre nations souveraines et sur un cadre commun de paix et de sécurité collective européen."
PCF_2024,PCF_2024_284,EURO,2024,PCF,C’est ce projet qui nous anime.
PCF_2024,PCF_2024_285,EURO,2024,PCF,Nous agissons en faveur d’une industrie de défense française et européenne.
PCF_2024,PCF_2024_286,EURO,2024,PCF,"Vue de Washington, l’adhésion d’un pays à l’Otan est aussi la promesse de juteux contrats d’armements avec le complexe militaro-industriel américain."
PCF_2024,PCF_2024_287,EURO,2024,PCF,"Pendant que la Commission européenne parle « d’autonomie stratégique », les États se fournissent, pour la plupart d’entre eux, outre-Atlantique."
PCF_2024,PCF_2024_288,EURO,2024,PCF,La France se doit de protéger ses industries de défense et l’Union européenne se doit de privilégier les industries de défense européennes et de garantir qu’elles demeurent sous contrôle public.
PCF_2024,PCF_2024_289,EURO,2024,PCF,"Nous appelons à la ratification du traité Traité d’interdiction des armes nucléaires (Tian) de l’ONU, dans l’optique d’un désarmement global, multilatéral et négocié, en premier lieu en matière nucléaire."
PCF_2024,PCF_2024_290,EURO,2024,PCF,"La France et les pays européens pourraient, dans un premier temps, assister comme observateurs à la réunion des États parties prenantes de ce traité."
PCF_2024,PCF_2024_291,EURO,2024,PCF,Pour impulser un espace méditerranéen de coopérations.
PCF_2024,PCF_2024_292,EURO,2024,PCF,"Le bassin méditerranéen se transforme en lieu de désastres : désastres pour les migrants (selon l’ONU, en 2023, plus de 2500 hommes, femmes et enfants sont morts ou disparus en Méditerranée), augmentation des tensions militaires, désastres écologiques… Pourtant, des coopérations sont nécessaires et possibles entre États qui partagent un accès à la même mer."
PCF_2024,PCF_2024_293,EURO,2024,PCF,"Nous militons pour une nouvelle politique migratoire fondée sur l’accueil, l’intégration et les coopérations."
PCF_2024,PCF_2024_294,EURO,2024,PCF,"Une politique qui lutte contre les causes de l’exil, respectueuse des souverainetés en Europe autant que du droit international."
PCF_2024,PCF_2024_295,EURO,2024,PCF,"Une politique à même d’harmoniser les orientations européennes, de réguler les phénomènes migratoires dans le respect des droits des personnes concernées, afin d’assurer un accord durable."
PCF_2024,PCF_2024_296,EURO,2024,PCF,"La politique d’aide au développement des pays d’origine doit devenir une priorité de l’Union, afin de lutter efficacement contre les causes qui contraignent à l’exil : délabrements sociaux, crises économiques, crise climatique, discriminations, terrorisme… Il importe que les politiques migratoires respectent le droit international : la Déclaration universelle des droits de l’Homme (1948) et la Convention de Genève relative au statut des réfugié·es."
PCF_2024,PCF_2024_297,EURO,2024,PCF,"De nouvelles politiques, humaines et justes, coordonnées et solidaires, sont indispensables pour réguler l’immigration à l’échelle européenne."
PCF_2024,PCF_2024_298,EURO,2024,PCF,"Ainsi : Des voies légales et sûres doivent être instaurées, et le sauvetage en mer doit être protégé, afin que nul·le ne meurt plus en Méditerranée ou aux frontières de l’Union."
PCF_2024,PCF_2024_299,EURO,2024,PCF,"Le pacte asile-migration, prochainement soumis au Parlement européen, doit être rejeté et les accords de Dublin abrogés, car ils n’apportent aucune sécurité aux populations européennes, accroissent les souffrances subies par les personnes migrantes et ne traitent pas les raisons qui les poussent à l’exil."
PCF_2024,PCF_2024_300,EURO,2024,PCF,"Les personnes exilées arrivant dans un pays de l’UE doivent pouvoir accéder à tous les soins de façon inconditionnelle, et ce conformément au droit international."
PCF_2024,PCF_2024_301,EURO,2024,PCF,Les travailleuses et travailleurs migrants dits « sans papiers » doivent être régularisé·es.
PCF_2024,PCF_2024_302,EURO,2024,PCF,"L’externalisation des frontières de l’Union européenne doit être abolie, car il en va de la dignité des personnes fuyant leurs pays d’origine."
PCF_2024,PCF_2024_303,EURO,2024,PCF,"L’organisation et les missions de Frontex doivent être totalement refondées, et cette agence doit être placée sous le contrôle démocratique des États afin d’en finir avec les scandales qui l’ont éclaboussée."
PCF_2024,PCF_2024_304,EURO,2024,PCF,Les droits fondamentaux des personnes doivent être scrupuleusement garantis dans le cadre des accords ou déclarations de coopération liant des États en matière migratoire.
PCF_2024,PCF_2024_305,EURO,2024,PCF,"Une clé de répartition doit être créée, et une solidarité d’accueil entre les États membres mise en oeuvre."
PCF_2024,PCF_2024_306,EURO,2024,PCF,"Le conditionnement de l’Aide publique au développement (APD) à l’externalisation des frontières doit être proscrit, comme cela est spécifié dans la Déclaration de Paris sur l’efficacité de l’aide au développement (2005), le Programme d’action d’Accra (2008) et le Partenariat de Busan (2011)."
PCF_2024,PCF_2024_307,EURO,2024,PCF,Nous proposons l’organisation d’un sommet annuel UE-Méditerranée.
PCF_2024,PCF_2024_308,EURO,2024,PCF,"Il s’agit de promouvoir les politiques de coopération, de développement partagé, de droits humains et de paix, de sécurité collective dans le bassin méditerranéen."
PCF_2024,PCF_2024_309,EURO,2024,PCF,Nous sommes favorables à la reprise des négociations sur la question chypriote gelées depuis 2017.
PCF_2024,PCF_2024_310,EURO,2024,PCF,Chypre est un pays de l’UE dont la moitié du territoire est occupée par la Turquie ou soustraite à la souveraineté de son peuple (bases extraterritoriales britanniques).
PCF_2024,PCF_2024_311,EURO,2024,PCF,"L’Union doit défendre la réunification de Chypre sur la base d’une fédération bi-zonale, bi-communautaire à souveraineté internationale unique."
PCF_2024,PCF_2024_312,EURO,2024,PCF,L’UE doit en outre faire respecter l’intégralité de la zone économique exclusive (ZEE) chypriote.
PCF_2024,PCF_2024_313,EURO,2024,PCF,Nous appelons à développer les coopérations économiques et culturelles.
PCF_2024,PCF_2024_314,EURO,2024,PCF,"L’Union européenne doit favoriser les échanges entre les cultures, les artistes et les professionnels de la culture et du spectacle, sur la base de la connaissance et du respect mutuel."
PCF_2024,PCF_2024_315,EURO,2024,PCF,"En ce qui concerne les artistes hors UE, et notamment ceux de l’espace méditerranéen, leur entrée et leur séjour en Europe doivent être facilités, et l’accueil de leurs créations facilité."
PCF_2024,PCF_2024_316,EURO,2024,PCF,"L’UE doit également réagir aux difficultés croissantes rencontrées par l’octroi de visas aux artistes et organismes professionnels du secteur du spectacle vivant, notamment musical, travaillant à un niveau international lors de tournées ou résidences artistiques."
PCF_2024,PCF_2024_317,EURO,2024,PCF,Pour bâtir un nouvel ordre du monde.
PCF_2024,PCF_2024_318,EURO,2024,PCF,"L’Union européenne s’enferme dans une politique de blocs, alors qu’émergent, des convulsions de la mondialisation capitaliste, des puissances nouvelles qui rebattent les cartes internationales."
PCF_2024,PCF_2024_319,EURO,2024,PCF,"Jeter les bases de relations internationales plus solidaires, plus coopératives et plus pacifiques, jouer la carte du multilatéralisme permettraient d’affirmer une ambition à la mesure des urgences économiques, climatiques et sécuritaires de notre époque."
PCF_2024,PCF_2024_320,EURO,2024,PCF,Nous nous battons pour l’application de la Charte des Nations unies et en défense des principes universels qui sont ceux de la Déclaration universelle des droits humains de 1948 comme de la Convention européenne des droits humains de 1950 et de ses protocoles additionnels.
PCF_2024,PCF_2024_321,EURO,2024,PCF,Les résolutions de l’ONU sont le fondement du droit international.
PCF_2024,PCF_2024_322,EURO,2024,PCF,La diplomatie en Europe a le devoir de les faire respecter.
PCF_2024,PCF_2024_323,EURO,2024,PCF,"L’UE doit également refuser de subordonner ses intérêts à ceux des États-Unis, notamment en Amérique latine."
PCF_2024,PCF_2024_324,EURO,2024,PCF,"Il lui faut agir pour que Cuba soit retiré de la liste des États soutenant le terrorisme comme pour la levée du blocus, et elle doit prendre toutes les mesures nécessaires contre ses mécanismes extraterritoriaux (chapitre 3 de la loi Helms Burton) qui portent atteinte à la politique commerciale et économique de nos pays et entreprises."
PCF_2024,PCF_2024_325,EURO,2024,PCF,Nous considérons que l’un des chantiers diplomatiques prioritaires de l’Europe devrait être la lutte contre ce qu’on appelle «l’extra territorialité du droit américain ».
PCF_2024,PCF_2024_326,EURO,2024,PCF,Cet impérialisme est parfaitement scandaleux et contraire à tous les principes du droit.
PCF_2024,PCF_2024_327,EURO,2024,PCF,"L’UE dispose pourtant d’instruments législatifs pour riposter, mais elle ne les utilise pas."
PCF_2024,PCF_2024_328,EURO,2024,PCF,Il lui incombe de se faire respecter et d’indiquer clairement aux États-Unis qu’elle ne se fera plus tordre les bras.
PCF_2024,PCF_2024_329,EURO,2024,PCF,L’ITAR.
PCF_2024,PCF_2024_330,EURO,2024,PCF,"L’Itar (International Traffic in Arms Regulations) est une réglementation américaine qui contrôle la fabrication, la vente et la distribution d’objets et de services liés à la défense et à l’espace, tels que définis dans l’USML (United States Munitions List)."
PCF_2024,PCF_2024_331,EURO,2024,PCF,"L’extraterritorialité des lois américaines oblige tout industriel non américain à s’y conformer, dès lors qu’il gère l’approvisionnement et la réexportation de produits soumis aux Itar ou aux EAR (Export Administration Regulations)."
PCF_2024,PCF_2024_332,EURO,2024,PCF,"En résultent une dépendance, des pressions, voire des amendes susceptibles de pénaliser lourdement les entreprises européennes."
PCF_2024,PCF_2024_333,EURO,2024,PCF,L’Union européenne doit refuser de se conformer à ces clauses et mettre en place un système d’interdiction/exclusion des clauses Itar et EAR pour les entreprises européennes.
PCF_2024,PCF_2024_334,EURO,2024,PCF,"Nous défendons les droits humains, les droits et libertés individuelles et collectives, la liberté d’expression et d’opinion, la liberté de la presse et nous luttons contre les persécutions, le racisme et l’antisémitisme."
PCF_2024,PCF_2024_335,EURO,2024,PCF,Ces principes doivent s’appliquer en toute circonstance et ne peuvent être à géométrie variable.
PCF_2024,PCF_2024_336,EURO,2024,PCF,"Les objectifs définis par la Charte des Nations unies et les Objectifs de développement durable de l’ONU doivent être mis en oeuvre ; cela concerne par exemple l’objectif d’égalité femmes-hommes et la défense des droits des femmes, l’éradication de la pauvreté et de la faim."
PCF_2024,PCF_2024_337,EURO,2024,PCF,Il doit appartenir à chaque commissaire européen·ne d’élaborer une feuille de route sur la manière dont ses services comptent les réaliser et donc atteindre l’Agenda 2030.
PCF_2024,PCF_2024_338,EURO,2024,PCF,Nous militons pour une paix juste et durable entre Palestiniens et Israéliens.
PCF_2024,PCF_2024_339,EURO,2024,PCF,"Cela passe par un cessez-le-feu immédiat et permanent pour arrêter les crimes de guerre et le massacre de masse en cours à Gaza, pour arrêter le nettoyage ethnique en Cisjordanie et à Jérusalem-Est."
PCF_2024,PCF_2024_340,EURO,2024,PCF,"L’UE doit agir afin que l’État d’Israël se conforme aux décisions de la Cour internationale de justice (CIJ) et prenne toutes les mesures nécessaires pour prévenir tout risque de génocide, notamment en levant les blocages de convois humanitaires et en permettant l’accès de la population de Gaza à l’alimentation, à l’eau et aux ressources nécessaires à sa survie."
PCF_2024,PCF_2024_341,EURO,2024,PCF,Elle doit également agir pour la libération des otages capturé·es par le Hamas lors de ses attaques terroristes du 7 octobre 2023.
PCF_2024,PCF_2024_342,EURO,2024,PCF,"Une paix dans la justice exige, conformément à la résolution du Parlement européen de décembre 2014, la reconnaissance d’un État indépendant et viable de Palestine aux côtés d’Israël, sur la base des frontières de 1967 avec Jérusalem-Est pour capitale."
PCF_2024,PCF_2024_343,EURO,2024,PCF,Ce qui implique la fin du blocus de Gaza et du processus d’annexion en cours de la Cisjordanie et de Jérusalem-Est.
PCF_2024,PCF_2024_344,EURO,2024,PCF,L’UE doit prendre toutes les initiatives nécessaires à la protection internationale du peuple palestinien.
PCF_2024,PCF_2024_345,EURO,2024,PCF,"À cette fin, il s’impose de suspendre l’accord d’association UE-Israël et de décréter un embargo sur les armes à destination de l’armée israélienne, conformément à la décision du Conseil 2008/944/CFSP, tant que le gouvernement de l’État d’Israël ne respectera pas le droit international ; des sanctions doivent également être prises contre les organisations de colons."
PCF_2024,PCF_2024_346,EURO,2024,PCF,Nous appelons l’Union à assister le peuple arménien menacé à nouveau dans son existence.
PCF_2024,PCF_2024_347,EURO,2024,PCF,"Elle doit dénoncer l’accord gazier passé avec l’Azerbaïdjan en 2022, tant que les droits nationaux du peuple arménien sont menacés."
PCF_2024,PCF_2024_348,EURO,2024,PCF,"Nous voulons le respect de la souveraineté des peuples en matière monétaire, un véritable développement économique au service de l’humain et de l’environnement."
PCF_2024,PCF_2024_349,EURO,2024,PCF,"Il doit, en ce sens, être mis fin au franc CFA/ECO, lié à l’euro, dans l’objectif de coopérations monétaires que les peuples souverains des États de la zone doivent pouvoir choisir librement."
PCF_2024,PCF_2024_350,EURO,2024,PCF,"Nous souhaitons que l’Europe s’inscrive dans la dédollarisation des échanges internationaux et travaille à l’édification d’une monnaie commune, indépendante du dollar et de toute tentative de domination unilatérale."
PCF_2024,PCF_2024_351,EURO,2024,PCF,"Il lui faut soutenir les initiatives qui vont dans ce sens, par une alliance avec les pays émergents."
PCF_2024,PCF_2024_352,EURO,2024,PCF,"Les droits de tirage spéciaux du Fonds monétaire international (FMI) pourraient contribuer à une telle initiative, en servant au financement de prêts à long terme et à faibles taux d’intérêt en faveur de projets répondant aux besoins de développement des biens communs et de l’emploi de tous les pays."
PCF_2024,PCF_2024_353,EURO,2024,PCF,"La France doit agir pour une réforme profonde du FMI qui modifierait les droits de vote des pays et supprimerait le veto des États-Unis, octroyant des droits de vote plus équitables aux pays du Sud."
PCF_2024,PCF_2024_354,EURO,2024,PCF,Nous proposons la tenue d’une conférence internationale sur la dette.
PCF_2024,PCF_2024_355,EURO,2024,PCF,"Réunie sur l’égide de l’ONU, elle aurait pour objet d’évaluer un rééchelonnement des dettes, afin qu’elles ne soient plus un instrument de domination des nations, de la part d’autres États, des marchés spéculatifs et des banques."
PCF_2024,PCF_2024_356,EURO,2024,PCF,"Comme première étape, la dette Covid doit être annulée."
PCF_2024,PCF_2024_357,EURO,2024,PCF,"Le crédit doit être orienté en faveur de l’emploi, de la formation, de la transition écologique."
PCF_2024,PCF_2024_358,EURO,2024,PCF,Nous agissons pour une diplomatie résolument féministe.
PCF_2024,PCF_2024_359,EURO,2024,PCF,L’Union européenne doit proposer aux Nations unies que la convention sur la prévention et la lutte contre la violence à l’égard des femmes et la violence domestique devienne un traité international.
PCF_2024,PCF_2024_360,EURO,2024,PCF,Elle doit lutter contre la traite des êtres humains.
PCF_2024,PCF_2024_361,EURO,2024,PCF,"Les questions de genre doivent être prises en compte dans l’ensemble des politiques de l’Union, pour combattre l’aggravation des inégalités de genre ou empêcher qu’il s’en crée de nouvelles."
PCF_2024,PCF_2024_362,EURO,2024,PCF,"L’UE doit s’engager en faveur d’un nouvel objectif de 20 % des financements (contre 5 % actuellement) concernant l’égalité de genre, conformément aux recommandations de l’OCDE."
PCF_2024,PCF_2024_363,EURO,2024,PCF,"Un fonds féministe, visant à soutenir les politiques internationales de lutte contre les violences faites aux femmes et en faveur de l’égalité de genre, doit être créé et s’intégrer à la politique d’aide publique au codéveloppement de l’UE."
PCF_2024,PCF_2024_364,EURO,2024,PCF,Nous nous engageons en faveur d’une lutte effective contre l’évasion fiscale au niveau international.
PCF_2024,PCF_2024_365,EURO,2024,PCF,"Cela passe par la création, sous l’égide de l’ONU, d’une nouvelle institution, gérée démocratiquement, ayant en charge la coordination mondiale du combat contre l’évasion fiscale et le contrôle de l’activité des multinationales."
PCF_2024,PCF_2024_366,EURO,2024,PCF,Une COP (Conference of Parties) mondiale permettrait de faire avancer les objectifs de justice sociale et fiscale.
PCF_2024,PCF_2024_367,EURO,2024,PCF,Nous proposons la taxation des transactions financières internationales.
PCF_2024,PCF_2024_368,EURO,2024,PCF,La taxation européenne des transactions sur le marché des changes et sur les marchés de titres financiers et de leurs produits dérivés doit être renforcée.
PCF_2024,PCF_2024_369,EURO,2024,PCF,Une négociation mondiale devra la compléter en vue de la généralisation de ce dispositif.
PCF_2024,PCF_2024_370,EURO,2024,PCF,Nous oeuvrons pour la réforme de l’aide publique au codéveloppement.
PCF_2024,PCF_2024_371,EURO,2024,PCF,"Les besoins humanitaires ont augmenté de 25 % par rapport à 2022 et, selon la Banque mondiale, jusqu’à 95 millions de personnes ont sombré dans l’extrême pauvreté en 2022 à la suite de la crise sanitaire du Covid."
PCF_2024,PCF_2024_372,EURO,2024,PCF,Il s’impose de porter à hauteur de 1 300 milliards de dollars par an une aide pour les pays qui n’ont pas les moyens d’atteindre les objectifs de lutte contre le dérèglement climatique.
PCF_2024,PCF_2024_373,EURO,2024,PCF,"Les États de l’UE doivent être incités à porter à 0,7% de leur revenu national brut, au minimum, l’aide publique au codéveloppement."
PCF_2024,PCF_2024_374,EURO,2024,PCF,"Une très grande attention doit être portée à la maîtrise d’ouvrage et à la réalisation, par les États, les entreprises et la société civile des pays concernés, de leurs projets de développement économique, social et humain, ainsi que de leurs politiques de transition écologique."
PCF_2024,PCF_2024_375,EURO,2024,PCF,Au moins 50 % de l’aide doivent être consacrés aux pays les moins avancés (PMA) et aux services sociaux fondamentaux.
PCF_2024,PCF_2024_376,EURO,2024,PCF,Les États membres doivent être encouragés à signer l’Appel à l’action humanitaire.
PCF_2024,PCF_2024_377,EURO,2024,PCF,Les régimes de sanction et les politiques antiterroristes ne sauraient ni empêcher ni limiter l’aide publique au codéveloppement.
PCF_2024,PCF_2024_378,EURO,2024,PCF,"La résolution 2664 de l’ONU, en date de 2022, sur l’exemption humanitaire des régimes de sanctions doit être appliquée à celles que l’UE et les États membres ont prises."
PCF_2024,PCF_2024_379,EURO,2024,PCF,Nous agissons en solidarité avec les Outre-Mer.
PCF_2024,PCF_2024_380,EURO,2024,PCF,"Les traités européens accordent, aux départements, régions et collectivités d’Outre-Mer, le statut de région « ultra-périphérique »."
PCF_2024,PCF_2024_381,EURO,2024,PCF,"Ils leur reconnaissent des « spécificités » qui ne sont qu’un constat géographique, sans prendre en compte vraiment une réalité économique et sociale marquée par un mal-développement."
PCF_2024,PCF_2024_382,EURO,2024,PCF,"Un accord d’association spécifique avec l’UE doit donc être conclu, dans le cadre d’un partenariat nouveau, dans le but d’assurer aux collectivités dites d’Outre-Mer la souveraineté alimentaire, de substituer leur production locale aux produits d’importation, d’y développer l’emploi, d’y préserver l’octroi de mer comme instrument de régulation économique et source de richesses, d’y favoriser les coopérations."
PCF_2024,PCF_2024_383,EURO,2024,PCF,TROISIEME ORIENTATION.
PCF_2024,PCF_2024_384,EURO,2024,PCF,Prendre le pouvoir sur le capital.
PCF_2024,PCF_2024_385,EURO,2024,PCF,Pour favoriser une nouvelle industrialisation et lutter contre les délocalisations.
PCF_2024,PCF_2024_386,EURO,2024,PCF,Pour promouvoir une écologie populaire et garantir notre souveraineté énergétique.
PCF_2024,PCF_2024_387,EURO,2024,PCF,"Pour construire une véritable politique agricole et alimentaire commune, assurant la transition agro-écologique Pour favoriser une nouvelle industrialisation et lutter contre les délocalisations."
PCF_2024,PCF_2024_388,EURO,2024,PCF,Une véritable politique industrielle s’impose à l’échelle de l’Union.
PCF_2024,PCF_2024_389,EURO,2024,PCF,"Elle doit être mutuellement avantageuse, respectueuse des intérêts stratégiques des pays, basée sur les coopérations nécessaires."
PCF_2024,PCF_2024_390,EURO,2024,PCF,"Des critères nouveaux doivent la fonder : de créations d’emplois, de hausse des salaires, de libertés syndicales effectives dans les entreprises."
PCF_2024,PCF_2024_391,EURO,2024,PCF,"Cette politique doit faire l’objet d’un contrôle démocratique des aides publiques, de la part du Parlement européen, des parlements nationaux, mais aussi des syndicats au sein des entreprises."
PCF_2024,PCF_2024_392,EURO,2024,PCF,"Nous voulons mettre un terme aux privatisations, au dogme de la concurrence libre et non faussée, et à la dérégulation de l’État et de l’UE en matière sociale et environnementale."
PCF_2024,PCF_2024_393,EURO,2024,PCF,"Depuis plusieurs décennies, la France et l’UE ont permis aux multinationales de dévaster et démanteler nos grandes filières industrielles, empochant des milliards d’aides publiques sans contrepartie."
PCF_2024,PCF_2024_394,EURO,2024,PCF,"Il faut faire primer la politique industrielle sur la politique de la concurrence et en finir avec le « dumping » fiscal, social et environnemental entre États membres de l’UE et avec les pays tiers."
PCF_2024,PCF_2024_395,EURO,2024,PCF,Nous proposons de mettre en place un grand plan de relance et de redéfinition de la politique industrielle.
PCF_2024,PCF_2024_396,EURO,2024,PCF,Cette nouvelle politique doit être garante des emplois et de nouveaux droits des salarié·es dans les entreprises.
PCF_2024,PCF_2024_397,EURO,2024,PCF,"Pour cela, s’agissant de la France, il convient de relocaliser, renationaliser et socialiser des entreprises stratégiques fondamentales pour notre indépendance (énergie, eau, autoroutes…)."
PCF_2024,PCF_2024_398,EURO,2024,PCF,Tous les pays de l’Union doivent pouvoir faire de même.
PCF_2024,PCF_2024_399,EURO,2024,PCF,"Pour répondre aux grands enjeux d’avenir, et être en mesure de développer des services publics à la hauteur des besoins à populaires (transport, santé...), il faut oeuvrer à de nouvelles coopérations entre secteurs d’activité à l’échelle continentale."
PCF_2024,PCF_2024_400,EURO,2024,PCF,Nos élu·es agiront pour que des sanctions sévères soient prises contre les délocalisations et pour construire de nouvelles coopérations industrielles en Europe.
PCF_2024,PCF_2024_401,EURO,2024,PCF,"Pour défendre et développer la souveraineté numérique Nous nous battons pour la relocalisation, la création de nouvelles filières industrielles et la maîtrise des filières stratégiques grâce à des nationalisations et des coopérations renforcées entre services publics et entreprises industrielles (énergie, transports, télécommunications…) avec des objectifs sociaux et environnementaux."
PCF_2024,PCF_2024_402,EURO,2024,PCF,"À l’échelle de l’Union, nous défendons l’harmonisation des normes sociales et environnementales par le haut, et la nécessité de nouvelles coopérations entre les États."
PCF_2024,PCF_2024_403,EURO,2024,PCF,L’UE doit résister aux offensives des États-Unis et construire le rapport de force indispensable pour permettre aux nations de recouvrer leur souveraineté sur leurs outils industriels stratégiques.
PCF_2024,PCF_2024_404,EURO,2024,PCF,Nous défendons la possibilité de prévenir d’éventuelles délocalisations et de préserver les actifs industriels (brevets et outils de production).
PCF_2024,PCF_2024_405,EURO,2024,PCF,"Cela suppose l’application, par les pays membre de l’UE, du périmètre du décret relatif aux investissements étrangers soumis à autorisation préalable du 14 mai 2014."
PCF_2024,PCF_2024_406,EURO,2024,PCF,"Cela implique également de favoriser une prise de contrôle rapide, directe, temporaire ou permanente, des entreprises menacées par des acteurs publics."
PCF_2024,PCF_2024_407,EURO,2024,PCF,Nous proposons que la Banque centrale européenne (BCE) et la Banque européenne d’investissement (BEI) appuient cette nouvelle industrialisation.
PCF_2024,PCF_2024_408,EURO,2024,PCF,"Cela passe par une nouvelle sélectivité de la politique monétaire, abaissant les taux pour les investissements des entreprises lorsqu’elles développent l’emploi, la formation, les salaires, promeuvent l’égalité salariale et diminuent les rejets de gaz à effet de serre ; les taux doivent, à l’inverse, être fortement relevés lorsque les investissements et les prêts servent à supprimer des emplois, à délocaliser ou à financer la spéculation."
PCF_2024,PCF_2024_409,EURO,2024,PCF,"Nous voulons favoriser les circuits courts, industriels et agricoles, pour réduire les besoins en transports, en relocalisant les productions."
PCF_2024,PCF_2024_410,EURO,2024,PCF,Nous proposerons ainsi un grand plan européen de relocalisation.
PCF_2024,PCF_2024_411,EURO,2024,PCF,"Nous défendrons l’instauration, comme en matière agricole, d’une obligation de traçabilité des produits industriels importés, jusqu’aux composants et matériaux, pour mieux informer et éclairer les consommateurs européens, de même que l’obligation de marquage d’origine des produits manufacturés, quel que soit leur lieu de production."
PCF_2024,PCF_2024_412,EURO,2024,PCF,"Nous agirons pour que soient lourdement taxés les produits réimportés, afin de lutter contre les délocalisations."
PCF_2024,PCF_2024_413,EURO,2024,PCF,"Ce qui suppose l’instauration de clauses miroir, de barrières douanières tarifaires et normatives européennes ou nationales, préservant les productions locales et les circuits courts face aux importations de denrées ou de produits industriels provenant de pays à moindre exigence écologique ou sociale."
PCF_2024,PCF_2024_414,EURO,2024,PCF,"De même nous proposons l’affectation du produit des droits de douane à l’État membre destinataire final des marchandises concernées et non, comme c’est le cas aujourd’hui, au premier État membre dans lequel ces biens transitent."
PCF_2024,PCF_2024_415,EURO,2024,PCF,"Nous souhaitons permettre une nouvelle industrialisation dans tous les États de l’UE, à la hauteur de la transition écologique nécessaire."
PCF_2024,PCF_2024_416,EURO,2024,PCF,Elle ne doit pas se contenter d’implanter des usines d’assemblage de composants fabriqués ailleurs.
PCF_2024,PCF_2024_417,EURO,2024,PCF,"L’industrialisation doit s’opérer à partir d’instances de concertation démocratiques, associant les travailleurs et les travailleuses, comme les élu·es nationaux, et viser un équilibre géographique industriel dans l’ensemble de l’Union."
PCF_2024,PCF_2024_418,EURO,2024,PCF,"Nous entendons nous battre afin que la Commission cesse d’obliger les États mettant en place des aides publiques, par exemple le bonus écologique, à les verser quelle que soit l’origine du produit."
PCF_2024,PCF_2024_419,EURO,2024,PCF,Les États-Unis ont réservé ces aides aux productions comportant au moins 50 % de composants made in USA.
PCF_2024,PCF_2024_420,EURO,2024,PCF,L’Europe n’a aucune raison d’agir différemment.
PCF_2024,PCF_2024_421,EURO,2024,PCF,"Cela permettra de développer sur le continent des filières intégrées de pompes à chaleur, de panneaux solaires, d’éoliennes, d’hydrogène et de batteries électriques."
PCF_2024,PCF_2024_422,EURO,2024,PCF,Nous agirons en faveur d’une politique d’infrastructures européennes et de développement de l’emploi.
PCF_2024,PCF_2024_423,EURO,2024,PCF,"Elle permettrait, par exemple, de construire de grandes lignes ferroviaires, de renforcer nos ports afin de faire baisser les parts modales de l’aérien et du routier (qu’il s’agisse du fret ou du transport voyageurs), mais aussi de mettre en place un réseau très haut débit comme un cloud européen, de relancer le projet Galileo, de construire des hôpitaux, ou encore de réaliser des investissements publics massifs mettant fin à la pauvreté énergétique et améliorant l’efficacité énergétique des bâtiments."
PCF_2024,PCF_2024_424,EURO,2024,PCF,Nous proposons de mettre en oeuvre une politique portuaire ambitieuse.
PCF_2024,PCF_2024_425,EURO,2024,PCF,Les ports sont un élément-clé d’une réindustrialisation répondant aux besoins humains.
PCF_2024,PCF_2024_426,EURO,2024,PCF,"Avec nos infrastructures ferroviaires, ils ont besoin d’investissements lourds, dans l’objectif de favoriser le couple fret ferroviaire/maritime et fluvial (il s’agit également du moyen de transport le plus écologique) en connectant nos ports aux corridors ferroviaires européens."
PCF_2024,PCF_2024_427,EURO,2024,PCF,"Nous proposons, dans cette perspective, de porter à 25 milliards annuels (au lieu de 7 actuellement) le budget alloué au financement, en France, du plan d’infrastructures (réseau TGV, régénération du réseau ferré, investissement métropolitain, réseau de 100 000 km de voies cyclables.)"
PCF_2024,PCF_2024_428,EURO,2024,PCF,LA LIGNE LYON-TURIN : Un exemple devant être généralisé.
PCF_2024,PCF_2024_429,EURO,2024,PCF,Nous sommes les défenseurs du « Made in Europe ».
PCF_2024,PCF_2024_430,EURO,2024,PCF,"Les institutions de l’Union européenne doivent acheter prioritairement, et au minimum à la hauteur de 30 %, des produits, matériaux, dispositifs, logiciels et services fabriqués dans l’Union."
PCF_2024,PCF_2024_431,EURO,2024,PCF,"L’octroi des subventions dans les domaines de la recherche (fondamentale et en « recherche et développement »), du développement industriel et de la culture, doit être conditionné à la production au sein de l’UE, à hauteur d’un minimum de 50 % des montants alloués."
PCF_2024,PCF_2024_432,EURO,2024,PCF,"CONTRÔLER L’ACTIVITÉ DES ENTREPRISES, pour de nouveaux pouvoirs pour les salariés et les citoyens.  « la responsabilité sociale des entreprises », celles-ci restent en-deça de la loi française de 2017 et des besoins humains et écologiques."
PCF_2024,PCF_2024_433,EURO,2024,PCF,"Nous demandons : De conditionner les aides publiques à des objectifs sociaux et environnementaux, ainsi qu’au développement de l’emploi, de la formation et de l’investissement."
PCF_2024,PCF_2024_434,EURO,2024,PCF,D’organiser le suivi et le contrôle des aides publiques avec la participation des élu·es et des représentant·es des salarié·es.
PCF_2024,PCF_2024_435,EURO,2024,PCF,"D’associer en amont, sur tous les projets ayant un impact sur leurs activités, les collectivités, les syndicats, les représentants des entreprises sous-traitantes, les syndicats d’entreprises ; un droit de veto doit être reconnu aux instances du personnels (les CSE), lorsqu’il s’agit de choix stratégiques impactant directement les salarié.es."
PCF_2024,PCF_2024_436,EURO,2024,PCF,D’étendre la loi française de 2017 aux entreprises de moins de 500 salarié.es.
PCF_2024,PCF_2024_437,EURO,2024,PCF,"De faire assumer la responsabilité civile et pénale des crimes et délits commis dans les pays concernés par les entreprises investissant hors de l’UE, que ce soit directement ou par le biais de filiales."
PCF_2024,PCF_2024_438,EURO,2024,PCF,De créer un observatoire public de surveillance des activités des entreprises européennes et des plans publics annuels de vigilance.
PCF_2024,PCF_2024_439,EURO,2024,PCF,D’organiser une sélectivité du crédit en faveur des investissements porteurs d’emploi et de réduction des émissions de gaz à effet de serre.
PCF_2024,PCF_2024_440,EURO,2024,PCF,Pour promouvoir une écologie populaire et garantir notre souveraineté énergétique.
PCF_2024,PCF_2024_441,EURO,2024,PCF,"L’Europe s’est donné un objectif très ambitieux: diminuer de 55 %, au lieu de 40 % comme précédemment fixé, les émissions de gaz à effet de serre d’ici 2030, par rapport à l’année de référence de 1990."
PCF_2024,PCF_2024_442,EURO,2024,PCF,Ce rythme très important de baisse apparaît incontournable pour atteindre la neutralité carbone en 2050.
PCF_2024,PCF_2024_443,EURO,2024,PCF,"Or, y parvenir suppose des politiques écologiques ambitieuses, rationnelles et populaires, à l’inverse de l’approche du Green Deal proclamé par l’Union, qui reste lié au principe du marché et d’une certaine approche « punitive », contre-productive, de l’écologie."
PCF_2024,PCF_2024_444,EURO,2024,PCF,Nous voulons en finir avec les directives européennes sur l’énergie.
PCF_2024,PCF_2024_445,EURO,2024,PCF,"Elles promeuvent différents marchés carbone et la « bourse du CO2 » (système européen d’échange de quotas d’émissions : ETS) et la taxe carbone, laquelle permet aux grandes entreprises d’acheter leur droit à polluer et de spéculer."
PCF_2024,PCF_2024_446,EURO,2024,PCF,Il convient de mettre en place des normes contraignantes sur les grandes entreprises.
PCF_2024,PCF_2024_447,EURO,2024,PCF,"Nous proposons que la France incite l’UE à se fixer des objectifs portant sur l’empreinte carbone, et pas seulement sur les émissions territoriales ou la neutralité carbone en 2050."
PCF_2024,PCF_2024_448,EURO,2024,PCF,Cela suppose une relocalisation de son industrie et l’arrêt des processus d’externalisation de toutes les nuisances sur les autres continents.
PCF_2024,PCF_2024_449,EURO,2024,PCF,"L’Europe doit développer sur son sol des projets miniers, et prendre sa part dans la production de minéraux, métaux et terres rares avec un haut niveau de protection sociale comme de garanties des conditions de travail, et elle doit assumer sa politique climatique en acceptant sur son sol plus d’industries."
PCF_2024,PCF_2024_450,EURO,2024,PCF,"Nous en appelons à une lutte prioritaire contre les émissions de CO2, ne se limitant pas à la part d’énergies renouvelables dans les mix énergétiques des États membres."
PCF_2024,PCF_2024_451,EURO,2024,PCF,"La manière de baisser ses émissions, notamment le choix des énergies bas-carbone composant le mix énergétique doit rester du ressort des États (pour le renouvelable et le nucléaire) et échapper aux lobbies les plus actifs à Bruxelles."
PCF_2024,PCF_2024_452,EURO,2024,PCF,"Nous proposons de reprendre le traité Euratom, signé à Rome en 1957."
PCF_2024,PCF_2024_453,EURO,2024,PCF,"Celui-ci a une valeur juridique, au même titre que les autres traités dont la mission était la création d’une puissante industrie nucléaire sous contrôle public."
PCF_2024,PCF_2024_454,EURO,2024,PCF,"Or, la Commission s’oppose constamment à la lettre de ce traité."
PCF_2024,PCF_2024_455,EURO,2024,PCF,Il est indispensable de renforcer le programme Iter et le mettre sous giron public.
PCF_2024,PCF_2024_456,EURO,2024,PCF,Nous militons pour étendre au nucléaire toutes les politiques de taxonomie verte.
PCF_2024,PCF_2024_457,EURO,2024,PCF,Cette dernière est encore réservée aux énergies renouvelables.
PCF_2024,PCF_2024_458,EURO,2024,PCF,Elle doit inclure la possibilité de produire de l’hydrogène vert avec le nucléaire : la France pourra alors jouer un rôle important en produisant une partie de l’hydrogène décarboné nécessaire au niveau continental.
PCF_2024,PCF_2024_459,EURO,2024,PCF,"Nous appelons au soutien des centres nationaux de recherche pour le climat, et à leur coopération au sein d’un pôle européen."
PCF_2024,PCF_2024_460,EURO,2024,PCF,"Cela permettra de développer les outils scientifiques et industriels, en coopération avec des scientifiques du monde entier, y compris issus des pays du Sud."
PCF_2024,PCF_2024_461,EURO,2024,PCF,"Ce pôle serait financé à hauteur de 1 % du PIB européen pendant 25 ans, soit le temps de la transition climatique."
PCF_2024,PCF_2024_462,EURO,2024,PCF,Son objectif serait de réaliser le rattrapage nécessaire de l’Europe sur toutes les technologies et procédés bas-carbone émergents.
PCF_2024,PCF_2024_463,EURO,2024,PCF,"Sont par exemple concernés l’électrolyse de l’eau de mer pour la production d’hydrogène, des batteries au sodium, la captation ou conversion du CO2 ou encore du stockage de la chaleur."
PCF_2024,PCF_2024_464,EURO,2024,PCF,"Nous préconisons un droit à l’énergie garanti pour tous et toutes, en renforçant les coopérations européennes."
PCF_2024,PCF_2024_465,EURO,2024,PCF,Nous défendons le maintien d’une filière publique allant de la production à la distribution et à la commercialisation de l’énergie.
PCF_2024,PCF_2024_466,EURO,2024,PCF,"Celle-ci serait fondée sur la maîtrise des prix et sur un mix énergétique entre le nucléaire, qui doit rentrer dans les circuits de financement européen des énergies vertes, et les énergies renouvelables."
PCF_2024,PCF_2024_467,EURO,2024,PCF,L’objectif est de réaliser la décarbonation de l’énergie.
PCF_2024,PCF_2024_468,EURO,2024,PCF,"La coopération entre les entreprises publiques d’énergie en Europe doit être encouragée, notamment dans les domaines technologiques et de la recherche."
PCF_2024,PCF_2024_469,EURO,2024,PCF,Nous militons en faveur d’une action diplomatique ambitieuse sur le climat.
PCF_2024,PCF_2024_470,EURO,2024,PCF,"Lors des sommets climatiques, l’Europe doit agir afin de promouvoir une aide aux pays qui n’ont pas les moyens d’atteindre les objectifs climatiques, à hauteur de 1 300 milliards de dollars par an."
PCF_2024,PCF_2024_471,EURO,2024,PCF,"Il en va de même pour les montants annoncés lors de la COP28, consacrés à l’adaptation et au nouveau fonds « pertes et dommages », qui sont encore trop balbutiants : l’Union doit agir pour démultiplier ces montants et abonder ce fond."
PCF_2024,PCF_2024_472,EURO,2024,PCF,Nous voulons que l’Union européenne prenne un engagement de réduction des émissions de gaz à effet de serre par les multinationales et les banques européennes.
PCF_2024,PCF_2024_473,EURO,2024,PCF,"Celles-ci, par leur activité à l’étranger, ont en effet une contribution bien plus importante aux émissions mondiales que les émissions territoriales."
PCF_2024,PCF_2024_474,EURO,2024,PCF,Nous en appelons à une politique ambitieuse de protection de la biodiversité.
PCF_2024,PCF_2024_475,EURO,2024,PCF,"Selon la Plateforme intergouvernementale scientifique et politique sur la biodiversité et les services écosystémiques (IPBES), le changement climatique, la fragmentation et la destruction des habitats, les pollutions, la surexploitation des ressources et les invasions biologiques sont les principaux facteurs de déclin de la biodiversité."
PCF_2024,PCF_2024_476,EURO,2024,PCF,"Il importe de limiter l’intensification des usages des sols, en s’orientant vers les pratiques de l’agroécologie, en diversifiant les cultures et les élevages, en limitant la production et l’utilisation d’engrais minéraux, de pesticides, à rebours des politiques d’intensification, des monocultures."
PCF_2024,PCF_2024_477,EURO,2024,PCF,Ces objectifs sont essentiels pour préserver et restaurer nos écosystèmes et soutenir les fonctions de stockage de carbone.
PCF_2024,PCF_2024_478,EURO,2024,PCF,"Un renforcement des réseaux de surveillance des sols en Europe est en outre nécessaire, afin d’enrichir les bases de données et de connaissances."
PCF_2024,PCF_2024_479,EURO,2024,PCF,"Ces données sont fondamentales dans un objectif de conservation et d’amélioration de la gestion de cette « ressource », non renouvelable à l’échelle humaine."
PCF_2024,PCF_2024_480,EURO,2024,PCF,"En France, le rôle du Réseau national d’expertise scientifique et technique sur les sols (RNEST) devrait être renforcé, ainsi que celui de l’European Joint Programming (EJP) à l’échelle européenne."
PCF_2024,PCF_2024_481,EURO,2024,PCF,"Nous proposons de restaurer les écosystèmes dégradés par l’action humaine (forêts, prairies, zones humides, rivières, lacs et fonds coralliens…) : En soutenant les établissements publics à caractère scientifique (universités, Office français de la biodiversité, Muséum national d’histoire naturelle, Centre national de la recherche scientifique, Institut national de recherche pour l’agriculture, l’alimentation et l’environnement…) pour permettre la construction d’un plan national de restauration ambitieux, en lien avec les objectifs fixés par le règlement européen sur la restauration de la nature : objectif d’atteinte de bon état écologique pour 30 % des habitats en mauvais état d’ici 2030, 60 % d’ici 2040 et 90 % d’ici 2050."
PCF_2024,PCF_2024_482,EURO,2024,PCF,"En promulguant une loi européenne afin de stopper l’arrachage des haies et de les restaurer: les haies sont essentielles pour maintenir les continuités écologiques, pour limiter l’érosion du sol, pour simplifier les paysages agricoles et permettre l’infiltration de l’eau."
PCF_2024,PCF_2024_483,EURO,2024,PCF,"En renforçant le réseau d’aires protégées, notamment le réseau des sites Natura 2000 en Europe et en visant le classement de 30 % de la superficie de la France."
PCF_2024,PCF_2024_484,EURO,2024,PCF,"En appliquant fermement les réglementations sur la protection des espèces et des espaces protégés, et en renforçant notamment le rôle et les effectifs de la police administrative et judiciaire de l’environnement sous l’égide de l’Office français de la biodiversité (OFB), lequel doit rester indépendant et non être placé sous l’autorité des préfets."
PCF_2024,PCF_2024_485,EURO,2024,PCF,"Pour construire une véritable politique commune de l’agriculture, de la pêche et de l’alimentation, dans l’objectif de garantir la souveraineté alimentaire des peuples."
PCF_2024,PCF_2024_486,EURO,2024,PCF,"L’agriculture, la pêche et les productions aquacoles répondent à un besoin fondamental de l’humanité."
PCF_2024,PCF_2024_487,EURO,2024,PCF,"Pourtant, la plupart des travailleurs et travailleuses du vivant peinent à vivre de leur activité."
PCF_2024,PCF_2024_488,EURO,2024,PCF,"Dans bon nombre de productions, ce sont les subventions qui font le revenu."
PCF_2024,PCF_2024_489,EURO,2024,PCF,"En parallèle, la grande distribution et l’industrie agroalimentaire se taillent la part du lion dans le partage de la valeur ajoutée alimentaire, captant la moitié de cette dernière alors que moins de 10 % reviennent à l’agriculteur ou à l’agricultrice."
PCF_2024,PCF_2024_490,EURO,2024,PCF,"À cela s’ajoute une mise en concurrence entre producteurs européens, renforcée par la renationalisation partielle de la Politique agricole commune (PAC), mais aussi entre producteurs du monde entier du fait de la multiplication des traités de libre-échange, où l’agriculture et la pêche font trop souvent office de variables d’ajustement."
PCF_2024,PCF_2024_491,EURO,2024,PCF,"Nous portons un projet de reconstruction de la PAC visant à la transformer en Politique agricole et alimentaire commune (PAAC), qui s’appuierait sur les priorités qui suivent."
PCF_2024,PCF_2024_492,EURO,2024,PCF,Nous défendons la création d’un fonds communautaire d’intervention sur les prix et les volumes.
PCF_2024,PCF_2024_493,EURO,2024,PCF,"Il intégrerait un prix plancher (prix minimum payé au producteur), un prix d’objectif (prix couvrant les coûts de production et rémunérant dignement le producteur), et un prix plafond (prix de revente maximum au consommateur), adossés à la généralisation du coefficient multiplicateur (taux maximal de marge commerciale)."
PCF_2024,PCF_2024_494,EURO,2024,PCF,Nous préconisons l’augmentation de la part d’aides couplées dans le premier pilier de la PAC.
PCF_2024,PCF_2024_495,EURO,2024,PCF,"Cela vise à soutenir des pratiques agro-écologiques : polyculture-élevage, élevage herbager, agroforesterie etc."
PCF_2024,PCF_2024_496,EURO,2024,PCF,Nous proposons l’instauration d’un régime public d’assurance et de gestion des risques pour couvrir et prévenir les aléas climatiques et sanitaires.
PCF_2024,PCF_2024_497,EURO,2024,PCF,Il intégrerait des dispositifs d’adaptation pour accompagner les producteurs face aux effets du dérèglement climatique.
PCF_2024,PCF_2024_498,EURO,2024,PCF,Nous refusons tout accord de libre-échange tout en soutenant et accompagnant dans la durée la relocalisation des productions.
PCF_2024,PCF_2024_499,EURO,2024,PCF,"Cela s’opérerait autour de filières locales intégrant des outils de transformation, de commercialisation et de conditionnement publics ou coopératifs (marchés, criées, abattoirs, légumeries, cuisines centrales etc.)."
PCF_2024,PCF_2024_500,EURO,2024,PCF,Nous voulons bâtir de nouvelles coopérations européennes en matière de recherche agronomique et d’enseignement publics.
PCF_2024,PCF_2024_501,EURO,2024,PCF,Elles porteraient notamment sur la manière d’envisager l’atténuation et l’adaptation face au dérèglement climatique et la gestion durable des ressources halieutiques.
PCF_2024,PCF_2024_502,EURO,2024,PCF,Nous nous battons pour rendre la mer à la pêche artisanale.
PCF_2024,PCF_2024_503,EURO,2024,PCF,"La souveraineté alimentaire en produits de la mer doit passer par la préservation des zones où cueillent et produisent pêcheurs et conchyliculteurs, en créant des zones de productions halieutiques (ZPH)."
PCF_2024,PCF_2024_504,EURO,2024,PCF,"Dans le même temps, nous voulons réorienter les soutiens de la Politique commune de la pêche (PCP) en direction de la pêche artisanale, créant plus de valeur ajoutée et d’emploi que la pêche industrielle."
PCF_2024,PCF_2024_505,EURO,2024,PCF,Nous portons l’idée de conjuguer la préservation de l’environnement et les activités humaines au sein de ruralités vivantes.
PCF_2024,PCF_2024_506,EURO,2024,PCF,"Cela implique de renforcer les moyens des fonds européens concourant au développement social et économique des territoires ruraux (Feader dont Leader, FSE+, Fede), en conditionnant leur octroi à des critères de respect de l’environnement."
PCF_2024,PCF_2024_507,EURO,2024,PCF,"Nous oeuvrons en faveur d’une politique alimentaire qui permette à toutes et tous de manger sain et à sa faim, dans le respect de l’environnement, du producteur et des conditions d’élevages, de transport d’animaux et d’abattages décentes."
PCF_2024,PCF_2024_508,EURO,2024,PCF,Le Fonds européen d’aide aux plus démuni·es (FEAD) doit être défendu au-delà de 2027 et renforcé.
PCF_2024,PCF_2024_509,EURO,2024,PCF,L’harmonisation des normes environnementales et sociales vers le haut permettrait de garantir une même réglementation pour l’ensemble des membres de l’UE.
PCF_2024,PCF_2024_510,EURO,2024,PCF,"Des services publics d’hygiène, de labellisation, et de sécurité alimentaire dans les pays de l’Union permettraient de contrôler la traçabilité et l’adéquation avec les signes d’identification de la qualité et de l’origine."
PCF_2024,PCF_2024_511,EURO,2024,PCF,"L’information des consommateurs sur la traçabilité par l’étiquetage de l’origine doit être garantie pour tous les produits agricoles, à l’état brut ou transformé."
PCF_2024,PCF_2024_512,EURO,2024,PCF,Le pays de production et de transformation des produits agricoles bruts ou transformés doit figurer sur l’étiquette.
PCF_2024,PCF_2024_513,EURO,2024,PCF,Nous appelons à favoriser l’installation.
PCF_2024,PCF_2024_514,EURO,2024,PCF,"Des bonifications de crédit, financées par la Banque centrale européenne, doivent être allouées en fonction de critères nouveaux de gestion, allant dans le sens de l’agroécologie."
PCF_2024,PCF_2024_515,EURO,2024,PCF,"Une place centrale doit être donnée à la féminisation des métiers de l’agriculture, avec une meilleure représentation dans les instances de décision et une plus grande ouverture des formations agricoles aux femmes."
PCF_2024,PCF_2024_516,EURO,2024,PCF,Nous agissons pour retrouver notre souveraineté sur la filière bois tout en faisant face au changement climatique.
PCF_2024,PCF_2024_517,EURO,2024,PCF,"Chaque pays de l’Union européenne doit pouvoir assurer sa souveraineté sur sa ressource forestière, dans le but de développer une filière forêt-bois durable et locale, garante de l’objectif de neutralité carbone et d’une relocalisation de l’emploi, tout en ouvrant la voie à des coopérations entre États membres."
PCF_2024,PCF_2024_518,EURO,2024,PCF,Un fonds forestier européen doit être créé.
PCF_2024,PCF_2024_519,EURO,2024,PCF,"Géré par des représentants des parlements nationaux, du Parlement européen et des représentants syndicaux de la profession, il se déclinerait, à l’échelle régionale, par des bonifications d’intérêts et des garanties de crédits soutenant la sylviculture et l’investissement dans les entreprises de travaux forestiers et de transformation du bois, selon des critères environnementaux et sociaux."
PCF_2024,PCF_2024_520,EURO,2024,PCF,"Un fonds de développement européen des services publics, permettrait, quant à lui, d’affronter les défis de la transition écologique en matière forestière, au moyen d’agences publiques forestières (Office national des forêts, Centre national de la propriété forestière…), et à travers le développement de la formation professionnelle publique."
PCF_2024,PCF_2024_521,EURO,2024,PCF,Pour la régulation d’Internet et la construction d’une souveraineté numérique.
PCF_2024,PCF_2024_522,EURO,2024,PCF,"Ces dernières années, l’Union européenne a légiféré sur le numérique en partant d’un principe clair : ce qui est illégal hors ligne doit l’être aussi en ligne."
PCF_2024,PCF_2024_523,EURO,2024,PCF,Nous veillerons à ce qu’Internet ne soit pas une zone de non-droit et à ce que les règles françaises et européennes soient appliquées et renforcées.
PCF_2024,PCF_2024_524,EURO,2024,PCF,"Nous devons mettre fin au monopole des Gafam et autres grandes plateformes, et les réguler."
PCF_2024,PCF_2024_525,EURO,2024,PCF,"L’objectif est que leurs contenus ne portent pas atteinte à la dignité humaine (modération, retrait, interdiction...) et qu’ils ne puissent plus contourner la loi en instrumentalisant le droit de la concurrence ou en appliquant les règles nord-américaines au détriment des règles européennes."
PCF_2024,PCF_2024_526,EURO,2024,PCF,Nous voulons également construire une industrie européenne du numérique permettant de répondre aux besoins des populations et garantissant la neutralité du Net au niveau continental.
PCF_2024,PCF_2024_527,EURO,2024,PCF,Nous luttons contre la fraude dans le commerce électronique.
PCF_2024,PCF_2024_528,EURO,2024,PCF,Les produits vendus sur les places de marché en ligne seraient non conformes/dangereux sans compter la contrefaçon.
PCF_2024,PCF_2024_529,EURO,2024,PCF,"Nous sommes favorables à l’obligation, pour ces plateformes numériques, d’identifier les vendeurs qu’ils hébergent, de retirer de leur site les produits dangereux ou contrefaits, et de prendre en charge les dégâts provoqués par ces produits."
PCF_2024,PCF_2024_530,EURO,2024,PCF,Nous soutenons la construction d’un cloud européen.
PCF_2024,PCF_2024_531,EURO,2024,PCF,"Des infrastructures publiques, fiables et sécurisées de stockage des données sensibles doivent être mises en place, afin que des agences ou gouvernements étrangers n’accèdent plus à nos services et données numériques sensibles."
PCF_2024,PCF_2024_532,EURO,2024,PCF,"C’est pourquoi nous soutenons des projets tels que le cloud de nouvelle génération (PIIEC), qui réunit déjà 11 pays, dont la France."
PCF_2024,PCF_2024_533,EURO,2024,PCF,"Nous nous battons pour la participation des grandes entreprises consommatrices de flux numérique (Gafam, plateformes de type Netflix ou Amazon Prime) au financement des infrastructures Internet dans chaque État-membre, au prorata des flux consommés."
PCF_2024,PCF_2024_534,EURO,2024,PCF,Pour une industrie européenne du numérique.
PCF_2024,PCF_2024_535,EURO,2024,PCF,"Nous voulons reconstruire une filière nationale et européenne des composants électroniques (processeurs, mémoires )."
PCF_2024,PCF_2024_536,EURO,2024,PCF,"Elle devrait être orientée notamment vers les développements de l’intelligence artificielle et de la robotique (GPU, processeurs neuromorphiques) Nous appelons à reconstruire des filières nationales et publiques coopérant à l’échelle européenne dans les équipements de télécom et de réseau."
PCF_2024,PCF_2024_537,EURO,2024,PCF,Il s’agit de garantir la souveraineté sur les développements techniques et technologiques.
PCF_2024,PCF_2024_538,EURO,2024,PCF,"Nous favoriserons la construction de filières industrielles du numérique, autour des nouvelles technologiques telles que le quantique."
PCF_2024,PCF_2024_539,EURO,2024,PCF,Pour une réduction de l’empreinte environnementale du numérique.
PCF_2024,PCF_2024_540,EURO,2024,PCF,"Nous défendons la taxation des flux et stockages de données numériques, notamment des grands data centers, à proportion de leur contribution au réchauffement climatique."
PCF_2024,PCF_2024_541,EURO,2024,PCF,"Et nous souhaitons avancer vers le contrôle public sous gestion démocratique des infrastructures numériques essentielles, réseaux et data centers."
PCF_2024,PCF_2024_542,EURO,2024,PCF,"Nous voulons que le numérique vienne appuyer la souveraineté agricole et soutenons un usage raisonné des technologies, notamment spatiales d’observation et géolocalisation."
PCF_2024,PCF_2024_543,EURO,2024,PCF,"Cela permettrait, par exemple, de mieux réguler la quantité d’intrants et l’irrigation des sols."
PCF_2024,PCF_2024_544,EURO,2024,PCF,"Nous voulons développer notre indépendance et notre souveraineté en matière de géolocalisation, observation et télécommunications spatiales, en relançant notamment et achevant le programme Galileo, actuellement réalisé à seulement 20 %, en soutenant la réalisation sous véritable contrôle public du projet IRIS2, et plus globalement en défendant une politique spatiale européenne ambitieuse et souveraine."
PCF_2024,PCF_2024_545,EURO,2024,PCF,"Nous luttons contre l’obsolescence programmée, en favorisant les matériels électroniques reconditionnés, à commencer par les institutions de l’Union européenne et dans les programmes bénéficiant de fonds européens."
PCF_2024,PCF_2024_546,EURO,2024,PCF,"Et nous soutenons, à cette fin, le développement de programmes de recherche visant à bien comprendre le cycle de vie des produits et équipements de la chaîne numérique et déterminer la manière d’en optimiser l’usage socialement utile en réduisant les impacts environnementaux."
PCF_2024,PCF_2024_547,EURO,2024,PCF,"Face à la vague de l’intelligence artificielle, nous voulons mettre en place des garde-fous démocratiques permettant d’assurer leur déploiement utile à la société et la maîtrise de leurs effets potentiellement destructeurs, notamment en termes d’emplois."
PCF_2024,PCF_2024_548,EURO,2024,PCF,"Des garde-fous basés sur des critères de défense de l’intérêt général doivent être mis en place intégrant : La formation sur ces questions des professionnelles et professionnels et leur mise en débat à l’échelle de toute la société ; La constitution d’une plateforme européenne d’audit des algorithmes, en favorisant pour cela les logiciels en source ouverte, et plus globalement en développant les moyens publics de suivi et anticipation des impacts sociaux et environnementaux des technologies numériques."
PCF_2024,PCF_2024_549,EURO,2024,PCF,Notre ambition est de mettre en place au plus tôt les réglementations nécessaires à la maîtrise sociale et démocratique de domaines en évolution rapide.
PCF_2024,PCF_2024_550,EURO,2024,PCF,QUATRIÈME ORIENTATION.
PCF_2024,PCF_2024_551,EURO,2024,PCF,Développer les services publics.
PCF_2024,PCF_2024_552,EURO,2024,PCF,Pour en finir avec les libéralisations.
PCF_2024,PCF_2024_553,EURO,2024,PCF,Pour sortir la santé des logiques marchandes.
PCF_2024,PCF_2024_554,EURO,2024,PCF,Pour développer les transports.
PCF_2024,PCF_2024_555,EURO,2024,PCF,Pour en finir avec les libéralisations.
PCF_2024,PCF_2024_556,EURO,2024,PCF,Pour sortir l’enseignement et la recherche des logiques libérales.
PCF_2024,PCF_2024_557,EURO,2024,PCF,Pour impulser une politique nouvelle pour la jeunesse.
PCF_2024,PCF_2024_558,EURO,2024,PCF,"La conception néolibérale qui prévaut dans l’Union européenne pousse au démantèlement des structures publiques nationales, au profit d’une segmentation de l’offre de services réalisée par des opérateurs privés mis en concurrence."
PCF_2024,PCF_2024_559,EURO,2024,PCF,"La conséquence en est l’affaiblissement progressif général des services publics, la précarisation des travailleurs, l’augmentation des tarifs et l’accroissement des inégalités territoriales."
PCF_2024,PCF_2024_560,EURO,2024,PCF,Nous portons un tout autre projet pour les services publics.
PCF_2024,PCF_2024_561,EURO,2024,PCF,"Ils doivent être universels et garants de l’égalité, en s’adressant de la même manière à toute la population."
PCF_2024,PCF_2024_562,EURO,2024,PCF,"Ils doivent permettre l’intervention des usager·es et des salarié·es sur les grandes missions qui leur sont confiées, et être à ce titre des outils de souveraineté démocratique."
PCF_2024,PCF_2024_563,EURO,2024,PCF,Ils doivent être envisagés comme des moteurs de développement économique et de progrès social.
PCF_2024,PCF_2024_564,EURO,2024,PCF,Ils doivent assurer l’émergence de biens communs.
PCF_2024,PCF_2024_565,EURO,2024,PCF,Nous proposons un moratoire sur les directives de libéralisation.
PCF_2024,PCF_2024_566,EURO,2024,PCF,"À défaut, un État doit pouvoir appliquer un droit de retrait pour ne pas mettre en application ces directives."
PCF_2024,PCF_2024_567,EURO,2024,PCF,"Pour que prévalent de nouvelles règles de coopération, se substituant aux règles de concurrence s’appliquant aux services publics, nous défendons l’abrogation des articles 101 à 107 du Traité sur le fonctionnement de l’UE, afin de rendre possibles les aides d’État."
PCF_2024,PCF_2024_568,EURO,2024,PCF,Nous voulons bâtir des services publics nationaux coopérant entre eux au sein de pôles publics.
PCF_2024,PCF_2024_569,EURO,2024,PCF,"Alors que le droit européen distingue aujourd’hui les « services d’intérêt économique général », correspondant à des services tarifés et relevant du droit de la concurrence, et les « services non économiques d’intérêt général », conçus comme des filets de sécurité sociaux que les États peuvent financer et organiser librement là où les marchés s’avèrent inopérants, nous portons une tout autre conception du service public."
PCF_2024,PCF_2024_570,EURO,2024,PCF,"Elle doit se fonder sur des opérateurs publics nationaux ou locaux, coopérant entre eux, garantissant un statut de haut niveau pour leurs travailleurs et travailleuses, permettant l’intervention des usager·es dans des instances de planification démocratique dotées de moyens financiers."
PCF_2024,PCF_2024_571,EURO,2024,PCF,"La constitution, ou la reconstitution, d’opérateurs publics nationaux et démocratiques de service public doit être soutenue et encouragée."
PCF_2024,PCF_2024_572,EURO,2024,PCF,"De nouvelles règles de coopération doivent être élaborées, remplaçant celles de la concurrence."
PCF_2024,PCF_2024_573,EURO,2024,PCF,"À l’échelle européenne, des pôles publics associant les services publics nationaux, et permettant l’intervention des organisations syndicales européennes, pourraient constituer un cadre pour des mutualisations et des coopérations à géométrie choisie."
PCF_2024,PCF_2024_574,EURO,2024,PCF,Nous proposons de mettre en place un observatoire des services publics en Europe.
PCF_2024,PCF_2024_575,EURO,2024,PCF,"Il impliquerait les usager·es, les syndicalistes, les parlementaires nationaux."
PCF_2024,PCF_2024_576,EURO,2024,PCF,Nous militons pour un investissement massif dans les infrastructures dans l’objectif de renforcer la qualité et l’accessibilité des services publics.
PCF_2024,PCF_2024_577,EURO,2024,PCF,"La construction et la rénovation de bâtiments, ainsi que des dépenses nouvelles devront permettre de répondre aux pénuries d’emplois et de main-d’oeuvre dans les services publics."
PCF_2024,PCF_2024_578,EURO,2024,PCF,"Portées par les luttes locales, nationales, européennes pour les services publics, ces exigences pourraient constituer une première étape vers l’abrogation des directives de libéralisation."
PCF_2024,PCF_2024_579,EURO,2024,PCF,GARANTIR UN LOGEMENT DÉCENT POUR TOUS ET TOUTES.
PCF_2024,PCF_2024_580,EURO,2024,PCF,Le logement est un droit fondamental reconnu par l’article 25 de la Déclaration universelle des droits de l’Homme et du citoyen.
PCF_2024,PCF_2024_581,EURO,2024,PCF,"Cela implique : De favoriser une intervention structurelle destinée à augmenter l’offre de logements publics, à permettre l’utilisation ou la conversion des bâtiments publics vacants, et à réserver une partie de ces logements à des femmes victimes de violences ou encore à des étudiants."
PCF_2024,PCF_2024_582,EURO,2024,PCF,De mettre en place des instruments européens de plafonnement des loyers et de restriction sur les locations à court terme.
PCF_2024,PCF_2024_583,EURO,2024,PCF,"De coordonner une politique de lutte contre la spéculation immobilière, destinée à réguler les marchés au moyen d’un cadre plus strict contre les plateformes type Airbnb."
PCF_2024,PCF_2024_584,EURO,2024,PCF,D’oeuvrer afin que les États membres et les autorités responsables du logement garantissent un logement abordable à toutes et tous.
PCF_2024,PCF_2024_585,EURO,2024,PCF,Pour sortir la santé des logiques marchandes.
PCF_2024,PCF_2024_586,EURO,2024,PCF,"L’Union européenne n’a pas de responsabilité directe en matière de définition des politiques de santé publique, ou d’organisation de la fourniture des services de santé et des soins médicaux."
PCF_2024,PCF_2024_587,EURO,2024,PCF,Ces missions sont du ressort des États membres.
PCF_2024,PCF_2024_588,EURO,2024,PCF,"Cependant, l’UE dispose d’une compétence complémentaire, qui l’autorise à soutenir et à coordonner des actions, ainsi qu’à adopter des mesures législatives contraignantes dans certains domaines clairement définis, comme les médicaments et les dispositifs médicaux."
PCF_2024,PCF_2024_589,EURO,2024,PCF,"Nous nous opposons à la création d’un marché unique des médicaments et des produits de santé, incapable de répondre aux enjeux de santé publique comme de lutte contre les pénuries."
PCF_2024,PCF_2024_590,EURO,2024,PCF,"Face au Big Pharma, qui répond exclusivement aux logiques de profits à court terme, il faut développer un secteur public du médicament et des produits de santé."
PCF_2024,PCF_2024_591,EURO,2024,PCF,Cela rend notamment indispensable la nationalisation/socialisation des entreprises de ce secteur.
PCF_2024,PCF_2024_592,EURO,2024,PCF,"Dans l’immédiat, il est possible d’agir sur le prix des médicaments, afin de combattre les intérêts de l’industrie pharmaceutique : par des négociations de prix transparentes avec l’industrie pharmaceutique ; par une réévaluation régulière de ces prix par les États, en fonction des profits dégagés et des dividendes versés aux actionnaires ; par l’obligation faite aux compagnies pharmaceutiques de contribuer financièrement à la recherche clinique académique indépendante et publique, concernant l’utilisation optimale des médicaments nouvellement enregistrés."
PCF_2024,PCF_2024_593,EURO,2024,PCF,"Nous militons en faveur d’un pôle public de recherche, production et distribution des médicaments et des produits de santé pour la prévention, les nouvelles technologies (imagerie et biotechnologies...) à l’échelle nationale, et pour la mise en place de coopérations européennes."
PCF_2024,PCF_2024_594,EURO,2024,PCF,Cela concernerait en premier lieu ceux qui figurent sur la liste prioritaire établie par l’Organisation mondiale de la santé (OMS) et qui sont considérés comme essentiels aux besoins humains en matière de santé.
PCF_2024,PCF_2024_595,EURO,2024,PCF,Il permettrait de faire face aux pénuries qui se développent lorsque l’espérance du profit n’est pas jugée suffisante pour les actionnaires.
PCF_2024,PCF_2024_596,EURO,2024,PCF,"Il favoriserait le développement des licences d’offices, permettant aux États, lorsqu’ils considèrent que leurs intérêts vitaux dans les domaines de la santé publique sont menacés, de casser les brevets et de produire eux-mêmes les médicaments dont l’industrie refuse de négocier les prix."
PCF_2024,PCF_2024_597,EURO,2024,PCF,"Il aiderait à redonner du poids à la recherche clinique publique dans le domaine pharmaceutique, puisque celle-ci a été totalement bradée par les logiques néolibérales."
PCF_2024,PCF_2024_598,EURO,2024,PCF,"Il permettrait de promouvoir et défendre l’éthique du système transfusionnel et, plus généralement, de mettre un terme aux directives européennes qui défendent une approche marchande du corps humain."
PCF_2024,PCF_2024_599,EURO,2024,PCF,"Nous appelons à garantir, dans tous les États, un accès universel et gratuit aux soins."
PCF_2024,PCF_2024_600,EURO,2024,PCF,"Cela concernerait y compris les soins génésiques et l’avortement, entraînerait le renforcement des systèmes de santé publique au service de la réduction des inégalités."
PCF_2024,PCF_2024_601,EURO,2024,PCF,Nous voulons que l’Europe retrouve souveraineté et indépendance dans la production des pilules abortives.
PCF_2024,PCF_2024_602,EURO,2024,PCF,Nous défendons une coopération accrue entre les États pour le renforcement et la démocratisation de l’économie des soins.
PCF_2024,PCF_2024_603,EURO,2024,PCF,"Cela permettrait de promouvoir une reconnaissance et une valorisation accrues du travail de soins informels, de soutenir les aidants et aidantes familiaux, et de développer des services de soins à domicile et de soutien aux professionnel·les."
PCF_2024,PCF_2024_604,EURO,2024,PCF,Nous nous battons pour que les travailleurs et travailleuses migrantes bénéficient des mêmes droits.
PCF_2024,PCF_2024_605,EURO,2024,PCF,Nous agissons en faveur des hôpitaux transfontaliers.
PCF_2024,PCF_2024_606,EURO,2024,PCF,"Dans certaines zones frontalières, les services hospitaliers doivent être pensés à l’échelle d’un bassin de vie."
PCF_2024,PCF_2024_607,EURO,2024,PCF,"Nous devons soutenir la construction d’hôpitaux publics transfrontaliers, adossée à un financement Feder."
PCF_2024,PCF_2024_608,EURO,2024,PCF,Les coûts de fonctionnement des hôpitaux transfrontaliers doivent être répartis équitablement entre les États membres du territoire.
PCF_2024,PCF_2024_609,EURO,2024,PCF,Nous proposons une grande politique de protection des patients et patientes.
PCF_2024,PCF_2024_610,EURO,2024,PCF,"Avec le développement du numérique et de l’intelligence artificielle, il convient d’être particulièrement vigilant sur la sécurité des données de santé."
PCF_2024,PCF_2024_611,EURO,2024,PCF,"Compte tenu du risque de discrimination à l’égard des personnes souffrant de maladies, il est impératif que les règles de protection des données s’appliquent aux patients, au moyen de l’interdiction de la transmission des données de santé à des tiers (compagnies d’assurance, banques, employeurs, propriétaires…)."
PCF_2024,PCF_2024_612,EURO,2024,PCF,"Dans le cadre de la réglementation sur la protection des consommateurs et consommatrices contre les produits défectueux, les patient·es doivent être protégé·es en cas d’apparition d’effets secondaires."
PCF_2024,PCF_2024_613,EURO,2024,PCF,"Pour ce faire, la responsabilité des laboratoires doit pouvoir être engagée, jusqu’à plusieurs années après la prise des traitements."
PCF_2024,PCF_2024_614,EURO,2024,PCF,"Nous proposons d’instaurer une « exception sanitaire européenne », sur le même modèle que l’exception culturelle."
PCF_2024,PCF_2024_615,EURO,2024,PCF,"Parce que notre santé ne doit plus être considérée comme une marchandise, nous voulons sortir les médicaments et les produits sanitaires des règles de l’Organisation mondiale du commerce (OMC) et des traités commerciaux, en autorisant l’UE et ses États membres à mettre en oeuvre des politiques propres, dérogatoires au droit commun de l’OMC."
PCF_2024,PCF_2024_616,EURO,2024,PCF,"« L’exception sanitaire » pourrait s’appliquer à travers une série d’actes politiques et réglementaires forts : L’Union européenne, en tant qu’institution détenant la compétence exclusive en matière de commerce international, devrait notifier à l’OMC sa décision, unilatérale, de sortir la santé de tous les traités de commerce bilatéraux et multilatéraux."
PCF_2024,PCF_2024_617,EURO,2024,PCF,La relocalisation de l’industrie pharmaceutique devrait s’opérer sous cinq ans.
PCF_2024,PCF_2024_618,EURO,2024,PCF,"Elle devrait s’adosser à la mise en oeuvre d’une politique industrielle destinée à répondre aux besoins du secteur sanitaire, et prendre la forme d’aides publiques et de quotas de production, obligatoirement localisée sur le territoire national et sous giron public."
PCF_2024,PCF_2024_619,EURO,2024,PCF,PROMOUVOIR « L’EXCEPTION SANITAIRE » ET LA RELOCALISATION DE MÉDICAMENTS.
PCF_2024,PCF_2024_620,EURO,2024,PCF,"Cette injonction porterait en particulier sur la production des principes actifs, sur les médicaments de base (le paracétamol, les antibiotiques, l’insuline...), sur les substances utilisées à l’hôpital pour les patients critiques (anesthésiants, opiacés…), et sur les équipements de type respirateurs, masques, blouses… La redistribution d’une partie des profits des compagnies du Big Pharma devrait s’organiser en direction de l’ensemble des structures concourant à la santé (hôpitaux, centres universitaires et instituts de recherche), contribuant ainsi à la création d’un pôle public du médicament et des produits de santé."
PCF_2024,PCF_2024_621,EURO,2024,PCF,Pour développer les services publics de transports.
PCF_2024,PCF_2024_622,EURO,2024,PCF,"Les transports, de voyageurs autant que de marchandises, participent de ces biens communs que le service public a vocation à protéger afin qu’ils répondent toujours mieux à l’intérêt général."
PCF_2024,PCF_2024_623,EURO,2024,PCF,"Pour satisfaire aux logiques néolibérales de financiarisation et de mises en concurrence, la Commission européenne et les gouvernements des États membres n’ont pourtant cessé de déréguler à tout-va ce secteur, de privatiser ses entreprises publiques, de démanteler ses fleurons."
PCF_2024,PCF_2024_624,EURO,2024,PCF,"Une nouvelle politique, ambitieuse et volontaire, s’impose donc."
PCF_2024,PCF_2024_625,EURO,2024,PCF,"Nous défendons l’objectif d’un plan de développement du multi-modal et du doublement de la part du fret ferroviaire, le développement du fret fluvial pour mettre fin à la politique du « tout routier » privilégiée par l’UE."
PCF_2024,PCF_2024_626,EURO,2024,PCF,"Les transports commerciaux et industriels de longue distance doivent être massivement redirigés vers le fret ferroviaire ou fluvial et le multimodal, en développant des voies navigables et des infrastructures ferroviaires, avec des personnels en nombre suffisant et correctement formés."
PCF_2024,PCF_2024_627,EURO,2024,PCF,"La route sera toujours utile et doit être intégrée au système, mais avec des emplois de qualité et uniquement pour les derniers kilomètres."
PCF_2024,PCF_2024_628,EURO,2024,PCF,"Il convient d’augmenter massivement les investissements européens pour le rail, les transports publics et le vélo, lesquels doivent atteindre 25 milliards par an."
PCF_2024,PCF_2024_629,EURO,2024,PCF,"Nous en appelons à la mise en oeuvre d’une véritable stratégie de développement et de coopération entre les ports, aux niveaux français et européen."
PCF_2024,PCF_2024_630,EURO,2024,PCF,"Les ports sont un élément essentiel de notre économie comme de notre souveraineté, ils doivent donc demeurer parmi les compétences régaliennes des États."
PCF_2024,PCF_2024_631,EURO,2024,PCF,"En ce domaine, une nouvelle orientation pourrait être intégrée à une politique maritime ambitieuse, débarrassée du dogme néolibéral."
PCF_2024,PCF_2024_632,EURO,2024,PCF,"Les ports participent également de la réindustrialisation pour laquelle nous combattons, afin de répondre aux besoins humains."
PCF_2024,PCF_2024_633,EURO,2024,PCF,"Nous voulons annuler les différents paquets ferroviaires, afin de mettre un terme à la volonté de dépeçage de la SNCF par la Commission européenne et le gouvernement français."
PCF_2024,PCF_2024_634,EURO,2024,PCF,"Nous demandons la réunification des transports passagers et marchandises, et le maintien de l’entreprise sous contrôle public dans une structure unique étendant sa compétence à tout le réseau ferré national."
PCF_2024,PCF_2024_635,EURO,2024,PCF,"Nous dénonçons la logique de la Commission, qui entend imposer un cadre réglementaire extrêmement strict de concurrence, avec pour objectif de détruire les « monopoles publics »."
PCF_2024,PCF_2024_636,EURO,2024,PCF,La France doit pouvoir décider du financement du fret et du transport passager sur son territoire.
PCF_2024,PCF_2024_637,EURO,2024,PCF,"Un grand plan d’investissement doit voir le jour, afin de rouvrir et développer les lignes locales et régionales (TER)."
PCF_2024,PCF_2024_638,EURO,2024,PCF,Nous devons également favoriser les coopérations avec les entreprises publiques nationales des différents pays européens au lieu de leur mise en concurrence.
PCF_2024,PCF_2024_639,EURO,2024,PCF,Nous portons l’exigence d’abrogation des directives de dérégulation des services aériens (dites « Ciel unique »).
PCF_2024,PCF_2024_640,EURO,2024,PCF,"Celles-ci ont entraîné la privatisation des compagnies aériennes nationales, la multiplication des compagnies low-cost et leur mise en concurrence au détriment des travailleurs et des travailleuses, des usagers, de la transition énergétique."
PCF_2024,PCF_2024_641,EURO,2024,PCF,"Des sanctions lourdes (y compris sous la forme d’interdiction de vol) doivent être prononcées à l’encontre des compagnies ne respectant pas les droits sociaux — notamment le droit de grève — et obligeant leurs salarié·es à travailler dans des conditions indignes, préjudiciables à la sécurité de tous."
PCF_2024,PCF_2024_642,EURO,2024,PCF,L’EXEMPLE D’AIRBUS.
PCF_2024,PCF_2024_643,EURO,2024,PCF,"Airbus a été un exemple de coopération entre pays européens pour la recherche, l’innovation et la production industrielles."
PCF_2024,PCF_2024_644,EURO,2024,PCF,Il y a désormais urgence à émanciper ce fleuron européen des logiques financières pour répondre aux besoins de création d’emplois et de transition écologique dont découle l’objectif d’avions bas carbone.
PCF_2024,PCF_2024_645,EURO,2024,PCF,"Ce type de coopération, sous contrôle public, doit pouvoir s’étendre à d’autres secteurs industriels."
PCF_2024,PCF_2024_646,EURO,2024,PCF,Pour sortir l’enseignement et la recherche des politiques néolibérales.
PCF_2024,PCF_2024_647,EURO,2024,PCF,"L’éducation est une compétence nationale des États membres, mais l’Union européenne a mis en oeuvre des orientations visant à placer la création et la diffusion des connaissances au service de la compétitivité des entreprises et de la guerre économique."
PCF_2024,PCF_2024_648,EURO,2024,PCF,C’est ce qui l’aura inspiré depuis le processus de Bologne (1999) et la stratégie de Lisbonne (2000).
PCF_2024,PCF_2024_649,EURO,2024,PCF,La conception néolibérale des services publics de l’UE s’impose aussi à l’éducation.
PCF_2024,PCF_2024_650,EURO,2024,PCF,"Dans notre pays, cela a eu pour conséquence concrète l’instauration du financement égal de l’enseignement public et du privé par les communes."
PCF_2024,PCF_2024_651,EURO,2024,PCF,"Cette approche encourage la baisse de la dépense publique, elle induit une dégradation de l’école publique et l’instauration de la sélection et du tri social."
PCF_2024,PCF_2024_652,EURO,2024,PCF,"Nous pensons, à l’inverse, que les moyens consacrés à la recherche et à l’éducation sont un investissement sur l’avenir."
PCF_2024,PCF_2024_653,EURO,2024,PCF,"Un investissement visant à l’émancipation des individus, des travailleurs et des travailleuses, des citoyennes et des citoyens."
PCF_2024,PCF_2024_654,EURO,2024,PCF,Nous voulons étendre la scolarité et formation obligatoire de 3 à 18 ans.
PCF_2024,PCF_2024_655,EURO,2024,PCF,C’est dans toute l’Union européenne qu’il faut conquérir ce droit nouveau.
PCF_2024,PCF_2024_656,EURO,2024,PCF,Nous proposons de porter les budgets nationaux de l’éducation à un minimum légal européen de 7.5 % du PIB.
PCF_2024,PCF_2024_657,EURO,2024,PCF,Nous agissons afin qu’un droit à la mobilité européenne des élèves comme des étudiantes et étudiants soit garanti dès l’enseignement secondaire.
PCF_2024,PCF_2024_658,EURO,2024,PCF,"Nous entendons préserver ou développer, selon les pays, une voie professionnelle de l’enseignement secondaire."
PCF_2024,PCF_2024_659,EURO,2024,PCF,Celle-ci doit s’organiser sous statut public et sans influence du patronat.
PCF_2024,PCF_2024_660,EURO,2024,PCF,Nous appelons à libérer l’enseignement supérieur des logiques libérales du processus de Bologne.
PCF_2024,PCF_2024_661,EURO,2024,PCF,Cela suppose la suppression des pôles universitaires privés à la merci des entreprises.
PCF_2024,PCF_2024_662,EURO,2024,PCF,"Il faut sortir des logiques de compétition et de normalisation pédagogique entre universités et établissements, et encourager la coopération entre les professions enseignantes comme entre les institutions, cette coopération devant se déployer à partir d’une reconnaissance européenne des diplômes."
PCF_2024,PCF_2024_663,EURO,2024,PCF,Nous revendiquons la reconnaissance du travail des étudiants et étudiantes par un revenu.
PCF_2024,PCF_2024_664,EURO,2024,PCF,Celui-ci serait financé par une branche de la Sécurité sociale.
PCF_2024,PCF_2024_665,EURO,2024,PCF,Nous demandons que soit doublé l’investissement dans l’enseignement supérieur.
PCF_2024,PCF_2024_666,EURO,2024,PCF,Cet objectif va de pair avec l’exigence de l’accès gratuit à l’université pour toutes et tous.
PCF_2024,PCF_2024_667,EURO,2024,PCF,Nous portons la proposition d’un statut européen du doctorat.
PCF_2024,PCF_2024_668,EURO,2024,PCF,"L’Europe doit protéger ses jeunes chercheuses et chercheurs, grâce à la mise en place d’un véritable cadre protecteur du doctorat."
PCF_2024,PCF_2024_669,EURO,2024,PCF,"Cela passe par des garanties minimales de revenu, la reconnaissance unifiée du grade de docteur, la protection de la propriété intellectuelle individuelle des jeunes chercheurs à l’échelle communautaire, le droit à bénéficier d’un encadrement formé et respectueux du travail des doctorantes et doctorants."
PCF_2024,PCF_2024_670,EURO,2024,PCF,Nous voulons que voient le jour des instances européennes pour une recherche véritablement démocratique.
PCF_2024,PCF_2024_671,EURO,2024,PCF,"Si le Conseil européen de la recherche (ERC) consacre 16 milliards d’euros à la recherche, c’est sous la forme d’appels à projets ultra-compétitifs et ne prenant pas suffisamment en compte la dimension collective de la recherche : on met en avant les individus au détriment des équipes."
PCF_2024,PCF_2024_672,EURO,2024,PCF,"Nous proposons de réorienter les financements de l’ERC vers des projets de collaboration transnationaux, en complément d’une politique de recherche nationale disposant de financements récurrents et libérés de l’injonction de la rentabilité immédiate."
PCF_2024,PCF_2024_673,EURO,2024,PCF,"Nous proposons l’instauration, dans les différents pays de l’Union , d’instances directives se composant pour partie de représentants élus de toutes les catégories de personnels de recherche, collaborant ensemble à l’échelle européenne."
PCF_2024,PCF_2024_674,EURO,2024,PCF,L’autonomie de la recherche passe en effet par une orientation et une gestion mises en oeuvre par celles et ceux qui la font vivre.
PCF_2024,PCF_2024_675,EURO,2024,PCF,Pour impulser une politique nouvelle en faveur de la jeunesse.
PCF_2024,PCF_2024_676,EURO,2024,PCF,"Les politiques libérales développées dans toute l’Union européenne mettent en danger l’avenir de la jeunesse, en France comme en Europe."
PCF_2024,PCF_2024_677,EURO,2024,PCF,"Les politiques d’austérité exigées des États se manifestent par des coupes dans les systèmes éducatifs, empêchant les élèves de réussir."
PCF_2024,PCF_2024_678,EURO,2024,PCF,"La mise en concurrence des travailleuses et travailleurs au sein de l’Union maintient les jeunes dans la précarité, les bas salaires et les contrats précaires."
PCF_2024,PCF_2024_679,EURO,2024,PCF,Nous voulons en finir avec la sélection et les inégalités dans l’éducation.
PCF_2024,PCF_2024_680,EURO,2024,PCF,"Un plan d’investissement européen dans l’éducation, ainsi qu’un grand plan de coopération et de lutte contre les inégalités sociales face à la réussite scolaire doivent voir le jour."
PCF_2024,PCF_2024_681,EURO,2024,PCF,Cela doit permettre de recruter des professeur·es et de construire de nouvelles universités afin que chaque jeune qui le souhaite puisse accéder à l’enseignement supérieur.
PCF_2024,PCF_2024_682,EURO,2024,PCF,Les bourses des plus démuni·es doivent être augmentées dans le cadre d’Erasmus +.
PCF_2024,PCF_2024_683,EURO,2024,PCF,Nous portons l’exigence d’un enseignement professionnel tourné vers l’émancipation des élèves et les besoins de la société.
PCF_2024,PCF_2024_684,EURO,2024,PCF,"Une politique de relocalisation et de réindustrialisation, à l’échelle française et européenne, doit s’appuyer sur une formation professionnelle au service des grands défis à relever, et non des besoins immédiats de main-d’oeuvre."
PCF_2024,PCF_2024_685,EURO,2024,PCF,"Un grand fonds européen doit voir le jour, pour la formation professionnelle dans des secteurs-clés ciblés et nécessitant des coopérations à l’échelle du continent (santé, transition écologique, transports…)."
PCF_2024,PCF_2024_686,EURO,2024,PCF,La réforme du baccalauréat professionnel doit être annulée.
PCF_2024,PCF_2024_687,EURO,2024,PCF,Nous nous battons pour des emplois utiles et la dignité au travail en Europe.
PCF_2024,PCF_2024_688,EURO,2024,PCF,"Il faut en finir avec le dumping social au sein de l’Union, qui enferme les jeunes dans les bas salaires et les contrats précaires."
PCF_2024,PCF_2024_689,EURO,2024,PCF,Nous en appelons à une harmonisation sociale par le haut permettant d’augmenter tous les salaires en Europe.
PCF_2024,PCF_2024_690,EURO,2024,PCF,"Pour lutter contre le chômage qui touche particulièrement les jeunes, il faut sanctionner durement les entreprises qui délocalisent."
PCF_2024,PCF_2024_691,EURO,2024,PCF,"Des coopérations européennes, dans des secteurs-clés et ciblés, sont indispensables."
PCF_2024,PCF_2024_692,EURO,2024,PCF,"Cela doit permettre de relocaliser les productions et de réindustrialiser le pays, permettant à la jeunesse de relever les grands défis de demain."
PCF_2024,PCF_2024_693,EURO,2024,PCF,"Nous proposons également la mise en place d’un statut européen du·ou de la stagiaire, avec des droits nouveaux et des débouchés en termes d’emplois."
PCF_2024,PCF_2024_694,EURO,2024,PCF,CINQUIÈME ORIENTATION.
PCF_2024,PCF_2024_695,EURO,2024,PCF,Conquérir le progrès social et l’égalité.
PCF_2024,PCF_2024_696,EURO,2024,PCF,Pour de nouvelles conquêtes sociales.
PCF_2024,PCF_2024_697,EURO,2024,PCF,Pour l’égalité des droits.
PCF_2024,PCF_2024_698,EURO,2024,PCF,Pour promouvoir la vie associative et l’économie sociale et solidaire.
PCF_2024,PCF_2024_699,EURO,2024,PCF,Pour de nouvelles conquêtes sociales.
PCF_2024,PCF_2024_700,EURO,2024,PCF,"Pour libérer l’art, la culture et les médias des dogmes du marché et défendre l’exception culturelle."
PCF_2024,PCF_2024_701,EURO,2024,PCF,"L’Union européenne a adopté, en 2017, un socle européen de droits sociaux, complété en 2021 par un plan d’action de la Commission européenne."
PCF_2024,PCF_2024_702,EURO,2024,PCF,"Ce socle définit un cadre commun, mais il n’est pas en mesure de contre-balancer les dynamiques néolibérales de la construction européenne."
PCF_2024,PCF_2024_703,EURO,2024,PCF,"Rompre avec ces dernières rendra possible de nouvelles approches en matière sociale, au moment où 95 millions d’Européen·nes se trouvent en situation de pauvreté."
PCF_2024,PCF_2024_704,EURO,2024,PCF,Nous portons l’exigence de l’application de la clause de non régression sociale.
PCF_2024,PCF_2024_705,EURO,2024,PCF,Un État membre pourra s’opposer à toute décision de l’Union européenne conduisant à dégrader nos conditions de vie.
PCF_2024,PCF_2024_706,EURO,2024,PCF,"Cette clause de non régression est bien plus ambitieuse que les « niveaux de protection » reconnus dans l’article 53 de la Charte des droits fondamentaux de l’UE, qui sont en réalité des filets de protection au sein d’une législation néolibérale."
PCF_2024,PCF_2024_707,EURO,2024,PCF,Nous nous opposons à la volonté de la Commission et des gouvernements européens de remettre en cause les systèmes de protection sociale des différents pays.
PCF_2024,PCF_2024_708,EURO,2024,PCF,La retraite doit être un nouvel âge de la vie.
PCF_2024,PCF_2024_709,EURO,2024,PCF,"En France, nous continuerons ainsi à nous battre pour défendre la Sécurité sociale et le droit à une retraite à 60 ans, dans le cadre d’un système par répartition solidaire pour toutes et tous."
PCF_2024,PCF_2024_710,EURO,2024,PCF,"Nous poursuivrons le combat pour la diminution globale du temps de travail, en France et en Europe, sans perte de salaire."
PCF_2024,PCF_2024_711,EURO,2024,PCF,Nous voulons l’alignement par le haut des droits sociaux et des législations environnementales.
PCF_2024,PCF_2024_712,EURO,2024,PCF,"Cela permettrait, par exemple, la mise en place d’un salaire minimum dans chaque État membre, à hauteur de la législation européenne la plus avancée (aujourd’hui, celle de l’Espagne, avec 60 % du salaire moyen national)."
PCF_2024,PCF_2024_713,EURO,2024,PCF,Nous agissons pour qu’il soit mis fin au dumping social.
PCF_2024,PCF_2024_714,EURO,2024,PCF,"Celui-ci consiste à réduire les coûts de production en exploitant les salarié·es grâce à des conditions de travail et des salaires inférieurs aux normes sociales et légales en vigueur dans un pays donné, dans le but de gagner un avantage concurrentiel déloyal."
PCF_2024,PCF_2024_715,EURO,2024,PCF,Nous demandons l’égalité complète entre travailleuses et travailleurs détachés et locaux avec un haut niveau de protection sociale.
PCF_2024,PCF_2024_716,EURO,2024,PCF,"Les employeurs doivent ajuster le montant des cotisations sociales au niveau le plus haut, soit celui du pays d’origine, soit celui du pays dans lequel le travailleur ou la travailleuse est employé·e, permettant ainsi d’aller vers l’abolition du statut des travailleuses et travailleurs détachés."
PCF_2024,PCF_2024_717,EURO,2024,PCF,"Des conventions sociales doivent être passées entre pays de l’Union, afin d’assurer un haut niveau de protection sociale à toutes et tous."
PCF_2024,PCF_2024_718,EURO,2024,PCF,"Nous proposons la création d’un nouveau statut sécurisant commun à tous et toutes, d’une responsabilité sociale des entreprises et multinationales installées dans l’UE, d’un appui financier et législatif — aux services publics nationaux de l’emploi et de la formation, d’un appui financier à l’élévation de la protection sociale et des conditions de travail."
PCF_2024,PCF_2024_719,EURO,2024,PCF,"Nous nous battons, en faveur des droits des travailleurs et travailleuses des plateformes, pour améliorer l’accord de décembre 2023, en généralisant la présomption de salariat et l’inversion de la charge de la preuve (qui incombe au patron des plateformes), et à travers la mise en place d’une véritable instance de dialogue social représentative."
PCF_2024,PCF_2024_720,EURO,2024,PCF,Nous sommes pour la généralisation de l’interdiction des contrats zéro heure.
PCF_2024,PCF_2024_721,EURO,2024,PCF,"Ceux-ci, initiés au Royaume-Uni, visent à l’extrême flexibilisation du temps de travail, à la discrétion des employeurs qui contraignent leurs salarié·es à demeurer à leur disposition."
PCF_2024,PCF_2024_722,EURO,2024,PCF,Nous en appelons à des sanctions envers les entreprises bafouant les droits des salarié·es.
PCF_2024,PCF_2024_723,EURO,2024,PCF,"Nous proposons que l’UE adopte et défende, au niveau mondial, la création d’un instrument obligeant les entreprises à mettre en oeuvre des mesures de protection des droits des salarié·es, accompagnées de mécanismes de sanctions en cas de non-respect de ces mesures."
PCF_2024,PCF_2024_724,EURO,2024,PCF,LES TRAVAILLEURS ET TRAVAILLEUSES FRONTALIERS.
PCF_2024,PCF_2024_725,EURO,2024,PCF,Des milliers de travailleurs et travailleuses résidant en France passent quotidiennement une frontière pour se rendre dans leur entreprise.
PCF_2024,PCF_2024_726,EURO,2024,PCF,"Ainsi, près de 120 000 de ceux qui résident en France sont employé·es au Luxembourg (on estime qu’ils pourraient être 300 000 en 2040), pays où les salaires sont beaucoup plus élevés qu’en France, et la fiscalité plus avantageuse pour les détenteurs du capital."
PCF_2024,PCF_2024_727,EURO,2024,PCF,"Pour les territoires français frontaliers, les conséquences sont positives en matière démographique, mais elles posent de nombreux problèmes : accroissement des inégalités entre les frontaliers et les autres, explosion des prix de l’immobilier, engorgement des réseaux de mobilité et pollutions, désertification médicale, dynamique économique en berne du côté français… De plus, la richesse créée par cette force de travail transfrontalière ne bénéficie pas aux collectivités locales frontalières, qui ont du mal à répondre aux besoins d’une population qui s’accroît."
PCF_2024,PCF_2024_728,EURO,2024,PCF,"Les politiques de codéveloppement fonctionnent mal, dans la mesure où elles reposent sur le bon vouloir de la puissance économique dominante, dans un rapport de force inégal."
PCF_2024,PCF_2024_729,EURO,2024,PCF,"L’Union européenne devrait au contraire encourager des politiques de coopération reposant sur une juste répartition des recettes fiscales issues de l’activité des travailleurs frontaliers, et sur des mécanismes de compensation financière bénéficiant aux collectivités où ils et elles vivent."
PCF_2024,PCF_2024_730,EURO,2024,PCF,Nous nous battons pour le respect et le développement des droits syndicaux.
PCF_2024,PCF_2024_731,EURO,2024,PCF,"Cela passe par le droit de réunion et de mobilisation, remis en cause dans plusieurs pays, mais aussi par la capacité des syndicats à engager un travail d’enquête dans la perspective de la délibération collective des personnels, en vue de l’élaboration des revendications."
PCF_2024,PCF_2024_732,EURO,2024,PCF,La répression syndicale et du droit de grève doit être interdite.
PCF_2024,PCF_2024_733,EURO,2024,PCF,Nous défendons le développement des normes de sécurité et santé au travail.
PCF_2024,PCF_2024_734,EURO,2024,PCF,La garantie de la santé des travailleurs et travailleuses en Europe repose sur une collaboration étroite entre les États membres de l’Union.
PCF_2024,PCF_2024_735,EURO,2024,PCF,"Cela implique un alignement par le haut des normes de sécurité au travail, l’échange d’informations et de bonnes pratiques, la coordination des politiques de santé publique et du marché du travail, ainsi que le soutien mutuel en cas de crises sanitaires ou de situations d’urgence."
PCF_2024,PCF_2024_736,EURO,2024,PCF,"En favorisant la coopération entre les pays, il est possible de mieux protéger la santé et le bien-être du salariat en Europe."
PCF_2024,PCF_2024_737,EURO,2024,PCF,Nous voulons des droits et des pouvoirs décisionnels des comités d’entreprise européens (CEE).
PCF_2024,PCF_2024_738,EURO,2024,PCF,Ceux-ci doivent reposer sur : Des droits d’information étendus.
PCF_2024,PCF_2024_739,EURO,2024,PCF,Des droits de veto suspensifs sur les décisions de délocalisation et de transfert d’activités.
PCF_2024,PCF_2024_740,EURO,2024,PCF,"La possibilité de formuler des contre-propositions et d’obtenir des financements de la part des banques, de la Banque européenne d’investissement (BEI), ou de fonds européens spécifiques."
PCF_2024,PCF_2024_741,EURO,2024,PCF,Un droit de suivi des aides publiques par les comités d’entreprise européens.
PCF_2024,PCF_2024_742,EURO,2024,PCF,"Une obligation d’information et de consultation des CEE en matière de prix de transfert, de localisation des brevets, de prêts intra-groupe, de déplacement du siège et d’implantation à l’étranger de tout type d’entité."
PCF_2024,PCF_2024_743,EURO,2024,PCF,Nous portons l’exigence d’un droit d’initiative et d’association au processus législatif pour le Conseil économique et social européen.
PCF_2024,PCF_2024_744,EURO,2024,PCF,Ce droit doit s’appliquer dans les domaines concernant les entreprises et les services publics.
PCF_2024,PCF_2024_745,EURO,2024,PCF,Pour l’égalité des droits.
PCF_2024,PCF_2024_746,EURO,2024,PCF,Pour une Europe féministe !
PCF_2024,PCF_2024_747,EURO,2024,PCF,Notre ambition est d’harmoniser par le haut les droits des femmes en coopérant et en nous inspirant des États membres les plus avancés en la matière.
PCF_2024,PCF_2024_748,EURO,2024,PCF,"Nous voulons placer le combat féministe au niveau de l’universel, et concrètement de l’Union européenne."
PCF_2024,PCF_2024_749,EURO,2024,PCF,"Nous défendons la clause de l’Européenne la plus favorisée, dont l’idée a déjà été adoptée, depuis 2010, par le Conseil de l’Europe."
PCF_2024,PCF_2024_750,EURO,2024,PCF,Celle-ci porte sur cinq domaines : le droit de choisir de donner ou de ne pas donner la vie ; la famille ; l’indépendance économique des femmes (socle de leur libération) ; les violences sous toutes leurs formes ; la politique.
PCF_2024,PCF_2024_751,EURO,2024,PCF,Nous combattons en faveur d’une véritable égalité salariale et au travail.
PCF_2024,PCF_2024_752,EURO,2024,PCF,"En ce sens, nous proposons."
PCF_2024,PCF_2024_753,EURO,2024,PCF,"La mise en place d’un observatoire européen d’évaluation, destiné à mesurer les impacts de transformation d’une réelle égalité salariale et de la mixité des emplois."
PCF_2024,PCF_2024_754,EURO,2024,PCF,"De rendre effective l’égalité des droits des femmes et des hommes en matière de salaires, de conditions de travail, d’évolutions professionnelles et de participation à tous les niveaux."
PCF_2024,PCF_2024_755,EURO,2024,PCF,"De faire appliquer, par les États membres, les recommandations de l’Organisation internationale du travail (OIT), y compris la convention relative aux travailleuses et travailleurs domestiques et la directive de l’OIT visant le harcèlement et la violence au travail."
PCF_2024,PCF_2024_756,EURO,2024,PCF,"D’utiliser la compétence partagée sur les droits du travail, conformément à l’article 153 du Traité sur le fonctionnement de l’Union européenne (TFUE), pour légiférer sur l’établissement de prescriptions minimales concernant les conditions de travail et d’emploi, et en fournissant une base juridique pour l’adoption de mesures visant à protéger les femmes migrantes employées dites « sans-papiers »."
PCF_2024,PCF_2024_757,EURO,2024,PCF,"De s’aligner sur les pays scandinaves pour les congés post-naissance et la mise en place de congés parentaux étendus, dont trois mois non transférables réservés au second parent."
PCF_2024,PCF_2024_758,EURO,2024,PCF,"D’engager une politique de mixité des métiers, avec la revalorisation de tous les métiers féminisés."
PCF_2024,PCF_2024_759,EURO,2024,PCF,"Nous sommes pleinement engagés contre les violences sexistes, sexuelles et pédocriminelles."
PCF_2024,PCF_2024_760,EURO,2024,PCF,"En ce sens, nous proposons."
PCF_2024,PCF_2024_761,EURO,2024,PCF,De mettre en oeuvre un plan européen de lutte contre les violences sexistes et sexuelles au travail.
PCF_2024,PCF_2024_762,EURO,2024,PCF,De généraliser au niveau européen la criminalisation du viol.
PCF_2024,PCF_2024_763,EURO,2024,PCF,"De créer des bridages spécialisées pour contraindre les plateformes numériques à retirer les contenus. pédopornographiques, et pour traduire devant la justice leurs auteurs et les plateformes s’en rendant complices."
PCF_2024,PCF_2024_764,EURO,2024,PCF,"D’adopter une nouvelle législation européenne qui contraigne les plateformes et fournisseurs à détecter, signaler et retirer les contenus pédocriminels, les rendant pénalement responsables de leurs diffusions."
PCF_2024,PCF_2024_765,EURO,2024,PCF,"De généraliser la ratification et la mise en oeuvre de la Convention d’Istanbul, afin d’assurer la cohérence de la mise en oeuvre de différents instruments législatifs."
PCF_2024,PCF_2024_766,EURO,2024,PCF,"De réviser la directive sur la lutte contre les violences à l’égard des femmes et la violence domestique y compris ses dispositions sur l’exploitation sexuelle et la cyber-violence à l’égard des femmes et, en y introduisant le viol comme une violence."
PCF_2024,PCF_2024_767,EURO,2024,PCF,"Nous proposons de promouvoir le modèle abolitionniste d’interdiction de la prostitution, et de lutter contre l’exploitation sexuelle, conformément aux recommandations votées par le Parlement européen le 14 septembre 2023 sur l’impact transfrontalier de la prostitution dans l’UE."
PCF_2024,PCF_2024_768,EURO,2024,PCF,"Nous en appelons à une action de l’UE auprès de tous les gouvernements, afin que soient prises toutes les mesures nécessaires, juridiques et autres, à même d’empêcher la maternité de substitution (GPA) au niveau européen et international."
PCF_2024,PCF_2024_769,EURO,2024,PCF,"De même, nous voulons que soient envisagées des poursuites pénales à l’égard des cliniques et de toutes les entreprises de l’industrie de location de ventres dans tous les pays du monde, et que soit interdite toute publicité pour cette industrie."
PCF_2024,PCF_2024_770,EURO,2024,PCF,"La lutte contre l’exploitation reproductive des femmes doit être fortement intégrée dans le droit de l’UE, à travers notamment la révision de la directive 2011/36/UE relative à la lutte contre la traite des êtres humains."
PCF_2024,PCF_2024_771,EURO,2024,PCF,Nous agissons en faveur de la santé des femmes et les droits reproductifs.
PCF_2024,PCF_2024_772,EURO,2024,PCF,"Pour cela, nous demandons : Le soutien à la création, dans les États membres, de centres médicaux de recherche publique dédiés à la santé des femmes."
PCF_2024,PCF_2024_773,EURO,2024,PCF,Le développement de partenariats européens ainsi que le déblocage de financements publics pour accélérer la recherche sur l’endométriose.
PCF_2024,PCF_2024_774,EURO,2024,PCF,"L‘accès libre et gratuit à la contraception, sous toutes ses formes."
PCF_2024,PCF_2024_775,EURO,2024,PCF,"Les États membres doivent garantir la possibilité d’avorter de manière sûre, dans un délai rapide, sur l’ensemble de leur territoire."
PCF_2024,PCF_2024_776,EURO,2024,PCF,"L‘inscription du droit à l’avortement dans la Charte européenne des droits fondamentaux, afin que ce droit des femmes soit respecté et garanti partout en Europe, que la clause de l’Européenne la plus favorisée soit appliquée, que soient supprimées les clauses de conscience."
PCF_2024,PCF_2024_777,EURO,2024,PCF,Pour une Europe de l’égalité des droits pour les personnes LGBTQI+ !
PCF_2024,PCF_2024_778,EURO,2024,PCF,Nous nous battons pour que cessent les discriminations envers les personnes LGBTQI+ dans toute l’Europe.
PCF_2024,PCF_2024_779,EURO,2024,PCF,Leurs droits doivent être alignées sur le mieux-disant.
PCF_2024,PCF_2024_780,EURO,2024,PCF,Cela passe : La reconnaissance des couples homosexuels dans toute l’Europe.
PCF_2024,PCF_2024_781,EURO,2024,PCF,L’ouverture partout du droit à l’adoption et l’abrogation des traités bilatéraux qui empêchent les couples homosexuels d’adopter.
PCF_2024,PCF_2024_782,EURO,2024,PCF,La reconnaissance des droits et la dépathologisation des personnes trans dans toute l’Europe ; L’interdiction des mutilations sur les enfants intersexes.
PCF_2024,PCF_2024_783,EURO,2024,PCF,L’ouverture de la PMA dans tous les pays de l’Union européenne.
PCF_2024,PCF_2024_784,EURO,2024,PCF,"L’engagement d’un plan de lutte contre les violences et les discriminations LGBTQIphobes, et l’instauration d’une année européenne de lutte contre les LGBTQIphobies."
PCF_2024,PCF_2024_785,EURO,2024,PCF,L’effectivité du droit d’asile pour les personnes LGBTQI+ persécutées dans leur pays.
PCF_2024,PCF_2024_786,EURO,2024,PCF,Pour une Europe garantissant les droits des personnes en situation de handicap !
PCF_2024,PCF_2024_787,EURO,2024,PCF,Nous agissons résolument en faveur de l’harmonisation des droits vers le haut en Europe et la fin des discriminations envers les personnes en situation de handicap.
PCF_2024,PCF_2024_788,EURO,2024,PCF,"Pour cela, nous proposons : L’amélioration des outils statistiques, des actions spécifiques et des moyens dédiés à la lutte contre les violences dont les femmes handicapées sont victimes, la pénalisation des stérilisations forcées."
PCF_2024,PCF_2024_789,EURO,2024,PCF,Des sanctions contre les employeurs qui discriminent.
PCF_2024,PCF_2024_790,EURO,2024,PCF,Le renforcement de l’obligation d’accessibilité universelle dans tous les domaines.
PCF_2024,PCF_2024_791,EURO,2024,PCF,Le droit de vote et d’éligibilité de toutes les personnes en situation de handicap et leur pleine accessibilité au processus électoral.
PCF_2024,PCF_2024_792,EURO,2024,PCF,"Le respect de la Convention internationale dans toutes les institutions, et la création, au sein du Parlement européen, d’une instance où participe le mouvement associatif européen."
PCF_2024,PCF_2024_793,EURO,2024,PCF,"Le renforcement de l’emploi accompagné et la mise en oeuvre d’une transition du secteur protégé vers le secteur ordinaire, avec un alignement des droits des travailleuses et travailleurs."
PCF_2024,PCF_2024_794,EURO,2024,PCF,"Un revenu d’existence pour les personnes handicapées qui ne peuvent pas travailler, tenant compte des surcoûts liés au handicap."
PCF_2024,PCF_2024_795,EURO,2024,PCF,"Un financement total de l’autonomie, avec des personnels reconnus de l’aide à domicile, bien formés et bien rémunérés, un soutien aux aidants familiaux, l’égalité devant la parentalité et l’adoption, un accès égal aux soins et aux démarches : en cas de dématérialisation, une alternative non numérique doit être systématiquement proposée."
PCF_2024,PCF_2024_796,EURO,2024,PCF,Pour promouvoir la vie associative et l’économie sociale et solidaire.
PCF_2024,PCF_2024_797,EURO,2024,PCF,Le potentiel démocratique de l’économie sociale et solidaire (ESS) en fait un atout pour le dépassement du capitalisme.
PCF_2024,PCF_2024_798,EURO,2024,PCF,L’ESS répond aux besoins de publics et de territoires que les structures classiques de l’économie de marché ne couvrent pas.
PCF_2024,PCF_2024_799,EURO,2024,PCF,"C’est pour cette raison, et dans ce but, que nous voulons nous mobiliser pour développer l’ESS dans tous les pays de l’Union européenne, notamment dans ceux où elle n’existe pas ou très faiblement, afin de faire face à une mondialisation dont les impacts économiques, écologiques et sociétaux, sources d’inégalités grandissantes, détruisent des vies et des territoires."
PCF_2024,PCF_2024_800,EURO,2024,PCF,"De même, le tissu associatif doit être protégé comme une des pierres angulaires de la démocratie."
PCF_2024,PCF_2024_801,EURO,2024,PCF,Nous proposons de mettre la question associative et celle de la société civile organisée au coeur d’une politique de démocratisation des institutions et des politiques de solidarité de l’UE.
PCF_2024,PCF_2024_802,EURO,2024,PCF,"Nous voulons que soit garantie et renforcée la liberté d’association dans l’Union européenne, telle qu’elle figure dans la Charte des droits fondamentaux."
PCF_2024,PCF_2024_803,EURO,2024,PCF,"De même, nous voulons rendre effectifs les principes de la liberté et de l’autonomie associative."
PCF_2024,PCF_2024_804,EURO,2024,PCF,"Nous agissons dans le but de mettre fin aux dérives néolibérales soumettant les associations, comme de l’ensemble des services d’intérêt général (SIG), aux règles de marché."
PCF_2024,PCF_2024_805,EURO,2024,PCF,"Nous entendons travailler au rétablissement des politiques de subventions, avec abondements financiers et budgétaires rehaussés (notamment ceux des collectivités territoriales, principales partenaires des associations), à la fin de la systématisation des pratiques d’appel d’offre (inadaptées à des domaines sociaux dont les performances ne sont pas toujours mesurables au plan monétaire,) et en finir avec les procédures tendant à subordonner l’action associative aux contributions des puissances d’argent."
PCF_2024,PCF_2024_806,EURO,2024,PCF,Nous appelons à la suppression des directives existantes sur l’économie sociale et solidaire.
PCF_2024,PCF_2024_807,EURO,2024,PCF,Elles ont en effet pour but d’obliger les structures de l’ESS à se comporter comme des entreprises privées et à mettre en avant le « social business ».
PCF_2024,PCF_2024_808,EURO,2024,PCF,"De nouvelles directives sont nécessaires afin de développer, dans tous les pays européens, des structures démocratiques, solidaires, fondées sur une dynamique territoriale et une gouvernance partagée écoresponsables, qui soient exemptées de l’obligation de « concurrence libre et non faussée » et de recherche de profit."
PCF_2024,PCF_2024_809,EURO,2024,PCF,"Pour libérer l’art, la culture et les médias des dogmes du marché et défendre l’exception culturelle."
PCF_2024,PCF_2024_810,EURO,2024,PCF,"La liberté de création, comme la liberté de diffusion, sont des conditions essentielles de toute démocratie."
PCF_2024,PCF_2024_811,EURO,2024,PCF,L’essor des arts et de la culture a fondé les sociétés européennes.
PCF_2024,PCF_2024_812,EURO,2024,PCF,"Les géants américains du divertissement, les grandes plateformes menacent aujourd’hui la diversité culturelle."
PCF_2024,PCF_2024_813,EURO,2024,PCF,"Alors que les velléités de censure refont surface dans des États européens, ou sont le fait de groupuscules n’hésitant pas à utiliser la violence, l’Europe peut et doit garantir les libertés de création et de diffusion comme libertés fondamentales."
PCF_2024,PCF_2024_814,EURO,2024,PCF,Et il lui faut protéger les artistes contre la censure.
PCF_2024,PCF_2024_815,EURO,2024,PCF,"Nous voulons défendre et garantir le principe de la diversité culturelle, alors que la crise pandémique a profondément affaibli les chaînes économiques culturelles dans toute l’Europe."
PCF_2024,PCF_2024_816,EURO,2024,PCF,La création comme la diffusion diminuent.
PCF_2024,PCF_2024_817,EURO,2024,PCF,Cela suppose notamment une juste rémunération des auteurs et des compositeurs.
PCF_2024,PCF_2024_818,EURO,2024,PCF,"Nous nous battons pour le respect du droit d’auteur hors et en ligne, ce qui implique de refuser toute remise en cause de l’article 17 de la directive « droits d’auteur », qui permet de protéger les contenus disponibles sur Internet."
PCF_2024,PCF_2024_819,EURO,2024,PCF,"De même, nous nous opposons au piratage et à la contrefaçon en ligne : les produits contrefaits vendus sur les Marketplaces doivent être automatiquement retirés, et les vendeurs récidivistes doivent voir leurs boutiques en ligne être fermées."
PCF_2024,PCF_2024_820,EURO,2024,PCF,Nous soutenons légalement la territorialité des droits de diffusion : le géoblocage doit être maintenu pour les oeuvres protégées par le droit d’auteur.
PCF_2024,PCF_2024_821,EURO,2024,PCF,Nous nous opposons à l’uniformisation et à la standardisation des contenus.
PCF_2024,PCF_2024_822,EURO,2024,PCF,"Afin de garantir notre souveraineté culturelle face aux attaques des Gafam, il convient de protéger nos industries culturelles."
PCF_2024,PCF_2024_823,EURO,2024,PCF,L’UE encadre le contenu des programmes diffusés sur les chaînes de télévision et sur les plateformes de VOD.
PCF_2024,PCF_2024_824,EURO,2024,PCF,"Dans le cadre de la révision de la directive services de médias audiovisuels (SMA) en 2026, nous refuserons qu’elle devienne un règlement."
PCF_2024,PCF_2024_825,EURO,2024,PCF,Les États membres doivent conserver leur souveraineté en matière de politique culturelle.
PCF_2024,PCF_2024_826,EURO,2024,PCF,Nous soutiendrons la conservation d’un nombre minimum de 30 % d’oeuvres européennes sur les plateformes de vidéos à la demande (VOD) et les chaînes de télévision traditionnelles.
PCF_2024,PCF_2024_827,EURO,2024,PCF,"Nous agirons en faveur du maintien de l’obligation de financement de la création audiovisuelle française et européenne par les SMA, et de l’attribution des aides à la création par des professionnels."
PCF_2024,PCF_2024_828,EURO,2024,PCF,"S’agissant de l’IA générative, nous proposerons que les propriétaires de droits d’auteur puissent réellement interdire l’utilisation de leur création pour la formation des IA (données d’entrainement)."
PCF_2024,PCF_2024_829,EURO,2024,PCF,Nous combattrons en faveur d’un meilleur statut des travailleurs de l’art et des techniciens du spectacle et de l’audiovisuel.
PCF_2024,PCF_2024_830,EURO,2024,PCF,"Celui des artistes-interprètes et des techniciens et techniciennes du spectacle et de l’audiovisuel est, en Europe, d’une grande disparité."
PCF_2024,PCF_2024_831,EURO,2024,PCF,Une grande majorité de ces professionnel·les vivent dans une grande précarité.
PCF_2024,PCF_2024_832,EURO,2024,PCF,De nombreuses luttes ont eu lieu ces dernières années.
PCF_2024,PCF_2024_833,EURO,2024,PCF,"Nous porterons l’exigence d’ouverture d’un grand chantier européen pour avancer vers un statut social protecteur pour tous les artistes, du spectacle vivant aux artistes auteurs."
PCF_2024,PCF_2024_834,EURO,2024,PCF,"Le statut d’intermittence français et la « présomption de salariat » doit être renforcé et les autres États membres doivent être incités à mieux protéger ces catégories, notamment par la mise en place de la continuité des revenus pour les artistes auteurs."
PCF_2024,PCF_2024_835,EURO,2024,PCF,"Nous défendons l’idée d’instruments sociaux de protection contre le chômage, pour le droit à la formation, à l’assurance maladie-maternité, à la retraite."
PCF_2024,PCF_2024_836,EURO,2024,PCF,"Nous voulons favoriser les échanges entre artistes et professionnels de la culture en Europe, sur la base de la connaissance et du respect mutuel."
PCF_2024,PCF_2024_837,EURO,2024,PCF,« L’INSTAURATION D’UN REVENU DE REMPLACEMENT POUR LES ARTISTES AUTEURS TEMPORAIREMENT PRIVÉS DE RESSOURCES ».
PCF_2024,PCF_2024_838,EURO,2024,PCF,"À partir d’un travail collectif de fond, les député·es communistes à l’Assemblée nationale ont déposé une proposition de loi transpartisane (signée par des député·es de tous les groupes, hormis le Rassemblement national) visant à « l’instauration d’un revenu de remplacement pour les artistes auteurs temporairement privés de ressources », autrement dit ayant pour objectif la continuité des revenus des artistes auteurs et autrices."
PCF_2024,PCF_2024_839,EURO,2024,PCF,"Construits avec les premiers concernés, c’est-à-dire les créatrices et créateurs, ce travail a permis de créer des synergies entre leurs organisations syndicales et professionnelles, et de construire le rapport de force nécessaire pour convaincre des député·es de toutes les formations de soutenir la mise en place d’un dispositif qui servira a minima 350 000 actrices et acteurs de la culture."
PCF_2024,PCF_2024_840,EURO,2024,PCF,"Ces créatrices et créateurs sont indispensables à la vie sociale et démocratique du pays, et ils contribuent à hauteur de plusieurs milliards d’euros à l’économie nationale, puisqu’elles et ils sont à la base du secteur culturel."
PCF_2024,PCF_2024_841,EURO,2024,PCF,La France se place ainsi à l’avant-garde d’un mouvement européen des artistes-auteurs.
PCF_2024,PCF_2024_842,EURO,2024,PCF,"Nous entendons poursuivre ce travail au niveau européen, dans la perspective d’une harmonisation par le haut de leurs droits, permettant qu’ils soient protégés dans leurs relations individuelles/contractuelles avec leurs « diffuseurs », reconnus comme un corps professionnel, et donc qu’ils voient garanti leur droit à une représentation et à la négociation collective."
PCF_2024,PCF_2024_843,EURO,2024,PCF,"Cela vise donc à la mise en place d’une protection sociale complète autant qu’efficace, et à la continuité des revenus."
PCF_2024,PCF_2024_844,EURO,2024,PCF,Nous entendons porter avec force le principe du financement public des arts et de la culture.
PCF_2024,PCF_2024_845,EURO,2024,PCF,"Concrètement : Barbie, Doctor Strange ou Jurassic World ne doivent plus être considérés comme des oeuvres européennes."
PCF_2024,PCF_2024_846,EURO,2024,PCF,Les oeuvres européennes bénéficient des quotas de diffusion et de financements.
PCF_2024,PCF_2024_847,EURO,2024,PCF,L’actuelle définition permet à de nombreux blockbusters américano-britanniques d’avoir ces avantages.
PCF_2024,PCF_2024_848,EURO,2024,PCF,La propriété des droits des oeuvres européennes doit être conservée en Europe.
PCF_2024,PCF_2024_849,EURO,2024,PCF,Les grandes plateformes du numérique ne doivent plus pouvoir capter ces droits.
PCF_2024,PCF_2024_850,EURO,2024,PCF,La création de plates-formes numériques publiques doit être favorisée pour sortir de l’hégémonie des Gafam.
PCF_2024,PCF_2024_851,EURO,2024,PCF,"L’obligation de financement de la création audiovisuelle française et européenne par les services de médias audiovisuels doit être maintenue, et l’attribution des aides à la création par des professionnelles soutenue."
PCF_2024,PCF_2024_852,EURO,2024,PCF,"Nous combattons les concentrations dans la presse, les médias, la culture."
PCF_2024,PCF_2024_853,EURO,2024,PCF,"L’Acte européen sur la liberté des médias (EMFA), qui vient d’être adopté, est une avancée importante dans le sens de l’encadrement de la concentration des médias ; il consacre l’indépendance journalistique et le respect du pluralisme médiatique."
PCF_2024,PCF_2024_854,EURO,2024,PCF,"En complément de ce texte, nous porterons l’exemption média, qui interdit aux réseaux sociaux et aux Gafam de restreindre la diffusion des contenus des médias, et qui fait reposer sur la justice la condamnation des éventuels contenus médiatiques répréhensibles."
PCF_2024,PCF_2024_855,EURO,2024,PCF,Nous défendons la mise en oeuvre et l’extension de la directive européenne visant à protéger les lanceurs d’alerte.
PCF_2024,PCF_2024_856,EURO,2024,PCF,"Cela permettra de lutter contre toutes les formes de représailles, jusqu’en imposant des sanctions pénales à l’encontre d’auteurs de représailles visant des lanceurs d’alerte, et de prendre en charge les procédures judiciaires au bénéfice de ces derniers."
PCF_2024,PCF_2024_857,EURO,2024,PCF,"Nous nous engageons en faveur du respect des droits des journalistes, qui sont à présent remis en question."
PCF_2024,PCF_2024_858,EURO,2024,PCF,"Nous demandons : Que l’UE agisse en faveur de l’adoption d’une convention des Nations unies sur la sécurité et l’indépendance des journalistes, afin que les auteur·es de crimes à leur encontre soient retrouvé·es et jugé·es, comme l’exige la Fédération internationale des journalistes (FIJ)."
PCF_2024,PCF_2024_859,EURO,2024,PCF,Que soit mise en place une directive sur le libre accès des journalistes à toutes les sources d’information.
PCF_2024,PCF_2024_860,EURO,2024,PCF,"Que soit véritablement mis en oeuvre le statut des journalistes européen·nes, garantissant aux citoyens une information pluraliste, vérifiée et complète, à l’abri de toutes les pressions, politiques et économiques."
PCF_2024,PCF_2024_861,EURO,2024,PCF,Que soit soutenu le secteur du livre européen.
PCF_2024,PCF_2024_862,EURO,2024,PCF,"Ce dernier contribue à la diversité culturelle, à la diffusion du savoir et à la préservation de notre patrimoine littéraire."
PCF_2024,PCF_2024_863,EURO,2024,PCF,"Avec plus d’un demi-million de personnes employées et environ 600 000 titres publiés chaque année, son impact économique et culturel est considérable."
PCF_2024,PCF_2024_864,EURO,2024,PCF,"Face à la crise du papier, à l’augmentation des coûts de livraison, à la concurrence des grandes plateformes comme Amazon, il est indispensable de mettre en place des mesures de protection et de soutien."
PCF_2024,PCF_2024_865,EURO,2024,PCF,Nous entendons promouvoir la diversité culturelle.
PCF_2024,PCF_2024_866,EURO,2024,PCF,"Cela implique notamment la ratification de la Charte européenne des langues régionales et minoritaires, la promotion de l’expression et du développement des langues régionales minoritaires, et de celles des Outre-Mer."
PCF_2024,PCF_2024_867,EURO,2024,PCF,3 SE DONNER LES MOYENS DE CHANGER RADICALEMENT D’EUROPE.
PCF_2024,PCF_2024_868,EURO,2024,PCF,En favorisant les luttes et les mouvements sociaux.
PCF_2024,PCF_2024_869,EURO,2024,PCF,"Les luttes sociales, écologiques, démocratiques, féministes, en France et en Europe, portent les exigences qui viennent d’être évoquées."
PCF_2024,PCF_2024_870,EURO,2024,PCF,"Les mobilisations pour les services publics expriment la contestation des politiques d’austérité et l’exigence de la maîtrise des biens communs : la bataille contre la privatisation des transports en commun appelle à la remise en cause de l’application des directives de libéralisation européennes ; celle pour la défense du fret ferroviaire s’attache à dénoncer les règles européennes interdisant aux États de financer leurs entreprises publiques sur le principe de la « concurrence libre et non faussée » ; les batailles contre les délocalisations posent l’exigence de politiques qui protègent et d’interventions nouvelles des salarié·es contre le laisser-faire, laisser-passer qu’imposent les politiques néolibérales."
PCF_2024,PCF_2024_871,EURO,2024,PCF,"La responsabilité des gouvernements français est écrasante, car ils votent ces directives."
PCF_2024,PCF_2024_872,EURO,2024,PCF,"Les batailles qui les défient se trouvent au coeur des luttes industrielles, écologiques, sociales et démocratiques en faveur de nouvelles coopérations en Europe."
PCF_2024,PCF_2024_873,EURO,2024,PCF,"Elles appellent aussi à remettre en cause les logiques financières actuelles, à donner la priorité aux dépenses pour l’emploi, la formation, les capacités humaines et les services publics, plutôt qu’à celles qui profitent au capital."
PCF_2024,PCF_2024_874,EURO,2024,PCF,"Sans mobilisations massives, partout sur le continent, le grand changement qu’attendent le monde du travail et les peuples ne verra pas le jour."
PCF_2024,PCF_2024_875,EURO,2024,PCF,En développant les coopérations politiques pour d’autres politiques en Europe.
PCF_2024,PCF_2024_876,EURO,2024,PCF,"Les député·es européen·nes et la France doivent travailler à la constitution de fronts d’entente entre pays, qui peuvent être différenciés selon les questions, dans le but de s’opposer aux règles austéritaires et libérales portées par la Commission européenne, et votées par le Conseil et le Parlement européens, et de porter les alternatives nécessaires."
PCF_2024,PCF_2024_877,EURO,2024,PCF,"D’une manière plus générale, un processus de refondation démocratique doit être lancé en proposant la réunion d’une Assemblée des peuples d’Europe composée de représentants des nations européennes, afin de mettre en négociation un nouveau pacte démocratique et social en Europe, révoquant les traités existants."
PCF_2024,PCF_2024_878,EURO,2024,PCF,En agissant pour une autre utilisation de l’argent.
PCF_2024,PCF_2024_879,EURO,2024,PCF,"Il faut refonder la Banque centrale européenne, au service du développement économique et de l’emploi."
PCF_2024,PCF_2024_880,EURO,2024,PCF,"Nous proposons de refonder complètement la BCE, en remettant en cause son indépendance."
PCF_2024,PCF_2024_881,EURO,2024,PCF,"Ce qui implique : De créer un fonds européen pour le progrès social et écologique, ayant pour mission de financer le développement des services publics en Europe, tout particulièrement l’emploi, les embauches, les formations, notamment pour la santé, l’éducation, les transports, l’énergie, les postes, au moyen d’avances à 0 % aux États s’ils développent les services publics et l’emploi."
PCF_2024,PCF_2024_882,EURO,2024,PCF,"Ce fonds serait alimenté par la création monétaire de la BCE, doté d’une gouvernance démocratique combinant parlementaires européens, nationaux et représentants syndicaux."
PCF_2024,PCF_2024_883,EURO,2024,PCF,"De redéfinir ses missions et son fonctionnement : la BCE doit pouvoir refinancer les crédits des banques aux entreprises, prenant en compte des critères sociaux écologiques, et se plaçant au service d’une nouvelle industrialisation comme du redéploiement des services publics."
PCF_2024,PCF_2024_884,EURO,2024,PCF,"Nous appelons ainsi à une nouvelle sélectivité de la politique monétaire, tirant les leçons non seulement de décennies d’austérité, de délocalisations et d’appui à la finance, mais aussi de l’expérience du « quoiqu’il en coûte » (durant la pandémie, si elle a participé au financement du chômage partiel et au maintien d’une partie des emplois, au final c’est le capital qui s’est approprié ces financements)."
PCF_2024,PCF_2024_885,EURO,2024,PCF,"De permettre l’allègement des dépenses des États, liées à leur endettement passé, en reprenant massivement leurs titres de dettes actuellement à taux élevé auprès des marchés financiers, et en ne faisant pas payer aux États concernés les intérêts restants sur les titres qu’elle rachète."
PCF_2024,PCF_2024_886,EURO,2024,PCF,"De redéfinir les missions et le fonctionnement de la BCE, d’y inclure le développement de l’emploi de qualité et l’écologie, de la soumettre à un contrôle démocratique de son action, dans le cadre d’une gouvernance associant des parlementaires nationaux et européens, ainsi que des représentants du Comité social et économique européen (Cese)."
PCF_2024,PCF_2024_887,EURO,2024,PCF,En développant la lutte contre l’évasion fiscale.
PCF_2024,PCF_2024_888,EURO,2024,PCF,"Selon l’Observatoire européen de la fiscalité, les grandes entreprises ont transféré près de 950 milliards d’euros vers des paradis fiscaux en 2022."
PCF_2024,PCF_2024_889,EURO,2024,PCF,"Au niveau des États de l’Union européenne, l’ONG Tax Justice Network évalue à 119 milliards d’euros par an la perte de recettes liée à l’évasion fiscale."
PCF_2024,PCF_2024_890,EURO,2024,PCF,"Nous proposons l’inscription, dans la liste des paradis fiscaux ,des États membres de l’UE qui en font partie."
PCF_2024,PCF_2024_891,EURO,2024,PCF,Ces États doivent encourir des sanctions au même titre que ceux qui ne respectent pas les libertés démocratiques fondamentales.
PCF_2024,PCF_2024_892,EURO,2024,PCF,"Nous nous battons afin que soit interdit aux entreprises, aux banques et aux particuliers résidant dans l’UE, d’entretenir des relations financières avec un paradis fiscal, ou d’y faire transiter des fonds."
PCF_2024,PCF_2024_893,EURO,2024,PCF,Nous voulons ouvrir le chantier de l’harmonisation fiscale en Europe.
PCF_2024,PCF_2024_894,EURO,2024,PCF,"Nous proposons, à cette fin, d’instaurer des taux plafonds pour l’ensemble des impôts indirects (baisse de la TVA et autres taxes sur la consommation, notamment la fiscalité verte), et des taux planchers pour les impôts directs (impôt sur le revenu et impôt sur les sociétés)."
PCF_2024,PCF_2024_895,EURO,2024,PCF,"Nous portons l’exigence de la mise en place d’une taxation unitaire des multinationales, en les considérant comme une entité unique, puis en la répartissant en fonction des bénéfices dans les pays où l’entreprise réalise vraiment son activité."
PCF_2024,PCF_2024_896,EURO,2024,PCF,Nous proposons des droits nouveaux d’information et de décision des travailleurs et travailleuses des multinationales.
PCF_2024,PCF_2024_897,EURO,2024,PCF,"Leurs représentants et représentantes doivent être informé·es et consulté·es sur les ventes de brevets et de marques, sur les prêts intra-groupes, ainsi que sur le montant des redevances et les pays vers lesquels ces fonds sont versés."
PCF_2024,PCF_2024_898,EURO,2024,PCF,"Ils et elles doivent être informé·es de toute installation de sociétés nouvelles, aussi bien hors de l’Union qu’en son sein."
PCF_2024,PCF_2024_899,EURO,2024,PCF,Nous portons l’exigence de transparence des multinationales.
PCF_2024,PCF_2024_900,EURO,2024,PCF,"Ces entreprises doivent communiquer publiquement, pays par pays, les données rendant compte de leur activité sur tous les aspects économiques, fiscaux et sociaux."
PCF_2024,PCF_2024_901,EURO,2024,PCF,"Les contrôles fiscaux doivent être rendus plus efficaces, avec un droit de suite entre les diverses administrations financières nationales, dns le but de contrôler les filiales ou les holdings liées qui sont installées dans d’autres pays."
PCF_2024,PCF_2024_902,EURO,2024,PCF,En réformant les fonds structurels européens.
PCF_2024,PCF_2024_903,EURO,2024,PCF,"L’UE distribue d’importants financements aux associations, aux collectivités et aux entreprises, à travers le fonds européen de développement régional (Feder), le fonds social européen (FSE) et, depuis 2021, le fonds pour une transition juste (FTJ) intégré au Pacte vert européen."
PCF_2024,PCF_2024_904,EURO,2024,PCF,La France n’est pas éligible au Fonds de cohésion.
PCF_2024,PCF_2024_905,EURO,2024,PCF,Il faut changer la logique et les critères d’attribution de ces fonds.
PCF_2024,PCF_2024_906,EURO,2024,PCF,"Nous proposons l’augmentation de l’enveloppe des fonds structurels, dans le cadre du futur dispositif financier pluriannuel de l’Union, appliqué à partir de 2027, afin de rattraper et dépasser la diminution du cadre actuel 2021-2027 par rapport au cadre précédent."
PCF_2024,PCF_2024_907,EURO,2024,PCF,"Nous agissons pour la création d’un fonds européen de développement des services publics, piloté démocratiquement et financé par la BCE."
PCF_2024,PCF_2024_908,EURO,2024,PCF,"Il pourrait être mobilisé par les États, mais aussi par des collectivités territoriales, et impliquer les élu·es, les salarié·es, et les usager·es, selon des mécanismes propres à chaque État."
PCF_2024,PCF_2024_909,EURO,2024,PCF,"Nous voulons que soit simplifiée leur modalité d’attribution, notamment par la mise en place d’un service public de proximité destiné à accompagner les potentiels bénéficiaires de fonds européens, sur les plans technique et administratif."
PCF_2024,PCF_2024_910,EURO,2024,PCF,"Nous refusons que les fonds européens financent des actions ou des structures ayant le prosélytisme religieux pour objet ou finalité, ou concourant à celui-ci."
PCF_2024,PCF_2024_911,EURO,2024,PCF,DÉFENDRE ET ACCROÎTRE LE FONDS EUROPÉEN D’AIDE AUX PLUS DÉMUNIS (FEAD).
PCF_2024,PCF_2024_912,EURO,2024,PCF,"Le FEAD, créé en 2014, a pour objectif de soutenir les actions des États membres de l’Union européenne en matière d’aide alimentaire et/ou d’assistance matérielle de base aux personnes les plus démunies."
PCF_2024,PCF_2024_913,EURO,2024,PCF,"Les élu·es communistes se sont battu·es depuis sa création, pour le maintien et l’augmentation de ce fond."
PCF_2024,PCF_2024_914,EURO,2024,PCF,"Le fonds est aujourd’hui intégré au Fonds social européen (FSE), renommé FSE+."
PCF_2024,PCF_2024_915,EURO,2024,PCF,Si les moyens alloués au FEAD ont augmenté sur la période 2021-2027 ils restent insuffisants pour répondre aux besoins des populations.
PCF_2024,PCF_2024_916,EURO,2024,PCF,Depuis la pandémie la pauvreté et l’insécurité alimentaire se sont fortement accentuées en Europe.
PCF_2024,PCF_2024_917,EURO,2024,PCF,"En 2023, 32 % des Français·es avaient des difficultés à se procurer une alimentation saine permettant de faire trois repas par jour."
PCF_2024,PCF_2024_918,EURO,2024,PCF,"Au sein de l’UE en 2022 9,3 % de la population n’était pas en mesure de chauffer convenablement son logement."
PCF_2024,PCF_2024_919,EURO,2024,PCF,Nos élu·es au Parlement européen travailleront main dans la main avec les associations d’aide alimentaire et de lutte contre la pauvreté pour garantir la pérennité et le renforcement des fonds dédiés.
PCF_2024,PCF_2024_920,EURO,2024,PCF,"4 DES ÉLUS PORTANT LES GRANDES EXIGENCES SOCIALES, ÉCOLOGIQUES ET DÉMOCRATIQUES."
PCF_2024,PCF_2024_921,EURO,2024,PCF,Les directives et les règlements européens n’existent que par l’approbation d’une majorité de député·es.
PCF_2024,PCF_2024_922,EURO,2024,PCF,"Les élections européennes sont un scrutin de liste, à la proportionnelle."
PCF_2024,PCF_2024_923,EURO,2024,PCF,Chaque voix va donc compter pour élire des député·es de gauche qui contribueront à changer le rapport de force dans le prochain Parlement européen.
PCF_2024,PCF_2024_924,EURO,2024,PCF,Qui connaît aujourd’hui l’ensemble des 79 député·es élu·es en France et qui achèvent leur mandat au Parlement européen ?
PCF_2024,PCF_2024_925,EURO,2024,PCF,"Avec notre liste, qui incarne le rassemblement de la gauche comme celui du monde du travail, nous comptons changer pratiquement la donne."
PCF_2024,PCF_2024_926,EURO,2024,PCF,Les élu·es de notre liste agiront au plus près des préoccupations des Français·es et des Européen·nes.
PCF_2024,PCF_2024_927,EURO,2024,PCF,Ils et elles tiendront des permanences parlementaires qui leur permettront d’être à l’écoute de la population et de rendre compte de leur travail parlementaire tout au long de la législature.
PCF_2024,PCF_2024_928,EURO,2024,PCF,Ils et elles travailleront étroitement avec les collectivités territoriales et les élu·es locaux.
PCF_2024,PCF_2024_929,EURO,2024,PCF,"De nombreux documents et communications européens ne sont disponibles qu’en langue anglaise, ce qui accentue encore l’opacité des institutions de l’UE."
PCF_2024,PCF_2024_930,EURO,2024,PCF,"Nos élu·es s’engagent à défendre le multilinguisme en Europe et dans les institutions, en augmentant les effectifs chargés de la traduction et de l’interprétation, afin que les textes comme les interventions soient accessibles au plus grand nombre."
PCF_2024,PCF_2024_931,EURO,2024,PCF,"Avec Léon DEFFONTAINES, nous prenons 4 engagements."
PCF_2024,PCF_2024_932,EURO,2024,PCF,"1 De défendre les intérêts du monde du travail et du peuple de France au Parlement européen, de promouvoir et concevoir des coopérations nouvelles répondant aux intérêts des peuples européens."
PCF_2024,PCF_2024_933,EURO,2024,PCF,"Nous ne nous inscrirons pas dans le consensus libéral qui règne traditionnellement au Parlement européen, et nous combattrons les tentations de la droite conservatrice de créer des majorités avec l’extrême droite."
PCF_2024,PCF_2024_934,EURO,2024,PCF,"Le mandat des élu·es sera simple : mener les batailles nécessaires pour la justice sociale, fiscale et environnementale, et s’opposer à tout ce qui procède de la logique libérale et guerrière à l’oeuvre dans l’Union européenne."
PCF_2024,PCF_2024_935,EURO,2024,PCF,2 D’être à l’écoute des exigences du mouvement social et les porte-paroles d’une gauche transformatrice au sein des institutions européennes.
PCF_2024,PCF_2024_936,EURO,2024,PCF,"Nous serons une voix déterminée dans le combat contre l’austérité, pour la défense des intérêts de celles et ceux qui ne vivent que de leur travail, des peuples."
PCF_2024,PCF_2024_937,EURO,2024,PCF,"Cela se fera en travaillant au quotidien avec les organisations sociales, syndicales et associatives, et en construisant ensemble des débouchés politiques aux mobilisations."
PCF_2024,PCF_2024_938,EURO,2024,PCF,3 De permettre la diffusion de l’information.
PCF_2024,PCF_2024_939,EURO,2024,PCF,"Nos élu·es seront de véritables lanceurs d’alerte sur des politiques qui, bien que semblant éloignées des préoccupations du plus grand nombre, touchent tous les jours leur vie quotidienne."
PCF_2024,PCF_2024_940,EURO,2024,PCF,"Face à une Commission dont le fonctionnement est intrinsèquement libéral, il est essentiel de faire connaître les mauvais coups qui se préparent, afin d’organiser au mieux les ripostes politiques et sociales."
PCF_2024,PCF_2024_941,EURO,2024,PCF,Nos élu·es seront en contact permanent avec nos parlementaires nationaux.
PCF_2024,PCF_2024_942,EURO,2024,PCF,"Ils seront également en contact avec les associations, les organisations sociales et syndicales, afin de les prévenir et de travailler avec elles les sujets traités par les réglementations de l’UE."
PCF_2024,PCF_2024_943,EURO,2024,PCF,4 De construire l’alternative de gauche en Europe.
PCF_2024,PCF_2024_944,EURO,2024,PCF,La présence de député·es de notre liste au Parlement européen sera un atout pour la consolidation du travail engagé entre différents partis politiques européens attachés à rompre avec les politiques d’accompagnement du néolibéralisme qui ont conduit le continent à une terrible impasse.
PCF_2024,PCF_2024_945,EURO,2024,PCF,"Elle permettra le renforcement du groupe parlementaire The Left, dans l’affirmation de ses ambitions progressistes, et dans le respect de la diversité de ses composantes."
PCF_2024,PCF_2024_946,EURO,2024,PCF,Nos élu·es travailleront avec le Parti de la gauche européenne (PGE).
PCF_2024,PCF_2024_947,EURO,2024,PCF,"C’est ainsi que la gauche européenne pourra sortir renforcée du scrutin du 9 juin, qu’elle disposera de moyens nouveaux pour peser sur le rapport des forces politiques en Europe, et qu’elle oeuvrera plus efficacement à la construction d’une alternative d’espoir."
PCF_2024,PCF_2024_948,EURO,2024,PCF,"Le 9 juin, chaque voix comptera dans le combat pour mettre le néolibéralisme en échec, pour résister à une droite extrémisée et à l’extrême droite, et pour porter l’exigence d’une autre construction européenne, de peuples et de nations libres, souveraines et associées."
PS_2024,PS_2024_1,EURO,2024,PS,Le programme RÉVEILLER L’EUROPE.
PS_2024,PS_2024_2,EURO,2024,PS,# RÉVEILLER L'EUROPE.
PS_2024,PS_2024_3,EURO,2024,PS,INTRODUCTION.
PS_2024,PS_2024_4,EURO,2024,PS,"Il est des moments dans l’Histoire où bascule le destin des peuples, des moments qui élèvent les civilisations ou les précipitent dans l’abîme."
PS_2024,PS_2024_5,EURO,2024,PS,Nous vivons l’un de ces moments décisifs en Europe en 2024.
PS_2024,PS_2024_6,EURO,2024,PS,"Tout, autour de nous et en nous, apparaît fragile, branlant, et à certains égards déjà condamné."
PS_2024,PS_2024_7,EURO,2024,PS,"La guerre sur notre continent, l’effondrement climatique, la crise sociale, le rejet des institutions, la colère qui gronde et la violence qui se diffuse, la vague d’extrême droite qui s’abat sur nos nations : nous sommes plongés dans ce Chaos que les Anciens Grecs plaçaient à l’origine et à la fin du monde."
PS_2024,PS_2024_8,EURO,2024,PS,La question qui se pose à nous est donc simple : vivons-nous là un début ou une fin?
PS_2024,PS_2024_9,EURO,2024,PS,Est-ce le renouveau ou la chute de l’Europe ?
PS_2024,PS_2024_10,EURO,2024,PS,"La réponse à cette question existentielle dépend de nous, de notre capacité à conjurer nos peurs, à trancher et à puiser en nous-mêmes l’énergie, les ressources, le courage nécessaire aux grandes décisions et aux grands combats."
PS_2024,PS_2024_11,EURO,2024,PS,"Longtemps, le souvenir des crimes de jadis a suffi à légitimer le projet européen."
PS_2024,PS_2024_12,EURO,2024,PS,"Selon Imre Kertész, « la Constitution silencieuse, implicite de l’Europe, c’est la mémoire, c’est l’expérience du XXe siècle »."
PS_2024,PS_2024_13,EURO,2024,PS,"Mais la mémoire s’érode, la « Constitution silencieuse » s’efface et c’est dans les menaces du jour, dans les défis de l’époque que nous devons trouver la raison d’être de l’Union européenne."
PS_2024,PS_2024_14,EURO,2024,PS,"Le tumulte actuel pourrait nous conduire à la tétanie, il doit au contraire nous pousser au sursaut et les mots de Hölderlin - « Là où croît le péril, croît aussi ce qui sauve » - doivent guider nos pas."
PS_2024,PS_2024_15,EURO,2024,PS,Car c’est en affrontant la possibilité de la mort du projet démocratique européen que nous le redresserons et que nous lui donnerons la vigueur qui lui manque aujourd’hui.
PS_2024,PS_2024_16,EURO,2024,PS,L’agenda « Europe 2030 » que nous proposons n’a rien d’utopique ou d’idéaliste.
PS_2024,PS_2024_17,EURO,2024,PS,Il est même profondément réaliste.
PS_2024,PS_2024_18,EURO,2024,PS,"Pas au sens, évidemment, que donnent à ce terme les cyniques qui le confondent avec le renoncement aux grandes ambitions et aux grandes luttes."
PS_2024,PS_2024_19,EURO,2024,PS,"Non, le réalisme dont il est ici question naît du face-à-face avec le chaos, connaît la puissance des idées et exige des transformations radicales."
PS_2024,PS_2024_20,EURO,2024,PS,"Assumer la confrontation avec les régimes autoritaires qui traitent nos nations comme des serpillères, sortir des énergies fossiles qui nous asservissent, rompre avec la religion du libre-échange qui nous affaiblit et lutter contre l’explosion des inégalités qui fragilise nos démocraties, voilà ce qui est réaliste en 2024."
PS_2024,PS_2024_21,EURO,2024,PS,Tous les changements proposés dans ce programme visent à faire émerger cette puissance écologique européenne qui seule nous permettra d’ouvrir la possibilité d’un nouveau siècle européen.
PS_2024,PS_2024_22,EURO,2024,PS,Chapitre 1 Pour une Europe Puissante.
PS_2024,PS_2024_23,EURO,2024,PS,"Alors que la guerre en Ukraine ébranle notre continent, une victoire de Donald Trump aux États-Unis le 5 novembre nous laisserait seuls."
PS_2024,PS_2024_24,EURO,2024,PS,"Seuls face à la guerre, seuls face à Poutine, seuls face à l’effondrement climatique et à la crise démocratique."
PS_2024,PS_2024_25,EURO,2024,PS,L’heure du sursaut a sonné !
PS_2024,PS_2024_26,EURO,2024,PS,La première priorité c’est de donner à l’Europe les moyens de se défendre.
PS_2024,PS_2024_27,EURO,2024,PS,"Le moment est venu pour elle de sortir de l’état d’adolescence dans lequel elle vit depuis des décennies, à l’abri d’un parapluie américain qu’elle pensait éternel."
PS_2024,PS_2024_28,EURO,2024,PS,Le moment est venu pour l’Europe de devenir adulte.
PS_2024,PS_2024_29,EURO,2024,PS,"Ce passage à l’âge adulte commence par l’Ukraine, par ce front ukrainien qui est notre première ligne de défense."
PS_2024,PS_2024_30,EURO,2024,PS,"Car ne nous y trompons pas : il ne s’agit pas en Ukraine d’un simple conflit territorial, mais de la matérialisation brutale de la guerre lancée par Vladimir Poutine contre nos démocraties bien avant ce 24 février 2022."
PS_2024,PS_2024_31,EURO,2024,PS,"La cible n’est pas le Donbass ou la Crimée, c’est l’Europe elle-même."
PS_2024,PS_2024_32,EURO,2024,PS,"Ce passage à l’âge adulte passe, aussi, par la protection de nos démocraties contre les guerres hybrides, les ingérences étrangères et le terrorisme."
PS_2024,PS_2024_33,EURO,2024,PS,L’Union doit devenir enfin adulte et être capable d’assurer sa propre sécurité.
PS_2024,PS_2024_34,EURO,2024,PS,Bâtir une puissance européenne souveraine suppose également de réindustrialiser nos nations et de rompre avec le dogme du libre-échange généralisé.
PS_2024,PS_2024_35,EURO,2024,PS,"Aujourd’hui, l’Europe est consommatrice de sécurité américaine, d’énergie qatarie ou saoudienne et de biens chinois."
PS_2024,PS_2024_36,EURO,2024,PS,"Elle doit redevenir productrice de sécurité en construisant sa propre défense, productrice d’énergie en menant à bien la révolution des renouvelables et productrice de biens en rapatriant les industries stratégiques sur son sol."
PS_2024,PS_2024_37,EURO,2024,PS,"D’ici 2030, nous ferons de l’Europe un continent de producteurs."
PS_2024,PS_2024_38,EURO,2024,PS,"Pour y parvenir, de grandes transformations sont nécessaires."
PS_2024,PS_2024_39,EURO,2024,PS,Nous les porterons.
PS_2024,PS_2024_40,EURO,2024,PS,1 - DÉFENDRE L’EUROPE.
PS_2024,PS_2024_41,EURO,2024,PS,Défendre l’Europe en augmentant massivement le soutien à l’Ukraine.
PS_2024,PS_2024_42,EURO,2024,PS,1 En mobilisant immédiatement toutes les ressources disponibles pour atteindre l’objectif stratégique d’une défaite russe en Ukraine : nous saisirons la totalité des 206 milliards d’avoirs publics russes gelés dans les banques européennes pour les affecter au soutien à la résistance ukrainienne.
PS_2024,PS_2024_43,EURO,2024,PS,"2 En faisant pression sur les États membres pour qu’ils produisent et fournissent les armes demandées par les Ukrainiens, notamment en renforçant la directive ASAP sur la production et la livraison de munitions, en incitant les acquisitions conjointes permettant des économies d’échelle et une meilleure coordination des livraisons et en priorisant les livraisons à l’Ukraine sur les commandes passées par des pays tiers."
PS_2024,PS_2024_44,EURO,2024,PS,"3 En renforçant les sanctions contre le régime russe, dont le budget d’Etat continue d’être alimenté par nos importations européennes, notamment énergétiques ; en imposant un embargo sur le gaz naturel liquéfié, l’uranium et les engrais ; en ciblant les entreprises, notamment chinoises, et les pays tiers, qui facilitent le contournement des sanctions."
PS_2024,PS_2024_45,EURO,2024,PS,Réarmer notre continent.
PS_2024,PS_2024_46,EURO,2024,PS,4 En mettant en place un fonds européen de défense de 100 milliards d’euros financé par un emprunt commun pour investir dans nos industries de défense et renforcer nos capacités de production en intégrant progressivement la base industrielle de défense européenne pour la rendre plus performante et compétitive.
PS_2024,PS_2024_47,EURO,2024,PS,"5 En donnant à la Commission - comme pour les vaccins pendant la pandémie - le rôle de centrale de commande et d’acquisition auprès de l’industrie, via des contrats cadres européens à long terme permettant de garantir une production suffisante et abordable."
PS_2024,PS_2024_48,EURO,2024,PS,"6 En instaurant une préférence européenne, un « Buy European Act » de l’armement pour que les investissements européens bénéficient aux industries européennes."
PS_2024,PS_2024_49,EURO,2024,PS,"7 En établissant un nouveau contrat avec les industries de défense qui seront les grandes bénéficiaires de ces investissements communs, et devront donc accepter un contrôle européen accru sur les exportations d’armes."
PS_2024,PS_2024_50,EURO,2024,PS,Protéger nos démocraties contre la guerre hybride et les ingérences étrangères.
PS_2024,PS_2024_51,EURO,2024,PS,"8 En proposant une nouvelle version renforcée du « Paquet de défense de la démocratie » qui interdira notamment aux dirigeants, élus ou hauts fonctionnaires européens de travailler pour des entreprises étrangères identifiées dans une liste européenne comme des menaces potentielles à notre souveraineté."
PS_2024,PS_2024_52,EURO,2024,PS,"9 En coordonnant la lutte européenne contre les manipulations de l’information, via notamment la création d’un centre d’excellence de l’Union européenne pour la lutte contre les manipulations de l’information et les ingérences étrangères (FIMI)."
PS_2024,PS_2024_53,EURO,2024,PS,10 En mettant en place un fonds européen de soutien au journalisme d’investigation et aux organisations de la société civile luttant contre la désinformation.
PS_2024,PS_2024_54,EURO,2024,PS,"11 En renforçant drastiquement nos capacités de cybersécurité, en coordonnant nos investissements dans la protection de nos infrastructures stratégiques et en multipliant par 10 le budget de l’Agence de cyberdéfense européenne ENISA."
PS_2024,PS_2024_55,EURO,2024,PS,12 En créant un régime spécifique de sanctions visant les acteurs étatiques et non-étatiques qui s’ingèrent dans nos démocraties.
PS_2024,PS_2024_56,EURO,2024,PS,"13 En créant dès le début du mandat une commission spéciale sur le réseau social TikTok chargée d’analyser les risques en matière de sécurité, de siphonnage des données ou d’impact sur nos espaces civiques posés par la plateforme chinoise et de statuer sur son bannissement du marché européen."
PS_2024,PS_2024_57,EURO,2024,PS,Coordonner et intensifier la lutte contre le terrorisme.
PS_2024,PS_2024_58,EURO,2024,PS,"14 En coordonnant à l’échelle européenne la lutte contre la radicalisation, en multipliant les ressources allouées à la prévention de la radicalisation et de l’extrémisme violent, notamment en ligne."
PS_2024,PS_2024_59,EURO,2024,PS,"15 En améliorant la coopération policière, judiciaire et des services de renseignement en soutenant davantage les structures au sein d’Europol et Eurojust."
PS_2024,PS_2024_60,EURO,2024,PS,16 En créant un protocole européen de partage de renseignement dans le cadre de l’agence européenne du renseignement.
PS_2024,PS_2024_61,EURO,2024,PS,"17 En faisant appliquer le règlement anti-blanchiment et en obtenant une régulation plus stricte des cryptoactifs en Europe, pour garantir la traçabilité des transactions pour mieux lutter contre le financement du terrorisme."
PS_2024,PS_2024_62,EURO,2024,PS,2- PRODUIRE EN EUROPE.
PS_2024,PS_2024_63,EURO,2024,PS,Assurer notre souveraineté industrielle.
PS_2024,PS_2024_64,EURO,2024,PS,"18 En élaborant une stratégie du « Fabriqué en Europe » qui favorise la production industrielle européenne et vise à l’émergence de champions européens dans tous les secteurs définis comme stratégiques, ainsi qu’à la protection des filières dans leur globalité."
PS_2024,PS_2024_65,EURO,2024,PS,"Pour cela, nous réviserons les politiques commerciales et de concurrence européennes pour mieux nous protéger et permettre les investissements."
PS_2024,PS_2024_66,EURO,2024,PS,"19 En adoptant une loi « acheter européen » (« Buy European Act ») qui conditionnera l’accès à tous les dispositifs de soutien public (commande publique, subvention, mécanismes de prix garantis et autres formes de soutien) à une priorité donnée aux produits et services européens."
PS_2024,PS_2024_67,EURO,2024,PS,"20 En imposant les mêmes normes aux produits que nous importons que celles qui s’appliquent à nos producteurs à l’aide de «mesures miroirs», comme nous avons commencé à le faire avec le bannissement des produits de l’esclavage et celui des produits issus de la déforestation."
PS_2024,PS_2024_68,EURO,2024,PS,21 En généralisant le mécanisme d’ajustement carbone (taxe carbone) aux frontières de l’Union européenne à tous les produits et services qui causent une concurrence déloyale en raison des fuites de carbone.
PS_2024,PS_2024_69,EURO,2024,PS,"22 En renforçant nos instruments de défense commerciale (antidumping, anti-subvention, sauvegardes) pour les rendre plus dissuasifs."
PS_2024,PS_2024_70,EURO,2024,PS,23 En refusant tout nouvel accord de libre-échange et en promouvant des partenariats fondés sur le juste-échange et le développement partagé.
PS_2024,PS_2024_71,EURO,2024,PS,"24 En développant, dans chaque secteur stratégique, une planification industrielle qui couvre la recherche, l’innovation, les tests pré-industriels, le développement de nouvelles capacités de production et les mesures de régulation et protection des marchés pour sécuriser les débouchés."
PS_2024,PS_2024_72,EURO,2024,PS,Cela implique notamment de renforcer les Projets importants d’intérêt européen commun (PIEEC).
PS_2024,PS_2024_73,EURO,2024,PS,"25 En développant une politique industrielle du numérique offensive, en créant un fonds souverain pour investir dans le numérique, en imposant des obligations de financement sur le territoire européen aux géants étrangers (les Gafam et les Batx) en contrepartie de l’accès à notre marché et en poussant un accord international sur l’intelligence artificielle."
PS_2024,PS_2024_74,EURO,2024,PS,"26 En soutenant l’innovation des PME et des starts-up européennes pour faire émerger des champions européens, en doublant le budget d’Horizon Europe, y compris celui du Conseil européen de l’innovation (de 10 à 20 milliards d’euros), et en faisant de la commande publique un outil pour offrir des premiers marchés aux produits et services innovants."
PS_2024,PS_2024_75,EURO,2024,PS,Assurer notre souveraineté énergétique.
PS_2024,PS_2024_76,EURO,2024,PS,27 En investissant massivement dans les énergies renouvelables afin qu’elles représentent au moins 45% du bouquet énergétique de l’UE en 2030 et 75% en 2040.
PS_2024,PS_2024_77,EURO,2024,PS,"28 En planifiant la sortie des énergies fossiles en Europe : tendre vers la sortie du charbon (2030), du gaz fossile (2035) et du pétrole (2045), par des politiques publiques et des investissements dans la sobriété, l’efficacité énergétique, les énergies renouvelables et en conservant une part de nucléaire comme une énergie de transition dans notre mix énergétique."
PS_2024,PS_2024_78,EURO,2024,PS,"29 En adoptant une véritable politique de sobriété énergétique et d’efficacité énergétique au niveau européen, avec un objectif contraignant pour diviser par deux la demande énergétique de l’UE d’ici 2040, par rapport au pic de consommation de 2006."
PS_2024,PS_2024_79,EURO,2024,PS,30 En garantissant que 80% de la valeur des projets renouvelables soient produits en Europe.
PS_2024,PS_2024_80,EURO,2024,PS,"31 En mettant fin à tout nouveau projet d’infrastructure fossile (par exemple, les terminaux d’importation de gaz naturel liquéfié (GNL)), notamment en interdisant leur financement par des fonds publics et en éliminant les subventions aux énergies fossiles."
PS_2024,PS_2024_81,EURO,2024,PS,"32 En investissant massivement dans le réseau électrique européen et les moyens de stockage, à hauteur de 900 milliards d’euros d’investissements publics et privés dans les dix prochaines années, afin de le moderniser pour intégrer la montée en puissance des énergies renouvelables et de répondre aux besoins de décarbonation présents et futurs (véhicule électrique, pompes à chaleur, hydrogène vert)."
PS_2024,PS_2024_82,EURO,2024,PS,"33 En réservant la définition de l’hydrogène vert à celui obtenu par électrolyse de l’eau, grâce à l’utilisation d’électricité renouvelable ou nucléaire."
PS_2024,PS_2024_83,EURO,2024,PS,"34 Ces politiques de souveraineté énergétique nous permettront aussi de réduire les émissions de gaz à effet de serre d’au moins 90% à 92% au plus tard en 2040, et d’atteindre la neutralité carbone au plus tard en 2050."
PS_2024,PS_2024_84,EURO,2024,PS,Assurer notre souveraineté alimentaire.
PS_2024,PS_2024_85,EURO,2024,PS,"35 En permettant à chacun d’avoir accès à une alimentation saine, produite à l’aide de méthodes durables et respectueuses de l’environnement."
PS_2024,PS_2024_86,EURO,2024,PS,36 En protégeant nos capacités de production agricole contre les crises de surproduction via une gestion de crise efficace.
PS_2024,PS_2024_87,EURO,2024,PS,37 En imposant des mesures miroirs aux importations pour ne pas mettre nos producteurs dans une situation de concurrence déloyale.
PS_2024,PS_2024_88,EURO,2024,PS,38 En ayant des stocks stratégiques alimentaires pour limiter la spéculation et les phénomènes de panique.
PS_2024,PS_2024_89,EURO,2024,PS,39 En respectant le droit des autres pays à définir leur propre souveraineté alimentaire.
PS_2024,PS_2024_90,EURO,2024,PS,"40 En révisant les règles de l’OMC pour sortir de l’aide à l’hectare, pour autoriser les politiques de stockage et pour permettre de véritablement rémunérer les services environnementaux."
PS_2024,PS_2024_91,EURO,2024,PS,"41 En se concentrant sur la consommation et non exclusivement sur la production, en priorisant les usages alimentaires aux usages non alimentaires et en considérant les agrocarburants comme une variable d’ajustement pour réguler les marchés."
PS_2024,PS_2024_92,EURO,2024,PS,"42 En inscrivant dans la Loi européenne le principe de souveraineté alimentaire, qui légitime chaque pays ou ensemble de pays à produire sur son sol l’essentiel de ce qui est nécessaire pour nourrir sa population, et légitime également de protéger les marchés par des barrières douanières et «techniques»."
PS_2024,PS_2024_93,EURO,2024,PS,"Ce principe vaut pour l’Europe et pour le reste du monde, et notamment l’Afrique."
PS_2024,PS_2024_94,EURO,2024,PS,"43 En planifiant la reconquête de la souveraineté alimentaire dans les domaines déficitaires (protéines végétales et alimentation animale) et en luttant contre le risque de recul de la production, par exemple dans le lait et l’élevage, via l’installation et la maîtrise du foncier."
PS_2024,PS_2024_95,EURO,2024,PS,44 En instaurant une plus grande régulation pour empêcher les effets déstabilisateurs sur les productions vivrières et assurer un meilleur partage de la valeur pour les cultures d’exportation.
PS_2024,PS_2024_96,EURO,2024,PS,Assurer notre souveraineté sanitaire.
PS_2024,PS_2024_97,EURO,2024,PS,"45 En relocalisant une partie de la production sur le sol européen via des incitations financières et réglementaires, et via des coopérations industrielles et scientifiques entre Etats membres."
PS_2024,PS_2024_98,EURO,2024,PS,"46 En anticipant davantage les crises en menant un travail prospectif pour identifier les prochains risques, en constituant des stocks stratégiques de matériel et en développant une réelle capacité en réanimation."
PS_2024,PS_2024_99,EURO,2024,PS,"47 En soutenant la production en Europe de matériels, de masques et de médicaments, afin de rompre avec notre modèle de sous-traitance en Asie - l’UE importe aujourd’hui 80% des principes actifs utilisés dans la fabrication de médicaments génériques."
PS_2024,PS_2024_100,EURO,2024,PS,"48 En créant un service public du médicament pour répondre aux besoins de santé des Européens, garantir les approvisionnements et des prix justes."
PS_2024,PS_2024_101,EURO,2024,PS,49 En oeuvrant à la convergence des prix des médicaments en Europe afin de mettre fin à la compétition entre acheteurs publics.
PS_2024,PS_2024_102,EURO,2024,PS,"50 En développant des achats groupés, comme l’UE l’a réalisé au temps du Covid avec les masques et les vaccins, pour garantir des volumes et des prix maîtrisés."
PS_2024,PS_2024_103,EURO,2024,PS,52 En renforçant la recherche publique et privée et en l’inscrivant dans le temps long alors qu’elle a montré des défaillance au moment du Covid pour mettre au point des vaccins.
PS_2024,PS_2024_104,EURO,2024,PS,CHAPITRE 2 UNE EUROPE ÉCOLOGIQUE.
PS_2024,PS_2024_105,EURO,2024,PS,L’invasion de l’Ukraine nous a fait prendre conscience que notre addiction au pétrole et au gaz nous rendait faibles dans une situation historique – la guerre – qui interdit toute faiblesse.
PS_2024,PS_2024_106,EURO,2024,PS,"Au coeur de notre agenda pour 2030, il y a donc la révolution énergétique : le déclin rapide des énergies fossiles et le développement massif des énergies renouvelables (avec une part de nucléaire dans notre mix)."
PS_2024,PS_2024_107,EURO,2024,PS,"Elle n’est pas simplement une exigence climatique, mais aussi un impératif sécuritaire et un antidote au sentiment de déclassement qui habite nos nations depuis le 1er choc pétrolier en 1973, lorsque nous avons compris que nous dépendions jusque dans nos vies quotidiennes de puissances étrangères sur lesquelles nous n’avions plus prise."
PS_2024,PS_2024_108,EURO,2024,PS,"Les pétromonarchies du Golfe peuvent nous menacer de diminuer leur production de pétrole, mais elles ne peuvent pas empêcher le vent de souffler à Saint Nazaire ou à Dublin."
PS_2024,PS_2024_109,EURO,2024,PS,"Vladimir Poutine peut couper l’arrivée du gaz en Europe, mais il ne peut pas empêcher le soleil de briller à Marseille ou à La Valette."
PS_2024,PS_2024_110,EURO,2024,PS,Nous nous demandons d’un côté comment faire face à la catastrophe climatique et à la 6e extinction de masse des espèces.
PS_2024,PS_2024_111,EURO,2024,PS,Nous nous demandons de l’autre comment assurer notre sécurité et restaurer le primat de la puissance publique sur les puissances particulières.
PS_2024,PS_2024_112,EURO,2024,PS,"Ces deux questions n’en font qu’une et trouvent une réponse unique dans l’émergence de la puissance écologique européenne, clé de voûte de notre agenda."
PS_2024,PS_2024_113,EURO,2024,PS,"De la rencontre de ces deux termes qui ne sont pas souvent associés - puissance et écologie - naîtra, nous en sommes convaincus, une nouvelle offre politique apte à contrer la tentation du repli nationaliste."
PS_2024,PS_2024_114,EURO,2024,PS,Cela suppose d’abord de ne rien céder à l’assaut politique et culturel lancé par la droite et l’extrême-droite contre l’écologie.
PS_2024,PS_2024_115,EURO,2024,PS,Nous défendrons chaque texte d’un Pacte Vert qui est devenu le bouc émissaire de tous les problèmes.
PS_2024,PS_2024_116,EURO,2024,PS,"Mais nous ferons plus que de défendre ce que nous avons initié, nous engagerons une nouvelle étape de la révolution écologique européenne : la phase de la planification, des investissements, de l’accompagnement."
PS_2024,PS_2024_117,EURO,2024,PS,"La puissance écologique européenne que nous allons bâtir nous permettra de retrouver notre souveraineté perdue, de répondre à l’urgence climatique, d’améliorer la vie des Européennes et des Européens, et de lutter pour la préservation de la biodiversité."
PS_2024,PS_2024_118,EURO,2024,PS,"La révolution écologique que nous portons transformera nos modes de production, de consommation et d’échange."
PS_2024,PS_2024_119,EURO,2024,PS,"Elle permettra de mieux respirer, mieux manger, mieux vivre !"
PS_2024,PS_2024_120,EURO,2024,PS,Elle améliorera notre quotidien et placera la protection du vivant au coeur des politiques européennes.
PS_2024,PS_2024_121,EURO,2024,PS,1 - BÂTIR UNE PUISSANCE POUR LE CLIMAT.
PS_2024,PS_2024_122,EURO,2024,PS,"52 Créer une agence de planification écologique européenne, fondée sur le modèle de dialogue social du Commissariat au Plan, afin de piloter la mise en oeuvre des objectifs du Pacte Vert, de réduction des émissions de gaz à effet de serre d’au moins 90% à 92% au plus tard en 2040, et d’atteinte de la neutralité carbone au plus tard en 2050."
PS_2024,PS_2024_123,EURO,2024,PS,"53 Systématiser l’emploi d’indicateurs environnementaux et sociaux pour évaluer les politiques publiques, dont le pilotage sera assuré par l’Agence européenne de l’environnement."
PS_2024,PS_2024_124,EURO,2024,PS,"Sur la base des travaux de l’Observatoire Européen de la Neutralité Climat (ECNO), cette agence permettra d’assurer un suivi efficace de nos objectifs environnementaux et sociaux en collectant des données et en construisant des indicateurs comme un taux d’emploi vert, mesurant le pourcentage de personnes employées dans les secteurs verts, un indice de décarbonation, mesurant les émissions de CO2 par secteur et permettant de mesurer les efforts de décarbonation."
PS_2024,PS_2024_125,EURO,2024,PS,54 Démocratiser l’action climatique européenne via le lancement d’une Convention Citoyenne Européenne pour le Climat dont les propositions devront être reprises par la Commission européenne.
PS_2024,PS_2024_126,EURO,2024,PS,"Associer aussi plus étroitement les syndicats, ONG et les maires de nos villes et villages, à la conception des politiques climatiques européennes."
PS_2024,PS_2024_127,EURO,2024,PS,Décarboner nos économies pour lutter contre le changement climatique.
PS_2024,PS_2024_128,EURO,2024,PS,"55 En lançant un grand plan européen de rénovation énergétique des bâtiments et des logements, avec notamment comme premier objectif la rénovation de toutes les écoles européennes d’ici 2030 (plan « Nos écoles »), afin de protéger nos enfants et les personnels éducatifs des vagues de froid et des canicules."
PS_2024,PS_2024_129,EURO,2024,PS,"56 En favorisant la transformation des entreprises, notamment des PME et des entreprises industrielles, vers des procédés de production respectueux de l’environnement, l’éco-conception, l’économie circulaire et l’écologie industrielle."
PS_2024,PS_2024_130,EURO,2024,PS,"57 En mettant au coeur du pilotage de la planification écologique la fin des dépenses néfastes pour le climat et la biodiversité, notamment les subventions aux énergies fossiles."
PS_2024,PS_2024_131,EURO,2024,PS,58 En incitant les États à investir dans la transition en excluant les dépenses vertes et justes du calcul du déficit excessif.
PS_2024,PS_2024_132,EURO,2024,PS,"59 En verdissant la commande publique grâce à l’introduction de critères écologiques et l’harmonisation des règles au niveau européen, avec des sanctions en cas de nonrespect, afin de donner la priorité non plus à « l’offre économiquement la plus avantageuse (MEAT) » mais à « l’offre environnementalement, socialement et économiquement la plus avantageuse » et de privilégier les entreprises éco-responsables dans l’attribution des marchés publics de l’UE."
PS_2024,PS_2024_133,EURO,2024,PS,"60 En renforçant les éco-conditionnalités pour l’accès aux aides d’État et aux financements européens, notamment du Fonds d’innovation ou du Fonds de transition juste."
PS_2024,PS_2024_134,EURO,2024,PS,Promouvoir un nouveau modèle d’entreprise engagé dans la révolution écologique.
PS_2024,PS_2024_135,EURO,2024,PS,"61 En soutenant les entreprises qui placent l’écologie au coeur de leur modèle et qui prennent en compte les limites planétaires et le respect du vivant, en établissant un socle européen pour le développement des entreprises à mission."
PS_2024,PS_2024_136,EURO,2024,PS,"62 En reconnaissant pleinement et en promouvant l’économie sociale et solidaire au niveau européen, pour proposer une fiscalité́ adaptée aux organisations y répondant (coopératives, mutuelles, associations,…) et soutenir les entreprises créatrices d’emplois qui placent l’écologie et l’intérêt général au coeur de leurs modèles."
PS_2024,PS_2024_137,EURO,2024,PS,"63 En augmentant les financements qui soutiennent les projets innovants de ces entreprises, notamment dans les solidarités et le bien-être, les solutions pour la révolution écologique, l’économie circulaire et les modes de production et de consommation plus durables."
PS_2024,PS_2024_138,EURO,2024,PS,64 En créant un outil accessible permettant d’accroître la visibilité sur les performances ESG des entreprises auprès des investisseurs et des consommateurs grâce à un mécanisme de notation.
PS_2024,PS_2024_139,EURO,2024,PS,"65 En mettant en oeuvre les nouveaux textes européens sur le devoir de vigilance des entreprises, sur les normes comptables et le reporting extra financier, première étape vers une triple comptabilité."
PS_2024,PS_2024_140,EURO,2024,PS,"Tous ces outils permettent de retracer la responsabilité sociale et environnementale des entreprises, la qualité de leurs relations avec leurs parties prenantes et leur responsabilité vis-à-vis des partenaires de leur chaîne de valeur."
PS_2024,PS_2024_141,EURO,2024,PS,Ces informations devront être mieux portées à la connaissance des investisseurs et des consommateurs grâce à un mécanisme de notation.
PS_2024,PS_2024_142,EURO,2024,PS,"66 En orientant l’action des dirigeants d’entreprise à travers un verdissement de leur rémunération, grâce à un versement des bonus conditionnés à la réalisation de plans de transition pour les entreprises. et en étendant le concept de responsabilité fiduciaire et de protection des administrateurs pour qu’ils soient garants du respect des objectifs sociétaux de l’entreprise."
PS_2024,PS_2024_143,EURO,2024,PS,Décarboner nos mobilités.
PS_2024,PS_2024_144,EURO,2024,PS,"67 En augmentant les fonds européens existants pour développer les infrastructures ferroviaires et notamment les petites lignes qui désenclavent au quotidien nos territoires ruraux : les RER métropolitains, les intercités, les trains de nuit, le fret ferroviaire Faire l’Europe du train."
PS_2024,PS_2024_145,EURO,2024,PS,"68 En finançant pour partie ces investissements en taxant les transports polluants, notamment les liaisons aériennes qui bénéficient d’exemptions fiscales indues sur la TVA, le kérosène et les émissions de gaz à effet de serre."
PS_2024,PS_2024_146,EURO,2024,PS,"69 En protégeant notre industrie ferroviaire contre la concurrence déloyale, notamment chinoise."
PS_2024,PS_2024_147,EURO,2024,PS,"70 En réinvestissant dans le fret ferroviaire ce qui permettra de favoriser la multimodalité, de connecter les lignes de fret ferroviaire aux ports fluviaux et maritimes et d’investir dans les infrastructures dédiées."
PS_2024,PS_2024_148,EURO,2024,PS,71 En rendant le transport ferroviaire plus accessible et en accélérant le report modal des passagers par la mise en place d’un Ticket climat à prix fixe et abordable pour les transports de proximité.
PS_2024,PS_2024_149,EURO,2024,PS,"L’introduction d’une taxe sur le kérosène, la réduction des péages ferroviaires pour les trains de nuit permettra de faire baisser le prix des trains pour les rendre plus attractifs face à l’avion."
PS_2024,PS_2024_150,EURO,2024,PS,"Investir dans les modes de transports actifs, publics et électriques."
PS_2024,PS_2024_151,EURO,2024,PS,"72 En investissant dans le développement et l’accessibilité à la fois des transports publics collectifs, des modes de transports actifs (vélo, marche à pied) et dans le passage à l’électrique dans le transport routier (bus, voitures, camion)."
PS_2024,PS_2024_152,EURO,2024,PS,"73 En favorisant les transports collectifs publics et en reliant les territoires grâce à l’investissement dans les infrastructures ferroviaires, fluviales, de covoiturage et d’itinéraires cyclables."
PS_2024,PS_2024_153,EURO,2024,PS,74 En déployant des infrastructures de bornes de recharge afin de couvrir tous les territoires.
PS_2024,PS_2024_154,EURO,2024,PS,75 En permettant à chaque Européen qui en a besoin d’accéder à un véhicule électrique grâce à un Fonds Social Climat renforcé.
PS_2024,PS_2024_155,EURO,2024,PS,76 En renforçant les normes d’efficacité et de poids des véhicules et en excluant les SUV les plus lourds de l’accès au soutien public.
PS_2024,PS_2024_156,EURO,2024,PS,"77 En réduisant le trafic aérien, en particulier les vols court-courriers, en taxant le kérosène, en limitant l’expansion des aéroports, et en imposant un niveau de TVA standard pour les billets d’avion."
PS_2024,PS_2024_157,EURO,2024,PS,78 En investissant pour accompagner les entreprises et les travailleurs du secteur automobile afin qu’ils puissent réussir.
PS_2024,PS_2024_158,EURO,2024,PS,Créer une stratégie européenne de sobriété.
PS_2024,PS_2024_159,EURO,2024,PS,"79 En pérennisant les objectifs de réduction des consommations d’énergie et en réformant le règlement européen sur la gouvernance de l’Union de l’énergie, afin que chaque État se dote d’un plan national de sobriété, juridiquement contraignant et intégré à son Plan National Énergie-Climat (PNEC)."
PS_2024,PS_2024_160,EURO,2024,PS,"80 En sortant de la société du « tout jetable » en augmentant la protection des consommateurs, notamment via l’extension de la durée minimale de garantie des produits et en mettant en oeuvre un droit effectif à la réparabilité qui incite à réparer au lieu de jeter."
PS_2024,PS_2024_161,EURO,2024,PS,"81 En encourageant le développement de l’économie circulaire et d’une filière ambitieuse du recyclage, créatrice de valeur économique et environnementale."
PS_2024,PS_2024_162,EURO,2024,PS,82 En adoptant des objectifs contraignants de réduction de l’empreinte-carbone et de l’empreinte-matière des biens les plus polluants.
PS_2024,PS_2024_163,EURO,2024,PS,"83 En défendant un bouclier législatif pour lutter contre l’obsolescence, y compris en encadrant la publicité dans la rue, sur les réseaux sociaux et dans les médias, ainsi que les stratégies marketing qui poussent à la surconsommation."
PS_2024,PS_2024_164,EURO,2024,PS,"84 Pour le secteur textile, il est urgent de lutter contre l’ultra fast fashion en déréférençant tout site internet d’une marque (comme SHEIN) qui met sur le marché un nombre de nouvelles références supérieur ou égal à 500 par jour."
PS_2024,PS_2024_165,EURO,2024,PS,Développer une stratégie européenne d’adaptation au changement climatique.
PS_2024,PS_2024_166,EURO,2024,PS,"85 En développant des outils européens d’analyse des vulnérabilités des territoires : vulnérabilité physiques et environnementales et des moyens d’accès aux populations, vulnérabilités sociales et d’organisation collective."
PS_2024,PS_2024_167,EURO,2024,PS,"86 En modernisant nos infrastructures critiques (réseaux d’électricité, d’eau, de transport et de télécommunication) et en préservant nos infrastructures sociales (système de santé, sécurité civile, solidarité, sécurité sociale, filets de sécurité pour les plus vulnérables)."
PS_2024,PS_2024_168,EURO,2024,PS,"Ces mesures protégeront les fondamentaux de la cohésion sociale et économique européenne, dont la robustesse fonde notre résilience aux chocs climatiques présents et futurs."
PS_2024,PS_2024_169,EURO,2024,PS,"87 En organisant une gouvernance européenne de l’adaptation, intégrant la stratégie européenne avec des stratégies nationales et régionales d’adaptation au changement climatique."
PS_2024,PS_2024_170,EURO,2024,PS,88 En développant un « réflexe adaptation » dans toutes les décisions qui nous engagent sur le temps long.
PS_2024,PS_2024_171,EURO,2024,PS,"Se donner les moyens (juridiques, humains, financiers) de prendre systématiquement en compte les projections climatiques dans ces décisions (plan local d’urbanisme, normes de construction des bâtiments, politique agricole, infrastructures de gestion de l’eau, aides au développement économique etc.)."
PS_2024,PS_2024_172,EURO,2024,PS,"89 En garantissant que tout projet d’infrastructure qui bénéficie d’un financement européen prenne pleinement en compte les réalités climatiques des décennies à venir, afin de bien s’adapter, et d’éviter la maladaptation."
PS_2024,PS_2024_173,EURO,2024,PS,"90 En encourageant les États à revoir à la hausse les moyens des politiques publiques qui contribuent déjà à l’adaptation, comme la protection des ressources en eau, la prévention des risques naturels (y compris les risques d’inondation), de sécurité civile et de santé publique."
PS_2024,PS_2024_174,EURO,2024,PS,"91  En soutenant la généralisation des bonnes pratiques d’adaptation (végétalisation, création d’îlots de fraîcheur, accès à l’eau potable gratuite pour les sans-abris, soutien aux plus vulnérables, soutien psychologique aux victimes d’inondations etc.)."
PS_2024,PS_2024_175,EURO,2024,PS,"92 En créant un régime européen de catastrophe naturelle, en lançant une stratégie européenne d’adaptation de l’habitat pour accompagner les citoyens dont le logement est menacé, par exemple en France sur le trait de côté et sur les sols argileux dont les déformations menacent les fondations (12 millions de maisons)."
PS_2024,PS_2024_176,EURO,2024,PS,"93 En construisant des stratégies d’adaptation des filières économiques déstabilisées par le changement climatique, notamment dans le secteur agriculture."
PS_2024,PS_2024_177,EURO,2024,PS,"94 En créant un fonds européen d’adaptation au changement climatique pour financer la réparation et la reconstruction des territoires frappés par des crises et catastrophes de grandes dimensions, notamment dans les territoires d’outre-mer."
PS_2024,PS_2024_178,EURO,2024,PS,"Dans les projets de réparation, réaliser des retours d’expériences des crises passées et intégrer les projections climatiques futures afin de ne réparer à l’identique qu’en l’absence de meilleures alternatives."
PS_2024,PS_2024_179,EURO,2024,PS,Lancer l’Europe de l’eau.
PS_2024,PS_2024_180,EURO,2024,PS,"95 En promouvant une gestion publique de l’eau pour la protéger des intérêts privés et de la spéculation, à travers une maîtrise publique des infrastructures clés (barrages, canaux, réseaux de distribution…)."
PS_2024,PS_2024_181,EURO,2024,PS,"96 En investissant massivement pour moderniser les infrastructures hydrauliques et assurer la distribution équitable de l’eau, en particulier dans les régions et départements d’outre-mer les plus touchés par la crise."
PS_2024,PS_2024_182,EURO,2024,PS,"97 En planifiant et répartissant les usages - dans l’agriculture, la consommation courante, l’industrie, la production énergétique - et en s’opposant aux méga-bassines, qui sont un exemple de l’accaparement de la ressource."
PS_2024,PS_2024_183,EURO,2024,PS,"A ces réserves démesurées nous préférons, par exemple, les petites retenues collinaires gérées collectivement en adéquation avec tous les usages."
PS_2024,PS_2024_184,EURO,2024,PS,98 En investissant dans la Recherche et l’Innovation afin de développer de nouvelles méthodes et de nouvelles technologies de purification avancée et des systèmes de recyclage afin d’optimiser le cycle de l’eau.
PS_2024,PS_2024_185,EURO,2024,PS,"99 En imposant des standards élevés pour le traitement et la réutilisation de l’eau, en garantissant que l’eau utilisée dans l’industrie soit purifiée et ré-utilisée efficacement."
PS_2024,PS_2024_186,EURO,2024,PS,"100 En soutenant la décentralisation de la gestion de l’eau, et en lançant des projets de territoire concertés avec les usagers pour rétablir l’équilibre de l’eau localement et réduire notre vulnérabilité aux sécheresses, inondations, mouvements de terrain… 2 - BÂTIR UNE EUROPE POUR LA BIODIVERSITÉ."
PS_2024,PS_2024_187,EURO,2024,PS,Protéger la nature et les écosystèmes.
PS_2024,PS_2024_188,EURO,2024,PS,"101 En nous appuyant sur les recommandations scientifiques de l’IPBES — l’équivalent du « GIEC » pour la biodiversité — ainsi que celles de l’UICN (l’Union internationale pour la conservation de la nature) pour écrire nos lois, et en faisant de l’impact sur la biodiversité et le vivant un critère essentiel de validation des politiques publiques."
PS_2024,PS_2024_189,EURO,2024,PS,102 En rendant les sanctions contre les crimes d’écocide réellement dissuasives.
PS_2024,PS_2024_190,EURO,2024,PS,103 En engageant l’UE à atteindre l’objectif « 30×30 » (protéger 30 % des espaces terrestres et 30% des espaces maritimes de l’UE d’ici à 2030).
PS_2024,PS_2024_191,EURO,2024,PS,"L’objectif européen de protection fixé dans le cadre de la Stratégie européenne en faveur de la biodiversité doit avoir une traduction législative, budgétaire, et proposer des outils d’accompagnement dans les territoires et des activités dont les modèles doivent évoluer, dont la mise en place d’un fond européen pour la biodiversité."
PS_2024,PS_2024_192,EURO,2024,PS,"104 En réhabilitant les milieux naturels dégradés, notamment les zones humides, les forêts et les mangroves, en prenant en compte la spécificité des îles et des régions d’outre-mer, et en veillant à la mise en oeuvre de la loi sur la restauration de la nature et à l’application par tous les États membres des plans nationaux de restauration, en intégrant au sein de cette démarche la lutte pour la dépollution des sols et des milieux."
PS_2024,PS_2024_193,EURO,2024,PS,"En développant un cadre de référence commun et de coopération des politiques pour lutter contre l’artificialisation des terres, à mener de façon cohérente au niveau européen."
PS_2024,PS_2024_194,EURO,2024,PS,En faisant de la sylviculture une filière stratégique et en renforçant l’équilibre multifonctionnel des forêts et en veillant à la mise en oeuvre rapide du Règlement européen contre la déforestation et la dégradation des forêts.
PS_2024,PS_2024_195,EURO,2024,PS,Protéger les océans et les mers par un « Pacte Bleu ».
PS_2024,PS_2024_196,EURO,2024,PS,En adoptant au niveau européen une directive cadre européenne pour la mer pour asurer la protection des océans et le développement durable des activités en mer.
PS_2024,PS_2024_197,EURO,2024,PS,"En créant de véritables aires marines protégées en Europe, dont des zones de protection stricte, en y interdisant les méthodes de pêche destructrices."
PS_2024,PS_2024_198,EURO,2024,PS,"En orientant les subventions publiques, qui encouragent aujourd’hui essentiellement la pêche industrielle et destructrice, vers la transition sociale et écologique du secteur de la pêche."
PS_2024,PS_2024_199,EURO,2024,PS,"En construisant une pêche durable, tant du point de vue de la préservation de la ressource halieutique que de la pérennité des emplois, de l’amélioration des conditions de travail et de sécurité à bord des navires, en favorisant les méthodes les moins nocives pour l’environnement, qui sont aussi les plus pourvoyeuses d’emplois."
PS_2024,PS_2024_200,EURO,2024,PS,En protégeant nos pêcheurs artisans grâce à l’exclusion des méga chalutiers de nos eaux côtières.
PS_2024,PS_2024_201,EURO,2024,PS,En promouvant des accords de pêche internationaux équilibrés et respectueux des écosystèmes.
PS_2024,PS_2024_202,EURO,2024,PS,"En luttant contre le pillage des eaux lointaines, en particulier africaines."
PS_2024,PS_2024_203,EURO,2024,PS,En doublant le financement des actions sur le réseau Natura 2000 et celui des programmes LIFE.
PS_2024,PS_2024_204,EURO,2024,PS,En inscrivant en droit européen de la pêche un principe de réciprocité selon lequel seuls les navires étrangers obéissant aux mêmes exigences que celles imposées aux navires européens (y compris les exigences en matière de réglementation des engins de pêche) pourront pêcher dans ls eaux EU.
PS_2024,PS_2024_205,EURO,2024,PS,En adoptant un moratoire international sur l’exploitation minière dans les eaux profondes.
PS_2024,PS_2024_206,EURO,2024,PS,En protégeant les écosystèmes des pôles par l’interdiction de toute activité extractive et un encadrement strict des autres activités économiques.
PS_2024,PS_2024_207,EURO,2024,PS,En luttant contre la pollution plastique et en mettant en place un système efficace de surveillance sur l’ensemble du cycle de vie des produits en plastique.
PS_2024,PS_2024_208,EURO,2024,PS,Lutter pour le bien-être animal.
PS_2024,PS_2024_209,EURO,2024,PS,En encadrant davantage l’expérimentation animale et en développant l’utilisation de méthodes alternatives.
PS_2024,PS_2024_210,EURO,2024,PS,"En faisant pression sur la Commission européenne pour qu’elle publie la proposition de révision de la législation sur les conditions d’élevage, de transport et d’abattage des animaux dans l’UE et en créant un contexte institutionnel favorable à la condition animale : protection des lanceurs d’alerte, application de la législation relative au « bien être animal », création d’un droit de visite des parlementaires dans les lieux dans lesquels des animaux sont détenus à des fins commerciales, renforcement des contrôles."
PS_2024,PS_2024_211,EURO,2024,PS,"En luttant contre l’élevage intensif, notamment en abaissant les densités maximales dans les élevages et en oeuvrant à la disparition par étape de l’élevage en cage."
PS_2024,PS_2024_212,EURO,2024,PS,En interdisant les élevages des animaux à fourrure et les mutilations des animaux.
PS_2024,PS_2024_213,EURO,2024,PS,"En renforçant les contrôles dans les abattoirs, les élevages et les établissements où sont menées des expérimentations scientifiques sur les animaux."
PS_2024,PS_2024_214,EURO,2024,PS,En nous opposant au trafic d’espèces sauvages comme au commerce illégal d’animaux de compagnie et l’import/export de trophées de chasse d’espèces protégées.
PS_2024,PS_2024_215,EURO,2024,PS,En révisant la législation européenne sur le transport des animaux afin d’éviter les souffrances inutiles.
PS_2024,PS_2024_216,EURO,2024,PS,3 - CONSTRUIRE UNE EUROPE DU BIEN-ÊTRE.
PS_2024,PS_2024_217,EURO,2024,PS,Faire de la santé environnementale une priorité européenne.
PS_2024,PS_2024_218,EURO,2024,PS,"En éliminant les produits chimiques dangereux et les substances potentiellement dangereuses pour la santé et l’environnement dont les PFAS, dès lors que des informations crédibles sur leur dangerosité existent."
PS_2024,PS_2024_219,EURO,2024,PS,En interdisant l’usage des pesticides les plus néfastes - dont le glyphosate - et en veillant à l’effectivité de l’interdiction des néonicotinoïdes tueurs d’abeilles.
PS_2024,PS_2024_220,EURO,2024,PS,"En proposant une nouvelle législation pour la réduction de l’usage des pesticides construite avec toutes les parties prenantes, en développant la recherche sur les risques et alternatives, en accompagnant les changements de pratique et en finançant les surcoûts ou les pratiques vertueuses par les prix ou des soutiens publics."
PS_2024,PS_2024_221,EURO,2024,PS,En alignant les normes européennes sur la pollution de l’air avec celles préconisées par l’Organisation Mondiale de la Santé.
PS_2024,PS_2024_222,EURO,2024,PS,"En révisant le Règlement REACH (Enregistrement, Evaluation et Autorisation des Substances Chimiques) afin de protéger les citoyens européens des pesticides, des polluants éternels, des hydrocarbures aromatiques d’huile minérale (MOAH) ou encore des substances toxiques présentes dans nos vêtements."
PS_2024,PS_2024_223,EURO,2024,PS,"En renforçant l’indépendance des agences de sécurité sanitaire, en soutenant la recherche publique et la production de connaissances indépendantes."
PS_2024,PS_2024_224,EURO,2024,PS,4 - BÂTIR UNE EUROPE DE L’AGRICULTURE ET DE L’ALIMENTATION.
PS_2024,PS_2024_225,EURO,2024,PS,En transformant la Politique Agricole Commune (PAC) en une Politique Agricole et Alimentaire Commune (PAAC).
PS_2024,PS_2024_226,EURO,2024,PS,"En développant une approche globale de la chaîne alimentaire et des emplois qui y sont liés dans l’agriculture comme dans la transformation, en renforçant les interprofessions, en développant les programmes opérationnels dans chaque filière pour planifier la production, assurer la cohérence entre l’amont et l’aval, favoriser l’installation, innover, valoriser les produits, développer les circuits courts."
PS_2024,PS_2024_227,EURO,2024,PS,"En passant des aides à l’hectare aux aides à l’emploi agricole et à l’utilité écologique, en accompagnant les agriculteurs dans leur transition agroécologique et en favorisant ainsi l’agriculture familiale et le système de polyculture élevage."
PS_2024,PS_2024_228,EURO,2024,PS,Nous favoriserons l’installation d’une nouvelle génération de paysannes et de paysans.
PS_2024,PS_2024_229,EURO,2024,PS,En garantissant le revenu des agriculteurs via des prix planchers rémunérateurs et en sortant l’agriculture du libre-échange pour la protéger de la concurrence déloyale.
PS_2024,PS_2024_230,EURO,2024,PS,"En soutenant l’organisation collective des producteurs, dont les coopératives et les signes officiels de qualité, pour développer la coopération et l’entraide, l’innovation collective, et renforcer leur capacité de négociation et de défense de leurs intérêts face à l’industrie et la distribution."
PS_2024,PS_2024_231,EURO,2024,PS,En renforçant le soutien à l’agriculture biologique.
PS_2024,PS_2024_232,EURO,2024,PS,"Nous proposons de combiner des soutiens structurels : réaffirmation de l’objectif européen de 25% de bio en 2030, développement de l’innovation et de l’appui technique, reconnaissance renforcée des acteurs du bio et de la transformation, soutien à la conversion et au maintien dans l’agriculture biologique ; et des outils permettant de faire face à la crise actuelle : aide transitoire au revenu pour passer la crise et éviter les déconversions, campagne de promotion du bio, mobilisation de la grande distribution."
PS_2024,PS_2024_233,EURO,2024,PS,"En mettant en place en France, comme en Espagne, le plafonnement des aides à l’hectare de la PAC à 100 000€ pour dégager des ressources afin d’aider les petites exploitations, les éleveurs, l’installation des jeunes, la filière bio et soutenir les changements de pratiques vers l’agroécologie."
PS_2024,PS_2024_234,EURO,2024,PS,"En mettant en oeuvre des outils de régulation des marchés pour maîtriser les volumes, gérer les crises et les cycles (dont le stockage), lutter contre la spéculation et ainsi stabiliser les prix pour les producteurs et les consommateurs."
PS_2024,PS_2024_235,EURO,2024,PS,"En combinant le développement de nouvelles productions végétales pour assurer notre souveraineté alimentaire et accompagner un renforcement du végétal dans notre régime alimentaire et la défense d’un élevage moins intensif, plus durable et ancré dans les territoires."
PS_2024,PS_2024_236,EURO,2024,PS,"En effet, nous devons considérer l’élevage dans toutes ses dimensions : emplois, aménagement du territoire, services écosystémiques (prairies, haies,...), impacts sur le climat et la biodiversité."
PS_2024,PS_2024_237,EURO,2024,PS,En faisant de la commande publique dans la restauration hors domicile et les cantines scolaires un outil de reconquête de notre souveraineté agricole et de structuration de filières locales et régionales.
PS_2024,PS_2024_238,EURO,2024,PS,"En inscrivant dans la législation européenne concernant l’élevage et la pêche, le principe de réciprocité selon lequel les produits importés devront répondre aux normes européennes de production, y compris s’agissant des normes dites de « bien-être animal »."
PS_2024,PS_2024_239,EURO,2024,PS,CHAPITRE 3 POUR UNE EUROPE SOCIALE.
PS_2024,PS_2024_240,EURO,2024,PS,Nos sociétés européennes sont parmi les plus riches du monde.
PS_2024,PS_2024_241,EURO,2024,PS,"Il n’est pas tolérable qu’en leur sein, des familles n’arrivent pas à se chauffer l’hiver, des millions de jeunes fassent la queue aux banques alimentaires ou que nos paysans ne puissent pas vivre dignement de leur travail."
PS_2024,PS_2024_242,EURO,2024,PS,Notre projet européen est un projet de prospérité partagée.
PS_2024,PS_2024_243,EURO,2024,PS,"Nos démocraties ne tiendront pas sans justice et cohésion sociale, sans donner une place à chacune et à chacun."
PS_2024,PS_2024_244,EURO,2024,PS,La solidarité doit désormais être au coeur des politiques européennes.
PS_2024,PS_2024_245,EURO,2024,PS,"Nous allons redonner à l’Union les capacités d’agir concrètement pour améliorer la vie quotidienne des Européennes et des Européens, d’agir pour limiter le prix de l’énergie ou de l’alimentation et garantir l’accès à de meilleurs emplois mieux rémunérés, ainsi qu’au logement et aux soins."
PS_2024,PS_2024_246,EURO,2024,PS,Nous établirons de nouveaux droits pour les travailleurs et développerons de nouvelles solidarités entre les territoires.
PS_2024,PS_2024_247,EURO,2024,PS,Nous veillerons à ce que les droits sociaux soient au centre des politiques européennes par l’intégration du socle européen des droits sociaux dans les Traités.
PS_2024,PS_2024_248,EURO,2024,PS,1 - UNE EUROPE DU POUVOIR DE VIVRE.
PS_2024,PS_2024_249,EURO,2024,PS,"Rendre la transition écologique accessible à toutes et tous en proposant à chaque famille qui en a besoin une solution financière adaptée qui lui permette de : -Rrénover son logement. - S’équiper d’un système de chauffage fondé sur les énergies renouvelables (pompes à chaleur, solaire thermique etc.).  - Acquérir un véhicule électrique en excluant les véhicules lourds."
PS_2024,PS_2024_250,EURO,2024,PS,Les équipements concernés devront être d’origine européenne.
PS_2024,PS_2024_251,EURO,2024,PS,Stimuler une offre de logement abordable et durable.
PS_2024,PS_2024_252,EURO,2024,PS,En adoptant un plan d’investissement dans la rénovation des bâtiments et la construction de logements dans des villes confrontées à des besoins en logements de longues durée abordables et sociaux.
PS_2024,PS_2024_253,EURO,2024,PS,Le déficit annuel d’investissement dans le logement social et abordable dans l’UE est en effet estimé à plus de 50 milliards d‘euros.
PS_2024,PS_2024_254,EURO,2024,PS,En régulant les marchés immobiliers par des contrôles stricts sur les investissements spéculatifs ; par le financement des initiatives en faveur du logement social ; par une taxation plus juste des plus-values immobilières.
PS_2024,PS_2024_255,EURO,2024,PS,"En encadrant les locations de courtes durées, en harmonisant les réglementations européennes pour limiter les activités des plateformes telles qu’Airbnb, en imposant un enregistrement obligatoire et en fixant un plafond annuel de jours de location."
PS_2024,PS_2024_256,EURO,2024,PS,"En développant la cohabitation intergénérationnelle en Europe en soutenant les projets d‘habitats partagés intergénérationnels pour répondre à la pénurie de logement abordable pour les retraités, les familles, les jeunes travailleurs et les étudiants européens."
PS_2024,PS_2024_257,EURO,2024,PS,"En renforçant le modèle « logement d’abord » qui s’adresse aux personnes mal-logées et dépourvues de logement, afin qu’elles accèdent directement au logement autonome et pérenne, sans prérequis d’insertion, grâce un accompagnement adapté pour éliminer le sans-abrisme d’ici 2030."
PS_2024,PS_2024_258,EURO,2024,PS,"Faire baisser les factures d’énergie des ménages, des PME et des collectivités."
PS_2024,PS_2024_259,EURO,2024,PS,"Réformer le marché européen de l’électricité pour garantir, en France, des prix réglementés, stables et raisonnables proposés aux ménages, PME et collectivités locales, et capturer les rentes et les superprofits des producteurs."
PS_2024,PS_2024_260,EURO,2024,PS,"Rapprocher les prix de l’électricité des coûts réels du système électrique, pour les déconnecter de la volatilité des prix du gaz, en utilisant des outils comme les contrats à long terme et les contrats pour différence."
PS_2024,PS_2024_261,EURO,2024,PS,Réformer la fiscalité sur l’électricité pour stopper les augmentations de taxes sur l’électricité et garantir que l’électricité décarbonée soit toujours moins taxée que les énergies fossiles.
PS_2024,PS_2024_262,EURO,2024,PS,"Les gouvernements nationaux seront incités à revoir les taxes sur l’électricité, et nous demandons au gouvernement français de revenir sur la récente hausse de 10% sur l’électricité, pour renforcer le pouvoir d’achat des Françaises et des Français."
PS_2024,PS_2024_263,EURO,2024,PS,"Moderniser et étendre les infrastructures énergétiques utiles à la révolution énergétique, écologique et industrielle par le biais d’un plan européen d’investissement dans les énergies renouvelables, le réseau électrique et les technologies propres."
PS_2024,PS_2024_264,EURO,2024,PS,Porter une tarification sociale de l’énergie pour que les consommateurs les plus vulnérables la paient à hauteur de leurs moyens pour combattre la précarité énergétique.
PS_2024,PS_2024_265,EURO,2024,PS,"En introduisant un système de tarification progressive où les premiers kWh d’électricité consommée coûtent moins cher, permettant aux ménages les plus modestes de payer leur énergie à un tarif réduit."
PS_2024,PS_2024_266,EURO,2024,PS,Mettre en oeuvre une tarification sociale de l’eau.
PS_2024,PS_2024_267,EURO,2024,PS,En faisant payer moins cher les premiers mètres cube consommés pour répondre à la précarité hydrique qui frappe 20 % des Européens les moins aisés.
PS_2024,PS_2024_268,EURO,2024,PS,Faire l’Europe de la santé.
PS_2024,PS_2024_269,EURO,2024,PS,"En investissant massivement dans des équipements de proximité, et d’abord dans l’hôpital public, en particulier en milieu rural, dans les îles et dans les outremers, pour réduire les inégalités sociales et territoriales de santé en Europe et permettre à toutes et tous d’accéder aux meilleurs soins, et d’éviter, par la prévention, d’être malade."
PS_2024,PS_2024_270,EURO,2024,PS,"En veillant à la qualité des soins, à la formation et aux conditions de travail des personnels dans les établissements de santé en Europe."
PS_2024,PS_2024_271,EURO,2024,PS,"En renforçant les règles de santé au travail et en amplifiant les politiques de prévention, et en particulier les mesures de prévention des accidents au travail et des maladies professionnelles."
PS_2024,PS_2024_272,EURO,2024,PS,"En adoptant des mesures de santé environnementale afin de protéger la qualité de notre eau, de notre air, et ainsi préserver la santé des êtres humains."
PS_2024,PS_2024_273,EURO,2024,PS,"En prenant en considération les enjeux de santé dans les politiques d’urbanisme (pollution de l’air, eau, sols…) et en instaurant un « toxiscore », qui permet d’informer les consommateurs de la présence de produits nocifs dans la composition de produits ménagers, vêtements ou matériaux de construction."
PS_2024,PS_2024_274,EURO,2024,PS,"En prenant davantage en compte la problématique du vieillissement, en particulier dans l’accès au soin, le maintien à domicile."
PS_2024,PS_2024_275,EURO,2024,PS,"En assurant un accès universel à la santé mentale, sexuelle et reproductive."
PS_2024,PS_2024_276,EURO,2024,PS,En faisant de la santé mentale une priorité en Europe.
PS_2024,PS_2024_277,EURO,2024,PS,"Une Europe de l’alimentation de qualité, accessible à toutes et tous."
PS_2024,PS_2024_278,EURO,2024,PS,"Développer une approche cohérente de la production agricole et alimentaire, de la santé et du bien-être des consommateurs, de l’impact environnemental de l’alimentation En proposant une politique alimentaire qui met l’accent sur la valorisation de la diversité et l’équilibre dans les régimes alimentaires, la lutte contre la malbouffe et la diminution de la consommation de produits ultra-transformés, l’éducation nutritionnelle, l’information et le choix du consommateur, la dimension sociale et culturelle de l’alimentation et du repas pris en commun."
PS_2024,PS_2024_279,EURO,2024,PS,"En faisant de la restauration hors domicile et notamment des cantines scolaires des lieux de découverte des aliments dans leur diversité, des formations au goût et à la lutte contre le gaspillage alimentaire."
PS_2024,PS_2024_280,EURO,2024,PS,"En adoptant une directive sur les systèmes alimentaires durables qui : Instaure un étiquetage nutritionnel partout en Europe s’appuyant sur l’expérience du nutri-score, notamment pour lutter contre la malbouffe."
PS_2024,PS_2024_281,EURO,2024,PS,"S’attaque à la réduction des additifs et à l’amélioration de la qualité sanitaire et nutritionnelle des aliments, en rendant l’étiquetage des additifs plus transparent et en contraignant les industriels à réduire le nombre d’additifs dans les produits alimentaires, Développe une approche globale de l’impact environnemental de l’alimentation et pas seulement de l’agriculture."
PS_2024,PS_2024_282,EURO,2024,PS,Lance un plan de lutte renforcé contre le gaspillage alimentaire.
PS_2024,PS_2024_283,EURO,2024,PS,Créer un cadre européen pour généraliser des projets alimentaires de territoire.
PS_2024,PS_2024_284,EURO,2024,PS,Lutter contre l’inflation alimentaire.
PS_2024,PS_2024_285,EURO,2024,PS,En assurant la souveraineté alimentaire et la régulation des marchés agricoles afin de contribuer à la stabilité des prix. (cf.
PS_2024,PS_2024_286,EURO,2024,PS,Chapitre 1 - notes 38 à 49).
PS_2024,PS_2024_287,EURO,2024,PS,En garantissant la transparence des prix et en encadrant les prix fixés par l’industrie agroalimentaire.
PS_2024,PS_2024_288,EURO,2024,PS,"En créant une autorité européenne de contrôle des prix alimentaires : pour surveiller et contrôler les pratiques de prix dans l’industrie agroalimentaire, pour renforçer la directive sur les pratiques commerciales déloyales, pour interdire les ventes à perte."
PS_2024,PS_2024_289,EURO,2024,PS,Lutter contre la précarité alimentaire.
PS_2024,PS_2024_290,EURO,2024,PS,En augmentant les moyens du programme d’aide alimentaire aux plus démunis pour répondre à l’augmentation sans précédent de la précarité alimentaire.
PS_2024,PS_2024_291,EURO,2024,PS,En soutenant les associations et les collectivités locales pour assurer un accompagnement social et une éducation nutritionnelle en complément de la distribution de l’aide alimentaire.
PS_2024,PS_2024_292,EURO,2024,PS,En favorisant une tarification sociale dans les cantines pour garantir l’accès des enfants à un moins un repas équilibré par jour.
PS_2024,PS_2024_293,EURO,2024,PS,En lançant au niveau européen une initiative « territoire zéro faim » pour construire localement des programmes intégrés de lutte contre la précarité alimentaire et partenariat avec le commerce et les producteurs locaux.
PS_2024,PS_2024_294,EURO,2024,PS,En finançant un travail de recherche et d’expérimentation autour du concept de « sécurité sociale de l’alimentation ».
PS_2024,PS_2024_295,EURO,2024,PS,2 - UNE EUROPE QUI DÉFEND LES TRAVAILLEURS.
PS_2024,PS_2024_296,EURO,2024,PS,"Réaliser l’égalité salariale entre les femmes et les hommes en sanctionnant financièrement les entreprises qui ne respectent pas le principe : « à travail égal, salaire égal »."
PS_2024,PS_2024_297,EURO,2024,PS,"Mettre la justice salariale au coeur de notre action en interdisant les écarts de salaires supérieurs à 20 dans une même entreprise, comme le propose la Confédération européenne des syndicats."
PS_2024,PS_2024_298,EURO,2024,PS,Lutter contre le dumping social.
PS_2024,PS_2024_299,EURO,2024,PS,En faisant converger vers le haut les droits sociaux des 27 États membres afin de tendre vers leur harmonisation.
PS_2024,PS_2024_300,EURO,2024,PS,En dotant l’autorité européenne du travail d’un pouvoir d’enquête et de sanction.
PS_2024,PS_2024_301,EURO,2024,PS,En améliorant l’encadrement du travail détaché.
PS_2024,PS_2024_302,EURO,2024,PS,En établissant un numéro européen de sécurité sociale.
PS_2024,PS_2024_303,EURO,2024,PS,Mettre en oeuvre la directive européenne sur les travailleurs des plateformes en garantissant la présomption de salariat qui leur donnera accès à un haut niveau de protection sociale.
PS_2024,PS_2024_304,EURO,2024,PS,"Favoriser le partage du pouvoir dans l’entreprise en facilitant la généralisation de la présence de représentants élus des salariés dans les conseils d’administration et de surveillance et renforcer la démocratie au travail par une directive sur les droits des travailleurs à l’information, la consultation et la participation."
PS_2024,PS_2024_305,EURO,2024,PS,"Obtenir le respect des droits syndicaux et à la négociation collective à travers l’UE en rendant les consultations syndicales obligatoires, et exiger au moins 80% de couverture de convention collective d’ici 2030."
PS_2024,PS_2024_306,EURO,2024,PS,"Introduire un cadre légal qui garantisse des relations commerciales loyales entre entreprises donneurs d’ordres et co-traitants ou sous-traitants, et instaure des règles claires de responsabilité conjointe tout au long de la chaîne de valeur - dans l’esprit de la directive sur le devoir de vigilance des entreprises."
PS_2024,PS_2024_307,EURO,2024,PS,"Introduire une conditionnalité sociale forte dans toutes les dépenses et subventions publiques, y compris la révision des directives sur les marchés publics, pour garantir le respect du droit du travail, des droits syndicaux et des droits sociaux des travailleurs."
PS_2024,PS_2024_308,EURO,2024,PS,Favoriser le développement de l’économie sociale et solidaire au niveau européen en étendant les programmes de financement des entreprises sociales et en facilitant l’accès des entreprises sociales aux financements européens.
PS_2024,PS_2024_309,EURO,2024,PS,Créer un « bouclier emploi ».
PS_2024,PS_2024_310,EURO,2024,PS,"En généralisant le principe du « former plutôt que licencier » pour garantir la reconversion des salariés, en soutenant les systèmes nationaux d’assurance chômage."
PS_2024,PS_2024_311,EURO,2024,PS,En établissant une garantie européenne pour l’emploi pour les chômeurs de longue durée.
PS_2024,PS_2024_312,EURO,2024,PS,"Elle s’appuiera, dans un premier temps sur l’accompagnement et le soutien financier (via un fonds de 150 millions d’euros par an comme demandé par le Comité européen des régions) des initiatives de garantie locale de l’emploi existantes de type « Territoires Zéro Chômeur de Longue Durée »."
PS_2024,PS_2024_313,EURO,2024,PS,"En accompagnant la reconversion des travailleurs, notamment ceux affectés par les changements liés à la transition écologique et à la mise en place du Pacte Vert, par la mobilisation du Fonds social européen (FSE+), du Fonds européen d’ajustement à la mondialisation (FEM) et par l’augmentation du Fonds de transition juste (FTJ) et son élargissement."
PS_2024,PS_2024_314,EURO,2024,PS,"En garantissant le droit à la formation tout au long de la vie, sans perte de salaire, des travailleurs des industries confrontées à des mutations écologiques et numériques."
PS_2024,PS_2024_315,EURO,2024,PS,"En pérennisant, pour les périodes de crise, le mécanisme SURE qui a permis aux pays les plus fragiles de sauver de nombreux emplois pendant le Covid en finançant les dispositifs de temps partiels et en mettant en place un système européen de réassurance chômage pour soutenir les systèmes nationaux."
PS_2024,PS_2024_316,EURO,2024,PS,Améliorer les conditions de travail.
PS_2024,PS_2024_317,EURO,2024,PS,"En adoptant une législation européenne sur le bien-être au travail et la prévention des risques psychosociaux, en reconnaissant les maladies professionnelles qui en découlent (burnout, dépression, etc.)."
PS_2024,PS_2024_318,EURO,2024,PS,"En régulant les nouvelles formes de travail, dont le télétravail, et en assurant le droit à la déconnexion pour les salariés."
PS_2024,PS_2024_319,EURO,2024,PS,"En assurant la protection des droits sociaux et fondamentaux des travailleurs par une directive sur l’utilisation de l’IA et des nouveaux outils numériques dans le monde du travail (mode de recrutement, surveillance et contrôle, etc.)."
PS_2024,PS_2024_320,EURO,2024,PS,"En adoptant une stratégie européenne du « Zéro mort au travail », en luttant contre les accidents du travail et les maladies professionnelles, et en améliorant et étendant la législation européenne en matière de santé et de sécurité au travail."
PS_2024,PS_2024_321,EURO,2024,PS,"En favorisant davantage l’équilibre vie professionnelle et vie personnelle avec la réduction du temps de travail et les expérimentations de la semaine de quatre jours, idée soutenue par le Commissaire socialiste Nicolas Schmit et déjà testée avec succès un peu partout en Europe."
PS_2024,PS_2024_322,EURO,2024,PS,"En lançant, dès le début de la mandature, un programme de soutien à ces expérimentations et en confiant au dialogue social européen la responsabilité de faire des propositions sur ce thème."
PS_2024,PS_2024_323,EURO,2024,PS,En veillant à ce que la semaine de 4 jours ne se traduise pas par une intensification du travail mais bien par une amélioration de la qualité du travail et de la vie personnelle.
PS_2024,PS_2024_324,EURO,2024,PS,"3 - UNE EUROPE DE LA SOLIDARITÉ, DE L’INCLUSION SOCIALE ET DE LA COHÉSION TERRITORIALE."
PS_2024,PS_2024_325,EURO,2024,PS,Faire la solidarité européenne.
PS_2024,PS_2024_326,EURO,2024,PS,"Soutenir davantage les actions et projets visant à une amélioration des conditions de vie des personnes les plus vulnérables, en doublant le budget du Fond Social Européen."
PS_2024,PS_2024_327,EURO,2024,PS,"Instaurer une directive européenne pour l’établissement d’un revenu minimum au niveau européen afin que soit garanti à chaque Européenne et Européen, un revenu adéquat pour vivre dans la dignité à tous les stades de sa vie, comme le prévoit le principe 14 du Socle européen des droits sociaux."
PS_2024,PS_2024_328,EURO,2024,PS,Cette directive s’appuiera sur la Recommandation portée par Nicolas Schmit et déjà adoptée en 2023.
PS_2024,PS_2024_329,EURO,2024,PS,Le revenu minimum européen devra être fondé sur les principes de l’individualisation des droits et de la non-discrimination dans l’accès.
PS_2024,PS_2024_330,EURO,2024,PS,"Éradiquer la pauvreté des enfants en doublant le budget de la garantie européenne pour l’enfance afin qu’il atteigne a minima 20 milliards d’euros, et prenne en compte la spécificité des enfants en situation de handicap."
PS_2024,PS_2024_331,EURO,2024,PS,Désenclaver les territoires.
PS_2024,PS_2024_332,EURO,2024,PS,En affirmant la politique de cohésion comme pilier du développement économique de l’UE.
PS_2024,PS_2024_333,EURO,2024,PS,En simplifiant les demandes de subventions.
PS_2024,PS_2024_334,EURO,2024,PS,"En développant une politique industrielle dans tous les territoires En renforçant le soutien aux reconversions professionnelles des populations les plus vulnérables dans le cadre de la transition écologique, dans les territoires les plus carbonés, en augmentant les montants alloués au Fond de Transition Juste."
PS_2024,PS_2024_335,EURO,2024,PS,"Apporter des solutions adaptées aux territoires en décrochage en finançant 100 % des projets qui touchent aux services publics de base : construction ou rénovation de logements sociaux, écoles, installation de professionnels de santé en ruralité."
PS_2024,PS_2024_336,EURO,2024,PS,"Faire du principe « ne pas nuire à la cohésion », introduit par la Commission dans son rapport sur la cohésion de 2022, une matrice de l’action communautaire : aucun acte législatif ne doit nuire à l’objectif de convergence inscrit dans les traités (art."
PS_2024,PS_2024_337,EURO,2024,PS,174 TFUE).
PS_2024,PS_2024_338,EURO,2024,PS,"Créer un « bouclier rural » permettant de réaffirmer les principes républicains d’égalité territoriale et de proximité, permettant de financer, en investissement et en fonctionnement, des projets d’installation ou de maintien des services publics (notamment pour l’accès à la santé)."
PS_2024,PS_2024_339,EURO,2024,PS,"Accompagner l’innovation en milieu rural en soutenant le renforcement des services à la personne, en lien avec le vieillissement de la population."
PS_2024,PS_2024_340,EURO,2024,PS,Lutter contre la fracture numérique en imposant que tout investissement privé dans le numérique s’accompagne de financements pour renforcer les infrastructures et services numériques dans les territoires ruraux.
PS_2024,PS_2024_341,EURO,2024,PS,"Développer le soutien européen aux régions ultrapériphériques et prendre davantage en compte leurs spécificités économiques, d’aménagement, environnementales et sociales dans toutes les politiques de l’Union en augmentant les financements et en adaptant les critères d’allocation des Fonds de cohésion européens aux spécificités de ces territoires, en revitalisant le Programme d’options spécifiques à l’éloignement et à l’insularité (POSEI), reconnaissant ainsi leurs difficultés liées à l’isolement, aux conditions climatiques, ou à leurs structures économiques."
PS_2024,PS_2024_342,EURO,2024,PS,"Faciliter les échanges entre les territoires ultramarins de l’UE en termes de commerce, de transports, de culture et de tourisme."
PS_2024,PS_2024_343,EURO,2024,PS,Disposer au niveau européen de deux fonds distincts et correctement dotés : un fonds d’urgence destiné à la gestion de crise et un fonds d’adaptation au changement climatique pour réparer les dégâts causés par les phénomènes climatiques extrêmes et accompagner les adaptations et mesures de prévention dans les territoires les plus vulnérables (pour lesquels la mobilisation de la politique de cohésion est insuffisante).
PS_2024,PS_2024_344,EURO,2024,PS,"Renforcer la protection et la sécurité civile : en préservant le système mixte de sécurité civile, en harmonisant les formations et la doctrine opérationnelle via la construction d’une Stratégie Européenne de Résilience (SER), en proposant un programme d’échange européen de la protection civile, et en développant le dispositif RescUE auquel il faut ajouter une nouvelle réserve de sécurité civile européenne."
PS_2024,PS_2024_345,EURO,2024,PS,"Améliorer la politique du tourisme européen en mettant en valeur les territoires et les bonnes pratiques de tourisme durable, de soutien au patrimoine et à la culture locale, de gestion des sites touristiques… Créer un programme pluriannuel européen de lutte contre le surtourisme, en identifiant et accompagnant les territoires le subissant, en permettant notamment d’investir dans des alternatives touristiques écologiquement responsables et d’encourager les bonnes pratiques pour soulager les sites surfréquentés."
PS_2024,PS_2024_346,EURO,2024,PS,Le combat pour les droits sociaux continue la longue lutte pour les droits humains qui a structuré les démocraties européennes.
PS_2024,PS_2024_347,EURO,2024,PS,Le primat trop longtemps accordé aux seules libertés économiques dans les institutions européennes a fragilisé le projet d’une Europe démocratique.
PS_2024,PS_2024_348,EURO,2024,PS,"L’Union européenne, si elle veut conserver sa signification et sa raison d’être, doit trouver son véritable centre de gravité, ou mieux encore sa force propulsive, dans l’élargissement de sa mise en oeuvre des droits humains fondamentaux qui sont à la base même de son projet."
PS_2024,PS_2024_349,EURO,2024,PS,La quête d’égalité commence par l’égalité entre femmes et hommes.
PS_2024,PS_2024_350,EURO,2024,PS,Nous bâtirons une Europe féministe.
PS_2024,PS_2024_351,EURO,2024,PS,"Alors que le gouvernement français a mobilisé tant d’efforts pour détricoter la directive européenne sur les violences faites aux femmes, nous y réintroduirons la définition européenne du viol qu’Emmanuel Macron a fait supprimer."
PS_2024,PS_2024_352,EURO,2024,PS,"Nous adopterons la clause de l’européenne la plus favorisée qui garantira à chaque femme européenne les droits les plus protecteurs qui existent dans l’Union, pour que toutes les Européennes puissent bénéficier de la politique de lutte contre les violences faites aux femmes menée en Espagne ou de la politique d’égalité salariale menée en Scandinavie."
PS_2024,PS_2024_353,EURO,2024,PS,Nous défendrons sans relâche l’inscription du droit à l’IVG dans la Charte européenne des droits fondamentaux.
PS_2024,PS_2024_354,EURO,2024,PS,Nous mènerons sans relâche la bataille contre la vague d’extrême-droite qui submerge notre continent.
PS_2024,PS_2024_355,EURO,2024,PS,"Nous ferons vivre nos sociétés ouvertes en investissant dans la culture, l’éducation, le sport et le dialogue social, piliers de nos démocraties européennes."
PS_2024,PS_2024_356,EURO,2024,PS,"La puissance européenne sera une puissance humaniste, défendant les droits humains du Karabagh à Gaza et refusant de considérer le droit international comme étant à géométrie variable."
PS_2024,PS_2024_357,EURO,2024,PS,CHAPITRE 4 UNE EUROPE HUMANISTE POUR ET JUSTE.
PS_2024,PS_2024_358,EURO,2024,PS,1 - DÉFENDRE L’ÉTAT DE DROIT.
PS_2024,PS_2024_359,EURO,2024,PS,En conditionnant strictement les fonds européens au respect de l’État de droit et en simplifiant la saisine de la Cour de Justice de l’Union européenne afin de permettre aux citoyens d’introduire des recours directement contre les États membres qui ne respectent pas l’État de droit.
PS_2024,PS_2024_360,EURO,2024,PS,"En créant un « défenseur des droits » élu par le Parlement européen, ayant un rôle de vigie quant aux violations des droits, incluant le respect des droits sociaux ainsi qu’une délégation spéciale pour la jeunesse et la protection de l’enfance 2 - UNE EUROPE FÉMINISTE."
PS_2024,PS_2024_361,EURO,2024,PS,En garantissant à chaque femme européenne les droits les plus protecteurs de l’UE en mettant en place la « clause de l’Européenne la plus favorisée » qui permettra d’harmoniser par le haut les droits de femmes de manière contraignante.
PS_2024,PS_2024_362,EURO,2024,PS,"C’est-à-dire mettre un terme aux inégalités entre les Européennes elles-mêmes, en systématisant pour toutes la jouissance des meilleures législations existantes : la durée des congés parentaux en Espagne ou l’égalité salariale dans les pays scandinaves par exemple."
PS_2024,PS_2024_363,EURO,2024,PS,En inscrivant le droit à l’IVG et à la contraception dans la Charte des droits fondamentaux afin d’empêcher l’offensive des gouvernements conservateurs contre ce droit inaliénable des femmes à disposer librement de leur corps et de protéger toutes les Européennes contre ces remises en cause de leur droit comme nous avons su le faire en France en inscrivant le droit à l’IVG dans la Constitution.
PS_2024,PS_2024_364,EURO,2024,PS,"Lutter contre les inégalités d’accès et les risques en promouvant un accès sans danger, libre et gratuit à l’IVG et à la contraception partout en Europe."
PS_2024,PS_2024_365,EURO,2024,PS,Développer un système de surveillance efficace afin d’empêcher tout financement de la part de l’Union européenne à destination d’actions favorisant les mouvements anti-choix.
PS_2024,PS_2024_366,EURO,2024,PS,"En faisant adopter une définition commune du viol à l’échelle européenne, fondée sur l’absence de consentement et harmoniser par le haut les sanctions pénales pour les auteurs."
PS_2024,PS_2024_367,EURO,2024,PS,"En prévenant et combattant toutes les formes de violences sexuelles et sexistes, et En faisant pression pour que tous les États membres de l’UE ratifient et mettent pleinement en oeuvre la Convention d’Istanbul, En mettant en place et en appliquant des politiques européennes efficaces en la matière, incluant la directive sur la lutte contre la violence à l’égard des femmes et la violence intrafamiliale, En élaborant des stratégies pour promouvoir une éducation complète à la sexualité qui remette en question les normes de genre néfastes, encourage le développement de relations respectueuses et combat les stéréotypes sexistes En garantissant l’accès à des services de soutien indispensables pour les victimes de violences sexuelles, y compris les services de santé sexuelle et reproductive."
PS_2024,PS_2024_368,EURO,2024,PS,"En renforçant les ressources des organisations féministes et les financements des services publics de santé sexuelle et reproductive, d’accès aux soins et d’accompagnement des victimes de violences sexuelles et sexistes."
PS_2024,PS_2024_369,EURO,2024,PS,"Décupler les ressources financières et humaines allouées aux autorités et institutions, notamment judiciaires, pour la mise en oeuvre de mesures de protection des femmes victimes de violences conjugales et domestiques."
PS_2024,PS_2024_370,EURO,2024,PS,Harmoniser les bonnes pratiques au niveau européen.
PS_2024,PS_2024_371,EURO,2024,PS,"En soutenant les initiatives féministes à travers le monde afin de promouvoir l’égalité de genre et l’autonomisation des femmes à l’échelle mondiale grâce à la création d’un fonds européen dédié au soutien financier et technique des organisations féministes dans les pays partenaires, à l’instar du Fond de Soutien aux Organisations Féministes français."
PS_2024,PS_2024_372,EURO,2024,PS,En faisant de la santé des Européennes une priorité : en reconnaissant davantage les maladies féminines telles que l’endométriose ou le cancer du sein et orienter la recherche médicale.
PS_2024,PS_2024_373,EURO,2024,PS,En prenant en considération la situation spécifique des femmes et des filles en situation de handicap dans toutes les politiques pertinentes de l’UE.
PS_2024,PS_2024_374,EURO,2024,PS,3 - UNE EUROPE DE L’ÉGALITÉ.
PS_2024,PS_2024_375,EURO,2024,PS,Renforcer les droits des personnes en situation de handicap.
PS_2024,PS_2024_376,EURO,2024,PS,"Protéger et élargir les droits des personnes en situation de handicap en mettant en oeuvre la carte européenne du handicap, récemment adoptée, et en lui donnant plus d’ambition avec l’intégration de la portabilité des droits."
PS_2024,PS_2024_377,EURO,2024,PS,"Doter la « stratégie européenne en faveur des droits des personnes handicapées » de réels moyens, et évaluer les politiques de handicap de l’UE afin de s’assurer de leur conformité avec la Convention des Nations Unies relative aux droits des personnes handicapées."
PS_2024,PS_2024_378,EURO,2024,PS,Mettre en place une garantie européenne pour l’emploi et les compétences des personnes en situation de handicap.
PS_2024,PS_2024_379,EURO,2024,PS,"Garantir l’accessibilité universelle des personnes handicapées aux transports, bâtiments, numérique, logements… Mieux protéger les droits des personnes LGBTQI+ en Europe et dans le monde."
PS_2024,PS_2024_380,EURO,2024,PS,En adoptant le règlement sur la reconnaissance de la filiation et les unions-mariages d’un État membre à un autre afin de garantir la libre circulation des couples et des familles.
PS_2024,PS_2024_381,EURO,2024,PS,En facilitant la convergence par les haut des législations sur la PMA et en garantissant l’établissement de la filiation pour l’ensemble des situations familiales.
PS_2024,PS_2024_382,EURO,2024,PS,En veillant à l’application d’une législation pour l’harmonisation pénale des sanctions.
PS_2024,PS_2024_383,EURO,2024,PS,En adoptant la directive anti-discrimination.
PS_2024,PS_2024_384,EURO,2024,PS,En ajoutant les crimes et discours de haine à la liste des infractions de l’UE.
PS_2024,PS_2024_385,EURO,2024,PS,En interdisant les pratiques de conversion en Europe et en promouvant l’initiative citoyenne européenne à ce sujet.
PS_2024,PS_2024_386,EURO,2024,PS,En soutenant la dépénalisation de l’homosexualité à travers le monde via un soutien accru aux organisations locales et l’application des instruments de l’UE pour la protection des droits humains.
PS_2024,PS_2024_387,EURO,2024,PS,En soutenant des campagnes européennes contre les LGBTQIphobies.
PS_2024,PS_2024_388,EURO,2024,PS,4 - UNE EUROPE DE L’HOSPITALITÉ.
PS_2024,PS_2024_389,EURO,2024,PS,En relançant les opérations de sauvetage en Méditerranée et en mobilisant des moyens européens pour venir au secours effectif des personnes exilées en danger au nom du « devoir de sauver ».
PS_2024,PS_2024_390,EURO,2024,PS,"En harmonisant les procédures d’asile, d’examen et d’attribution du statut de réfugié conformément aux critères de la Convention de Genève, via la création d’un espace européen de protection des demandeurs d’asile, permettant d’adopter des normes communes exigeantes en la matière."
PS_2024,PS_2024_391,EURO,2024,PS,"En développant les compétences de l’Agence européenne pour l’asile pour qu’elle assure une meilleure gestion des demandes, tout en réformant en profondeur la gouvernance de Frontex afin de mieux lutter contre les réseaux de passeurs et de sanctionner les refoulements illégaux."
PS_2024,PS_2024_392,EURO,2024,PS,"En mettant fin à l’externalisation de nos politiques migratoires et aux accords avec des États tiers leur déléguant la gestion et le contrôle de nos politiques migratoires, nous rendant vulnérables envers ces États tout en nous rendant complices des violations des droits humains y étant commises, ainsi qu’aux accords qui conditionnent l’aide au développement à la mise en place de mesures migratoires."
PS_2024,PS_2024_393,EURO,2024,PS,"En créant des voies légales et sécurisées de migration qui permettent l’accueil des personnes migrantes à des fins d’examen de leur demande au titre de l’asile, du travail, de la santé, du regroupement familial et des études."
PS_2024,PS_2024_394,EURO,2024,PS,En organisant des migrations pendulaires ainsi que des conditions de réadmission dans le cadre d’accords bilatéraux entre l’Europe et les pays d’origine des migrants.
PS_2024,PS_2024_395,EURO,2024,PS,En réaffirmant l’intangibilité du droit à la vie privée et familiale et du regroupement familial qui procède de la Convention européenne des droits de l’homme et de la Charte des Droits fondamentaux de l’UE.
PS_2024,PS_2024_396,EURO,2024,PS,"En établissant des normes uniformes d’accueil dans toute l’UE, garantissant les droits à la santé, au logement, à l’éducation et à l’emploi et permettant une intégration efficace."
PS_2024,PS_2024_397,EURO,2024,PS,En prenant mieux en compte les réfugiés climatiques par la définition d’un cadre juridique permettant de prendre en compte le climat dans l’octroi du statut de réfugié.
PS_2024,PS_2024_398,EURO,2024,PS,Nous sommes animés par la conviction que le citoyen ne peut être pleinement libre sans avoir accès au savoir et à la culture.
PS_2024,PS_2024_399,EURO,2024,PS,Nous reconnaissons le rôle fondamental des créations artistiques et culturelles dans la vie démocratique européenne et jugeons la généralisation de l’accès à ces créations consubstantielles à la promesse d’émancipation individuelle et collective.
PS_2024,PS_2024_400,EURO,2024,PS,"Nous sommes animés par la conviction, aussi, qu’il n’y a pas de progrès possible sans un investissement massif dans la recherche publique et l’innovation."
PS_2024,PS_2024_401,EURO,2024,PS,"Enfin, nous sommes animés par la conviction que l’avenir de l’Europe, c’est sa jeunesse."
PS_2024,PS_2024_402,EURO,2024,PS,"Nous ferons donc de l’Europe une puissance d’avenir en investissant dans la culture, la recherche, la jeunesse et le sport."
PS_2024,PS_2024_403,EURO,2024,PS,Et nous ferons de l’Europe une véritable puissance géopolitique qui pèse dans les affaires du monde pour défendre ses principes et ses intérêts.
PS_2024,PS_2024_404,EURO,2024,PS,CHAPITRE 5 UNE EUROPE PUISSANCE POUR D’AVENIR.
PS_2024,PS_2024_405,EURO,2024,PS,1 - L’EUROPE DE LA CULTURE.
PS_2024,PS_2024_406,EURO,2024,PS,Affirmer une réelle exception culturelle européenne pour protéger notre création.
PS_2024,PS_2024_407,EURO,2024,PS,"En doublant le budget européen de la culture alloué au programme «Europe Créative» pour qu’il atteigne 800 millionsd’euros par an, et en attribuant ainsi des aides financières aux acteurs culturels européens, indépendants et institutionnels."
PS_2024,PS_2024_408,EURO,2024,PS,En soutenant les réseaux d’acteurs culturels indépendants par le renforcement des solidarités entre acteurs culturels autour de projets communs.
PS_2024,PS_2024_409,EURO,2024,PS,En déployant une stratégie collective dotée de moyens crédibles pour faire rayonner la culture européenne dans le monde.
PS_2024,PS_2024_410,EURO,2024,PS,En protégeant les droits d’auteur.
PS_2024,PS_2024_411,EURO,2024,PS,"En créant un statut protecteur pour les « actifs culturels européens » afin de protéger le patrimoine matériel et immatériel culturel européen, et en étendant le principe d’obligation d’exploitation suivie des oeuvres au niveau européen, afin de renforcer la circulation des films et des séries."
PS_2024,PS_2024_412,EURO,2024,PS,Garantir aussi longtemps que nécessaire la pérennité du principe de territorialité des droits nécessaire au financement de la création cinématographique et audiovisuelle européenne.
PS_2024,PS_2024_413,EURO,2024,PS,Continuer à défendre l’exclusion de la culture de toute négociations d’accords de libre échange et soutenir toute gouvernance permettant de défendre et promouvoir le secteur culturel européen en dehors de l’Union européenne plutôt que de favoriser la concurrence intra-européenne.
PS_2024,PS_2024_414,EURO,2024,PS,Adapter les modalités de financement (avances sur projets européens par exemple) pour correspondre aux réalités de l’état de trésorerie des structures bénéficiant de crédits européens.
PS_2024,PS_2024_415,EURO,2024,PS,"Associer à la transition numérique de l’Union européenne une révolution démocratique, notamment via l’éducation au numérique pour tous, pour assurer la maîtrise des services numériques par l’ensemble des citoyens."
PS_2024,PS_2024_416,EURO,2024,PS,"Soutenir une politique ambitieuse d’« open data » (données publiques), améliorant le droit d’accès aux informations publiques des citoyens."
PS_2024,PS_2024_417,EURO,2024,PS,"Soutenir le multilinguisme, la diversité culturelle, la traduction des oeuvres, et les langues et cultures minoritaires - des îles, d’outre-mer ou des régions, et ratifier la Charte européenne des langues régionales et minoritaires."
PS_2024,PS_2024_418,EURO,2024,PS,2 - L’EUROPE DE L’INTELLIGENCE ARTIFICIELLE.
PS_2024,PS_2024_419,EURO,2024,PS,"Engager à l’échelle européenne une réflexion commune sur les intelligences artificielles dans le secteur culturel et artistique (protection du droit d’auteur, coût environnemental des intelligences artificielles, etc.)."
PS_2024,PS_2024_420,EURO,2024,PS,Assurer la protection des créateurs et ayants droit dans le marché européen de l’intelligence artificielle générative.
PS_2024,PS_2024_421,EURO,2024,PS,S’assurer qu’un contrôle humain et une approche non-discriminatoire sont appliqués à l’ensemble des services numériques faisant appel à l’intelligence artificielle – et en particulier l’intelligence artificielle générative.
PS_2024,PS_2024_422,EURO,2024,PS,"3 - L’EUROPE DE L’ENSEIGNEMENT SUPÉRIEUR, DE LA RECHERCHE ET DE L’INNOVATION."
PS_2024,PS_2024_423,EURO,2024,PS,Concrétiser l’Espace européen de l’éducation par une reconnaissance mutuelle des diplômes dans tous les domaines et par la mise en place d’un mécanisme européen de protection de la liberté académique.
PS_2024,PS_2024_424,EURO,2024,PS,Combler notre retard dans le domaine de la recherche et de l’innovation en Europe et rattraper l’avance de nos partenaires en doublant le budget du programme «Horizon Europe» pour atteindre 200 milliards d’euros dans le prochain cadre financier.
PS_2024,PS_2024_425,EURO,2024,PS,"Doubler les fonds dédiés au Conseil européen de la recherche et développer des infrastructures de recherche, afin de renforcer les investissements publics de l’Union européenne en recherche fondamentale."
PS_2024,PS_2024_426,EURO,2024,PS,"Investir davantage dans la qualité des infrastructures de recherche pour attirer les talents dans les domaines de recherche fondamentale stratégique (deeptech, technologies de rupture comme la quantique ou l’intelligence artificielle) Encourager la mobilité des chercheurs en renforçant les bourses attribuées aux jeunes scientifiques, et développer la recherche interdisciplinaire dans les programmes de recherche de l’Union européenne, entre autres sur les transitions et leurs impacts sur les modes de vie au sein de l’Union européenne."
PS_2024,PS_2024_427,EURO,2024,PS,"Créer un système de visas et de bourses destinées aux chercheuses et chercheurs du monde entier dont la liberté académique est menacée, notamment sur les questions écologiques, de genre, ou sur les thématiques sociales, et ainsi faire de l’Union européenne un havre de liberté scientifique."
PS_2024,PS_2024_428,EURO,2024,PS,4 - L’EUROPE DU SPORT.
PS_2024,PS_2024_429,EURO,2024,PS,"Reconnaître que le sport n’est pas une marchandise comme les autres en faisant adopter une « exception sportive », au même titre que « l’exception culturelle » Protéger les clubs (leur histoire, leur patrimoine, leur lien aux territoires…) des appétits de propriétaires (fonds de pension, États…) en généralisant le dispositif du « 50+1 », qui prévaut aujourd’hui en Allemagne, et qui interdit à un propriétaire privé de prendre la majorité du capital d’un club."
PS_2024,PS_2024_430,EURO,2024,PS,"Soutenir le sport amateur, par la mise en oeuvre d’une contribution d’au moins 2% appliquée sur tous les transferts dont le montant dépasse un plafond décidé par le Parlement européen."
PS_2024,PS_2024_431,EURO,2024,PS,Contribuer à la rénovation des stades et veiller à ce qu’elle permette le développement du parasport et du sport féminin.
PS_2024,PS_2024_432,EURO,2024,PS,"Faire reconnaître les supporters comme un acteur de la vie du sport par la création d’une instance européenne du supportérisme, sur le modèle de l’instance nationale du supportérisme, créée en France en 2016."
PS_2024,PS_2024_433,EURO,2024,PS,Reconnaître la pratique du e-sport et accompagner les collectivités locales dans l’organisation des rencontres et tournois étant proposés.
PS_2024,PS_2024_434,EURO,2024,PS,5 - L’EUROPE DE LA JEUNESSE.
PS_2024,PS_2024_435,EURO,2024,PS,Lutter contre la pauvreté et la précarité des jeunes.
PS_2024,PS_2024_436,EURO,2024,PS,"En mettant en place une Allocation d’autonomie pour tous les jeunes Européens de 15 à 25 ans, ni en emploi, ni en études ; ainsi qu’un accompagnement personnalisé et une formation afin d’améliorer leur insertion professionnelle, par l’extension du contrat d’engagement jeune."
PS_2024,PS_2024_437,EURO,2024,PS,En rendant obligatoire la rémunération juste des stages et des apprentissages pour que chaque jeune puisse bénéficier d’expériences professionnalisantes au cours de son parcours tout en étant dignement rémunéré pour son travail.
PS_2024,PS_2024_438,EURO,2024,PS,"Instaurer un Erasmus universel accessible à toutes et tous permettant à chaque jeune Européen de 16 à 25 ans de bénéficier d’une bourse pour la mobilité allant jusqu’à 10.000 euros annuel (en fonction de critères sociaux et territoriaux), pour mener des études, un apprentissage ou tout autre projet éducatif, professionnel ou associatif dans un autre pays européen que le sien."
PS_2024,PS_2024_439,EURO,2024,PS,"Adopter une stratégie européenne pour la santé mentale des jeunes incluant des programmes de financement pour la formation des enseignants et encadrants, des campagnes de prévention et pour l’accompagnement psychologique et social des jeunes."
PS_2024,PS_2024_440,EURO,2024,PS,"Réguler l’espace numérique et les réseaux sociaux pour lutter contre le cyberharcèlement, les pratiques abusives, la manipulation de l’information et les ingérences étrangères en ligne, assurer l’éducation aux médias et au numérique partout en Europe Créer une clause d’impact jeunesse qui impliquerait d’évaluer systématiquement l’impact des projets de loi et textes réglementaires sur les jeunes, pour améliorer leur prise en compte dans les politiques européennes 6 - L’EUROPE PUISSANCE GÉOPOLITIQUE."
PS_2024,PS_2024_441,EURO,2024,PS,"Étendre les capacités communes de la diplomatie européenne et notamment les représentations et les éventuelles coopérations de l’Union européenne avec les pays respectant les principes de démocratie et de transparence, et particulièrement ceux du voisinage européen."
PS_2024,PS_2024_442,EURO,2024,PS,"Développer les agendas « Femmes, Paix, Sécurité » et « Jeunes, Paix, Sécurité » au niveau de l’Union européenne pour soutenir une diplomatie féministe et inclusive ."
PS_2024,PS_2024_443,EURO,2024,PS,Construire un partenariat entre égaux avec l’Afrique et la Méditerranée pour créer ensemble un espace de co-développement.
PS_2024,PS_2024_444,EURO,2024,PS,"En renforçant la politique de voisinage européenne et les partenariats Union européenne- Afrique, notamment autour de projets communs autour de l’accès aux biens essentiels (santé, eau, énergie propre, éducation) et de projets culturels, éducatifs, et visant à la protection de l’environnement, le développement de la protection sociale."
PS_2024,PS_2024_445,EURO,2024,PS,"En soutenant le maintien de la stabilité, la protection des droits humains, le soutien à la société civile, et le renforcement des capacités des gouvernements et organisations locales pour les besoins essentiels des populations."
PS_2024,PS_2024_446,EURO,2024,PS,"En révisant en conséquence la stratégie de l’Union européenne pour la région du Sahel face aux bouleversements, aux insécurités et à la présence croissante de puissances étrangères (Russie)."
PS_2024,PS_2024_447,EURO,2024,PS,Assurer une meilleure protection de l’espace humanitaire et notamment des personnels humanitaires et du respect du Droit international humanitaire.
PS_2024,PS_2024_448,EURO,2024,PS,Défendre l’indépendance de l’aide humanitaire en luttant contre sa criminalisation et sa politisation.
PS_2024,PS_2024_449,EURO,2024,PS,"Augmenter le budget de la réserve de solidarité et d’aide d’urgence de l’Union européenne d’au moins 1 milliard d’euros, pour faire face aux crises mondiales croissantes."
PS_2024,PS_2024_450,EURO,2024,PS,"Exiger que l’ensemble des Etats membres de l’Union européenne atteignent l’objectif de 0,7% de leur PIB dédiés à l’aide publique au développement."
PS_2024,PS_2024_451,EURO,2024,PS,"Augmenter le soutien de l’Union européenne lié à l’adaptation aux impacts du dérèglement climatique à travers le monde, en privilégiant les dons (plutôt que les prêts), notamment dans le cadre du mécanisme « Pertes et dommages » adopté et concrétisé lors des COP 27 et 28."
PS_2024,PS_2024_452,EURO,2024,PS,"OEuvrer à un nouveau multilatéralisme qui prenne pleinement en compte l’essor de régions en développement, en proposant des politiques orientées vers une collaboration durable et mutuelle."
PS_2024,PS_2024_453,EURO,2024,PS,En mettant en place une gouvernance permettant d’aligner les politiques européennes avec les objectifs de développement durable et d’en assurer le suivi des impacts ; En s’assurant que l’ensemble des fonds du Global Gateway (stratégie mondiale d’investissements et de partenariats économiques de l’Union européenne) s’inscrivent dans la réalisation des objectifs de développement durable.
PS_2024,PS_2024_454,EURO,2024,PS,"En renforçant les moyens humains et financiers pour promouvoir une politique étrangère féministe (20% des financements de l’Aide Publique au Développement feront de l’égalité de genre une priorité, contre 5% aujourd’hui) ; En soutenant les initiatives portées par la société civile ; et en portant à 15% les financements de développement de l’Union européenne transitant par des organisations de la société civile locales, pour permettre la localisation de l’aide."
PS_2024,PS_2024_455,EURO,2024,PS,"Porter le développement d’une stratégie européenne sur la société civile, afin de valoriser et améliorer le dialogue entre la société civile et les décideurs politiques, et assurer un espace sûr et ouvert pour la société civile, particulièrement dans les pays où l’espace civique se réduit de plus en plus et leur reconnaissance et leur légitimité sont menacées."
PS_2024,PS_2024_456,EURO,2024,PS,"Défendre une politique étrangère basée sur le respect du droit international et des droits humains, notamment au coeur des conflits, comme en Ukraine et en Israël/Palestine."
PS_2024,PS_2024_457,EURO,2024,PS,"Faire de la paix en Israël/Palestine un horizon crédible par une initiative européenne forte : En exigeant un cessez-le-feu immédiat et permanent à Gaza, la libération inconditionnelle des otages israéliens de l’organisation terroriste Hamas la fin de la colonisation, la reconnaissance de l’Etat palestinien et donc la solution de paix à deux Etats permettant aux peuples palestinien et israélien de vivre dans la paix et la sécurité."
PS_2024,PS_2024_458,EURO,2024,PS,CHAPITRE 6 UNE EUROPE POUR DÉMOCRATIQUE ET INTÈGRE.
PS_2024,PS_2024_459,EURO,2024,PS,"La souveraineté de l’Europe repose aussi sur la vigueur de son système politique, la force de sa démocratie."
PS_2024,PS_2024_460,EURO,2024,PS,Qu’est-ce que l’identité européenne ?
PS_2024,PS_2024_461,EURO,2024,PS,"Sans se lancer dans un long exposé historique ou philosophique, nous pouvons faire cette observation simple : de Riga à Lisbonne, d’Athènes à Prague, les villes européennes sont toutes organisées autour de leur place publique."
PS_2024,PS_2024_462,EURO,2024,PS,Ce trait caractéristique hérité de l’Antiquité puis de la Renaissance est fondamental.
PS_2024,PS_2024_463,EURO,2024,PS,Il distingue nos villes des villes américaines par exemple.
PS_2024,PS_2024_464,EURO,2024,PS,"Il identifie notre paysage urbain et révèle un rapport spécifique à la cité et à la citoyenneté, remontant à la Grèce antique, puis à la Renaissance."
PS_2024,PS_2024_465,EURO,2024,PS,L’Union européenne est l’héritière de cet humanisme civique.
PS_2024,PS_2024_466,EURO,2024,PS,"Elle est un projet politique, plus encore: un projet démocratique."
PS_2024,PS_2024_467,EURO,2024,PS,Longtemps les Européens ont cru que le fait démocratique était devenu irréversible sur leur continent.
PS_2024,PS_2024_468,EURO,2024,PS,Il n’en est rien.
PS_2024,PS_2024_469,EURO,2024,PS,"La démocratie est un projet idéologique en compétition avec d’autres, dans le monde et en Europe même."
PS_2024,PS_2024_470,EURO,2024,PS,C’est une construction historique fragile qui s’affaisse si elle n’est pas cultivée et défendue.
PS_2024,PS_2024_471,EURO,2024,PS,Or elle n’est pas cultivée et défendue avec suffisamment de constance et de sérieux aujourd’hui.
PS_2024,PS_2024_472,EURO,2024,PS,"Les scandales successifs de corruption et d’ingérences étrangères baptisés Qatargate, Russiagate ou Chinagate nous rappellent que le premier des biens publics, celui qui conditionne tous les autres, c’est l’intégrité de la démocratie européenne."
PS_2024,PS_2024_473,EURO,2024,PS,Au coeur de notre Agenda se trouve donc la nécessité de renforcer et de protéger cette intégrité.
PS_2024,PS_2024_474,EURO,2024,PS,"Enfin, bâtir une véritable puissance européenne suppose la cohérence et l’efficacité de la prise de décision au sein de l’Union, donc des réformes institutionnelles profondes."
PS_2024,PS_2024_475,EURO,2024,PS,Nous défendrons la fin de l’unanimité (qui donne par exemple un droit de véto à la Hongrie sur les sanctions visant la Russie ou aux paradis fiscaux sur les questions fiscales) et le passage à la majorité qualifiée au sein du Conseil.
PS_2024,PS_2024_476,EURO,2024,PS,Nous renforcerons les prérogatives du Parlement européen en lui donnant l’initiative législative et le droit de lever l’impôt.
PS_2024,PS_2024_477,EURO,2024,PS,"Sans avancée fédérale assumée, il est impossible de bâtir une puissance politique européenne et nous sommes porteurs d’un véritable « Pacte girondin » pour la France et l’Europe."
PS_2024,PS_2024_478,EURO,2024,PS,1 - DÉMOCRATISER L’EUROPE.
PS_2024,PS_2024_479,EURO,2024,PS,"Démocratiser la prise de décision au niveau européen en donnant le pouvoir d’initiative législative du Parlement européen et en passant au vote à la majorité qualifiée au Conseil pour les questions encore soumises à l’unanimité, telles que la fiscalité et les relations extérieures ; en donnant au Parlement le pouvoir de lever l’impôt."
PS_2024,PS_2024_480,EURO,2024,PS,Désigner la Présidente ou le Président de la Commission européenne à l’initiative du Parlement en codécision avec le Conseil Protéger la démocratie européenne en conditionnant les fonds européens au respect de l’État de droit et en retirant leur droit de vote aux dirigeants qui le violent.
PS_2024,PS_2024_481,EURO,2024,PS,"Réformer l’article 7 du Traité de l’UE par l’instauration d’un vote à la majorité des quatre cinquièmes au Conseil de l’UE et l’application automatique de sanctions passé des délais contraignants, une fois la procédure de violation de l’Etat de droit ouverte."
PS_2024,PS_2024_482,EURO,2024,PS,"Développer la démocratie participative en facilitant le processus de soumission des Initiatives Citoyennes Européennes (ICE), en imposant qu’elles débouchent sur un projet de loi, et en généralisant les conventions citoyennes et les conseils contributifs/participatifs citoyens, tout en rendant leur examen par la Commission européenne obligatoire."
PS_2024,PS_2024_483,EURO,2024,PS,"Créer des maisons de l’Europe dans chaque région de l’UE pour rapprocher les institutions européennes des territoires, et y délivrer une formation scolaire obligatoire dans l’enseignement secondaire sur le fonctionnement de l’UE."
PS_2024,PS_2024_484,EURO,2024,PS,2 - DÉFENDRE L’INTÉGRITÉ DE LA DÉMOCRATIE EUROPÉENNE.
PS_2024,PS_2024_485,EURO,2024,PS,"En créant une Haute autorité de l’intégrité de la vie publique européenne chargée du respect de l’ensemble des règles liées à l’intégrité des responsables publics européens (conflits d’intérêts, respect des obligations de transparence, etc.)."
PS_2024,PS_2024_486,EURO,2024,PS,"Elle sera dotée d’un pouvoir d’initiative en matière d’enquête et de pouvoirs de sanction et elle inclura des représentants extérieurs aux institutions européennes (ONG spécialisés, membres des parlements nationaux), et pourra être saisie par des associations agréées."
PS_2024,PS_2024_487,EURO,2024,PS,"En prévenant les conflits d’intérêts par une véritable « infrastructure des incompatibilités » pour les responsables publics européens (parlementaires et hauts fonctionnaires) En renforçant la protection pénale de la démocratie européenne autour de deux propositions : l’adoption d’une nouvelle directive européenne sur la protection pénale de l’intégrité de la démocratie européenne qui crée un système complet d’infractions (corruption active et passive, trafic d’influence actif et passif) et, dans un second temps, l’extension de la compétence de l’Office européen de lutte anti-fraude (OLAF) et du Parquet européen aux infractions pénales contre les intérêts démocratiques de l’Union qui auront été créées."
PS_2024,PS_2024_488,EURO,2024,PS,"En renforçant les sanctions administratives et civiles en cas de non-respect des règles éthiques et déontologiques et des règles d’incompatibilités : sanctions individuelles crédibles (inéligibilité, réduction des droits à pension, etc.) et sanctions contre les entreprises et professions de conseil qui recrutent des pantoufleurs contre les règles de l’éthique publique européenne par l’exclusion des marchés publics."
PS_2024,PS_2024_489,EURO,2024,PS,"En interdisant aux Commissaires européens, aux eurodéputés et aux hauts fonctionnaires européens toute activité de lobbying auprès des institutions européennes pendant 5 ans après la fin de leurs fonctions, et en faisant de l’inscription sur le registre de transparence un préalable aux activités de lobbying auprès de toutes les institutions européennes."
PS_2024,PS_2024_490,EURO,2024,PS,"En élargissant le mandat d’un parquet européen pour qu’il puisse être saisi directement par les citoyens de l’Union, dans les domaines d’atteinte à la probité et de délinquance financière."
PS_2024,PS_2024_491,EURO,2024,PS,En créant un régime horizontal de sanctions ciblées contre la corruption permettant d’imposer des mesures restrictives (gel des avoirs et interdiction de voyages en Europe) contre les auteurs d’actes sérieux de corruption et mettant fin à l’impunité des kleptocrates.
PS_2024,PS_2024_492,EURO,2024,PS,En défendant l’adhésion de l’UE au Groupe d’États contre la corruption (GRECO) afin de permettre une évaluation externe et indépendante des normes et pratiques de l’Union.
PS_2024,PS_2024_493,EURO,2024,PS,Harmoniser les lois électorales relatives au financement des activités politiques et interdire les financements étrangers pour les partis et fondations politiques.
PS_2024,PS_2024_494,EURO,2024,PS,Créer un régime horizontal de sanctions ciblées contre la corruption permettant d’imposer des mesures restrictives (gel des avoirs et interdiction de voyages en Europe) contre les auteurs d’actes sérieux de corruption et mettant fin à l’impunité des kleptocrates.
PS_2024,PS_2024_495,EURO,2024,PS,"Porter une législation permettant de traquer les citoyens prête-noms et les sociétés écrans, ainsi que la confiscation et la restitution des biens mal acquis."
PS_2024,PS_2024_496,EURO,2024,PS,"Lutter contre le poids des lobbys en interdisant aux Commissaires européens, aux eurodéputés et aux hauts fonctionnaires européens toute activité de lobbying auprès des institutions européennes pendant 5 ans après la fin de leur fonction, et faire de l’inscription sur le registre de transparence un préalable aux activités de lobbying auprès de toutes les institutions européennes Élargir le mandat d’un parquet européen pour qu’il puisse être saisi directement par les citoyens de l’Union, dans les domaines d’atteinte à la probité et de délinquance financière."
PS_2024,PS_2024_497,EURO,2024,PS,Lutter contre la concentration de la propriété des médias.
PS_2024,PS_2024_498,EURO,2024,PS,"En approfondissant le règlement sur la liberté des médias (Media Freedom Act) et en exigeant une transparence totale de l’actionnariat des entreprises médiatiques, via une divulgation obligatoire de celui-ci et la constitution d’une base de données unifiée dans l’UE."
PS_2024,PS_2024_499,EURO,2024,PS,"En soutenant le journalisme d’investigation, via la création d’un fonds européen pour le journalisme d’investigation permettant de financer de véritables enquêtes européennes."
PS_2024,PS_2024_500,EURO,2024,PS,Achever la réunification du continent européen.
PS_2024,PS_2024_501,EURO,2024,PS,En affirmant que l’élargissement est une nécessité.
PS_2024,PS_2024_502,EURO,2024,PS,Il répond à la demande des peuples qui aspirent à rejoindre le projet européen.
PS_2024,PS_2024_503,EURO,2024,PS,Il permet à l’UE d’agrandir son territoire et sa population et donc de s’imposer sur la scène internationale face à d’autres acteurs.
PS_2024,PS_2024_504,EURO,2024,PS,"Il est aussi un investissement stratégique dans notre sécurité, une victoire géopolitique contre des puissances qui mènent sur ces territoires des opérations d’ingérence et font courir un fort risque de bascule et de bouleversement politique, social et économique."
PS_2024,PS_2024_505,EURO,2024,PS,"En soutenant l’élargissement aux pays candidats à l’accession à l’UE, notamment à l’Ukraine, et en transformant notre Union, ses institutions comme ses politiques structurelles, pour permettre cet élargissement qui ne doit menacer ni la politique de cohésion, ni la PAC qui doit être radicalement refondée."
PS_2024,PS_2024_506,EURO,2024,PS,Toutes les nouvelles politiques décidées d’ici à 2027 devront s’inscrire dans la perspective de ce futur élargissement.
PS_2024,PS_2024_507,EURO,2024,PS,En engageant l’élargissement par une première étape d’association effective au grandes politiques européennes.
PS_2024,PS_2024_508,EURO,2024,PS,"En faisant de 2030 l’année du grand traité de réunification du continent européen qui sera aussi un traité d’approfondissement, d’avancée fédérale et de démocratisation de l’Union européenne, le moment constituant dont l’Europe a besoin."
PS_2024,PS_2024_509,EURO,2024,PS,CHAPITRE 7  POUR UNE PUISSANCE PUBLIQUE EUROPÉENNE.
PS_2024,PS_2024_510,EURO,2024,PS,"La démocratie n’est pas qu’un cadre institutionnel, elle est également un régime de solidarités."
PS_2024,PS_2024_511,EURO,2024,PS,Il ne peut pas y avoir de démocratie stable sans solidarité sociale.
PS_2024,PS_2024_512,EURO,2024,PS,Les ouvriers et travailleurs polonais qui ont créé le premier syndicat libre du monde communiste en l’appelant « Solidarnosc » (« Solidarité ») l’avaient bien compris.
PS_2024,PS_2024_513,EURO,2024,PS,Voilà le maitre mot : solidarité.
PS_2024,PS_2024_514,EURO,2024,PS,Ce qui tient ensemble.
PS_2024,PS_2024_515,EURO,2024,PS,Aucune communauté de destin ne peut tenir sans mécanisme fort de solidarité et de redistribution des richesses.
PS_2024,PS_2024_516,EURO,2024,PS,"En temps de guerre, la solidarité et la redistribution sont des mécanismes d’auto-défense des démocraties."
PS_2024,PS_2024_517,EURO,2024,PS,"La cohésion de l’Union, base de sa puissance, passe par la participation des plus riches des Européens à l’effort collectif."
PS_2024,PS_2024_518,EURO,2024,PS,L’Union doit devenir un vecteur de redistribution.
PS_2024,PS_2024_519,EURO,2024,PS,"Politique industrielle, lutte contre le dérèglement climatique et les inégalités... : alors que l’Union européenne est l’une des plus grandes puissances économiques mondiales, elle n’est toujours pas outillée à la hauteur de ses ambitions — avec un budget inférieur à celui de la France."
PS_2024,PS_2024_520,EURO,2024,PS,"Si nous voulons que l’Union européenne s’affirme économiquement et politiquement sur la scène mondiale et parvienne à prendre sa part dans la révolution industrielle verte, elle doit sortir d’une forme de naïveté et se doter, enfin, des outils indispensables à son action."
PS_2024,PS_2024_521,EURO,2024,PS,"En clair, une fiscalité, un budget et un Trésor européen."
PS_2024,PS_2024_522,EURO,2024,PS,"Par ailleurs, le modèle social européen qui faisait notre fierté est de plus en plus attaqué."
PS_2024,PS_2024_523,EURO,2024,PS,Il fait pourtant notre force.
PS_2024,PS_2024_524,EURO,2024,PS,L’Europe sera forte parce que juste.
PS_2024,PS_2024_525,EURO,2024,PS,Le consentement à la transition écologique et aux mutations qu’elle va engendrer ne se fera que si nous parvenons à plus de justice sociale et que les plus riches participent à la hauteur de leurs moyens aux efforts indispensables à notre autonomie stratégique et notre prospérité.
PS_2024,PS_2024_526,EURO,2024,PS,"Enfin l’instabilité géopolitique, économique et climatique appellent à une réglementation bancaire et financière stricte."
PS_2024,PS_2024_527,EURO,2024,PS,1 - SOUTENIR L’INVESTISSEMENT ET L’ACTIVITÉ ÉCONOMIQUE.
PS_2024,PS_2024_528,EURO,2024,PS,En instaurant des règles climatiques qui obligent les Etats membres à investir chaque année un pourcentage de leur PIB (un minimum de 2%) dans la transition écologique afin de se conformer à loi Climat et aux objectifs du Pacte Vert et de renverser la logique du Pacte de Stabilité et de Croissance.
PS_2024,PS_2024_529,EURO,2024,PS,"En mutualisant les dettes européennes pour financer de grands projets européens dans le domaine de la défense, l’industrie, l’écologie, la santé, le numérique."
PS_2024,PS_2024_530,EURO,2024,PS,Outiller l’Union Européenne.
PS_2024,PS_2024_531,EURO,2024,PS,"En augmentant le budget européen pour atteindre 5% du PIB, via de nouvelles ressources propres comme une contribution des grandes entreprises, notamment des géants du numérique, qui bénéficient du marché unique (Single Market Levy)."
PS_2024,PS_2024_532,EURO,2024,PS,"En adaptant la politique monétaire de la Banque centrale européenne aux objectifs environnementaux, industriels et de défense de l’Union européenne via des taux d’intérêts différenciés et un verdissement de la politique monétaire, des opérations de refinancement des banques et du portefeuille de la banque centrale européenne ; via la promotion du financement des Etats directement par la Banque centrale européenne."
PS_2024,PS_2024_533,EURO,2024,PS,Restaurer la justice fiscale.
PS_2024,PS_2024_534,EURO,2024,PS,"ICE : Nous avons lancé une initiative citoyenne européenne «Tax the Rich» avec Aurore Lalucq, Paul Magnette, des millionnaires et des économistes."
PS_2024,PS_2024_535,EURO,2024,PS,Un million de signatures conduira la Commission européenne à établir une proposition visant à taxer les plus riches pour financer la transition écologique.
PS_2024,PS_2024_536,EURO,2024,PS,Pour signer : www.tax-the-rich.eu».
PS_2024,PS_2024_537,EURO,2024,PS,En mettant fin à l’unanimité dans le domaine fiscal et en développant le recours aux clauses passerelles pour tendre vers une union fiscale et favoriser l’adoption de nouvelles règles pour une fiscalité juste.
PS_2024,PS_2024_538,EURO,2024,PS,En instaurant une imposition minimale de 2% sur le patrimoine des centi-millionnaires et des milliardaires et en faisant passer la taxation des multinationales de 15% à 25 %.
PS_2024,PS_2024_539,EURO,2024,PS,Ainsi nous mettrons un terme à des années de course au moins-disant fiscal qui ont abouti à ce que les ultra riches paient moins d’impôts que les classes moyennes et les multinationales moins que les PME.
PS_2024,PS_2024_540,EURO,2024,PS,En conditionnant l’accès au marché européen au paiement d’un impôt minimum : L’UE doit utiliser sa puissance économique pour imposer des normes de justice économique et fiscale minimales aux entreprises multinationales et aux grandes fortunes du monde entier qui bénéficient du marché unique.
PS_2024,PS_2024_541,EURO,2024,PS,"Concrètement, il faut faire du paiement d’un impôt minimum une condition sine qua non d’accès au marché."
PS_2024,PS_2024_542,EURO,2024,PS,Une entreprise multinationale – que son siège soit dans l’UE ou à l’extérieur de celle-ci – ne doit plus être autorisée à commercialiser ses biens et ses services dans l’Union européenne si son taux effectif d’imposition est inférieur à la norme européenne de 25 %.
PS_2024,PS_2024_543,EURO,2024,PS,"Si les pays hors UE n’imposent pas suffisamment l’entreprise en question, l’UE doit se substituer à ces derniers et collecter le « moins-perçu » afin que le taux effectif atteigne 25 %."
PS_2024,PS_2024_544,EURO,2024,PS,En adoptant un mécanisme automatique de taxation des superprofits des multinationales et des profiteurs de guerre.
PS_2024,PS_2024_545,EURO,2024,PS,"En mettant en oeuvre une taxe sur les produits financiers, tout en continuant à défendre la taxe sur les transactions financières, aujourd’hui bloquée par les Etats-membres En créant un service public européen de lutte contre l’évasion fiscale et un cadastre financier européen."
PS_2024,PS_2024_546,EURO,2024,PS,"En luttant contre les paradis fiscaux via une réforme du Code de conduite européen, pour qu’il contienne une liste robuste des paradis fiscaux, et y intégre les individus."
PS_2024,PS_2024_547,EURO,2024,PS,En établissant une écotaxe européenne sur les poids lourds et une taxe sur le kérosène dans le secteur de l’aviation En appliquant un taux réduit de TVA pour les produits et services durables.
PS_2024,PS_2024_548,EURO,2024,PS,"Mettre la finance au service de la société, de la transition écologique et de la réindustrialisation du continent."
PS_2024,PS_2024_549,EURO,2024,PS,"En renforçant et poursuivant les politiques en cours afin que le secteur financier réponde aux objectifs environnementaux de l’Union européenne et se mette au service de la transition écologique et sociale En précisant les définitions de la finance soutenable et de la finance de transition En renforçant la taxonomie, en travaillant à son interopérabilité et en créant une taxonomie des activités à impact négatifs En réformant le règlement sur la publication d’informations de durabilité dans le secteur des services financiers, afin d’améliorer sa clarté et son impact, par l’intégration des propositions et recommandations du groupe consultatif européen sur l’information financière (EFRAG) et la défense la double matérialité face à la matérialité simple, notamment en protégeant les agences de notation ESG européennes et en ajoutant la dimension « T » comme «taxes», dans les critères ESG."
PS_2024,PS_2024_550,EURO,2024,PS,En construisant une Union des marchés de capitaux sous certaines conditions.
PS_2024,PS_2024_551,EURO,2024,PS,"Nous veillerons à respecter les étapes nécessaires à sa création, en s’assurant au préalable de l’adhésion des Etats membres au principe d’une supervision européenne unique, en travaillant à l’uniformisation du droit des sociétés et des faillites ou encore au rapatriement de la compensation sur le sol européen via une révision d’EMIR."
PS_2024,PS_2024_552,EURO,2024,PS,"Enfin, cette union des marchés de capitaux ne doit pas se faire au détriment de la finalisation de l’Union bancaire et ne peut justifier le retour de la titrisation en Europe."
PS_2024,PS_2024_553,EURO,2024,PS,"Elle ne pourra à elle seule financer les projets européens, il faudra mobiliser de l’argent public."
PS_2024,PS_2024_554,EURO,2024,PS,Protéger les Européens des crises bancaires et financières.
PS_2024,PS_2024_555,EURO,2024,PS,"Alors que le dérèglement climatique va créer de nouveaux risques systémiques, l’Union européenne - bloquée par les Etats membres - n’a toujours pas fini de mettre en oeuvre la réglementation décidée après la crise de 2008."
PS_2024,PS_2024_556,EURO,2024,PS,"Parce que la dernière chose dont nous avons besoin, c’est d’une crise, nous ferons de la réglementation bancaire et financière un des points clefs de notre mandat."
PS_2024,PS_2024_557,EURO,2024,PS,"En révisant tout d’abord le Règlement et la Directive européenne sur les exigences en capital (CRR et CRD), afin qu’ils correspondent pleinement aux recommandations de Bâle, visant à s’assurer que les banques détiennent en permanence un montant minimum de capital et de liquidité par rapport à leurs engagements."
PS_2024,PS_2024_558,EURO,2024,PS,En adaptant ensuite les exigences de fonds propres et la réglementation prudentielle à l’exposition des banques au risque fossile.
PS_2024,PS_2024_559,EURO,2024,PS,"En faisant en sorte que les plans de transition soient alignés avec une trajectoire à 1,5°C, et deviennent contraignants, ouvrant la voie à des sanctions en cas de non-respect."
PS_2024,PS_2024_560,EURO,2024,PS,En assurant un système de résolution efficace à travers la révision du cadre de gestion de crise bancaire et d’assurance des dépôts (CMDI) et une implémentation pleine et entière de la garantie européenne des dépôts (EDIS).
PS_2024,PS_2024_561,EURO,2024,PS,"En renforçant l’indépendance, le financement et le pouvoir des autorités européennes de supervision."
PS_2024,PS_2024_562,EURO,2024,PS,"En révisant le règlement européen sur les infrastructures de marché (EMIR) 2.0, pour les acteurs intervenant notamment sur les marchés de produits dérivés et en assurant le rapatriement de la compensation sur le sol européen."
PS_2024,PS_2024_563,EURO,2024,PS,"En finalisant la réglementation des cryptos via leur intégration dans le Règlement et la Directive concernant les marchés d’instruments financiers (MIFIR et MIFID), et en soutenant une nouvelle réglementation des cryptomonnaies (MICA 2)."
PS_2024,PS_2024_564,EURO,2024,PS,"Lutter contre l’exclusion bancaire, aider les Européens surendettés."
PS_2024,PS_2024_565,EURO,2024,PS,En veillant à ce que les européens aient accès à des services financiers et bancaires de base à un prix abordable.
PS_2024,PS_2024_566,EURO,2024,PS,En s’assurant que l’euro digital ne se fasse pas au détriment d’un accès à la liquidité.
PS_2024,PS_2024_567,EURO,2024,PS,En luttant contre les pratiques qui engendrent du surendettement.
PS_2024,PS_2024_568,EURO,2024,PS,En étudiant la possibilité de créer un schéma de faillite personnel.
PS_2024,PS_2024_569,EURO,2024,PS,"Adapter les assurances au défi climatique, protéger les assurés."
PS_2024,PS_2024_570,EURO,2024,PS,"La multiplication des événements climatiques (inondations, incendies, etc. ) crée une réelle pression sur les assurances et surtout sur leur capacité à dédommager les assurés."
PS_2024,PS_2024_571,EURO,2024,PS,"Tout comme nous adapterons la réglementation des banques au défi climatique, nous adapterons la réglementation des assurances (Solvency). glucksmann2024.eu."
PS_2024,PS_2024_572,EURO,2024,PS,# RÉVEILLER L'EUROPE.
REC_2024,REC_2024_1,EURO,2024,REC,ELECTIONS EUROPEENNES - 9 JUIN 2024.
REC_2024,REC_2024_2,EURO,2024,REC,NOTRE PROJET POUR L’EUROPE DES NATIONS ET DE LA CIVILISATION.
REC_2024,REC_2024_3,EURO,2024,REC,Les 92 propositions de Reconquête!
REC_2024,REC_2024_4,EURO,2024,REC,"pour agir à Bruxelles, défendre la France et les Français et protéger la civilisation européenne."
REC_2024,REC_2024_5,EURO,2024,REC,Votez Marion.
REC_2024,REC_2024_6,EURO,2024,REC,La France fière.  liste soutenue par ÉRIC ZEMMOUR et Reconquête.
REC_2024,REC_2024_7,EURO,2024,REC,La volonté et la capacité d’agir.
REC_2024,REC_2024_8,EURO,2024,REC,Marion Maréchal Tête de liste de Reconquête!
REC_2024,REC_2024_9,EURO,2024,REC,aux élections européennes.
REC_2024,REC_2024_10,EURO,2024,REC,"Pour la première fois de l’histoire de la construction européenne, le consensus fédéraliste, qui règne en maître au Parlement européen depuis 1979, est sur le point de voler en éclat et d’être balayé par les forces de droite conservatrices et nationales."
REC_2024,REC_2024_11,EURO,2024,REC,"Ce ne sont pas ici que des mots ou un slogan de campagne : non seulement nous avons un projet ambitieux, non seulement nous avons la volonté de le mettre en oeuvre, mais nous aurons aussi la capacité de le faire."
REC_2024,REC_2024_12,EURO,2024,REC,"Déjà fort de représentants de 17 nationalités, déjà au pouvoir dans 4 pays (et bientôt rejoints par les élus hongrois de Viktor Orbán), les Conservateurs européens du groupe ECR sont – d’après toutes les projections – en passe de devenir la force centrale du Parlement européen."
REC_2024,REC_2024_13,EURO,2024,REC,Ce que cela signifie ?
REC_2024,REC_2024_14,EURO,2024,REC,"Que nous serons demain, avec les élus Reconquête!"
REC_2024,REC_2024_15,EURO,2024,REC,"et nos alliés d’ECR, au coeur de la véritable alternative à travers des minorités de blocage et des majorités de projet."
REC_2024,REC_2024_16,EURO,2024,REC,"Ce n’est évidemment pas le cas du groupe des LR (le PPE), qui participe au grand consensus aux côtés des macronistes et des socialistes, derrière Ursula von der Leyen, et ce n’est pas non plus le cas du RN qui est membre d’un groupe isolé, marginalisé, et même aujourd’hui fragilisé, sans la moindre influence."
REC_2024,REC_2024_17,EURO,2024,REC,"Et c’est précisément parce que nous pouvons agir que nous avons élaboré un programme courageux, détaillé et crédible, fort de 92 propositions très concrètes que les députés Reconquête!"
REC_2024,REC_2024_18,EURO,2024,REC,porteront dans la nouvelle assemblée parlementaire.
REC_2024,REC_2024_19,EURO,2024,REC,"Vous le savez, nous sommes les seuls à faire de la défense de la civilisation, la pierre angulaire de notre projet européen."
REC_2024,REC_2024_20,EURO,2024,REC,"Défendre la civilisation, c’est bien sûr préserver l’Europe européenne aux racines hellénochrétienne face à l’immigration et à l’islamisation."
REC_2024,REC_2024_21,EURO,2024,REC,"Nous sommes les seuls à proposer 17 mesures réalistes et fermes pour réfuter le fatalisme migratoire et refuser la conquête islamique, pour mettre en oeuvre, très concrètement, la politique d’inversion des flux et de remigration des clandestins, des étrangers délinquants, fichés S ou chômeurs de longue durée."
REC_2024,REC_2024_22,EURO,2024,REC,"Défendre la civilisation, c’est aussi sauver nos paysans et la France rurale face au fanatisme écologiste."
REC_2024,REC_2024_23,EURO,2024,REC,"Mieux, c’est renouer avec la grande épopée des inventeurs, des ingénieurs pour relever les grands défis du XXIème siècle et réussir, par exemple, l’adaptation de nos sociétés au changement climatique en réaffirmant que le génie de l’homme européen, sa capacité à surmonter les épreuves, à créer et à innover, sera toujours préférable à l’écologie de la punition et de la pénitence des adeptes de la décroissance."
REC_2024,REC_2024_24,EURO,2024,REC,"Défendre la civilisation, c’est libérer l’économie française et européenne de l’enfer des normes et des taxes et soutenir nos entreprises et nos industries dans la guerre économique qui nous oppose à la Chine et aux États-Unis."
REC_2024,REC_2024_25,EURO,2024,REC,"Libérer à l’intérieur et protéger à l’extérieur, tels sont les principes qui ont inspiré nos propositions pour la reconquête industrielle et numérique de la France et de l’Europe."
REC_2024,REC_2024_26,EURO,2024,REC,"Défendre la civilisation, c’est sortir la France et l’Europe de l’hiver démographique par une grande politique de relance de la natalité des Européens."
REC_2024,REC_2024_27,EURO,2024,REC,"C’est aussi, enfin, porter une certaine conception de l’Homme et de la dignité humaine et combattre, sans faiblesse, la propagande woke et toutes les idéologies de la déconstruction qui sont désormais à l’oeuvre au coeur des institutions européennes."
REC_2024,REC_2024_28,EURO,2024,REC,"C’est bien entendu, refuser la banalisation de la GPA et se battre pour son abolition."
REC_2024,REC_2024_29,EURO,2024,REC,"Si vous êtes en accord avec nos propositions, si vous partagez nos convictions et notre ambition pour que la France reste la France et que l’Europe reste l’Europe, alors n’hésitez plus : le 9 juin prochain, votez et faites voter pour la seule liste qui pourra réellement agir pour vous défendre, servir les intérêts de la France et changer le cours de l’histoire en Europe !"
REC_2024,REC_2024_30,EURO,2024,REC,Marion Maréchal.
REC_2024,REC_2024_31,EURO,2024,REC,L’Europe de nos ancêtres et de nos enfants.
REC_2024,REC_2024_32,EURO,2024,REC,Nicolas Bay.
REC_2024,REC_2024_33,EURO,2024,REC,Député européen (groupe ECR) - Coordinateur du projet.
REC_2024,REC_2024_34,EURO,2024,REC,« Unie dans la diversité » est la devise officielle de l’Union européenne.
REC_2024,REC_2024_35,EURO,2024,REC,"C’était la promesse d’une construction européenne fondée sur notre histoire civilisationnelle, sur nos peuples et nos cultures."
REC_2024,REC_2024_36,EURO,2024,REC,"C’était une idée qui convenait au Général de Gaulle lui-même : celle de l’Europe plurimillénaire, dont nos nations sont des variations chaque fois uniques."
REC_2024,REC_2024_37,EURO,2024,REC,"Elles sont l’expression de la vraie diversité, à l’exact opposé de la prétendue « diversité » qui voudrait nier les particularismes, les fondre, tout araser, tout mélanger, tout décréter égal et donc uniforme, informe."
REC_2024,REC_2024_38,EURO,2024,REC,"Mais plus l’Union européenne s’est renforcée, plus elle s’est étendue, plus nos nations ont été étouffées."
REC_2024,REC_2024_39,EURO,2024,REC,"Force est de constater qu’aujourd’hui, « Affaiblie dans l’uniformité » décrirait mieux l’Union."
REC_2024,REC_2024_40,EURO,2024,REC,"Notre projet, porté par Marion Maréchal et Reconquête!, partagé par nos alliés du groupe des Conservateurs et réformistes européens (ECR), est tout inverse."
REC_2024,REC_2024_41,EURO,2024,REC,Nous voulons revenir à l’esprit dans lequel la construction européenne a été entreprise.
REC_2024,REC_2024_42,EURO,2024,REC,"Plutôt que la fuite en avant fédéraliste, une organisation confédérale, avec la sanctuarisation de la souveraineté des États et de leur droit de véto, un retour au principe de subsidiarité, et une préférence nationale puis communautaire face à une mondialisation toujours plus sauvage."
REC_2024,REC_2024_43,EURO,2024,REC,"Une Europe à plusieurs vitesses et des coopérations entre pays volontaires, libres, plutôt que la coercition, les menaces au nom de l’état de droit et le « tout à 27 »."
REC_2024,REC_2024_44,EURO,2024,REC,"Le refus de tout élargissement de l’UE, le retour aux limites géographiques et historiques, à la définition et la conscience de notre héritage commun, notamment ses racines grecques, romaines et chrétienne, dont Jacques Chirac avait refusé la mention dans les traités."
REC_2024,REC_2024_45,EURO,2024,REC,"En somme, une forme d’euro-réalisme, ancré dans les réalités nationales et les identités des peuples, avec tout ce que nous avons en commun sans oublier tout ce qui nous différencie les uns des autres."
REC_2024,REC_2024_46,EURO,2024,REC,"Une vision réaliste et respectueuse des intérêts de chacun, contre les fantasmes de Bruxelles qui cherche à soumettre voire à détruire les nations."
REC_2024,REC_2024_47,EURO,2024,REC,"En particulier, nous refusons la dérive autoritaire de la Commission, aux pouvoirs grandissants et à l’ambition démesurée : initiative législative, « gardienne des traités », injonctions et chantage aux États qui ne partagent pas son idéologie progressiste… La Commission européenne d’Ursula von der Leyen est devenue un exécutif qui se rêve totalement autonome et voudrait pouvoir s’imposer au Conseil européen, l’assemblée des chefs d’État et de gouvernement."
REC_2024,REC_2024_48,EURO,2024,REC,"Il est temps de la remettre à sa place : la Commission ne doit plus être l’exécutif, mais l’exécutant des décisions du Conseil."
REC_2024,REC_2024_49,EURO,2024,REC,C’est la seule voie pour que l’Union reste une association libre et démocratique d’États engagés volontairement à la recherche d’un bien commun.
REC_2024,REC_2024_50,EURO,2024,REC,Le changement est possible.
REC_2024,REC_2024_51,EURO,2024,REC,"Sous les menaces conjuguées du Grand Remplacement, de l’impuissance organisée, de la décroissance, de l’islamisation, de la mise sous tutelle de nos nations, les peuples d’Europe se réveillent."
REC_2024,REC_2024_52,EURO,2024,REC,"Le 9 juin, le Parlement européen peut basculer à droite."
REC_2024,REC_2024_53,EURO,2024,REC,"Notre groupe parlementaire ECR peut devenir le point d’équilibre d’une coalition de droite forte, qui mettra un terme aux folies de Bruxelles."
REC_2024,REC_2024_54,EURO,2024,REC,"Nos alliés sont déjà au pouvoir, seuls ou en coalition, dans quatre pays ; ils seront bientôt rejoints par d’autres, et leur influence au Conseil ne cesse de croître."
REC_2024,REC_2024_55,EURO,2024,REC,"La France et l’Europe, pas celle de Bruxelles, de Macron et de von der Leyen, mais les vraies, celles de nos ancêtres et de nos enfants, ne veulent pas mourir."
REC_2024,REC_2024_56,EURO,2024,REC,Elles n’ont pas dit leur dernier mot.
REC_2024,REC_2024_57,EURO,2024,REC,"Le 9 juin, elles auront besoin de vous."
REC_2024,REC_2024_58,EURO,2024,REC,"Et dès le 10 juin, en votre nom, nous les défendrons avec Marion Maréchal."
REC_2024,REC_2024_59,EURO,2024,REC,Libérer l’Europe de l’immigration et de l’islamisation.
REC_2024,REC_2024_60,EURO,2024,REC,"Constat et analyse : Les accords de Schengen, en 1996, ont aboli les frontières nationales avec, en contrepartie, la promesse d’une protection renforcée des frontières extérieures."
REC_2024,REC_2024_61,EURO,2024,REC,"Finalement, l’idéologie immigrationiste a abouti à l’affaiblissement de toutes les frontières – nationales et européennes – et à l’adoption d’une réglementation laxiste, très contraignante, aboutissant davantage à gérer les flux entrants et l’accueil des migrants qu’à les empêcher d’arriver ou de rester sur le sol européen."
REC_2024,REC_2024_62,EURO,2024,REC,"Faute de possibilité juridique et de moyens budgétaires, humains et matériels, Frontex, l’agence européenne en charge des frontières extérieures, est dans l’incapacité de soutenir réellement et efficacement les États membres dont les frontières sont franchies illégalement."
REC_2024,REC_2024_63,EURO,2024,REC,"Nous savons aussi que l’histoire de l’Europe est une confrontation permanente entre notre continent et le monde arabo-musulman qui a toujours eu des velléités de conquête vers le nord (l’Espagne envahie pendant des siècles avant la Reconquista, l’empire ottoman contre les pays balkaniques et d’Europe centrale, etc.)."
REC_2024,REC_2024_64,EURO,2024,REC,"Aujourd’hui, cette conquête est plus insidieuse, moins ouvertement belliqueuse mais bien réelle."
REC_2024,REC_2024_65,EURO,2024,REC,"L’immigration de masse, amplifiée par les pompes aspirantes dans beaucoup de pays européens (droit du sol, aides sociales, allocations, soins et école gratuits, etc.), cumulée au laxisme judiciaire et à une naïveté à l’égard de l’idéologie islamiste (soutenue, promue et financée par l’argent public des collectivités locales, de l’État français et de la Commission européenne) crée un terreau fertile."
REC_2024,REC_2024_66,EURO,2024,REC,"De plus, la négation de nos racines chrétiennes, illustrée par le refus de les inscrire dans le projet constitutionnel européen (qui a abouti ensuite au traité de Lisbonne) par Jacques Chirac, a ouvert la voie à la substitution des valeurs de notre civilisation (la raison grecque, le droit romain, la chrétienté) par de fausses valeurs ou des valeurs dévoyées."
REC_2024,REC_2024_67,EURO,2024,REC,1A STOPPER L’INVASION ET ENGAGER LA REMIGRATION !
REC_2024,REC_2024_68,EURO,2024,REC,"Dissuader les départs, empêcher les arrivées, imposer qu’ils repartent."
REC_2024,REC_2024_69,EURO,2024,REC,La TRIPLE-FRONTIÈRE pour protéger l’Europe de l’immigration.
REC_2024,REC_2024_70,EURO,2024,REC,Frontière nationale avec le rétablissement de nos frontières et la fin de la libre circulation pour les extra-Européens.
REC_2024,REC_2024_71,EURO,2024,REC,"Frontière européenne avec le blocus militaire naval en Méditerranée, Frontex et des barrières physiques."
REC_2024,REC_2024_72,EURO,2024,REC,"Frontière au-delà de nos frontières, à travers les accords de coopération avec les pays du pourtour méditerranéen pour lutter contre l’émigration, les aider à sécuriser leurs frontières et financer l’installation de centres de migrants en-dehors de l’Europe."
REC_2024,REC_2024_73,EURO,2024,REC,Rétablir les frontières nationales contre la libre-circulation des extra-Européens dans l’espace Schengen.
REC_2024,REC_2024_74,EURO,2024,REC,Interdire la libre-circulation aux extra-européens dans l’espace Schengen.
REC_2024,REC_2024_75,EURO,2024,REC,"Supprimer toute subvention aux ONG pro-migrants et poursuivre en justice, comme le fait l’État italien, celles qui participent activement au trafic d’êtres humains."
REC_2024,REC_2024_76,EURO,2024,REC,"Abolir le pacte migratoire de l’UE et repenser totalement le système d’asile européen pour faciliter les procédures d’expulsion (revoir les critères de la liste des « pays sûrs ») ; refuser toute répartition imposée de migrants et le principe d’amendes pour leur refus ; réviser les critères d’octroi de la protection internationale (revenir à la « persécution à titre individuel ») et imposer la reconnaissance, entre les États membres, du refus de cette protection (ne pas permettre qu’un migrant refusé dans un pays aille dans un autre)."
REC_2024,REC_2024_77,EURO,2024,REC,Le refus de la protection doit aboutir ensuite à l’expulsion systématique.
REC_2024,REC_2024_78,EURO,2024,REC,Mettre en oeuvre des tests osseux et/ou dentaires pour distinguer les vrais mineurs des faux.
REC_2024,REC_2024_79,EURO,2024,REC,"Quitter la CEDH, modifier la réglementation européenne sur le non-refoulement pour autoriser l’éloignement, aux frontières extérieures, des migrants qui n’ont pas demandé l’asile dans une ambassade ou ont traversé plusieurs pays sûrs."
REC_2024,REC_2024_80,EURO,2024,REC,"(La CEDH est un traité qui a déjà 70 ans, n’est plus adapté aux enjeux et ne permet pas aux États de défendre leurs populations, citons divers exemples comme l’interdiction de fouille au corps des prisonniers ou l’interdiction d’expulsion de terroristes.)"
REC_2024,REC_2024_81,EURO,2024,REC,Supprimer la directive européenne sur le regroupement familial afin de rendre aux États membres leur liberté en matière de gestion et de contrôle de l’immigration.
REC_2024,REC_2024_82,EURO,2024,REC,1B COMBATTRE L’ISLAMISATION DE L’EUROPE.
REC_2024,REC_2024_83,EURO,2024,REC,"Faire de la lutte contre l’islamisme une cause européenne commune pour permettre une coordination de toutes les informations et actions des États membres en vue de démanteler les réseaux islamistes (Frères musulmans, Milli gorus, salafistes)."
REC_2024,REC_2024_84,EURO,2024,REC,"Une liste des organismes, associations et personnalités participant à la mouvance islamiste sera annuellement publiée."
REC_2024,REC_2024_85,EURO,2024,REC,"Interdire les Frères musulmans partout en Europe sur le modèle autrichien : la Confrérie sera inscrite sur une liste noire, ses slogans et sa littérature seront frappés d’interdiction et ses organisations seront dissoutes."
REC_2024,REC_2024_86,EURO,2024,REC,Combattre les ingérences islamistes de la Turquie et du Qatar en Europe.
REC_2024,REC_2024_87,EURO,2024,REC,Organiser une coopération européenne pour que les islamistes étrangers expulsés d’un pays ne puissent s’installer dans un autre pays européen et que les organismes interdits ou dissous dans un pays européen ne puissent se réimplanter ensuite dans un autre (exemple du CCIF).
REC_2024,REC_2024_88,EURO,2024,REC,"Interdire toute subvention européenne à des associations et organismes agissant en faveur de l’islamisation de l’Europe ou qui sont soutenus par des pays dominés par cette idéologie (comme le FEMYSO, le réseau ENAR, Islamic Relief Germany, etc.)."
REC_2024,REC_2024_89,EURO,2024,REC,"Mettre un terme définitif et irréversible à la procédure d’adhésion de la Turquie à l’UE, arrêter tous les financements de l’Union européenne à la Turquie (50 milliards en 20 ans)."
REC_2024,REC_2024_90,EURO,2024,REC,Renégocier les accords économiques et commerciaux (l’union douanière notamment) ainsi que les financements de la Banque européenne d’investissement (BEI) dont la Turquie bénéficie actuellement.
REC_2024,REC_2024_91,EURO,2024,REC,1C AFFIRMER LES RACINES DE NOTRE CIVILISATION EUROPÉENNE ET CHRÉTIENNE.
REC_2024,REC_2024_92,EURO,2024,REC,"Inscrire dans les traités la mention des racines grecques, latines et chrétiennes de l’Europe."
REC_2024,REC_2024_93,EURO,2024,REC,"Favoriser la préservation et la mise en valeur du patrimoine culturel historique européen, en récupérant les fonds des programmes culturels propagandistes comme « Europe créative »."
REC_2024,REC_2024_94,EURO,2024,REC,Assumer une diplomatie civilisationnelle et reconnaître les liens historiques d’amitié et de solidarité de l’Europe avec les chrétiens d’Orient et l’Arménie.
REC_2024,REC_2024_95,EURO,2024,REC,Libérer la France de la bureaucratie et du centralisme bruxellois.
REC_2024,REC_2024_96,EURO,2024,REC,"Constat et analyse : L’Union européenne suscite la défiance de plus en plus forte des peuples européens tant elle apparaît comme un bateau ivre, lancée dans une fuite en avant fédéraliste."
REC_2024,REC_2024_97,EURO,2024,REC,"L’UE, au moins dans l’esprit sinon déjà dans les textes, a même dépassé le stade fédéral pour se muer en état centralisé : les bureaucrates ont inventé une sorte de jacobinisme bruxellois !"
REC_2024,REC_2024_98,EURO,2024,REC,"Originellement présentée comme au service de la paix et de la concorde entre les peuples, l’UE s’est construite au gré des traités successifs, d’abord avec les nations (Rome, 1957) puis sans elles (Maastricht, 1992) et enfin contre elles (Lisbonne, 2009)."
REC_2024,REC_2024_99,EURO,2024,REC,"Plus elle va loin dans l’intégration, moins l’UE est efficace : on l’a vu notamment sur les grandes crises pour lesquelles on nous disait que l’échelon efficace et pertinent serait nécessairement l’échelon européen."
REC_2024,REC_2024_100,EURO,2024,REC,"Or, l’UE a été défaillante face à la crise financière de 2008, défaillante face à la crise migratoire de 2015 et défaillante face à la crise sanitaire de 2020."
REC_2024,REC_2024_101,EURO,2024,REC,La réponse des fédéralistes est qu’il faut en finir avec le poids excessif des nations et donc supprimer le principe de l’unanimité dans les décisions prises au sein du Conseil.
REC_2024,REC_2024_102,EURO,2024,REC,"En supprimant le droit de véto de chaque État membre, il en serait en effet terminé des souverainetés nationales et on basculerait d’une simple organisation internationale à un véritable super-État fédéral."
REC_2024,REC_2024_103,EURO,2024,REC,"Plutôt que de contourner les volontés et spécificités nationales, il serait infiniment préférable, plus respectueux et plus efficace que les coopérations européennes soient organisées de manière plus souple."
REC_2024,REC_2024_104,EURO,2024,REC,"Rien ne nécessite en effet de vouloir tout faire à 27 ni d’y associer systématiquement tous les États membres en niant leurs singularités, a fortiori maintenant que l’UE s’est élargie de manière rapide et déraisonnable à des pays ayant de très profondes disparités économiques et sociales avec les pays d’Europe occidentale."
REC_2024,REC_2024_105,EURO,2024,REC,"Nos adversaires objecteront, de mauvaise foi, que ce serait la fin de la construction européenne."
REC_2024,REC_2024_106,EURO,2024,REC,Rien n’est plus faux !
REC_2024,REC_2024_107,EURO,2024,REC,"Et beaucoup de dispositifs européens ont d’ailleurs été mis en oeuvre selon ce principe : l’espace Schengen comporte des pays qui ne sont pas membres de l’UE (Suisse, Norvège) et, à l’inverse, certains États membres ne sont pas dans Schengen (Roumanie, Bulgarie etc.)."
REC_2024,REC_2024_108,EURO,2024,REC,La zone Euro ne compte que 20 des 27 pays de l’UE.
REC_2024,REC_2024_109,EURO,2024,REC,L’Espace économique européen (EEE) comporte des pays comme la Norvège ou l’Islande qui ne sont pas dans l’UE.
REC_2024,REC_2024_110,EURO,2024,REC,Et le Royaume-Uni post-Brexit dispose d’un accès libre au marché européen sans droits de douane ni quota alors qu’il a quitté l’UE à grand fracas.
REC_2024,REC_2024_111,EURO,2024,REC,"En outre, si l’Union européenne est à ce point opaque, autoritaire et coupée des réalités et des aspirations des peuples, c’est notamment en raison de son organisation institutionnelle qui écarte du processus de décision les peuples et même largement les gouvernements des États membres, qui sont pourtant l’émanation de la volonté populaire."
REC_2024,REC_2024_112,EURO,2024,REC,"La Commission européenne détient un immense pouvoir au détriment des autres institutions, alors qu’elles ont pourtant davantage de légitimité démocratique."
REC_2024,REC_2024_113,EURO,2024,REC,"En effet, la Commission dispose de prérogatives largement supérieures à celles d’un gouvernement : elle a l’initiative législative, la réglementation, le contrôle de l’application et s’érige aussi en « gardienne des traités » (mention fourretout glissée dans le traité de Lisbonne et lui permettant d’intervenir en permanence hors de ses compétences au nom des « valeurs de l’UE »)."
REC_2024,REC_2024_114,EURO,2024,REC,"Composée de 27 commissaires que personne n’a élu et que personne ne connaît, d’une présidente toute-puissante et de 34 000 (!)"
REC_2024,REC_2024_115,EURO,2024,REC,"fonctionnaires, la Commission européenne symbolise à elle seule les errements et les dérives inacceptables des institutions européennes."
REC_2024,REC_2024_116,EURO,2024,REC,Elle doit être purement et simplement supprimée au profit du Conseil et du Parlement dont les fonctions seraient redéfinies.
REC_2024,REC_2024_117,EURO,2024,REC,"L’Europe d’aujourd’hui est à la croisée des chemins, confrontée à la montée du technocratisme qui menace nos libertés fondamentales."
REC_2024,REC_2024_118,EURO,2024,REC,"Les tentatives de censure des réseaux sociaux réclamées par les commissaires européens, les restrictions sur l’utilisation du paiement en liquide, et les réflexes totalitaires des progressistes polonais face aux journalistes et organes conservateurs en place, soulignent que nos libertés sont menacées."
REC_2024,REC_2024_119,EURO,2024,REC,"Il faut urgemment se battre pour conserver ces libertés, qui sont intrinsèques à notre identité européenne."
REC_2024,REC_2024_120,EURO,2024,REC,"2A REPRENDRE NOTRE DESTIN EN MAIN, RÉAFFIRMER NOTRE SOUVERAINETÉ ET BÂTIR L’EUROPE DES COOPÉRATIONS."
REC_2024,REC_2024_121,EURO,2024,REC,Non à la création d’un super-État fédéral européen !
REC_2024,REC_2024_122,EURO,2024,REC,Oui à la suppression de la Commission de Bruxelles !
REC_2024,REC_2024_123,EURO,2024,REC,"Supprimer la Commission de Bruxelles (remplacée par un secrétariat, qui est l’exécutant et non plus l’exécutif)."
REC_2024,REC_2024_124,EURO,2024,REC,Ce secrétariat sera placé sous l’autorité du Conseil de l’UE.
REC_2024,REC_2024_125,EURO,2024,REC,Rendre l’initiative législative au Conseil (les gouvernements des États membres) qui doit disposer de l’exclusivité de l’initiative législative pour mettre en oeuvre les coopérations européennes.
REC_2024,REC_2024_126,EURO,2024,REC,Modifier l’article 55 de notre Constitution pour sanctuariser la primauté du droit national sur le droit européen et interdire aux juges de rendre inapplicable une législation nationale au prétexte qu’elle serait contraire au droit européen.
REC_2024,REC_2024_127,EURO,2024,REC,"Reconnaître réellement le principe de subsidiarité (que ce qui peut être décidé et organisé au niveau national ne fasse pas l’objet d’ingérences de Bruxelles), encadrer les compétences exclusives de l’UE et refuser tout nouveau transfert de compétences."
REC_2024,REC_2024_128,EURO,2024,REC,"Engager une refonte des traités européens pour que les États membres puissent participer, entrer et sortir des coopérations européennes de manière plus souple et démocratique."
REC_2024,REC_2024_129,EURO,2024,REC,Permettre aux nations de choisir librement les projets de coopération auxquels elles participent.
REC_2024,REC_2024_130,EURO,2024,REC,Refuser tout nouvel élargissement de l’Union européenne.
REC_2024,REC_2024_131,EURO,2024,REC,Supprimer le SEAE (Service européen d’action extérieure) et arrêter de doubler la diplomatie des États.
REC_2024,REC_2024_132,EURO,2024,REC,"Soit des États décident, ensemble, d’appliquer une diplomatie commune sur des sujets précis et ponctuels, soit chacun agit librement et souverainement."
REC_2024,REC_2024_133,EURO,2024,REC,"Refuser la création d’une armée européenne, tout partage de la dissuasion nucléaire française et de notre siège au Conseil de sécurité de l’ONU, souhaités par Emmanuel Macron."
REC_2024,REC_2024_134,EURO,2024,REC,2B EN FINIR AVEC LES GASPILLAGES ET LA BUREAUCRATIE BRUXELLOISE.
REC_2024,REC_2024_135,EURO,2024,REC,We want our money back !
REC_2024,REC_2024_136,EURO,2024,REC,Refuser tout impôt européen et notamment les « ressources propres » aboutissant à créer une fiscalité européenne qui s’ajoute à la fiscalité nationale.
REC_2024,REC_2024_137,EURO,2024,REC,Diminuer de 20% la contribution annuelle de la France au budget de l’UE avec un plafond à 20 milliards d’euros par an.
REC_2024,REC_2024_138,EURO,2024,REC,"Réduire de 50% l’enveloppe allouée au Fonds social européen et prioriser l’apprentissage et la formation professionnelle dans les métiers en tension ou les industries d’avenir (agriculture, filière nucléaire, métiers du numérique)."
REC_2024,REC_2024_139,EURO,2024,REC,"Supprimer la moitié des agences européennes et les programmes européens injustifiés pour faire des économies et réduire les contributions nationales (« Europe créative » 2,44 milliards sur six ans, subventions aux ONG environ 3 milliards par an…)."
REC_2024,REC_2024_140,EURO,2024,REC,"Les Français doivent pouvoir continuer à utiliser tous les moyens de paiement traditionnels (liquide, chèque, …) Il faut s’assurer que l’Euro-numérique, s’il est vraiment établi, ne remplace pas les autres moyens de paiement comme l’argent liquide ou le chèque, et ne bénéficie pas de primauté ou d’exclusivité pour certains usages par rapport aux autres moyens de paiement."
REC_2024,REC_2024_141,EURO,2024,REC,Exemples d’agences européennes et comités à supprimer : Le Comité européen des régions.
REC_2024,REC_2024_142,EURO,2024,REC,Le Service européen pour l’action extérieure.
REC_2024,REC_2024_143,EURO,2024,REC,Le Comité économique et social européen.
REC_2024,REC_2024_144,EURO,2024,REC,Le Médiateur européen.
REC_2024,REC_2024_145,EURO,2024,REC,L’agence de l’Union européenne pour l’asile.
REC_2024,REC_2024_146,EURO,2024,REC,L’agence européenne pour l’environnement (AEE).
REC_2024,REC_2024_147,EURO,2024,REC,Le Centre européen pour le développement de la formation professionnelle.
REC_2024,REC_2024_148,EURO,2024,REC,L’Agence exécutive européenne pour l’éducation et la culture.
REC_2024,REC_2024_149,EURO,2024,REC,Libérer l’économie européenne et refuser la décroissance énergétique et agricole.
REC_2024,REC_2024_150,EURO,2024,REC,"Constat et analyse : Dans son histoire assez récente, l’Europe a su s’imposer économiquement et industriellement sur la scène mondiale, dans le secteur aéronautique avec Airbus, ou dans le spatial, avec Ariane."
REC_2024,REC_2024_151,EURO,2024,REC,Ces succès qui contribuent grandement au prestige et au rayonnement européen ne se sont pas faits dans le cadre bruxellois et c’est sans doute l’une des raisons de leur réussite !
REC_2024,REC_2024_152,EURO,2024,REC,"Plus l’UE a été centralisée, édictant des règles contre les concentrations économiques, industrielles ou technologiques, plus elle a imposé des normes imitées nulle part ailleurs sur la planète, plus nos concurrents principaux, américains et asiatiques, en ont profité pour acquérir des positions de leader sur l’économie nouvelle et les technologies de demain."
REC_2024,REC_2024_153,EURO,2024,REC,"L’Europe doit maintenant rattraper son retard, ne pas laisser passer le train des grandes mutations numériques en cours et s’imposer dans la bataille de l’intelligence artificielle dont les conséquences économiques et sociales seront considérables."
REC_2024,REC_2024_154,EURO,2024,REC,"De plus, si les bouleversements climatiques sont une réalité qui nécessite des adaptations nombreuses y compris dans nos modèles économiques, cela ne justifie en rien la vaste entreprise écolo-punitive mise en oeuvre par Bruxelles, qui organise la décroissance agricole et industrielle de l’Europe et culpabilise les Européens."
REC_2024,REC_2024_155,EURO,2024,REC,"L’Europe est déjà, depuis longtemps, l’ensemble économique le plus vertueux en matière de respect de l’environnement."
REC_2024,REC_2024_156,EURO,2024,REC,"S’imposer des normes encore plus lourdes, c’est pénaliser les entreprises européennes face à des compétiteurs qui vont bénéficier d’une concurrence déloyale de fait."
REC_2024,REC_2024_157,EURO,2024,REC,Il faut donc en finir avec l’idéologie et défendre une authentique écologie reposant sur la limitation du recours à l’import chaque fois que possible et la fin du modèle de libre échange planétaire particulièrement polluant.
REC_2024,REC_2024_158,EURO,2024,REC,"Il faut favoriser la relocalisation des activités humaines et privilégier les circuits courts, c’est-à-dire la production, la consommation et le retraitement dans un périmètre géographique le plus raisonnable possible."
REC_2024,REC_2024_159,EURO,2024,REC,"La multiplication des accords de libre-échange de l’Union européenne avec tous les pays de la planète fait subir à notre économie une concurrence déloyale qui a déjà quasiment tué notre industrie et tuera demain notre agriculture, notamment en cas de signature de l’accord avec les pays du Mercosur (marché sud-américain) dont Bruxelles envisage la signature après les élections."
REC_2024,REC_2024_160,EURO,2024,REC,"Il faut en finir avec le sans frontiérisme commercial consistant à fabriquer des produits en Asie, à les vendre en Europe et à retraiter les déchets en Afrique."
REC_2024,REC_2024_161,EURO,2024,REC,"Nous devons au contraire rétablir des protections douanières (taxes, quotas et contingentements) aux frontières de l’Europe comme le font d’ailleurs toutes les grandes économies (les États-Unis, l’Inde, le Japon, etc.)."
REC_2024,REC_2024_162,EURO,2024,REC,Le libre-échange dérégulé est de surcroît profondément antiécologique.
REC_2024,REC_2024_163,EURO,2024,REC,"3A PROMOUVOIR UNE EUROPE DES INGÉNIEURS, DE LA RECHERCHE ET DE L’INNOVATION."
REC_2024,REC_2024_164,EURO,2024,REC,Reconquérir la souveraineté énergétique et minière de l’Europe.
REC_2024,REC_2024_165,EURO,2024,REC,Bâtir un plan européen de relance de la filière électronucléaire dans le cadre de l’alliance européenne du nucléaire.
REC_2024,REC_2024_166,EURO,2024,REC,Ce plan nécessiterait 500 milliards d’euros et doit ainsi mobiliser les fonds européens et nationaux ainsi que l’épargne des Français et des Européens.
REC_2024,REC_2024_167,EURO,2024,REC,L’objectif étant de ne pas faire reposer le financement du parc nucléaire sur les seuls consommateurs.
REC_2024,REC_2024_168,EURO,2024,REC,"Baisser les factures d’électricité des Français en réduisant les taxes sur l’énergie, en supprimant les règles de concurrence du marché européen de l’électricité qui obligent notamment EDF à vendre un quart de sa production d’électricité à des concurrents artificiels."
REC_2024,REC_2024_169,EURO,2024,REC,Amplifier le financement des programmes de recherche et d’exploitation du sous-sol français et européen pour améliorer la souveraineté minière de l’Europe sur les minerais stratégiques.
REC_2024,REC_2024_170,EURO,2024,REC,Relancer le débat autour de l’exploration des ressources en gaz de schiste afin de réduire la dépendance gazière de la France et de l’Europe avec les États-Unis.
REC_2024,REC_2024_171,EURO,2024,REC,Réussir l’adaptation des Français et des Européens au changement climatique.
REC_2024,REC_2024_172,EURO,2024,REC,Financer un grand plan européen pour le fret ferroviaire et fluvial dans le cadre du mécanisme d’interconnexion européen : soutien en France à l’achèvement du Lyon-Turin.
REC_2024,REC_2024_173,EURO,2024,REC,"Créer les grandes connexions portuaires et ferroviaires pour massifier le report modal, retirer des millions de camions de nos routes et réduire considérablement la pollution atmosphérique."
REC_2024,REC_2024_174,EURO,2024,REC,"Réformer la législation européenne sur l’eau et renforcer les politiques publiques de stockage et de recyclage de l’eau : construction de bassines et de retenues collinaires, rénovation du réseau d’eau potable et traitement et recyclage des eaux usées."
REC_2024,REC_2024_175,EURO,2024,REC,"Réformer la gestion du Fonds européen pour l’innovation en le mettant à la disposition des États (gestion déléguée sur le modèle du plan de relance), concentrer ses moyens vers le numérique, l’IA, l’agriculture du futur, et augmenter son enveloppe de 50 milliards d’euros : 40 milliards d’euros prélevés sur la politique de voisinage et 10 milliards d’euros sur les dépenses administratives de l’UE."
REC_2024,REC_2024_176,EURO,2024,REC,"Faire de l’Europe, le paradis des ingénieurs et de la recherche dans le numérique et l’intelligence artificielle."
REC_2024,REC_2024_177,EURO,2024,REC,"Favoriser l’écosystème entrepreneurial européen, notamment dans le secteur clé de l’IA, comprenant les garde-fous éthiques en conformité avec nos valeurs de civilisation mais sans excès de normes qui nous priverait de toute compétitivité."
REC_2024,REC_2024_178,EURO,2024,REC,Renégocier l’IA Act.
REC_2024,REC_2024_179,EURO,2024,REC,"Viser la souveraineté hardware/software pour les institutions et certains secteurs stratégiques européenne (matériel informatique et cloud européen pour les institutions, lanceurs européens pour les satellites…)."
REC_2024,REC_2024_180,EURO,2024,REC,Relocaliser sur le sol européen les données numériques des sociétés et particuliers européens (construction et sécurisation de data centers assurant notre souveraineté dans ce domaine).
REC_2024,REC_2024_181,EURO,2024,REC,Lancer des programmes de recherche en robotique/IA/numérique et soutenir la modernisation des entreprises spécifiquement pour aider les « métiers en tension » et limiter l’immigration.
REC_2024,REC_2024_182,EURO,2024,REC,"3B CONTRE LE PACTE VERT, EN FINIR AVEC L’INFLATION DES NORMES ET DES TAXES."
REC_2024,REC_2024_183,EURO,2024,REC,Abroger toutes les directives et règlements du Pacte vert.
REC_2024,REC_2024_184,EURO,2024,REC,Revoir les objectifs de la directive Climat sur la neutralité carbone en 2050.
REC_2024,REC_2024_185,EURO,2024,REC,Supprimer l’interdiction de la vente de véhicules thermiques à l’horizon 2035.
REC_2024,REC_2024_186,EURO,2024,REC,Supprimer la directive imposant près de 45% de renouvelable dans la production énergétique européenne.
REC_2024,REC_2024_187,EURO,2024,REC,Supprimer la directive sur la performance énergétique des bâtiments qui risque d’exclure 7 millions de logements du marché de la location.
REC_2024,REC_2024_188,EURO,2024,REC,Supprimer la directive sur les émissions industrielles qui contraint les élevages porcins et volaille de taille intermédiaire.
REC_2024,REC_2024_189,EURO,2024,REC,Abroger la stratégie de la ferme à la fourchette qui risque d’entraîner une baisse de la production agricole de 15 à 20%.
REC_2024,REC_2024_190,EURO,2024,REC,"Introduire le principe de sobriété normative : pour une norme créée, deux normes supprimées."
REC_2024,REC_2024_191,EURO,2024,REC,Réduire considérablement la charge administrative pour les entreprises afin de soutenir le travail au lieu de l’empêcher.
REC_2024,REC_2024_192,EURO,2024,REC,Supprimer tous les financements français et européens de l’éolien (offshore et terrestre).
REC_2024,REC_2024_193,EURO,2024,REC,Protéger la filière photovoltaïque en cessant de subventionner l’achat de solaire chinois produit à prix cassé.
REC_2024,REC_2024_194,EURO,2024,REC,Soutenir nos entreprises avec l’abrogation des directives CSRD et « devoir de vigilance ».
REC_2024,REC_2024_195,EURO,2024,REC,3C SAUVER NOTRE AGRICULTURE ET DÉFENDRE LA FRANCE RURALE.
REC_2024,REC_2024_196,EURO,2024,REC,La Politique agricole commune doit viser la souveraineté alimentaire.
REC_2024,REC_2024_197,EURO,2024,REC,Remplacer l’objectif de verdissement de la PAC par un objectif de souveraineté alimentaire : plus aucune législation ne doit entrer en vigueur si elle entraîne une baisse de la production agricole en France et en Europe.
REC_2024,REC_2024_198,EURO,2024,REC,"Faire cesser la politique de conversion vers l’agriculture biologique dans les filières en tension et abandonner l’objectif de 25% de la production agricole en bio, inatteignable et inadapté à la réalité de l’offre et de la demande."
REC_2024,REC_2024_199,EURO,2024,REC,Stopper les décisions d’interdiction des produits phytosanitaires sans études d’impact économique et sans alternative fiable et supprimer le plan Ecophyto.
REC_2024,REC_2024_200,EURO,2024,REC,"Valoriser la recherche scientifique pour favoriser l’émergence de technologies alternatives au glyphosate (molécule photosensible, laser désherbant)."
REC_2024,REC_2024_201,EURO,2024,REC,"Supprimer définitivement la conditionnalité des aides PAC au respect des nouvelles règles environnementales (ratio prairie, rotation des cultures, jachères)."
REC_2024,REC_2024_202,EURO,2024,REC,L’ensemble de ces obligations doit devenir incitatif et être intégré au mécanisme des éco-régimes.
REC_2024,REC_2024_203,EURO,2024,REC,"Réviser le système des éco-régimes dans l’Union Européenne pour le rendre plus incitatif, en introduisant plus de flexibilité et des incitations financières renforcées."
REC_2024,REC_2024_204,EURO,2024,REC,"Cette réforme comprendrait l’adaptation des exigences environnementales aux spécificités régionales, et la simplification des procédures administratives pour l’accès aux subventions."
REC_2024,REC_2024_205,EURO,2024,REC,Cette réforme doit permettre de passer d’une logique de contrainte à une logique incitative.
REC_2024,REC_2024_206,EURO,2024,REC,"Ces dispositions répondent à un triple objectif : Plus de flexibilité réglementaire : permettre aux États membres d’adapter les exigences des éco-régimes aux spécificités régionales, augmentant ainsi l’adhésion des agriculteurs en tenant compte de leurs réalités opérationnelles."
REC_2024,REC_2024_207,EURO,2024,REC,Renforcement des incitations financières : aiguiller les subventions et les soutiens financiers pour les agriculteurs qui s’engagent volontairement dans les pratiques durables prescrites par les éco-régimes.
REC_2024,REC_2024_208,EURO,2024,REC,"Simplification administrative : réduire la complexité des procédures administratives pour accéder aux subventions, notamment en intégrant les financements dans une grande dotation «transition écologique» contractualisée."
REC_2024,REC_2024_209,EURO,2024,REC,"Cette proposition a pour but de rendre les politiques environnementales plus équitables et efficaces, en assurant que les agriculteurs ne se sentent pas pénalisés mais soutenus dans leurs efforts de transition."
REC_2024,REC_2024_210,EURO,2024,REC,"Réformer la politique commune de la pêche pour sauver la pêche française : Fixer comme objectif à la PCP, la lutte contre la dépendance de l’Europe aux importations de poissons."
REC_2024,REC_2024_211,EURO,2024,REC,Supprimer la compétence exclusive de la Commission en matière de gestion des stocks de ressources halieutiques pour que les États et les pêcheurs soient associés au processus de décision.
REC_2024,REC_2024_212,EURO,2024,REC,"Protéger nos agriculteurs de la concurrence déloyale Défendre l’exception agricole française et européenne et instaurer un moratoire sur le volet agricole des traités de libre-échange avec le Canada, la Nouvelle-Zélande et le Chili."
REC_2024,REC_2024_213,EURO,2024,REC,Défendre partout l’introduction et le respect des clauses de réciprocité : aucun produit agricole ne peut faire l’objet d’une exemption douanière s’il ne respecte pas les mêmes standards environnementaux et sanitaires en vigueur en Europe.
REC_2024,REC_2024_214,EURO,2024,REC,Instaurer la priorité nationale dans les marchés publics de la restauration scolaire.
REC_2024,REC_2024_215,EURO,2024,REC,Rétablir les droits de douane sur l’importation de produits agricoles ukrainiens en abrogeant l’accord sur la prolongation des mesures de libéralisation des échanges avec l’Ukraine.
REC_2024,REC_2024_216,EURO,2024,REC,"Mentionner sur tous les produits agricoles, sans exception et sans limite de seuil, l’origine des ingrédients qui les composent, qu’importe qu’ils soient frais ou transformés."
REC_2024,REC_2024_217,EURO,2024,REC,Faire cesser les distorsions de concurrence intra-européennes liées aux surtranspositions de directives européennes s’agissant des conditions de production agricole.
REC_2024,REC_2024_218,EURO,2024,REC,Défendre la France rurale contre l’extrémisme vert et l’offensive antispéciste.
REC_2024,REC_2024_219,EURO,2024,REC,"Soutien à la création, au Parlement européen, de l’intergroupe biodiversité, chasse et campagne."
REC_2024,REC_2024_220,EURO,2024,REC,"Réforme des directives « Oiseaux » et « Habitats » afin de renforcer les capacités de régulation des espèces dont le niveau de conservation est jugé satisfaisant (impact du grand cormoran sur les populations piscicoles, lutte contre la prédation du loup)."
REC_2024,REC_2024_221,EURO,2024,REC,"Opposition à toutes les offensives antispécistes et animalistes dans le cadre de la réforme des directives sur le bien-être animal ou des attaques contre la chasse, la pêche et les traditions rurales."
REC_2024,REC_2024_222,EURO,2024,REC,3C RÉARMER L’ÉCONOMIE EUROPÉENNE ET DÉFENDRE LA PUISSANCE FRANÇAISE.
REC_2024,REC_2024_223,EURO,2024,REC,"Contre l’IRA (Inflation reduction act) américain, bâtir un plan de protection des intérêts industriels de la France et de l’Europe : Mettre en oeuvre une préférence européenne (Buy european act) pour favoriser la production européenne."
REC_2024,REC_2024_224,EURO,2024,REC,"Instaurer une préférence nationale et communautaire dans l’emploi des fonds européens (FEDER, Fonds européen pour l’innovation) : chaque euro de la politique de cohésion doit bénéficier, en priorité, aux entreprises françaises et européennes."
REC_2024,REC_2024_225,EURO,2024,REC,"Par exemple, le FEDER ne pourra plus financer un projet de ferme photovoltaïque avec des panneaux solaires fabriqués en Chine."
REC_2024,REC_2024_226,EURO,2024,REC,"Rendre impossible le financement des achats d’équipements militaires et d’industrie de défense non-européens par des fonds européens, que ce soit via la FEP ou le FEDef, Assouplir la législation sur les aides d’Etat (relèvement du plafond d’aide publique jusqu’à 300 millions d’euros) dans les investissements stratégiques – automobile, nucléaire, technologies vertes, industrie nucléaire – pour empêcher la délocalisation de grandes entreprises aux États-Unis."
REC_2024,REC_2024_227,EURO,2024,REC,"Mieux protéger notre marché pour mieux protéger nos entreprises : plus de contrôles de nos importations pour faire respecter les clauses de réciprocité dites « miroir » pour assurer qu’elles respectent vraiment nos normes et ne créent pas de concurrence déloyale, exiger plus de traçabilité et un meilleur étiquetage de nos partenaires commerciaux."
REC_2024,REC_2024_228,EURO,2024,REC,"Contre le dumping chinois, imposer le marquage d’origine « fabriqué en Chine » sur tous les produits manufacturiers et relever les droits de douane aux frontières de l’Europe : relèvement du tarif douanier à 50%, contre 10% actuellement sur les véhicules électriques chinois."
REC_2024,REC_2024_229,EURO,2024,REC,Mettre en oeuvre un moratoire sur les accords de libre-échange (ALE) et établir un audit coûts/bénéfice des ALE actuels en vue de leur renégociation.
REC_2024,REC_2024_230,EURO,2024,REC,"Abroger la directive européenne sur le détachement des travailleurs pour faire cesser la concurrence déloyale intracommunautaire et promouvoir la préférence nationale et européenne à l’embauche, notamment dans les métiers en tension."
REC_2024,REC_2024_231,EURO,2024,REC,Libérer les Européens de la propagande woke et relancer la natalité européenne.
REC_2024,REC_2024_232,EURO,2024,REC,Constat et analyse : Derrière l’encouragement à l’immigration de masse par les institutions européennes se cache un constat fataliste inacceptable : l’effondrement de la natalité européenne devrait être compensé par une immigration destinée à assurer l’équilibre de nos systèmes de retraite et de protection sociale.
REC_2024,REC_2024_233,EURO,2024,REC,L’absence de dynamisme démographique condamne à moyen terme les nations et même une civilisation à la mort lente mais certaine.
REC_2024,REC_2024_234,EURO,2024,REC,"Plutôt que ce choix désastreux qui consisterait finalement à sortir de l’Histoire, il faut assurer le renouvellement démographique des Européens par des politiques d’encouragement à la natalité, des mesures sociales et fiscales incitatives, la promotion de la famille et de sa place dans la société ainsi que la protection des enfants."
REC_2024,REC_2024_235,EURO,2024,REC,"De plus, le grand dogme européiste de la « libre circulation des hommes, des capitaux et des biens » aboutit à la libre circulation à l’échelle continentale des criminels, des trafiquants, des armes et de la drogue."
REC_2024,REC_2024_236,EURO,2024,REC,"Le fort pouvoir d’achat des Européens (comparativement aux autres grands ensembles économiques mondiaux), le laxisme judiciaire conduisant à l’impunité pour les délinquants et un continent aux frontières poreuses, font de l’Europe la première cible commerciale de la planète pour l’écoulement de la drogue."
REC_2024,REC_2024_237,EURO,2024,REC,"C’était vrai s’agissant des drogues présentées à tort comme « douces » et provenant largement du Maghreb, mais ça l’est aujourd’hui s’agissant en particulier de la cocaïne produite dans le continent sud-américain et qui inonde désormais le marché européen en transitant par les ports antillais (Fort-de France) puis les grands ports européens (Le Havre, Marseille, Anvers, Zebrugge, Rotterdam)."
REC_2024,REC_2024_238,EURO,2024,REC,Ce pullulement de drogues sur le continent européen constitue un danger mortel pour notre jeunesse et un signe supplémentaire de désagrégation et de la déliquescence de notre société européenne occidentale.
REC_2024,REC_2024_239,EURO,2024,REC,Le sujet est suffisamment grave pour l’ériger en grande cause européenne.
REC_2024,REC_2024_240,EURO,2024,REC,4A PROTÉGER NOS ENFANTS DE LA PROPAGANDE WOKE ET DE L’ACTIVISME LGBT.
REC_2024,REC_2024_241,EURO,2024,REC,"Interdire toute campagne européenne faisant la promotion de l’idéologie woke (Guide de la communication inclusive de la Commissaire à l’égalité Helena Dalli, campagne de la Commission « la liberté est dans le Hijab »)."
REC_2024,REC_2024_242,EURO,2024,REC,Supprimer tout financement au wokisme et aux associations militantes LGBT comme les programmes « intersectionnels » d’Horizon Europe.
REC_2024,REC_2024_243,EURO,2024,REC,Obtenir l’abolition de la GPA dans tous les États membres de l’Union européenne.
REC_2024,REC_2024_244,EURO,2024,REC,Réaffirmer la liberté d’expression comme valeur cardinale et non-négociable.
REC_2024,REC_2024_245,EURO,2024,REC,"Garantir la liberté d’expression la plus large possible, sans biais politiquement corrects qui servent souvent à déguiser la censure (cf. loi Avia avortée, projet européen d’ériger les « discours de haine » en infraction pénale transnationale, guerre du Commissaire Thierry Breton contre Elon Musk, etc.)."
REC_2024,REC_2024_246,EURO,2024,REC,4B PROTÉGER NOTRE JEUNESSE : REMPORTER LA BATAILLE EUROPÉENNE CONTRE LA DROGUE.
REC_2024,REC_2024_247,EURO,2024,REC,"Renforcer les coopérations européennes, douanières, policières et judiciaires contre la drogue."
REC_2024,REC_2024_248,EURO,2024,REC,"Constituer une coordination européenne anti-drogue regroupant des policiers, des douaniers et des militaires détachés par les États dans tous les sites sensibles d’arrivée ou de transit des stupéfiants (ports, aéroports, grands axes autoroutiers)."
REC_2024,REC_2024_249,EURO,2024,REC,Augmenter massivement le contrôle des marchandises dans les ports européens.
REC_2024,REC_2024_250,EURO,2024,REC,"Cela ne pourra se faire qu’au prix d’un ralentissement des échanges internationaux, en cohérence avec la lutte contre la concurrence déloyale et une remise en question du libre-échange mondialisé et anti-écologique."
REC_2024,REC_2024_251,EURO,2024,REC,"Mettre en oeuvre un mécanisme de sanctions contre les pays, sociétés et personnalités (avec saisie des biens) qui entretiennent des liens avec les multinationales de la drogue, en particulier dans le continent sud-américain et au Maghreb."
REC_2024,REC_2024_252,EURO,2024,REC,"4C LA NATALITÉ, GRANDE CAUSE EUROPÉENNE."
REC_2024,REC_2024_253,EURO,2024,REC,"Pour l’avenir de l’Europe, des enfants plutôt que des migrants !"
REC_2024,REC_2024_254,EURO,2024,REC,"Lancer de grandes campagnes européennes de soutien aux familles (comme cela a été fait en Italie, en Pologne et en Hongrie) pour que le nombre d’enfants se rapproche du désir d’enfants."
REC_2024,REC_2024_255,EURO,2024,REC,"Inciter les États membres à mettre en oeuvre des mesures sociales et fiscales encourageant la natalité (prêts d’État à taux zéro pour l’accession des familles à la propriété, primes de naissance, abattements fiscaux, etc.) et déduire du calcul du déficit de chaque État 50% des dépenses de politique familiale du budget des administrations publiques en les considérant comme des investissements d’avenir."
REC_2024,REC_2024_256,EURO,2024,REC,Réorienter le fonds social européen vers les politiques de soutien à la natalité et d’aide à la conciliation vie professionnelle/ vie familiale.
REC_2024,REC_2024_257,EURO,2024,REC,Inciter les établissements accueillant du public à créer des espaces pour les enfants (ce qui se fait dans les pays nordiques ou d’Europe centrale).
REC_2024,REC_2024_258,EURO,2024,REC,Réserver ERASMUS aux jeunes Européens et introduire un coût financier avantageux pour les familles nombreuses.
REC_2024,REC_2024_259,EURO,2024,REC,"Mettre en oeuvre une grande campagne européenne de prévention contre les trois fléaux majeurs qui menacent la santé mentale et physique de la jeunesse européenne : les drogues, l’addiction aux écrans et l’exposition à la pornographie."
REC_2024,REC_2024_260,EURO,2024,REC,NOS 10 COMBATS POUR L’EUROPE DES NATIONS ET DE LA CIVILISATION.
REC_2024,REC_2024_261,EURO,2024,REC,"NON À L’ISLAMISATION DE L’EUROPE, nterdiction des Frères musulmans, fermeture des mosquées radicales."
REC_2024,REC_2024_262,EURO,2024,REC,BLOCUS NAVAL CONTRE L’IMMIGRATION en Méditerranée et lutte contre les ONG complices des passeurs de migrants.
REC_2024,REC_2024_263,EURO,2024,REC,"EXPULSION ET REMIGRATION des clandestins, des délinquants et islamistes étrangers."
REC_2024,REC_2024_264,EURO,2024,REC,"REFUS DE TOUT IMPÔT EUROPÉEN et du super-État fédéral, préservation du droit de véto de la France."
REC_2024,REC_2024_265,EURO,2024,REC,"LIBERTÉ POUR LES ENTREPRISES face aux normes, aux taxes et aux contrôles qui tuent notre compétitivité."
REC_2024,REC_2024_266,EURO,2024,REC,SOUTIEN À NOS AGRICULTEURS face au Pacte vert et à la concurrence déloyale.
REC_2024,REC_2024_267,EURO,2024,REC,DÉFENSE DE NOTRE EXCELLENCE NUCLÉAIRE et de notre indépendance énergétique pour baisser le prix de él’lectricité.
REC_2024,REC_2024_268,EURO,2024,REC,PRIORITÉ NATIONALE ET EUROPÉENNE dans les marchés publics et les commandes locales.
REC_2024,REC_2024_269,EURO,2024,REC,ABOLITION DE LA GPA et vraie politique de soutien aux familles et à la natalité.
REC_2024,REC_2024_270,EURO,2024,REC,PROTECTION DE NOS ENFANTS face à la propagande woke et l’activisme LGBT.
REC_2024,REC_2024_271,EURO,2024,REC,Votez Marion.
REC_2024,REC_2024_272,EURO,2024,REC,La France fière.
REC_2024,REC_2024_273,EURO,2024,REC,MARION MARÉCHAL AVEC ÉRIC ZEMMOUR et Reconquête.
REN_2024,REN_2024_1,EURO,2024,REN,Elections européennes du 9 juin 2024.
REN_2024,REN_2024_2,EURO,2024,REN,Notre projet.
REN_2024,REN_2024_3,EURO,2024,REN,Valérie Hayer.
REN_2024,REN_2024_4,EURO,2024,REN,"Le 9 juin, nous avons besoin d'Europe."
REN_2024,REN_2024_5,EURO,2024,REN,"On l’a dit, on l’a fait 1/ Protéger nos concitoyens et nos économies de la pandémie de la Covid-19, nous l’avons fait : avec l’achat commun de vaccins et leur production en Europe ; avec le plus grand plan de relance et de réindustrialisation de l’histoire européenne."
REN_2024,REN_2024_6,EURO,2024,REN,"2/ Faire de l’Europe la première puissance verte, nous l’avons fait : en taxant le carbone des produits importés, avec 1 000 milliards d’euros dans la croissance verte, avec une Europe neutre en carbone en 2050."
REN_2024,REN_2024_7,EURO,2024,REN,"3/ Faire de l’Europe de la défense une réalité, nous l’avons fait : avec le premier budget militaire commun et un soutien sans faille à l’Ukraine face à l’agression russe."
REN_2024,REN_2024_8,EURO,2024,REN,"4/ Faire reculer le dumping social et fiscal, nous l’avons fait : désormais, c’est à « travail égal, salaire égal » pour les travailleurs détachés ; c’est une taxe minimale de 15% pour les multinationales."
REN_2024,REN_2024_9,EURO,2024,REN,"5/ Agir avec fermeté sur les migrations, nous l’avons fait : avec le recrutement de 10 000 garde-frontières et le Pacte asile et migration pour filtrer les migrants dès leur arrivée."
REN_2024,REN_2024_10,EURO,2024,REN,"6/ Réguler les géants du numérique, nous l’avons fait : pour lutter contre la diffusion des discours de haine et leur imposer le retrait des contenus terroristes."
REN_2024,REN_2024_11,EURO,2024,REN,"Le 9 juin prochain, vous élirez des députés européens qui porteront résolument l’ambition de faire de l’Europe une puissance pleinement indépendante."
REN_2024,REN_2024_12,EURO,2024,REN,Retrouvez notre bilan complet sur besoindeurope/fr/notre-bilan.
REN_2024,REN_2024_13,EURO,2024,REN,Ce constat que nous avons posé dès 2017 s’est concrétisé ces dernières années.
REN_2024,REN_2024_14,EURO,2024,REN,"Face à ceux qui gardent pour ambition de défaire le projet européen, nous l’avons défendu et même renforcé."
REN_2024,REN_2024_15,EURO,2024,REN,"Ces dernières années, sous l’impulsion de la France, l’Europe a fait face aux crises."
REN_2024,REN_2024_16,EURO,2024,REN,C’est grâce à l’Europe que nous avons pu bénéficier des vaccins au moment de la Covid-19 et sauver des milliers de vies.
REN_2024,REN_2024_17,EURO,2024,REN,C’est grâce à l’Europe et aux 800 milliards d’euros injectés par le plan de relance que nous avons protégé notre économie.
REN_2024,REN_2024_18,EURO,2024,REN,C’est grâce à l’Europe et à son soutien militaire et financier sans faille que l’Ukraine résiste héroïquement.
REN_2024,REN_2024_19,EURO,2024,REN,"Pour recouvrer sa souveraineté, mais aussi pour notre sécurité et nos valeurs."
REN_2024,REN_2024_20,EURO,2024,REN,"Et c’est grâce à l’Europe, enfin, que nous sommes devenus le territoire le plus en pointe dans la lutte contre le changement climatique dans le monde."
REN_2024,REN_2024_21,EURO,2024,REN,"Alors que la guerre frappe à nos portes, que la crise climatique s’accélère et que la révolution technologique affecte notre quotidien, c’est de nouveau grâce à l’Europe que nous réussirons."
REN_2024,REN_2024_22,EURO,2024,REN,"Voilà pourquoi nous avons élaboré un projet ambitieux pour permettre à nos compatriotes de vivre en sécurité, de préserver leur pouvoir d’achat et de garantir leur santé ; pour permettre à la France de façonner le visage de l’Europe et de peser ainsi sur l’équilibre du monde."
REN_2024,REN_2024_23,EURO,2024,REN,Un projet de reprise de contrôle de notre destin français et européen d’ici à 2030.
REN_2024,REN_2024_24,EURO,2024,REN,Un projet de souveraineté.
REN_2024,REN_2024_25,EURO,2024,REN,Il s’agit à la fois de nous prémunir des agressions extérieures en défendant nos frontières et nos principes.
REN_2024,REN_2024_26,EURO,2024,REN,Car nous avons besoin d’une Europe de la protection.
REN_2024,REN_2024_27,EURO,2024,REN,"Et de renouer avec cette Histoire qui par le passé a fait de l’Europe une avantgarde en matière scientifique, industrielle, technologique et culturelle."
REN_2024,REN_2024_28,EURO,2024,REN,Car nous avons besoin d’une Europe de progrès.
REN_2024,REN_2024_29,EURO,2024,REN,"Parce que nous ne nous résoudrons jamais à nous faire imposer par d’autres nos valeurs, nos technologies, nos imaginaires, parce qu’il n’y aura pas de France forte sans Europe puissante, nous poursuivrons sans relâche notre combat en faveur de l’indépendance de l’Europe."
REN_2024,REN_2024_30,EURO,2024,REN,"Avec l’Europe, la France est plus forte."
REN_2024,REN_2024_31,EURO,2024,REN,"Le 9 juin, nous avons Besoin d’Europe."
REN_2024,REN_2024_32,EURO,2024,REN,NOTRE 1er COMBAT.
REN_2024,REN_2024_33,EURO,2024,REN,"Faire de l’Europe une puissance forte, sûre et indépendante."
REN_2024,REN_2024_34,EURO,2024,REN,"Par sa violence et son ampleur, l’agression russe contre l’Ukraine marque une rupture historique."
REN_2024,REN_2024_35,EURO,2024,REN,"Dans les domaines de la défense et de l’énergie, comme pour notre sécurité, nous ne pouvons plus nous permettre de dépendre des autres."
REN_2024,REN_2024_36,EURO,2024,REN,Nous devons prendre pleinement le contrôle de notre destin.
REN_2024,REN_2024_37,EURO,2024,REN,DÉFENSE ET DIPLOMATIE.
REN_2024,REN_2024_38,EURO,2024,REN,1/ Réussir le réarmement de l’Europe avec des budgets de défense à la hauteur des menaces et un Fonds européen de soutien aux industries de défense pour les développer.
REN_2024,REN_2024_39,EURO,2024,REN,Ces nouveaux budgets financeront des productions européennes pour nos armées.
REN_2024,REN_2024_40,EURO,2024,REN,"Les États-Unis dépensent 800 milliards d’euros par an pour leur défense, et l’Europe 270."
REN_2024,REN_2024_41,EURO,2024,REN,"Pour acquérir les équipements et développer nos industries, nous devrons."
REN_2024,REN_2024_42,EURO,2024,REN,"Au niveau européen, investir 100 milliards d’euros et mobiliser la Banque européenne d’investissement."
REN_2024,REN_2024_43,EURO,2024,REN,"Pour chaque pays, atteindre les 2% du PIB d’ici 2025 puis viser 3% d’ici 2030, comme la France."
REN_2024,REN_2024_44,EURO,2024,REN,"2/ Instaurer une Force de réaction rapide européenne pour des missions d’urgence, l’évacuation de ressortissants ou encore la protection de nos routes maritimes."
REN_2024,REN_2024_45,EURO,2024,REN,"3/ Poursuivre nos initiatives diplomatiques en faveur de la paix et de la liberté en Europe, au Proche et Moyen-Orient et notre soutien militaire dans la durée à l’Ukraine."
REN_2024,REN_2024_46,EURO,2024,REN,ÉNERGIE.
REN_2024,REN_2024_47,EURO,2024,REN,4/ Faire de l’Europe le premier continent à l’électricité décarbonée avec la sortie des énergies fossiles avant 2050 grâce au nucléaire et aux énergies renouvelables.
REN_2024,REN_2024_48,EURO,2024,REN,Nous en finirons aussi avec l’énergie russe d’ici 2025.
REN_2024,REN_2024_49,EURO,2024,REN,5/ Déployer l’énergie nucléaire dans les pays européens volontaires par des investissements massifs.
REN_2024,REN_2024_50,EURO,2024,REN,L’Europe doit la financer activement et lancer un grand projet industriel de réacteurs et de compétences.
REN_2024,REN_2024_51,EURO,2024,REN,La production doit tripler d’ici 2050.
REN_2024,REN_2024_52,EURO,2024,REN,Il en va de notre avenir climatique et industriel.
REN_2024,REN_2024_53,EURO,2024,REN,SÉCURITÉ INTÉRIEURE.
REN_2024,REN_2024_54,EURO,2024,REN,"6/ Établir un Conseil européen de sécurité intérieure et accroître la coopération des polices et services de justice contre le terrorisme, le trafic de drogue et la pédocriminalité."
REN_2024,REN_2024_55,EURO,2024,REN,7/ Renforcer la lutte contre le terrorisme et l’islamisme radical en mutualisant les renseignements sur les individus radicalisés identifiés en Europe et en s’assurant qu’aucune subvention n’aille à des associations aux valeurs contraires aux nôtres.
REN_2024,REN_2024_56,EURO,2024,REN,MAÎTRISE DE NOS FRONTIÈRES.
REN_2024,REN_2024_57,EURO,2024,REN,"8/ Mieux contrôler nos frontières, appliquer les procédures de filtrage et d’enregistrement, et accroître le nombre de garde-frontières et garde-côtes européens jusqu’à 30 000 pour appuyer les États membres dans les contrôles et expulsions."
REN_2024,REN_2024_58,EURO,2024,REN,9/Négocier des accords stratégiques entre les pays européens et les pays d’origine pour le retour des migrants en situation irrégulière.
REN_2024,REN_2024_59,EURO,2024,REN,"En cas de non-coopération, mettre en place des mesures de rétorsion comme la baisse des visas accordés par l’Europe."
REN_2024,REN_2024_60,EURO,2024,REN,"En parallèle, nous renforcerons l’accompagnement aux retours volontaires."
REN_2024,REN_2024_61,EURO,2024,REN,Objectif : doubler le nombre de retours jusqu’à 200 000 par an.
REN_2024,REN_2024_62,EURO,2024,REN,10/ Octroyer 100 000 visas prioritaires au sein de l’Europe dans les métiers en tension et pour les talents étrangers (chercheurs et entrepreneurs).
REN_2024,REN_2024_63,EURO,2024,REN,NOTRE 2e  COMBAT.
REN_2024,REN_2024_64,EURO,2024,REN,"Faire de l’Europe une puissance écologique, économique et sociale."
REN_2024,REN_2024_65,EURO,2024,REN,L’Europe est la 2e  puissance économique du monde.
REN_2024,REN_2024_66,EURO,2024,REN,"Pour le rester, elle doit redevenir un continent de production."
REN_2024,REN_2024_67,EURO,2024,REN,"Pour cela, il faut se faire respecter : nos normes, nos principes ne sont pas négociables."
REN_2024,REN_2024_68,EURO,2024,REN,Il faut aussi investir : c’est dans une alliance entre investissement public et privé que nous serons à l’avant-garde de la croissance et des transitions de l’industrie verte et du numérique.
REN_2024,REN_2024_69,EURO,2024,REN,11/ Mettre en œuvre un Plan Europe 2030.
REN_2024,REN_2024_70,EURO,2024,REN,"Il complètera le Pacte vert et mettra l’accent sur l’investissement, pour une « écologie à l’européenne », faite de croissance, de production et d’innovation."
REN_2024,REN_2024_71,EURO,2024,REN,Énergie : 5 ans pour les premiers petits réacteurs nucléaires européens (plus aisés à installer et avec moins de déchets).
REN_2024,REN_2024_72,EURO,2024,REN,"Transports : d’ici 2030, 10 millions de véhicules propres produits en Europe, un avion vert européen, le doublement de la part du fret ferroviaire et des trains de nuit."
REN_2024,REN_2024_73,EURO,2024,REN,"Numérique : 5 ans pour des capacités de calcul de rang mondial, dont 3 des 5 supercalculateurs parmi les plus puissants au monde."
REN_2024,REN_2024_74,EURO,2024,REN,"Santé et recherche : un plan Marie Curie massif pour des vaccins et traitements européens contre le cancer, les maladies dégénératives, dont la maladie d’Alzheimer, et la recherche sur l’autisme."
REN_2024,REN_2024_75,EURO,2024,REN,Espace : une nouvelle génération de lanceurs réutilisables et une mission lunaire européenne.
REN_2024,REN_2024_76,EURO,2024,REN,"Par un choc d’investissements et de financements : Mobiliser 1 000 milliards d’euros d’investissements pour faire face aux chocs écologique, technologique et sécuritaire."
REN_2024,REN_2024_77,EURO,2024,REN,"Les fonds publics s’appuieront notamment sur un emprunt commun de long terme, remboursé par de nouvelles ressources."
REN_2024,REN_2024_78,EURO,2024,REN,"L’investissement privé s’appuiera sur une « Union de l’épargne et de l’investissement », pour permettre à l’épargne européenne d’être investie en Europe dans l’innovation et les transitions verte et numérique."
REN_2024,REN_2024_79,EURO,2024,REN,Créer un livret d’épargne européen pour orienter l’épargne réglementée vers l’investissement et la production en Europe.
REN_2024,REN_2024_80,EURO,2024,REN,"Par un choc de compétitivité et de simplification : Instaurer la règle « 1 adoptée, 1 supprimée » pour les normes et une réduction de 25% de la charge administrative au niveau européen."
REN_2024,REN_2024_81,EURO,2024,REN,Simplifier l’accès aux financements européens et créer un code européen des affaires.
REN_2024,REN_2024_82,EURO,2024,REN,Par un choc de compétences : Mettre en place un compte personnel de formation européen pour se former partout en Europe.
REN_2024,REN_2024_83,EURO,2024,REN,"Assurer la reconnaissance mutuelle des diplômes, notamment professionnels."
REN_2024,REN_2024_84,EURO,2024,REN,TRANSITION ÉCOLOGIQUE.
REN_2024,REN_2024_85,EURO,2024,REN,"12/ Pour diviser par deux les pesticides d’ici 2030, accélérer la mise sur le marché des nouveaux produits utilisant des mécanismes naturels (biocontrôle) et les nouvelles techniques génomiques."
REN_2024,REN_2024_86,EURO,2024,REN,13/ Mettre en œuvre un “Pacte bleu”.
REN_2024,REN_2024_87,EURO,2024,REN,"Comme la France, l’Europe doit s’opposer à toute exploitation minière des grands fonds marins et viser la fin des plastiques inutiles et nocifs, et 100% de plastique recyclable contre 15% aujourd’hui."
REN_2024,REN_2024_88,EURO,2024,REN,"14/ Dans le cadre d’une stratégie d’adaptation aux chocs climatiques, doubler les moyens de la Force européenne de protection civile, y compris en Canadairs."
REN_2024,REN_2024_89,EURO,2024,REN,Elle a fait ses preuves face aux récentes catastrophes naturelles.
REN_2024,REN_2024_90,EURO,2024,REN,"15/ Étendre la taxe carbone aux frontières à de nouveaux secteurs, comme l’automobile."
REN_2024,REN_2024_91,EURO,2024,REN,"À partir de 2026, le ciment ou l’acier importés, très polluants, seront taxés."
REN_2024,REN_2024_92,EURO,2024,REN,16/ Renforcer la politique européenne de bien-être des animaux : interdiction des fermes-usines de chiots et chatons et des maltraitances (ablation des queues et des cordes vocales) ; respect de nos règles de bienêtre pour les animaux en provenance de pays tiers.
REN_2024,REN_2024_93,EURO,2024,REN,"AGRICULTURE, PÊCHE ET ALIMENTATION."
REN_2024,REN_2024_94,EURO,2024,REN,"17/ Après avoir porté le budget de la Politique agricole commune à un niveau historique pour nos agriculteurs, simplifier les procédures et uniformiser les contrôles entre pays européens."
REN_2024,REN_2024_95,EURO,2024,REN,18/ Adopter un Egalim européen pour compléter la loi française et assurer des revenus dignes à nos agriculteurs.
REN_2024,REN_2024_96,EURO,2024,REN,19/ Adopter la « préférence locale » et privilégier les circuits courts et les produits locaux en faisant évoluer les règles des marchés publics.
REN_2024,REN_2024_97,EURO,2024,REN,"20/ Assurer le maintien des licences de pêche françaises et européennes pour l’accès aux eaux britanniques, lors de la renégociation des accords du Brexit."
REN_2024,REN_2024_98,EURO,2024,REN,COMMERCE.
REN_2024,REN_2024_99,EURO,2024,REN,21/ Imposer un bouclier commercial européen.
REN_2024,REN_2024_100,EURO,2024,REN,Des droits de douane automatiques et massifs en réponse à tout tarif douanier contre les entreprises européennes (réduire les délais et imposer des tarifs dissuasifs en cas d’attaques commerciales comme celles réalisées par Donald Trump).
REN_2024,REN_2024_101,EURO,2024,REN,"Des produits importés avec les mêmes règles (« règles miroirs ») que celles de nos entreprises et agriculteurs, via une loi européenne qui s’appliquera à tous."
REN_2024,REN_2024_102,EURO,2024,REN,La fin des négociations avec les pays ne respectant pas les Accords de Paris sur le climat et de Montréal sur la biodiversité.
REN_2024,REN_2024_103,EURO,2024,REN,"Pour ces raisons, l’accord actuel avec le Mercosur sera abandonné."
REN_2024,REN_2024_104,EURO,2024,REN,22/ Créer un Frontex sanitaire pour contrôler le respect de nos normes sanitaires et environnementales dans nos grands ports et aéroports.
REN_2024,REN_2024_105,EURO,2024,REN,23/ Adopter la « préférence européenne » (Buy European Act).
REN_2024,REN_2024_106,EURO,2024,REN,Toute aide publique doit être conditionnée à une obligation de localiser ou rapatrier une partie de la production en Europe.
REN_2024,REN_2024_107,EURO,2024,REN,Tout marché public doit privilégier la production européenne.
REN_2024,REN_2024_108,EURO,2024,REN,JUSTICE SOCIALE ET FISCALE.
REN_2024,REN_2024_109,EURO,2024,REN,"24/ Pour éliminer le dumping social, imposer le respect de critères sociaux (salaires et cotisations sociales minimales) pour l’accès aux fonds européens."
REN_2024,REN_2024_110,EURO,2024,REN,25/ Accompagner la reconversion vers les métiers de demain.
REN_2024,REN_2024_111,EURO,2024,REN,L’Europe complètera les financements des systèmes nationaux et créera un espace européen de l’apprentissage et de la formation professionnelle.
REN_2024,REN_2024_112,EURO,2024,REN,26/ Lancer un nouveau Pacte européen des solidarités en augmentant les aides européennes pour les associations caritatives.
REN_2024,REN_2024_113,EURO,2024,REN,L’Union européenne finance déjà 1 repas sur 4 distribués par Les Restos du Cœur.
REN_2024,REN_2024_114,EURO,2024,REN,"27/ Comme nous l’avons fait pour les très grandes entreprises, défendre en Européens une taxation minimale des plus grands patrimoines au sein du G20, la seule échelle efficace."
REN_2024,REN_2024_115,EURO,2024,REN,"SANTÉ, BIEN VIEILLIR ET HANDICAP."
REN_2024,REN_2024_116,EURO,2024,REN,28/ Adopter une loi européenne pour relocaliser la production des médicaments stratégiques.
REN_2024,REN_2024_117,EURO,2024,REN,"Pour le pouvoir d’achat, comme lors de la Covid-19, des achats communs au sein d’une Alliance européenne réduiront les prix."
REN_2024,REN_2024_118,EURO,2024,REN,29/ Accélérer la mise en accessibilité des bâtiments de services publics et les logements pour les personnes en situation de handicap dans toute l’Europe.
REN_2024,REN_2024_119,EURO,2024,REN,NOTRE 3e  COMBAT.
REN_2024,REN_2024_120,EURO,2024,REN,Défendre le modèle européen et nos valeurs.
REN_2024,REN_2024_121,EURO,2024,REN,"Nous sommes les héritiers d’un idéal européen de paix, de liberté et de prospérité qui a façonné le visage du monde et qu’il nous revient de prolonger."
REN_2024,REN_2024_122,EURO,2024,REN,Nous continuerons de forger l’avenir et de façonner les imaginaires.
REN_2024,REN_2024_123,EURO,2024,REN,Pour unir les Européens et faire rêver notre jeunesse.
REN_2024,REN_2024_124,EURO,2024,REN,DROITS DES FEMMES.
REN_2024,REN_2024_125,EURO,2024,REN,"30/ Alors que les populistes menacent ce droit, protéger le recours à l’IVG en l’inscrivant dans la Charte européenne des droits fondamentaux et permettre aux Européennes qui ne peuvent y avoir accès dans leur pays d’être prises en charge dans toute l’Union grâce à la Carte européenne d’assurance maladie."
REN_2024,REN_2024_126,EURO,2024,REN,"31/ Poursuivre le Pacte Simone Veil, lancé en 2019 à notre initiative, en généralisant les politiques les plus protectrices pour les femmes."
REN_2024,REN_2024_127,EURO,2024,REN,"Nous établirons la parité dans les institutions, les agences européennes et les listes aux élections européennes."
REN_2024,REN_2024_128,EURO,2024,REN,DROITS FONDAMENTAUX ET NOUVEAUX DROITS.
REN_2024,REN_2024_129,EURO,2024,REN,"32/ Mieux protéger nos enfants avec la majorité numérique à 15 ans sur les réseaux sociaux, le contrôle parental par défaut sur les mobiles et la vérification systématique de l’âge pour l’accès aux sites internet interdits aux mineurs."
REN_2024,REN_2024_130,EURO,2024,REN,33/ Interdire les thérapies de conversion dont sont victimes 2 à 5% des personnes LGBTQI+ en Europe.
REN_2024,REN_2024_131,EURO,2024,REN,OUTRE-MER.
REN_2024,REN_2024_132,EURO,2024,REN,"34/ Mettre en place un plan pluriannuel d’investissement dans les services publics et les infrastructures clés (accès à l’eau, transports, énergie) de chaque territoire avec des financements européens garantis."
REN_2024,REN_2024_133,EURO,2024,REN,35/ Respecter la diversité de nos compatriotes et nos territoires ultramarins en plaçant les Outre-mer au cœur de la stratégie européenne.
REN_2024,REN_2024_134,EURO,2024,REN,"À chaque dossier, nous instaurerons un « réflexe Outre-mer »."
REN_2024,REN_2024_135,EURO,2024,REN,"36/ Développer les accords régionaux de développement en renforçant les liens de nos territoires d’Outre-mer avec les pays voisins dans les domaines de la sécurité, de l’écologie, des sciences et de la formation."
REN_2024,REN_2024_136,EURO,2024,REN,"37/ Pour faire face à l’immigration illégale et aux trafics, mettre en place un dispositif de soutien et d’appui spécifique de Frontex."
REN_2024,REN_2024_137,EURO,2024,REN,DÉMOCRATIE EUROPÉENNE.
REN_2024,REN_2024_138,EURO,2024,REN,"38/ Déployer un bouclier démocratique contre les ingérences étrangères : créer une cellule dédiée comme Viginum au niveau européen, interdire les financements extra-européens des partis politiques et supprimer les subventions aux associations qui ne respectent pas les valeurs fondamentales de l’Union."
REN_2024,REN_2024_139,EURO,2024,REN,39/ Instaurer les listes transnationales pour les élections européennes.
REN_2024,REN_2024_140,EURO,2024,REN,"40/ Rendre les institutions européennes plus efficaces et démocratiques : la majorité qualifiée plutôt que l’unanimité (sanctions, fiscalité, État de droit) ; un droit simplifié pour les initiatives citoyennes ; le pouvoir d’initier les lois européennes pour le Parlement européen."
REN_2024,REN_2024_141,EURO,2024,REN,CULTURE.
REN_2024,REN_2024_142,EURO,2024,REN,41/ Créer un Pass culture européen.
REN_2024,REN_2024_143,EURO,2024,REN,42/ Bâtir un réseau européen des Instituts culturels nationaux pour la diffusion de la culture européenne.
REN_2024,REN_2024_144,EURO,2024,REN,"43/ Atteindre 100 000 jumelages supplémentaires en Europe d’ici 2030, soit au moins un par commune européenne."
REN_2024,REN_2024_145,EURO,2024,REN,44/ Favoriser l’émergence de champions européens dans le développement des jeux vidéo et valoriser les talents du e-sport.
REN_2024,REN_2024_146,EURO,2024,REN,ÉDUCATION ET JEUNESSE.
REN_2024,REN_2024_147,EURO,2024,REN,"45/ Doubler le nombre d’universités européennes, jusqu’à 100 en 2030."
REN_2024,REN_2024_148,EURO,2024,REN,Chaque étudiant bénéficiera d’un diplôme commun et pourra partir étudier dans un autre pays européen.
REN_2024,REN_2024_149,EURO,2024,REN,"46/ Lancer un programme de construction d’écoles et de lycées européens dans les 400 villes de plus de 100 000 habitants, pour plus de 300 000 jeunes."
REN_2024,REN_2024_150,EURO,2024,REN,Le plus grand programme européen depuis Erasmus en 1987 !
REN_2024,REN_2024_151,EURO,2024,REN,47/ Développer Erasmus pour tous les jeunes.
REN_2024,REN_2024_152,EURO,2024,REN,En primaire : des jumelages numériques dans toutes les écoles européennes.
REN_2024,REN_2024_153,EURO,2024,REN,Au collège et lycée : des séjours de mobilité de 1 à 4 semaines pour tous.
REN_2024,REN_2024_154,EURO,2024,REN,"Pour le supérieur : après avoir déjà doublé les financements, un semestre d’échange dans toutes les formations."
REN_2024,REN_2024_155,EURO,2024,REN,"Pour les apprentis : le Grand Tour des Compagnons et des métiers d’excellence, grâce à une convention type entre l’apprenti, l’établissement et l’entreprise."
REN_2024,REN_2024_156,EURO,2024,REN,Instaurer un Pass Rail illimité pour faciliter et développer le recours au train pour les jeunes.
REN_2024,REN_2024_157,EURO,2024,REN,"Il s’appuiera sur le programme DiscoverEU, dont bénéficient 100 000 jeunes chaque année."
REN_2024,REN_2024_158,EURO,2024,REN,"Nos propositions principales LE 9 JUIN 1 SEUL JOUR, 1 SEUL TOUR !"
REN_2024,REN_2024_159,EURO,2024,REN,"Faire de l’Europe une puissance forte, sûre et indépendante."
REN_2024,REN_2024_160,EURO,2024,REN,"1 - Réussir le réarmement de l’Europe avec des budgets de défense à la hauteur des menaces, une force de réaction rapide et un Fonds européen de soutien aux industries de défense."
REN_2024,REN_2024_161,EURO,2024,REN,"2 - Reprendre notre destin énergétique en main avec zéro énergie venue de Russie en 2025 et zéro énergie fossile en 2050, grâce à l’énergie nucléaire et aux renouvelables."
REN_2024,REN_2024_162,EURO,2024,REN,3 - Nous protéger et contrôler nos frontières avec une force de garde-frontières renforcée et une coopération accrue entre les polices et services de justice.
REN_2024,REN_2024_163,EURO,2024,REN,"Faire de l’Europe une puissance écologique, économique et sociale."
REN_2024,REN_2024_164,EURO,2024,REN,4 - Plan Europe 2030 pour être championne du monde dans 5 secteurs clés.
REN_2024,REN_2024_165,EURO,2024,REN,"Énergie, avec les premiers petits réacteurs nucléaires européens."
REN_2024,REN_2024_166,EURO,2024,REN,"Transports, avec des véhicules propres produits en Europe, un avion vert et le doublement de la part du fret ferroviaire et des trains de nuit."
REN_2024,REN_2024_167,EURO,2024,REN,"Numérique, avec des capacités de calcul de rang mondial."
REN_2024,REN_2024_168,EURO,2024,REN,"Santé, avec des vaccins et traitements contre le cancer, les maladies dégénératives, et la recherche sur l’autisme."
REN_2024,REN_2024_169,EURO,2024,REN,"Espace, avec une nouvelle génération de lanceurs réutilisables et une mission lunaire européenne."
REN_2024,REN_2024_170,EURO,2024,REN,Défendre le modèle européen et nos valeurs.
REN_2024,REN_2024_171,EURO,2024,REN,5 - Inscrire le droit à l’IVG dans la Charte européenne des droits fondamentaux.
REN_2024,REN_2024_172,EURO,2024,REN,"6 - Protéger nos enfants avec la majorité numérique à 15 ans, le contrôle parental par défaut sur les mobiles et la vérification systématique de l’âge pour l’accès aux sites internet interdits aux mineurs."
REN_2024,REN_2024_173,EURO,2024,REN,Retrouvez nos candidats et notre programme détaillé sur besoindeurope/fr.
REN_2024,REN_2024_174,EURO,2024,REN,Prenez ou faites une procuration !
RN_2024,RN_2024_1,EURO,2024,RN,Elections européennes du 9 juin 2024.
RN_2024,RN_2024_2,EURO,2024,RN,"La France revient, l'Europe revit !"
RN_2024,RN_2024_3,EURO,2024,RN,Notre projet pour une Europe des Nations.
RN_2024,RN_2024_4,EURO,2024,RN,Rassemblement National.
RN_2024,RN_2024_5,EURO,2024,RN,"Avec les nations, pour les peuples : BÂTIR L’EUROPE DU XXIème SIÈCLE."
RN_2024,RN_2024_6,EURO,2024,RN,"Les élections européennes du 9 juin prochain sont l’occasion d’un basculement historique : soit la marche forcée vers un super État européen centralisé, soit le retour des peuples à Bruxelles et à Strasbourg, pour enfin sanctionner l’Europe de Macron et poser les jalons d’une véritable Europe des nations."
RN_2024,RN_2024_7,EURO,2024,RN,"Dans un monde en crise, en proie aux guerres économiques, aux tensions géopolitiques, aux défis démographique, environnemental et technologique, l’Union européenne n’a pas su protéger les peuples et projeter notre continent dans le XXIème siècle."
RN_2024,RN_2024_8,EURO,2024,RN,"Depuis cinq ans, un nouveau clivage traverse l’Europe."
RN_2024,RN_2024_9,EURO,2024,RN,"Il oppose les partisans de la puissance et de la croissance aux promoteurs de la décroissance, responsables du délitement."
RN_2024,RN_2024_10,EURO,2024,RN,"Par ailleurs, la Commission de Bruxelles exploite les crises pour s’arroger des compétences supplémentaires au détriment de la souveraineté des États."
RN_2024,RN_2024_11,EURO,2024,RN,"C’est le cas des compétences de santé avec la crise du Covid, de la compétence migratoire avec la répartition obligatoire des migrants dans nos communes, ou de la compétence militaire depuis la guerre d’agression menée par la Russie en Ukraine."
RN_2024,RN_2024_12,EURO,2024,RN,"Le 9 juin prochain, en faisant du RN la plus large délégation française au Parlement européen, les Français poseront les jalons d’une Europe des nations qui défend à la fois les modes de vie et le niveau de vie des peuples, tout en portant l’ambition de coopérations entre États autour des grandes nécessités du XXIème siècle."
RN_2024,RN_2024_13,EURO,2024,RN,Le projet d’Europe des nations s’appuie sur une idée centrale : la puissance.
RN_2024,RN_2024_14,EURO,2024,RN,"À cette fin, nous reprenons cette idée originelle du projet européen telle que portée par le Général de Gaulle : la participation de chaque nation à une organisation qui soit pour elle un multiplicateur de puissance, qui ouvre des opportunités nouvelles de croissance et garantit une protection supplémentaire."
RN_2024,RN_2024_15,EURO,2024,RN,"Cette ambition repose sur trois axes : protéger, produire, et respecter la voix des peuples."
RN_2024,RN_2024_16,EURO,2024,RN,"Le 9 juin, par leur vote, les peuples ont le pouvoir de reprendre leur destin en main et d’amorcer le cycle du redressement."
RN_2024,RN_2024_17,EURO,2024,RN,"Le 9 juin, parce que la France revient, l’Europe revit."
RN_2024,RN_2024_18,EURO,2024,RN,Marine LE PEN Jordan BARDELLA.
RN_2024,RN_2024_19,EURO,2024,RN,La stratégie tricolore pour reprendre le contrôle.
RN_2024,RN_2024_20,EURO,2024,RN,La stratégie tricolore expose la manière dont le Rassemblement National entend réactualiser le logiciel européen.
RN_2024,RN_2024_21,EURO,2024,RN,"Au Parlement européen, elle constitue notre feuille de route."
RN_2024,RN_2024_22,EURO,2024,RN,"Demain à la tête du pays, elle sera un outil pour changer les règles."
RN_2024,RN_2024_23,EURO,2024,RN,"Notre volonté : mettre l’Europe au service des peuples, défendre les intérêts de la France et protéger les Français."
RN_2024,RN_2024_24,EURO,2024,RN,Exemples de coopérations de bon sens que nous soutiendrons.
RN_2024,RN_2024_25,EURO,2024,RN,"La coopération industrielle et technique sur les grands projets d’avenir, notamment l’intelligence artificielle."
RN_2024,RN_2024_26,EURO,2024,RN,Le développement des échanges scientifiques sur les défis du XXIème siècle.
RN_2024,RN_2024_27,EURO,2024,RN,Erasmus pour les étudiants et les apprentis.
RN_2024,RN_2024_28,EURO,2024,RN,La mutualisation de certains moyens matériels de la protection civile.
RN_2024,RN_2024_29,EURO,2024,RN,Exemples de coopérations acceptables sous de nouvelles conditions.
RN_2024,RN_2024_30,EURO,2024,RN,L’espace Schengen : à condition que la libre-circulation profite exclusivement aux ressortissants des États membres.
RN_2024,RN_2024_31,EURO,2024,RN,L’agence Frontex : à condition qu’elle protège les frontières européennes et soit autorisée à renvoyer les migrants illégaux.
RN_2024,RN_2024_32,EURO,2024,RN,Le marché unique : à condition de rétablir une concurrence loyale et de permettre la priorité nationale et la préférence européenne dans la commande publique.
RN_2024,RN_2024_33,EURO,2024,RN,Exemples de politiques contraires à nos intérêts  que nous refuserons.
RN_2024,RN_2024_34,EURO,2024,RN,"Une diplomatie et une défense européennes, dont la dépossession de notre dissuasion nucléaire."
RN_2024,RN_2024_35,EURO,2024,RN,La gestion par l’UE de l’immigration à l’intérieur des États membres.
RN_2024,RN_2024_36,EURO,2024,RN,L’ingérence européenne en matière de souveraineté énergétique.
RN_2024,RN_2024_37,EURO,2024,RN,Toute forme d’élargissement de l’UE et de renforcement des pouvoirs de la Commission.
RN_2024,RN_2024_38,EURO,2024,RN,L’émission de dettes et la création d’impôts par Bruxelles.
RN_2024,RN_2024_39,EURO,2024,RN,La suppression du droit de veto des États au sein du Conseil.
RN_2024,RN_2024_40,EURO,2024,RN,"Dans la future assemblée européenne comme demain à la tête du pays, nous ferons prévaloir ce que nous avons baptisé la « stratégie tricolore », qui clarifie nos intentions et dont les couleurs sont le vert, l’orange et le rouge."
RN_2024,RN_2024_41,EURO,2024,RN,Jordan Bardella Conférence de presse du 29 février 2024.
RN_2024,RN_2024_42,EURO,2024,RN,"2019-2024 AU PARLEMENT EUROPÉEN : LE RN, UNE FORCE D’OPPOSITION AU SERVICE DES FRANÇAIS !"
RN_2024,RN_2024_43,EURO,2024,RN,Les députés du Rassemblement National sont vos porte-parole et vos avocats.
RN_2024,RN_2024_44,EURO,2024,RN,"Depuis 2019, ils défendent les intérêts de la France et des Français au Parlement européen."
RN_2024,RN_2024_45,EURO,2024,RN,Les seuls députés à défendre la France et les Français contre les décisions absurdes et coûteuses des bureaucrates de Bruxelles.
RN_2024,RN_2024_46,EURO,2024,RN,"Le Rassemblement National s’oppose au Pacte des migrations qui organise la submersion du continent, ainsi qu’au Pacte vert qui instaure l’écologie punitive au détriment de notre agriculture, de la compétitivité de nos entreprises et du pouvoir d’achat des Français."
RN_2024,RN_2024_47,EURO,2024,RN,"Ainsi, le RN s’est opposé à l’interdiction de la vente des voitures à moteur thermique en 2035, aux normes abusives en matière de rénovation des bâtiments (DPE), à la hausse de la contribution française au budget de l’UE ou encore à la création d’impôts européens."
RN_2024,RN_2024_48,EURO,2024,RN,Le RN a aussi refusé tous les élargissements de l’UE.
RN_2024,RN_2024_49,EURO,2024,RN,Une force politique mobilisée au Parlement européen et dans le débat public.
RN_2024,RN_2024_50,EURO,2024,RN,"Avec près de 14  000 amendements déposés sur plus d’un millier de textes et 1  700 interpellations de la Commission, les députés du Rassemblement National ont largement contribué au travail parlementaire pour défendre la France et les Français."
RN_2024,RN_2024_51,EURO,2024,RN,"En plus de disposer d’un taux de présence en plénière de 94%, Jordan Bardella est aussi classé premier député européen pour son influence publique, devant la présidente du Parlement européen !"
RN_2024,RN_2024_52,EURO,2024,RN,"Sur de nombreux sujets comme l’immigration et la décroissance, les députés du RN ont été de véritables lanceurs d’alerte."
RN_2024,RN_2024_53,EURO,2024,RN,La seule opposition française à la politique d’Ursula von der Leyen.
RN_2024,RN_2024_54,EURO,2024,RN,"Les députés du Rassemblement National ont voté contre la mise en place de la Commission von der Leyen (soutenue par LR, Renaissance et les socialistes) et se sont opposés à l’ensemble des mesures nocives soumises au vote du Parlement européen."
RN_2024,RN_2024_55,EURO,2024,RN,"Défenseurs constants de la souveraineté nationale, ils ont également voté contre le rapport Verhofstadt, qui prône une véritable dissolution des nations dans un État européen centralisé (création de compétences en matière de Défense, de santé et de fiscalité, suppression du droit de veto au Conseil, poursuite de l’élargissement de l’UE…)."
RN_2024,RN_2024_56,EURO,2024,RN,Des victoires idéologiques qui contraignent Bruxelles à des inflexions.
RN_2024,RN_2024_57,EURO,2024,RN,"Bien qu’étant minoritaires au Parlement européen, les députés du RN sont parvenus à obtenir plusieurs victoires idéologiques  : désormais, il n’est plus tabou de défendre les concepts de souveraineté, de réindustrialisation, de concurrence loyale, de politique monétaire pragmatique ou de contrôle migratoire."
RN_2024,RN_2024_58,EURO,2024,RN,"Pour que ces concepts deviennent réalité, les Français doivent envoyer un maximum de députés RN au Parlement européen."
RN_2024,RN_2024_59,EURO,2024,RN,Une opposition constructive au Parlement européen comme à l’Assemblée nationale.
RN_2024,RN_2024_60,EURO,2024,RN,"Les députés du RN n’hésitent pas à voter en faveur des textes allant dans le bon sens, notamment pour renforcer la coopération policière et judiciaire entre États, le recyclage des batteries, etc."
RN_2024,RN_2024_61,EURO,2024,RN,"De plus, ils sont parvenus à faire adopter six rapports en plénière concernant des enjeux à relever à l’échelle européenne, par exemple sur l’intelligence artificielle."
RN_2024,RN_2024_62,EURO,2024,RN,Les seuls défenseurs de notre identité et de nos valeurs de civilisation.
RN_2024,RN_2024_63,EURO,2024,RN,Les députés du RN ont combattu le projet de déconstruction porté par la Commission européenne.
RN_2024,RN_2024_64,EURO,2024,RN,"Au Parlement européen, ils ont dénoncé l’entrisme de l’islamisme en rejetant la promotion du voile et le soutien financier à des associations proches des Frères musulmans."
RN_2024,RN_2024_65,EURO,2024,RN,Ils ont lutté contre les dérives wokes qu’impose Bruxelles à travers de nombreux textes tels que « Conscience historique européenne » qui veut propager dans nos écoles le rejet de nos valeurs et la réécriture de notre histoire.
RN_2024,RN_2024_66,EURO,2024,RN,"Pendant 5 ans, les députés du RN ont défendu la puissance de la France et la prospérité des Français."
RN_2024,RN_2024_67,EURO,2024,RN,"Demain, ils contribueront à construire une Europe des nations capable de faire face aux défis du XXIème siècle."
RN_2024,RN_2024_68,EURO,2024,RN,"Plus les députés du Rassemblement National seront nombreux au Parlement européen, plus la voix du peuple sera écoutée."
RN_2024,RN_2024_69,EURO,2024,RN,"Le 9 juin, votez RN pour que la France revienne et que l’Europe revive !"
RN_2024,RN_2024_70,EURO,2024,RN,"Jean-Paul GARRAUD, Président de la délégation du RN au Parlement européen."
RN_2024,RN_2024_71,EURO,2024,RN,PARTIE 1 : L’EUROPE QUI PROTÈGE.
RN_2024,RN_2024_72,EURO,2024,RN,"En imposant l’immigration de masse et la concurrence déloyale, résultant toutes deux d’une conception naïve et dépassée de la mondialisation, les partis jusqu’à présent majoritaires à Bruxelles fragilisent notre sécurité, déconstruisent notre civilisation et déstabilisent notre modèle économique et social."
RN_2024,RN_2024_73,EURO,2024,RN,"Face à l’idéologie du sans-frontiérisme et de la libre-circulation sans condition, le Rassemblement National entend réhabiliter la frontière comme outil de protection et de régulation : le temps de la naïveté doit cesser."
RN_2024,RN_2024_74,EURO,2024,RN,1 DU LIBRE-ÉCHANGE DÉLOYAL AU JUSTE-ÉCHANGE.
RN_2024,RN_2024_75,EURO,2024,RN,"Notre économie est exposée à une concurrence déloyale sauvage à la fois extra-européenne et intra-européenne : d’une part à cause de l’ouverture dérégulée du marché unique au reste du monde, d’autre part à cause des élargissements successifs de l’Union européenne à des pays aux normes sociales et environnementales inférieures aux nôtres."
RN_2024,RN_2024_76,EURO,2024,RN,"Pour réindustrialiser la France, défendre notre agriculture, restaurer notre compétitivité économique et préserver notre modèle social, nous devons privilégier des échanges basés sur la réciprocité et des accords commerciaux à règles égales."
RN_2024,RN_2024_77,EURO,2024,RN,"Fervent promoteur du patriotisme économique, le Rassemblement National porte l’ambition d’une France qui entreprend, dans une Europe qui assume la priorité nationale et la préférence européenne."
RN_2024,RN_2024_78,EURO,2024,RN,Un Pacte pour établir une concurrence extra-européenne loyale.
RN_2024,RN_2024_79,EURO,2024,RN,Instaurer un moratoire sur la négociation de nouveaux accords de libre-échange par l’UE.
RN_2024,RN_2024_80,EURO,2024,RN,"Défendre l’exception agriculturelle française, pour protéger les terroirs et produits agricoles, préserver les revenus de nos producteurs et notre sécurité alimentaire."
RN_2024,RN_2024_81,EURO,2024,RN,Imposer aux importations le respect des normes environnementales et sociales européennes : il s’agit du principe de réciprocité.
RN_2024,RN_2024_82,EURO,2024,RN,"Lutter contre les fraudes aux importations, notamment alimentaires."
RN_2024,RN_2024_83,EURO,2024,RN,"Mettre en place une véritable taxe carbone aux frontières européennes, instrument de protectionnisme intelligent en taxant les produits finis et semi-finis, plutôt que les matières premières comme imposé par l’UE."
RN_2024,RN_2024_84,EURO,2024,RN,Lutter contre la concurrence déloyale au sein du marché unique.
RN_2024,RN_2024_85,EURO,2024,RN,"Mettre fin aux règles injustes du travail détaché, véritable délocalisation à domicile qui pénalise les salariés français de nombreux secteurs, comme le BTP et le transport routier."
RN_2024,RN_2024_86,EURO,2024,RN,Interdire les aides européennes qui financent les délocalisations au sein du marché unique.
RN_2024,RN_2024_87,EURO,2024,RN,"Refuser l’élargissement de l’UE aux Balkans, à la Turquie et à l’Ukraine, qui ruinerait notre agriculture et exercerait une pression à la baisse sur le salaire des Français."
RN_2024,RN_2024_88,EURO,2024,RN,"Lutter contre le dumping fiscal, en renforçant la lutte contre la fraude fiscale et en sanctionnant enfin les pratiques déloyales des paradis fiscaux européens."
RN_2024,RN_2024_89,EURO,2024,RN,Défendre nos Outre-mer en adaptant les politiques économiques aux spécificités de chaque territoire.
RN_2024,RN_2024_90,EURO,2024,RN,2 DE L’EUROPE PASSOIRE À LA SÉCURITÉ DES PEUPLES.
RN_2024,RN_2024_91,EURO,2024,RN,Les vagues migratoires ne font que commencer.
RN_2024,RN_2024_92,EURO,2024,RN,"L’année 2023 a été l’année de tous les records et sur les deux premiers mois de l’année 2024, le nombre d’entrées en provenance de la seule route d’Afrique de l’Ouest a augmenté de 541%."
RN_2024,RN_2024_93,EURO,2024,RN,"A l’heure du péril islamiste et des grands basculements démographiques, l’immigration de masse apparait aujourd’hui comme une menace existentielle pour les nations européennes."
RN_2024,RN_2024_94,EURO,2024,RN,"Le Pacte migratoire, aboutissement de 5 années de travail conjoint par la Commission européenne et Emmanuel Macron, veut intensifier l’immigration de masse et imposer la répartition des migrants dans les pays européens sous peine de punition financière (20 000 € par migrant) : une véritable mise sous tutelle des États."
RN_2024,RN_2024_95,EURO,2024,RN,"Pour assurer la sécurité des peuples, protéger notre identité et garantir la continuité historique de la France et de l’Europe, le Rassemblement National propose un tournant de fermeté en matière migratoire."
RN_2024,RN_2024_96,EURO,2024,RN,"Instaurer une double frontière, française et européenne : contrôler les frontières nationales et mettre en place une frontière aux portes de l’Europe en permettant à Frontex de renvoyer les migrants illégaux."
RN_2024,RN_2024_97,EURO,2024,RN,Il s’agit d’une double sécurité.
RN_2024,RN_2024_98,EURO,2024,RN,Restreindre la libre-circulation de l’Espace Schengen aux seuls ressortissants des pays membres.
RN_2024,RN_2024_99,EURO,2024,RN,"Supprimer les subventions publiques aux ONG pro-migrants et lutter contre les trafics d’êtres humains, judiciariser l’aide à l’immigration illégale et mettre sous scellés les bateaux qui assurent la navette entre l’Europe et l’Afrique avec les mafias de passeurs."
RN_2024,RN_2024_100,EURO,2024,RN,Organiser le traitement des demandes d’asile dans les ambassades et consulats des pays d’origine pour éviter une immigration du fait accompli.
RN_2024,RN_2024_101,EURO,2024,RN,"Expulser les clandestins, islamistes et délinquants étrangers."
RN_2024,RN_2024_102,EURO,2024,RN,"Conditionner les aides au développement versées à des États tiers : maintien des populations dans leur pays d’origine, lutte contre les passeurs, reprise effective de leurs ressortissants expulsés."
RN_2024,RN_2024_103,EURO,2024,RN,Organiser un référendum en France pour réaffirmer la primauté de la Constitution française sur les décisions des juges européens en matière d’immigration.
RN_2024,RN_2024_104,EURO,2024,RN,PARTIE 2 : L’EUROPE QUI PRODUIT.
RN_2024,RN_2024_105,EURO,2024,RN,"Par idéologie, la Commission européenne a fait le choix de la décroissance industrielle, agricole et énergétique."
RN_2024,RN_2024_106,EURO,2024,RN,"Cette politique, inspirée par l’écologie punitive, se traduit par une prolifération de normes toujours plus contraignantes pour les Français comme pour les entreprises."
RN_2024,RN_2024_107,EURO,2024,RN,Cette dérive met en péril l’indépendance de l’Europe et freine son développement économique en privant les États de leur capacité de production.
RN_2024,RN_2024_108,EURO,2024,RN,"Depuis 2000, le décrochage de l’économie européenne est manifeste : le PIB courant de l’UE a augmenté de 128% entre 2000 et 2022, contre 148% pour les États-Unis."
RN_2024,RN_2024_109,EURO,2024,RN,Le Rassemblement National veut reprendre le contrôle de notre souveraineté pour rétablir la prospérité économique et préserver le modèle social des Français.
RN_2024,RN_2024_110,EURO,2024,RN,1 REFAIRE DE LA FRANCE UN PARADIS ÉNERGÉTIQUE.
RN_2024,RN_2024_111,EURO,2024,RN,L’énergie est le moteur de la puissance d’un pays et du développement d’une société.
RN_2024,RN_2024_112,EURO,2024,RN,"En imposant les énergies intermittentes, souvent au détriment du nucléaire, et en obligeant à libéraliser les concessions de nos barrages hydroélectriques, la Commission saccage le système électrique français qui garantit pourtant notre sécurité d’approvisionnement, une énergie décarbonée et un prix attractif."
RN_2024,RN_2024_113,EURO,2024,RN,"Pire : avec les règles du marché européen de l’énergie, l’Union européenne organise la flambée des factures énergétiques en indexant le prix français de l’électricité sur le prix européen du gaz."
RN_2024,RN_2024_114,EURO,2024,RN,Cette situation absurde et l’échec de la réforme du marché européen de l’énergie démontrent la soumission d’Emmanuel Macron à la Commission et son refus de défendre les intérêts de la France.
RN_2024,RN_2024_115,EURO,2024,RN,"Pour améliorer le pouvoir d’achat des Français et provoquer un choc de compétitivité en faveur de nos entreprises, le Rassemblement National propose de reprendre en main notre souveraineté énergétique."
RN_2024,RN_2024_116,EURO,2024,RN,"Baisser de 30 à 40% la facture d’électricité en rétablissant un prix français de l’électricité, par la fin des règles absurdes du marché européen de l’énergie."
RN_2024,RN_2024_117,EURO,2024,RN,"Ainsi, nous retrouverons un prix de l’électricité compétitif car proche des coûts de production sur le sol national, tout en permettant à la France d’exporter son électricité à un prix attractif vers ses voisins européens."
RN_2024,RN_2024_118,EURO,2024,RN,"Protéger le mix électrique français, en investissant dans les technologies d’avenir (nucléaire de nouvelle génération, hydrogène, géothermie…) et en refusant toute ingérence européenne en matière de politique énergétique : nous nous opposons notamment à la libéralisation des concessions de nos barrages hydroélectriques et au développement des énergies intermittentes (éoliennes) imposés par l’UE."
RN_2024,RN_2024_119,EURO,2024,RN,"Déployer une diplomatie écologique, en exportant le savoir-faire industriel français en matière d’énergie décarbonée."
RN_2024,RN_2024_120,EURO,2024,RN,2 LIBÉRER LES ENTREPRISES DE LA BUREAUCRATIE EUROPÉENNE.
RN_2024,RN_2024_121,EURO,2024,RN,"En cinq ans, 850 nouvelles obligations européennes ont été imposées à nos entreprises, soit près de 5000 pages de réglementations supplémentaires."
RN_2024,RN_2024_122,EURO,2024,RN,Ce fardeau normatif est devenu un frein pour la croissance et l’innovation en France et en Europe : la CSRD et le devoir de vigilance en sont des exemples.
RN_2024,RN_2024_123,EURO,2024,RN,"Aux normes émises par Bruxelles, s’ajoutent les incessantes surtranspositions franco-françaises."
RN_2024,RN_2024_124,EURO,2024,RN,"Pour préserver notre capacité à produire, le Rassemblement National revendique un pouvoir de dérogation aux règles européennes, à l’instar d’autres États membres."
RN_2024,RN_2024_125,EURO,2024,RN,"Décréter une pause réglementaire et engager le chantier de la simplification : tests PME obligatoires, abrogation des directives CSRD et devoir de vigilance..."
RN_2024,RN_2024_126,EURO,2024,RN,"Sanctuariser les secteurs stratégiques et de souveraineté face aux règles de concurrence de l’UE (aides d’État, monopoles, marchés publics)."
RN_2024,RN_2024_127,EURO,2024,RN,"Autoriser la priorité nationale dans les marchés publics pour défendre nos emplois et l’environnement, de même que la préférence communautaire avec un accord-cadre « Acheter français ou européen »."
RN_2024,RN_2024_128,EURO,2024,RN,"Engager le réalignement compétitif de la France par rapport à l’Europe, en poursuivant la baisse des impôts de production."
RN_2024,RN_2024_129,EURO,2024,RN,"Conditionner le versement des aides européennes structurelles, largement financées par les Français, à l’achat de produits européens : matériels de Défense, infrastructures énergétiques..."
RN_2024,RN_2024_130,EURO,2024,RN,"Intégrer la lutte contre le chômage et la réindustrialisation dans le mandat de la BCE et mettre les politiques monétaires au service de l’investissement dans l’économie réelle, la transition écologique et les technologies d’avenir."
RN_2024,RN_2024_131,EURO,2024,RN,"Depuis la trahison du référendum français de 2005, l’Union européenne soutenue par Emmanuel Macron se construit contre les peuples."
RN_2024,RN_2024_132,EURO,2024,RN,"L’abandon progressif de notre souveraineté conduit à renforcer les pouvoirs d’une Commission européenne technocratique : pire, le rapport Verhofstadt voté en novembre 2023 confirme l’intention de diluer la France dans un État centralisé européen."
RN_2024,RN_2024_133,EURO,2024,RN,"Pour rendre le pouvoir aux peuples et défendre leurs libertés, nous devons rapprocher l’Europe des citoyens."
RN_2024,RN_2024_134,EURO,2024,RN,"Fidèle à l’Europe des nations portée par le Général de Gaulle, le Rassemblement National veut bâtir une Alliance européenne des nations : une organisation de coopération au service des peuples, respectueuse de la démocratie et des souverainetés nationales, utile aux 1 RENDRE LE POUVOIR AUX PEUPLES Quand Bruxelles décide, les Français subissent."
RN_2024,RN_2024_135,EURO,2024,RN,"Le fonctionnement de l’UE écarte de plus en plus les peuples et les États, conduisant la Commission et les juges européens à imposer aux nations des décisions contraires à leurs intérêts."
RN_2024,RN_2024_136,EURO,2024,RN,"Cette dérive est telle que non seulement la Commission profite des crises pour accaparer de nouveaux pouvoirs à l’instar de la santé ou la Défense, mais en plus elle n’hésite pas à sanctionner des États qui souhaitent exercer leur souveraineté."
RN_2024,RN_2024_137,EURO,2024,RN,"Pour renouer avec la démocratie dont l’Europe est le berceau, une révision des traités européens s’impose."
RN_2024,RN_2024_138,EURO,2024,RN,Le Rassemblement National propose une nouvelle organisation institutionnelle pour bâtir une Europe des nations.
RN_2024,RN_2024_139,EURO,2024,RN,PARTIE 3 : L’EUROPE QUI RESPECTE.
RN_2024,RN_2024_140,EURO,2024,RN,"1 RENDRE LE POUVOIR AUX PEUPLES Quand Bruxelles décide, les Français subissent."
RN_2024,RN_2024_141,EURO,2024,RN,"Le fonctionnement de l’UE écarte de plus en plus les peuples et les États, conduisant la Commission et les juges européens à imposer aux nations des décisions contraires à leurs intérêts."
RN_2024,RN_2024_142,EURO,2024,RN,"Cette dérive est telle que non seulement la Commission profite des crises pour accaparer de nouveaux pouvoirs à l’instar de la santé ou la Défense, mais en plus elle n’hésite pas à sanctionner des États qui souhaitent exercer leur souveraineté."
RN_2024,RN_2024_143,EURO,2024,RN,"Pour renouer avec la démocratie dont l’Europe est le berceau, une révision des traités européens s’impose."
RN_2024,RN_2024_144,EURO,2024,RN,Le Rassemblement National propose une nouvelle organisation institutionnelle pour bâtir une Europe des nations.
RN_2024,RN_2024_145,EURO,2024,RN,L’UE COÛTE PLUS CHER QU’ELLE NE RAPPORTE : BAISSONS LA FACTURE !
RN_2024,RN_2024_146,EURO,2024,RN,"Rendre aux Français leur argent en baissant la facture européenne, véritable gaspillage de l’argent du contribuable."
RN_2024,RN_2024_147,EURO,2024,RN,"Entre 2017 et 2027, la contribution française au budget de l’UE a augmenté de 73,7%."
RN_2024,RN_2024_148,EURO,2024,RN,"Chaque année d’ici 2027, les Français versent en moyenne 27 milliards d’euros de leurs impôts à l’Union européenne, dont près de 10 milliards d’euros en perte sèche pour financer la submersion migratoire, la concurrence déloyale et la bureaucratie (près de 32 000 employés rien qu’à la Commission)."
RN_2024,RN_2024_149,EURO,2024,RN,Nous voulons rendre aux Français leur argent.
RN_2024,RN_2024_150,EURO,2024,RN,"Baisser la contribution française nette (surplus) versée à l’UE pour participer au financement de la baisse de la TVA de 20 à 5,5% sur les énergies : électricité, gaz, fioul et carburants."
RN_2024,RN_2024_151,EURO,2024,RN,"En baissant la contribution nette, les aides de la PAC resteront sanctuarisées."
RN_2024,RN_2024_152,EURO,2024,RN,"Refuser tout impôt prélevé par l’Union européenne, qui pénaliserait les États membres et les consommateurs."
RN_2024,RN_2024_153,EURO,2024,RN,"Arrêter les nouvelles souscriptions d’emprunts réalisées par la Commission européenne, véritables bombes à retardement pour les contribuables français : à lui seul, le plan de relance européen coûtera en perte sèche plus de 40 milliards d’euros à notre pays."
RN_2024,RN_2024_154,EURO,2024,RN,Réaffirmer la supériorité de la Constitution française sur les normes et juridictions européennes.
RN_2024,RN_2024_155,EURO,2024,RN,Redonner aux États le pouvoir exclusif de proposer de nouvelles normes (initiative législative) au sein du Conseil.
RN_2024,RN_2024_156,EURO,2024,RN,Garantir le droit de veto des États (règle de l’unanimité) et l’élargir à la compétence du commerce.
RN_2024,RN_2024_157,EURO,2024,RN,Transformer la Commission en un Secrétariat général du Conseil sans pouvoir décisionnaire ni initiative législative.
RN_2024,RN_2024_158,EURO,2024,RN,Appliquer le principe de subsidiarité et de proportionnalité pour que toute décision soit prise au plus proche des peuples.
RN_2024,RN_2024_159,EURO,2024,RN,"Défendre et promouvoir la civilisation européenne, en s’opposant à la déconstruction de notre histoire, de nos cultures, de nos valeurs, et refuser l’adhésion de la Turquie à l’UE."
RN_2024,RN_2024_160,EURO,2024,RN,"Promouvoir au niveau européen la Déclaration des Droits des peuples et des nations, outil supplémentaire dans le droit international pour protéger la souveraineté des nations, les libertés humaines, la diversité des civilisations, les richesses culturelles du monde et aider au règlement pacifique des conflits."
RN_2024,RN_2024_161,EURO,2024,RN,2 L’EUROPE DES PROJETS ET DES COOPÉRATIONS.
RN_2024,RN_2024_162,EURO,2024,RN,"Pour relever les grands défis du XXIème siècle, l’Alliance européenne des nations doit devenir le cadre de coopérations et de projets entre les pays du continent : politiques comme la protection des frontières européennes, industriels à l’image d’Ariane et d’Airbus, ou encore scientifiques."
RN_2024,RN_2024_163,EURO,2024,RN,"Ces projets constitueront des coopérations librement consenties par les États et à leur initiative, selon leurs avantages comparatifs et leurs intérêts, en s’appuyant sur leurs acteurs publics et privés."
RN_2024,RN_2024_164,EURO,2024,RN,"Pour refaire de l’Europe une opportunité plutôt qu’un frein, un pôle d’excellence qui rayonne et relève les enjeux technologiques, écologiques ou migratoires de demain, le Rassemblement National propose de bâtir l’Europe des projets à la carte."
RN_2024,RN_2024_165,EURO,2024,RN,"Mener des coopérations politiques : contrôle des frontières européennes avec Frontex, Erasmus pour les étudiants et les apprentis, mutualisation de certains moyens matériels de la protection civile, ou encore renforcement de la coopération des services de police, justice et renseignement pour lutter contre les trafics transfrontaliers et le terrorisme islamiste."
RN_2024,RN_2024_166,EURO,2024,RN,"Développer des coopérations industrielles et techniques sur les grands projets d’avenir : aérospatial, Défense, intelligence artificielle, cloud européen pour stocker nos données stratégiques, filière hydrogène, ou encore voiture propre."
RN_2024,RN_2024_167,EURO,2024,RN,"Renforcer les échanges scientifiques : lutte contre le cancer, recherche agronomique, chimie verte, etc."
RN_2024,RN_2024_168,EURO,2024,RN,Sécuriser les capacités de production de médicaments à l’échelle européenne.
RN_2024,RN_2024_169,EURO,2024,RN,Créer une agence européenne de la mer pour accompagner la croissance de nos Outre-mer.
RN_2024,RN_2024_170,EURO,2024,RN,L’EUROPE QUI RELÈVE LES DÉFIS DU XXIème SIÈCLE.
RN_2024,RN_2024_171,EURO,2024,RN,FACE AUX ENJEUX DU CLIMAT.
RN_2024,RN_2024_172,EURO,2024,RN,"Intensité et allongement des épisodes caniculaires, multiplication des feux de forêts, assèchement des sols, épisodes météorologiques extrêmes, surcoût assurantiel pour les entreprises et impact sur la production agricole : les sociétés humaines sont bouleversées à de multiples niveaux par les effets du dérèglement et du réchauffement climatiques."
RN_2024,RN_2024_173,EURO,2024,RN,Le défi écologique concerne la protection des milieux naturels et des lieux dans lesquels nous vivons au quotidien et dont la dégradation n’est pas sans conséquence sur la qualité de vie des citoyens.
RN_2024,RN_2024_174,EURO,2024,RN,Notre siècle devra composer avec le double impératif de puissance et de durabilité.
RN_2024,RN_2024_175,EURO,2024,RN,"Loin d’être une contradiction, c’est une nécessité vitale, et l’Europe a toutes les intelligences et les ressources pour proposer un modèle qui, loin d’opposer l’Homme à la Nature et de criminaliser l’action du premier, permet la symbiose entre les hommes et leur milieu."
RN_2024,RN_2024_176,EURO,2024,RN,L’Europe est à la pointe dans la décarbonation de son modèle.
RN_2024,RN_2024_177,EURO,2024,RN,"Si sa part dans les émissions mondiales de CO2 est relativement faible (moins de 7%), l’Europe peut et doit prendre sa part dans cet effort de réduction tout en veillant à la cohérence des transitions à effectuer et au respect des impératifs de souveraineté et de soutenabilité pour les publics et secteurs concernés."
RN_2024,RN_2024_178,EURO,2024,RN,Mettre fin au grand dérèglement commercial : les importations représentent un tiers de l’empreinte carbone de l’Union européenne et la moitié concernant la France.
RN_2024,RN_2024_179,EURO,2024,RN,"La mise en place du juste-échange, la relocalisation des activités et le raccourcissement des chaînes de valeur sont les conditions élémentaires de toute politique écologique."
RN_2024,RN_2024_180,EURO,2024,RN,"Engager une diplomatie écologique en Europe : afin d’encourager la décarbonation des économies européennes, la France peut incarner un modèle vertueux, grâce à sa maîtrise de l’énergie nucléaire et à sa capacité de développer de nouvelles technologies comme l’hydrogène."
RN_2024,RN_2024_181,EURO,2024,RN,La succession des crises mondiales et leurs répercussions énergétiques ont ouvert l’opportunité de convertir un certain nombre de capitales européennes à l’adoption ou à la généralisation du nucléaire.
RN_2024,RN_2024_182,EURO,2024,RN,La France doit mener une politique proactive afin de faire valoir et déployer son savoir-faire technique et technologique auprès de ses partenaires.
RN_2024,RN_2024_183,EURO,2024,RN,"Plutôt que d’interdire brutalement et sans étude d’impact la vente des voitures thermiques individuelles, l’Europe doit favoriser l’innovation dans le secteur pour ne pénaliser ni les consommateurs ni les emplois industriels ; elle doit également créer les conditions d’un redéploiement massif du transport ferroviaire qui passe notamment par la possibilité accrue pour les États de déroger aux règles européennes de concurrence, sans quoi aucun plan ambitieux n’est possible au-delà de la modernisation et de la rénovation du réseau existant."
RN_2024,RN_2024_184,EURO,2024,RN,"Protéger les forêts des effets du changement climatique : les forêts françaises et européennes, y compris au Nord du continent ou en région montagneuse, font face à l’accentuation du dépérissement précoce des arbres, à la prolifération des parasites et insectes ravageurs, ainsi qu’à l’extension des feux de forêts et des sécheresses."
RN_2024,RN_2024_185,EURO,2024,RN,"Les capacités naturelles de résilience ne suffiront pas, or on sait l’importance des forêts dans la captation du CO2."
RN_2024,RN_2024_186,EURO,2024,RN,"La coopération intra-européenne en matière de gestion, de protection des forêts et d’anticipation des effets du changement climatique doit être renforcée."
RN_2024,RN_2024_187,EURO,2024,RN,FACE AU RETOUR DE LA GUERRE.
RN_2024,RN_2024_188,EURO,2024,RN,"Nous vivons une accélération de l’Histoire, marquée par la prolifération des menaces, l’intensification de la compétition internationale et la multiplication des conflits."
RN_2024,RN_2024_189,EURO,2024,RN,Cette nouvelle ère recompose l’ordre international qui a prévalu jusqu’alors et impose une redéfinition des équilibres régionaux.
RN_2024,RN_2024_190,EURO,2024,RN,"Aux portes orientales de l’Europe, la Russie viole le droit international et provoque une révision de l’ordre international."
RN_2024,RN_2024_191,EURO,2024,RN,"En envahissant l’Ukraine le 24 février 2022, Moscou a fait resurgir la guerre de haute intensité sur le continent européen."
RN_2024,RN_2024_192,EURO,2024,RN,"Ce choc stratégique a révélé l’état de désarmement généralisé dans lequel se trouvaient les nations européennes, incapables non seulement en cas d’agression d’assurer leur propre Défense territoriale sans le concours américain, mais empêchées de ce fait dans leur volonté politique de soutenir matériellement l’Ukraine dans sa légitime défense."
RN_2024,RN_2024_193,EURO,2024,RN,La capacité à assurer sa défense et à ne pas subir la volonté des autres est l’étalon de la puissance et la condition de l’indépendance.
RN_2024,RN_2024_194,EURO,2024,RN,"L’Europe ne peut pas remettre intégralement sa sécurité entre d’autres mains, quand bien même il s’agirait d’une puissance alliée."
RN_2024,RN_2024_195,EURO,2024,RN,Toute ambition en matière « d’Europe de la Défense » restera une chimère dès lors que les différentes forces armées des États européens ne disposent pas des capacités militaires élémentaires ou d’une masse critique suffisante.
RN_2024,RN_2024_196,EURO,2024,RN,"Par ailleurs, bien que la France soit le seul pays de l’UE à bénéficier d’un outil de Défense complet, l’Europe doit permettre des coopérations militaires entre États, librement consenties, notamment en matière d’industrie de Défense et de projection de forces."
RN_2024,RN_2024_197,EURO,2024,RN,Identifier et réduire les dépendances capacitaires européennes.
RN_2024,RN_2024_198,EURO,2024,RN,"La coopération entre États européens volontaires doit accorder une priorité au comblement des capacités opérationnelles pour lesquelles elles dépendent de l’extérieur (drones, munitions individuelles et obus d’artillerie, défense antimissiles, satellites, etc.)."
RN_2024,RN_2024_199,EURO,2024,RN,Favoriser et privilégier l’acquisition d’équipements et d’armements européens.
RN_2024,RN_2024_200,EURO,2024,RN,"Depuis le début de l’invasion de l’Ukraine, plus des trois quarts des commandes d’armement de l’UE ont été passées à des acteurs non européens."
RN_2024,RN_2024_201,EURO,2024,RN,"La part des achats de matériel européen par le Département américain de la Défense n’est que d’1,4%, contre 45 fois plus pour les acquisitions européennes de matériel américain."
RN_2024,RN_2024_202,EURO,2024,RN,L’Europe doit défendre une plus grande réciprocité.
RN_2024,RN_2024_203,EURO,2024,RN,Soutenir une préférence européenne dans la production d’armement sur le sol européen.
RN_2024,RN_2024_204,EURO,2024,RN,"La tendance à la relance des capacités de production industrielles de Défense en Europe est positive, mais il est nécessaire que les matériels produits dans les usines européennes soient autant que possible européens."
RN_2024,RN_2024_205,EURO,2024,RN,La hausse de la production ne doit pas déboucher sur une plus grande dépendance aux systèmes d’armes étrangers.
RN_2024,RN_2024_206,EURO,2024,RN,FACE AUX DÉFIS DE L’INTELLIGENCE ARTIFICIELLE.
RN_2024,RN_2024_207,EURO,2024,RN,"L’Europe ne peut pas se permettre de n’être que le spectateur passif de la Quatrième révolution industrielle, marquée notamment par l’essor de l’Intelligence artificielle : c’est la grande révolution technologique de ce siècle."
RN_2024,RN_2024_208,EURO,2024,RN,"Le risque serait d’en subir les développements, plutôt que de les maîtriser et de pouvoir ainsi les mettre au service du bien commun de la société, de l’efficacité et de la puissance."
RN_2024,RN_2024_209,EURO,2024,RN,L’échelon européen constitue un atout incontestable pour l’émergence de champions technologiques et de solutions souveraines en la matière.
RN_2024,RN_2024_210,EURO,2024,RN,"L’IA a en effet besoin de calculateurs et d’algorithmes d’apprentissage puissants, ce que permet l’abondance de données au sein du marché européen."
RN_2024,RN_2024_211,EURO,2024,RN,"Le retard inquiétant de l’Europe sur le duopole sino-américain a poussé l’Union européenne à prendre des initiatives, mais celles-ci visent avant tout la régulation de l’IA ou le respect de normes tandis que l’ambition politique d’une indépendance technologique est à ce jour inexistante."
RN_2024,RN_2024_212,EURO,2024,RN,"Défendre la constitution d’un cloud souverain européen, et non d’un simple « cloud de confiance » perméable aux ingérences juridiques américaines et chinoises."
RN_2024,RN_2024_213,EURO,2024,RN,Élargir les domaines éligibles aux Projets importants d’intérêt européen commun (PIIEC) et en assouplir les règles d’accès afin de créer un environnement complet en faveur de l’Intelligence artificielle.
RN_2024,RN_2024_214,EURO,2024,RN,Revoir les règles de la concurrence européenne pour autoriser la concentration des acteurs et créer des champions européens du numérique qui atteindront ainsi une taille critique au niveau mondial.
RN_2024,RN_2024_215,EURO,2024,RN,"Combler les dépendances stratégiques dans le domaine de la Défense : l’IA est déjà une réalité sur les théâtres d’opérations (aide à la prise de décision, collecte et traitement du renseignement, analyse d’images satellites, etc.) et cette tendance va s’amplifier."
RN_2024,RN_2024_216,EURO,2024,RN,L’Europe technologique doit aider les forces armées nationales à se doter d’applications et de solutions ne souffrant d’aucune dépendance critique.
RN_2024,RN_2024_217,EURO,2024,RN,"Contre la volonté de Macron et de ses alliés de transformer l’Europe en un État centralisé européen, nous voulons que la France reste une grande nation : puissante, indépendante et souveraine."
RN_2024,RN_2024_218,EURO,2024,RN,L’Europe ne doit pas se substituer aux États mais au contraire faciliter leurs coopérations pour développer ensemble des projets concrets.
RN_2024,RN_2024_219,EURO,2024,RN,"Conformément à la vision de l’Europe du Général de Gaulle, le RN veut créer une Alliance européenne des nations pour rendre aux peuples leur souveraineté."
RN_2024,RN_2024_220,EURO,2024,RN,"Marine LE PEN, Présidente du Groupe RN à l’Assemblée nationale."
RN_2024,RN_2024_221,EURO,2024,RN,"DIMANCHE 9 JUIN, UN PRINTEMPS FRANÇAIS EST POSSIBLE."
RN_2024,RN_2024_222,EURO,2024,RN,"Pas d’abstention, pas de dispersion, un seul jour, un seul tour, un seul vote utile, votez Rassemblement National."
RN_2024,RN_2024_223,EURO,2024,RN,Rassemblement National. vivementle9juin/fr.
