doc,sentence_id,election,year,party,sentence
FN_2017,FN_2017_1,PRE,2017,FN,ELECTION PRÉSIDENTIELLE - 23 AVRIL ET 7 MAI 2017 144 engagements présidentiels.
FN_2017,FN_2017_2,PRE,2017,FN,AU NOM DU PEUPLE ENGAGEMENTS  PRÉSIDENTIELS.
FN_2017,FN_2017_3,PRE,2017,FN,Marine 2017.
FN_2017,FN_2017_4,PRE,2017,FN,"Remettre la France en ordre, en cinq ans."
FN_2017,FN_2017_5,PRE,2017,FN,C’est l’engagement que je prends.
FN_2017,FN_2017_6,PRE,2017,FN,Mon projet contient 144 grandes mesures qui vous seront détaillées tout au long de la campagne.
FN_2017,FN_2017_7,PRE,2017,FN,"J’ai voulu, par cette démarche, vous permettre de contrôler mon action à la tête de l’État au cours du quinquennat."
FN_2017,FN_2017_8,PRE,2017,FN,"Sans ce contrôle, il n’existe pas de démocratie saine."
FN_2017,FN_2017_9,PRE,2017,FN,L’objectif de ce projet est d’abord de rendre sa liberté à la France et la parole au peuple.
FN_2017,FN_2017_10,PRE,2017,FN,"Car c’est en votre nom, et pour votre seul bénéfice, que toute politique nationale doit être menée."
FN_2017,FN_2017_11,PRE,2017,FN,"Je veux aussi rendre leur argent aux Français, parce que depuis de trop nombreuses années, notre politique sociale et fiscale appauvrit les classes moyennes et populaires, alors qu’elle enrichit les multinationales et dilapide l’argent public via une immigration totalement incontrôlée."
FN_2017,FN_2017_12,PRE,2017,FN,"Mon projet, vous pourrez le constater, consiste en une véritable révolution de la proximité."
FN_2017,FN_2017_13,PRE,2017,FN,Proximité démocratique : je veux que les décisions soient prises au plus près des citoyens et directement contrôlées par eux.
FN_2017,FN_2017_14,PRE,2017,FN,"Proximité économique : il s’agit de réaménager notre territoire, d’y trouver des services publics partout, de relocaliser nos entreprises et donc nos emplois."
FN_2017,FN_2017_15,PRE,2017,FN,"Plus aucun Français, plus aucun bout de France, y compris l’Outre-mer pour lequel j’ai déjà présenté mon projet complet, ne doit être oublié."
FN_2017,FN_2017_16,PRE,2017,FN,"Vous en êtes conscients, cette élection présidentielle mettra face à face deux visions."
FN_2017,FN_2017_17,PRE,2017,FN,"Le choix « mondialiste » d’un côté, représenté par tous mes concurrents, qui cherche à détruire nos grands équilibres économiques et sociaux, qui veut l’abolition de toutes les frontières, économiques et physiques, et qui veut toujours plus d’immigration et moins de cohésion entre les Français."
FN_2017,FN_2017_18,PRE,2017,FN,"Le choix patriote de l’autre, que j’incarne dans cette élection, qui met la défense de la nation et du peuple au coeur de toute décision publique et qui par-dessus tout veut la protection de notre identité nationale, notre indépendance, l’unité des Français, la justice sociale et la prospérité de tous."
FN_2017,FN_2017_19,PRE,2017,FN,"Ce choix entre deux grandes visions, il sera le vôtre, ce sera un choix de civilisation."
FN_2017,FN_2017_20,PRE,2017,FN,Et il engagera aussi l’avenir de nos enfants.
FN_2017,FN_2017_21,PRE,2017,FN,I - UNE FRANCE LIBRE.
FN_2017,FN_2017_22,PRE,2017,FN,RENDRE À LA FRANCE SA SOUVERAINETÉ NATIONALE.
FN_2017,FN_2017_23,PRE,2017,FN,"VERS UNE EUROPE DES NATIONS INDÉPENDANTES, AU SERVICE DES PEUPLES."
FN_2017,FN_2017_24,PRE,2017,FN,"1 Retrouver notre liberté et la maîtrise de notre destin en restituant au peuple français sa souveraineté (monétaire, législative, territoriale, économique)."
FN_2017,FN_2017_25,PRE,2017,FN,"Pour cela, une négociation sera engagée avec nos partenaires européens suivie d’un référendum sur notre appartenance à l’Union européenne."
FN_2017,FN_2017_26,PRE,2017,FN,"L’objectif est de parvenir à un projet européen respectueux de l’indépendance de la France, des souverainetés nationales et qui serve les intérêts des peuples."
FN_2017,FN_2017_27,PRE,2017,FN,RÉFORMES INSTITUTIONNELLES : RENDRE LA PAROLE AU PEUPLE ET ÉTABLIR UNE DÉMOCRATIE DE PROXIMITÉ.
FN_2017,FN_2017_28,PRE,2017,FN,2 Organiser un référendum en vue de réviser la Constitution et conditionner toute révision future de la Constitution à un référendum.
FN_2017,FN_2017_29,PRE,2017,FN,Élargir le champ d’application de l’article 11 de la Constitution.
FN_2017,FN_2017_30,PRE,2017,FN,3 Permettre la représentation de tous les Français par le scrutin proportionnel à toutes les élections.
FN_2017,FN_2017_31,PRE,2017,FN,"À l’Assemblée nationale, la proportionnelle sera intégrale avec une prime majoritaire de 30 % des sièges pour la liste arrivée en tête et un seuil de 5 % des suffrages pour obtenir des élus."
FN_2017,FN_2017_32,PRE,2017,FN,4 Abaisser le nombre de députés à 300 (contre 577 aujourd’hui) et le nombre de sénateurs à 200 (contre 348 aujourd’hui).
FN_2017,FN_2017_33,PRE,2017,FN,"5 Créer un véritable référendum d’initiative populaire, sur proposition d’au moins 500 000 électeurs."
FN_2017,FN_2017_34,PRE,2017,FN,"6 Conserver trois niveaux d’administration (au lieu de six actuellement) : communes, départements et État."
FN_2017,FN_2017_35,PRE,2017,FN,Cette réforme sera un gage de :  Simplification (suppression des doublons et répartition claire des compétences).
FN_2017,FN_2017_36,PRE,2017,FN,"Proximité (en donnant plus de poids à des élus que les Français connaissent, comme les maires)."
FN_2017,FN_2017_37,PRE,2017,FN,Economies (notamment sur les indemnités d’élus et les frais de fonctionnement).
FN_2017,FN_2017_38,PRE,2017,FN,Elle permettra rapidement une baisse des impôts locaux.
FN_2017,FN_2017_39,PRE,2017,FN,Revaloriser en conséquence le rôle et le statut des maires des petites et moyennes communes.
FN_2017,FN_2017_40,PRE,2017,FN,REFAIRE DE LA FRANCE UN PAYS DE LIBERTÉS.
FN_2017,FN_2017_41,PRE,2017,FN,"7 Garantir la liberté d’expression et les libertés numériques par leur inscription dans les libertés fondamentales protégées par la Constitution, tout en renforçant la lutte contre le cyber-djihadisme et la pédo-criminalité."
FN_2017,FN_2017_42,PRE,2017,FN,"En parallèle, simplifier pour ceux qui en sont victimes les procédures visant à faire reconnaître la diffamation ou l’injure."
FN_2017,FN_2017_43,PRE,2017,FN,"8 Créer une charte à valeur constitutionnelle qui inclura la protection des données personnelles des Français, notamment par une obligation de stockage de ces données sur des serveurs localisés en France."
FN_2017,FN_2017_44,PRE,2017,FN,9 Défendre les droits des femmes : lutter contre l’islamisme qui fait reculer leurs libertés fondamentales ; mettre en place un plan national pour l’égalité salariale femme/homme et lutter contre la précarité professionnelle et sociale.
FN_2017,FN_2017_45,PRE,2017,FN,"10 Assurer le respect de la liberté d’association dans les seules limites exigées par l’ordre public et soutenir les petites structures associatives culturelles, sportives, humanitaires, sociales, éducatives, etc., qui animent la vie de nos territoires."
FN_2017,FN_2017_46,PRE,2017,FN,Instaurer une véritable liberté syndicale par la suppression du monopole de représentativité et moraliser la vie syndicale par un contrôle public du financement des syndicats.
FN_2017,FN_2017_47,PRE,2017,FN,"11 Garantir la liberté de scolariser ses enfants selon ses choix, tout en contrôlant plus strictement la compatibilité avec les valeurs de la République des enseignements dispensés dans les établissements privés hors-contrat."
FN_2017,FN_2017_48,PRE,2017,FN,II - UNE FRANCE SÛRE.
FN_2017,FN_2017_49,PRE,2017,FN,RÉTABLIR L’ORDRE RÉPUBLICAIN ET L’ÉTAT DE DROIT PARTOUT ET POUR TOUS.
FN_2017,FN_2017_50,PRE,2017,FN,12 Rétablir la sécurité en veillant à la protection des libertés individuelles.
FN_2017,FN_2017_51,PRE,2017,FN,"13 Réarmer massivement les forces de l’ordre : en personnels (plan de recrutement de 15 000 policiers et gendarmes), en matériels (modernisation des équipements, des commissariats et des casernes, adaptation des armements aux nouvelles menaces), mais aussi moralement et juridiquement (notamment par la présomption de légitime défense)."
FN_2017,FN_2017_52,PRE,2017,FN,Garantir le statut militaire des gendarmes.
FN_2017,FN_2017_53,PRE,2017,FN,14 Recentrer la police et la gendarmerie sur leur mission de sécurité publique en les libérant des tâches indues et administratives.
FN_2017,FN_2017_54,PRE,2017,FN,15 Mettre en place un plan de désarmement des banlieues concernées et de reprise en main par l’État des zones de non-droit.
FN_2017,FN_2017_55,PRE,2017,FN,Cibler les 5 000 chefs de bandes délinquantes et criminelles identifiées par le ministère de l’Intérieur.
FN_2017,FN_2017_56,PRE,2017,FN,"Afin d’empêcher leur reconstitution, instaurer en complément de la peine pénale l’injonction civile d’éloignement."
FN_2017,FN_2017_57,PRE,2017,FN,16 Rétablir des services de renseignement de terrain pour lutter contre les trafics criminels.
FN_2017,FN_2017_58,PRE,2017,FN,UNE RÉPONSE PÉNALE FERME ET RAPIDE.
FN_2017,FN_2017_59,PRE,2017,FN,"17 Appliquer la tolérance zéro et en finir avec le laxisme judiciaire par l’abrogation des lois pénales laxistes (comme la loi Taubira), le rétablissement des peines planchers et la suppression des remises de peine automatiques."
FN_2017,FN_2017_60,PRE,2017,FN,18 Lutter contre la délinquance des mineurs en responsabilisant les parents par la suppression du versement des aides sociales aux parents de mineurs récidivistes en cas de carence éducative manifeste.
FN_2017,FN_2017_61,PRE,2017,FN,19 Instaurer une peine de prison de perpétuité réelle incompressible pour les crimes les plus graves.
FN_2017,FN_2017_62,PRE,2017,FN,20 Créer 40 000 places supplémentaires de prison en 5 ans.
FN_2017,FN_2017_63,PRE,2017,FN,21 Rétablir l’expulsion automatique des criminels et des délinquants étrangers.
FN_2017,FN_2017_64,PRE,2017,FN,Mettre en place des accords bilatéraux permettant que les étrangers condamnés purgent leur peine dans leur pays d’origine.
FN_2017,FN_2017_65,PRE,2017,FN,22 Rattacher l’administration pénitentiaire au ministère de l’Intérieur et renforcer le renseignement pénitentiaire.
FN_2017,FN_2017_66,PRE,2017,FN,"23 Augmenter le nombre de postes de magistrats, notamment par un recrutement au tour extérieur."
FN_2017,FN_2017_67,PRE,2017,FN,"Afin de rompre avec la culture du laxisme, supprimer l’École Nationale de la Magistrature et créer une filière de formation commune aux carrières judiciaires (avec des écoles d’application)."
FN_2017,FN_2017_68,PRE,2017,FN,RETROUVER DES FRONTIÈRES QUI PROTÈGENT ET EN FINIR AVEC L’IMMIGRATION INCONTRÔLÉE.
FN_2017,FN_2017_69,PRE,2017,FN,24 Rétablir les frontières nationales et sortir de l’espace Schengen (un dispositif particulier pour les travailleurs frontaliers sera mis en place pour leur faciliter le passage de la frontière).
FN_2017,FN_2017_70,PRE,2017,FN,Reconstituer les effectifs supprimés dans les douanes par le recrutement de 6 000 agents durant le quinquennat.
FN_2017,FN_2017_71,PRE,2017,FN,25 Rendre impossible la régularisation ou la naturalisation des étrangers en situation illégale.
FN_2017,FN_2017_72,PRE,2017,FN,Simplifier et automatiser leur expulsion.
FN_2017,FN_2017_73,PRE,2017,FN,26 Réduire l’immigration légale à un solde annuel de 10 000.
FN_2017,FN_2017_74,PRE,2017,FN,Mettre fin à l’automaticité du regroupement et du rapprochement familial ainsi qu’à l’acquisition automatique de la nationalité française par mariage.
FN_2017,FN_2017_75,PRE,2017,FN,Supprimer les pompes aspirantes de l’immigration.
FN_2017,FN_2017_76,PRE,2017,FN,27 Supprimer le droit du sol : l’acquisition de la nationalité française sera possible uniquement par la filiation ou la naturalisation dont les conditions seront par ailleurs plus exigeantes.
FN_2017,FN_2017_77,PRE,2017,FN,Supprimer la double nationalité extra-européenne.
FN_2017,FN_2017_78,PRE,2017,FN,28 Revenir à l’esprit initial du droit d’asile qui ne pourra par ailleurs être accordé qu’à la suite de demandes déposées dans les ambassades et consulats français dans les pays d’origine ou les pays limitrophes.
FN_2017,FN_2017_79,PRE,2017,FN,ÉRADIQUER LE TERRORISME ET BRISER LES RÉSEAUX FONDAMENTALISTES ISLAMISTES.
FN_2017,FN_2017_80,PRE,2017,FN,29 Interdire et dissoudre les organismes de toute nature liés aux fondamentalistes islamistes.
FN_2017,FN_2017_81,PRE,2017,FN,Expulser tous les étrangers en lien avec le fondamentalisme islamiste (notamment les fichés S).
FN_2017,FN_2017_82,PRE,2017,FN,30 Fermer toutes les mosquées extrémistes recensées par le ministère de l’Intérieur et interdire le financement étranger des lieux de culte et de leur personnel.
FN_2017,FN_2017_83,PRE,2017,FN,"Interdire tout financement public (État, collectivités territoriales…) des lieux de culte et des activités cultuelles."
FN_2017,FN_2017_84,PRE,2017,FN,"31 Lutter contre les filières djihadistes : déchéance de la nationalité française, expulsion et interdiction du territoire pour tout binational lié à une filière djihadiste."
FN_2017,FN_2017_85,PRE,2017,FN,Appliquer l’article 411-4 du Code pénal sur l’intelligence avec l’ennemi et placer en détention préventive tout individu de nationalité française en lien avec une organisation étrangère suscitant des actes d’hostilité ou d’agression contre la France et les Français.
FN_2017,FN_2017_86,PRE,2017,FN,Établir la liste de ces organisations.
FN_2017,FN_2017_87,PRE,2017,FN,32 Rétablir l’indignité nationale pour les individus coupables de crimes et délits liés au terrorisme islamiste.
FN_2017,FN_2017_88,PRE,2017,FN,"33 Renforcer les moyens humains et techniques des services de renseignement intérieurs et extérieurs et créer une agence unique de lutte antiterroriste rattachée directement au Premier ministre, chargée de l’analyse de la menace et de la coordination opérationnelle."
FN_2017,FN_2017_89,PRE,2017,FN,III - UNE FRANCE PROSPÈRE.
FN_2017,FN_2017_90,PRE,2017,FN,UN NOUVEAU MODÈLE PATRIOTE EN FAVEUR DE L’EMPLOI 34 Mettre en place un plan de ré-industrialisation dans le cadre d’une coopération associant l’industrie et l’État-stratège pour privilégier l’économie réelle face à la finance spéculative.
FN_2017,FN_2017_91,PRE,2017,FN,"35 Soutenir les entreprises françaises face à la concurrence internationale déloyale par la mise en place d’un protectionnisme intelligent et le rétablissement d’une monnaie nationale adaptée à notre économie, levier de notre compétitivité."
FN_2017,FN_2017_92,PRE,2017,FN,"36 Afin d’assurer la protection des consommateurs et la concurrence loyale, interdire l’importation et la vente de produits provenant de l’étranger qui ne respectent pas les normes imposées aux producteurs français."
FN_2017,FN_2017_93,PRE,2017,FN,"Parallèlement, soutenir le « Fabriqué en France » par un étiquetage obligatoire, clair et loyal sur l’origine des produits et denrées commercialisés en France."
FN_2017,FN_2017_94,PRE,2017,FN,37 Instaurer un vrai patriotisme économique en se libérant des contraintes européennes et en réservant la commande publique aux entreprises françaises si l’écart de prix est raisonnable.
FN_2017,FN_2017_95,PRE,2017,FN,Réserver une partie de la commande publique aux PME.
FN_2017,FN_2017_96,PRE,2017,FN,38 Supprimer sur notre territoire la directive « détachement des travailleurs » qui y crée une concurrence déloyale inadmissible.
FN_2017,FN_2017_97,PRE,2017,FN,Mettre en place une taxe additionnelle sur l’embauche de salariés étrangers afin d’assurer effectivement la priorité nationale à l’emploi des Français.
FN_2017,FN_2017_98,PRE,2017,FN,39 Assurer la protection des secteurs stratégiques et porteurs par un contrôle des investissements étrangers qui portent atteinte aux intérêts nationaux grâce à une Autorité de Sûreté Économique.
FN_2017,FN_2017_99,PRE,2017,FN,Créer sous la tutelle de la Caisse des Dépôts et Consignations un fonds souverain avec la double mission de protéger les entreprises des fonds vautour ou des OPA hostiles et de prendre des participations dans des secteurs porteurs.
FN_2017,FN_2017_100,PRE,2017,FN,"40 Créer un secrétariat d’État dédié aux mutations économiques rattaché au ministère des Finances afin d’anticiper les évolutions des formes de travail liées aux nouvelles technologies (ubérisation, robotisation, économie du partage…)."
FN_2017,FN_2017_101,PRE,2017,FN,"En coopération avec les secteurs concernés, établir une nouvelle régulation pour préserver une concurrence loyale."
FN_2017,FN_2017_102,PRE,2017,FN,41 Fixer l’innovation en France en empêchant en cas de subvention publique que la société soit cédée à une société étrangère pendant dix ans.
FN_2017,FN_2017_103,PRE,2017,FN,"Promouvoir les secteurs stratégiques de la recherche et de l’innovation, en augmentant la déductibilité fiscale des dons."
FN_2017,FN_2017_104,PRE,2017,FN,Augmenter de 30 % le budget public de la recherche (pour le porter à 1 % du PIB).
FN_2017,FN_2017_105,PRE,2017,FN,42 Créer un grand ministère de l’Outre-mer et de la Mer afin de valoriser la dimension maritime de la France et développer un vaste plan stratégique d’investissement autour de l’économie de l’or bleu.
FN_2017,FN_2017_106,PRE,2017,FN,43 Remettre de l’ordre dans nos finances publiques par la fin des mauvaises dépenses publiques (notamment celles liées à l’immigration et à l’Union européenne) et par la lutte contre la fraude sociale et fiscale.
FN_2017,FN_2017_107,PRE,2017,FN,Sortir de la dépendance aux marchés financiers en autorisant à nouveau le financement direct du Trésor par la Banque de France.
FN_2017,FN_2017_108,PRE,2017,FN,SOUTENIR LES ENTREPRISES EN PRIVILÉGIANT L’ÉCONOMIE RÉELLE.
FN_2017,FN_2017_109,PRE,2017,FN,"44 Alléger la complexité administrative et fiscale pesant sur les TPE-PME : guichet unique dédié (social, fiscal et administratif), généralisation du « titre emploi service entreprise » aux TPE, remplacement du compte pénibilité, inapplicable dans sa forme actuelle, par un nouveau dispositif reposant sur une évaluation personnalisée grâce à une médecine du travail qui sera reconstituée."
FN_2017,FN_2017_110,PRE,2017,FN,La pénibilité constatée sera compensée par une majoration des annuités de retraite.
FN_2017,FN_2017_111,PRE,2017,FN,"45 Pour favoriser l’embauche, réduire le nombre des obligations administratives liées au seuil social de 50 salariés et fusionner les institutions représentatives du personnel entre 50 et 300 salariés (hors représentation syndicale) en une structure unique conservant les mêmes compétences."
FN_2017,FN_2017_112,PRE,2017,FN,46 Abaisser les charges sociales des TPE-PME de façon lisible et significative en fusionnant l’ensemble des dispositifs d’allègement des charges sociales de manière dégressive (le CICE sera transformé en allègement de charges et entrera dans le dispositif).
FN_2017,FN_2017_113,PRE,2017,FN,Cet allègement de charges sera conditionné au maintien de l’emploi.
FN_2017,FN_2017_114,PRE,2017,FN,47 Maintenir le dispositif à taux réduit à 15 % de l’impôt sur les sociétés pour les TPE-PME et créer un taux intermédiaire à 24 % (au lieu de 33 %) pour les PME.
FN_2017,FN_2017_115,PRE,2017,FN,Fluidifier la transmission d’entreprises en accordant l’exonération totale des plusvalues de cession des actions et parts sociales des PME-PMI au bout de sept ans.
FN_2017,FN_2017_116,PRE,2017,FN,48 Imposer à l’État et aux collectivités territoriales le respect des délais de paiement en appliquant des pénalités réellement impératives et automatiques.
FN_2017,FN_2017_117,PRE,2017,FN,49 Libérer l’accès au crédit pour les petites et très petites entreprises grâce à des taux préférentiels sous la supervision de la Banque de France afin de remettre la finance au service de l’économie réelle.
FN_2017,FN_2017_118,PRE,2017,FN,50 Diviser par deux le taux d’intérêt maximum (taux d’usure) pour les emprunts et les découverts bancaires (agios) pour les entreprises et les ménages.
FN_2017,FN_2017_119,PRE,2017,FN,"51 Faire de la France une terre d’innovation : recentrer le Crédit Impôt Recherche vers les PME et les startups, diriger une part de l’assurance-vie (2 %) vers le capital-risque et les startups et inciter les grands groupes à créer leur propre fonds d’investissement dans les entreprises innovantes."
FN_2017,FN_2017_120,PRE,2017,FN,GARANTIR LA PROTECTION SOCIALE.
FN_2017,FN_2017_121,PRE,2017,FN,52 Fixer l’âge légal de la retraite à 60 ans avec 40 annuités de cotisations pour percevoir une retraite pleine.
FN_2017,FN_2017_122,PRE,2017,FN,53 Retirer la loi Travail (dite loi El Khomri).
FN_2017,FN_2017_123,PRE,2017,FN,"54 Rehausser progressivement le plafond du quotient familial, rétablir la demi-part des veuves et veufs et la défiscalisation de la majoration des pensions de retraite pour les parents de famille nombreuse."
FN_2017,FN_2017_124,PRE,2017,FN,"55 Mettre en oeuvre une vraie politique nataliste réservée aux familles françaises, en rétablissant l’universalité des allocations familiales et en maintenant leur indexation sur le coût de la vie."
FN_2017,FN_2017_125,PRE,2017,FN,Rétablir la libre répartition du congé parental entre les deux parents.
FN_2017,FN_2017_126,PRE,2017,FN,"56 Renforcer la solidarité intergénérationnelle en permettant à chaque parent de transmettre sans taxation 100 000 euros à chaque enfant tous les cinq ans (au lieu de quinze ans actuellement) et en augmentant le plafond des donations sans taxation aux petits-enfants à 50 000 euros, également tous les cinq ans."
FN_2017,FN_2017_127,PRE,2017,FN,57 Créer un bouclier social pour les indépendants en leur proposant le choix de s’affilier au régime général ou de conserver la spécificité de leur régime après une refonte totale du RSI qui fonctionnera sur la base de l’auto-déclaration trimestrielle des revenus.
FN_2017,FN_2017_128,PRE,2017,FN,AGIR POUR LE POUVOIR D’ACHAT.
FN_2017,FN_2017_129,PRE,2017,FN,"58 Revaloriser le minimum vieillesse (ASPA) partout en France, y compris Outre-mer, et le conditionner à la nationalité française ou à vingt ans de résidence en France, ce qui permettra également d’augmenter les très petites retraites."
FN_2017,FN_2017_130,PRE,2017,FN,"59 Instaurer une Prime de Pouvoir d’Achat (PPA) à destination des bas revenus et des petites retraites (pour les revenus jusqu’à 1 500 euros par mois), financée par une Contribution Sociale sur les Importations de 3 %."
FN_2017,FN_2017_131,PRE,2017,FN,60 Baisser immédiatement de 5 % les tarifs réglementés du gaz et de l’électricité.
FN_2017,FN_2017_132,PRE,2017,FN,61 Sécuriser les dépôts et l’épargne des Français en abrogeant la directive européenne sur l’Union bancaire et la disposition de la loi Sapin II qui prévoient la ponction ou le gel de l’épargne bancaire et des contrats d’assurance-vie en cas de menace de crise bancaire.
FN_2017,FN_2017_133,PRE,2017,FN,Maintenir la liberté et la pluralité des moyens de paiement.
FN_2017,FN_2017_134,PRE,2017,FN,62 Aggraver les sanctions contre les dirigeants d’entreprise coupables d’ententes ou d’agissements frauduleux qui ponctionnent une partie du pouvoir d’achat des consommateurs.
FN_2017,FN_2017_135,PRE,2017,FN,Geler les autorisations accordées aux grandes surfaces et aux entrepôts de vente par correspondance dans l’attente d’un audit global des surfaces de vente de la grande distribution.
FN_2017,FN_2017_136,PRE,2017,FN,63 Maintenir la durée légale hebdomadaire du travail à 35 heures.
FN_2017,FN_2017_137,PRE,2017,FN,Autoriser la négociation sur l’allongement du temps de travail exclusivement au niveau des branches professionnelles et à la condition d’une compensation salariale intégrale (37 heures payées 37 ou 39 heures payées 39).
FN_2017,FN_2017_138,PRE,2017,FN,64 Défiscaliser les heures supplémentaires et maintenir leur majoration.
FN_2017,FN_2017_139,PRE,2017,FN,IV - UNE FRANCE JUSTE.
FN_2017,FN_2017_140,PRE,2017,FN,PROTÉGEONS À 100 % LA SANTÉ DES FRANÇAIS.
FN_2017,FN_2017_141,PRE,2017,FN,65 Garantir la Sécurité sociale pour tous les Français ainsi que le remboursement de l’ensemble des risques pris en charge par l’Assurance maladie.
FN_2017,FN_2017_142,PRE,2017,FN,"Pérenniser son financement en simplifiant l’administration du système, en luttant contre la gabegie financière et en investissant dans les nouveaux outils numériques pour permettre des économies durables."
FN_2017,FN_2017_143,PRE,2017,FN,66 Relever le numerus clausus d’accès aux études de santé pour éviter le recours massif aux médecins étrangers et permettre le remplacement des nombreux départs à la retraite prévus.
FN_2017,FN_2017_144,PRE,2017,FN,"Favoriser la coopération entre professionnels de santé, en reconnaissant les compétences spécifiques de chacun."
FN_2017,FN_2017_145,PRE,2017,FN,"67 Lutter contre les déserts médicaux en instaurant un stage d’internat dans les zones concernées, en permettant aux médecins retraités d’y exercer avec des déductions de charges et en y développant les maisons de santé."
FN_2017,FN_2017_146,PRE,2017,FN,68 Maintenir au maximum les hôpitaux de proximité et augmenter les effectifs de la fonction publique hospitalière.
FN_2017,FN_2017_147,PRE,2017,FN,69 Créer un cinquième risque de Sécurité sociale consacré à la dépendance afin de permettre à chaque Français de se soigner et de vivre dans la dignité.
FN_2017,FN_2017_148,PRE,2017,FN,70 Soutenir les startups françaises pour moderniser le système de santé.
FN_2017,FN_2017_149,PRE,2017,FN,"71 Réaliser des économies en supprimant l’Aide Médicale d’État réservée aux clandestins, en luttant contre la fraude (création d’une carte Vitale biométrique fusionnée avec le titre d’identité), en baissant le prix des médicaments coûteux (via l’augmentation de la proportion de génériques), en développant la vente à l’unité des médicaments remboursables (en imposant aux laboratoires l’adaptation de leurs chaînes de production)."
FN_2017,FN_2017_150,PRE,2017,FN,72 Protéger la complémentarité du double système de santé public et libéral.
FN_2017,FN_2017_151,PRE,2017,FN,"Protéger le maillage territorial des acteurs indépendants de la santé (pharmacies, laboratoires d’analyses…)."
FN_2017,FN_2017_152,PRE,2017,FN,73 Réorganiser et clarifier le rôle et les obligations des agences de sécurité sanitaire et alimentaire et assurer leur indépendance.
FN_2017,FN_2017_153,PRE,2017,FN,RENDRE LA FISCALITÉ PLUS JUSTE.
FN_2017,FN_2017_154,PRE,2017,FN,"74 Assurer une juste contribution fiscale, en refusant toute hausse de la TVA et de la CSG et en maintenant l’ISF."
FN_2017,FN_2017_155,PRE,2017,FN,75 Baisser de 10 % l’impôt sur le revenu sur les trois premières tranches.
FN_2017,FN_2017_156,PRE,2017,FN,76 Opérer une simplification fiscale en supprimant les impôts à très faible rendement.
FN_2017,FN_2017_157,PRE,2017,FN,77 Supprimer le prélèvement à la source afin de protéger la vie privée des Français et d’éviter une complexité administrative supplémentaire pour les entreprises.
FN_2017,FN_2017_158,PRE,2017,FN,78 Lutter efficacement contre l’évasion fiscale pour préserver notre modèle social en s’attaquant aux paradis fiscaux et en créant une taxe sur l’activité réalisée en France par les grands groupes et les profits qui auraient été détournés.
FN_2017,FN_2017_159,PRE,2017,FN,Continuer la coopération fiscale internationale dans ce but.
FN_2017,FN_2017_160,PRE,2017,FN,79 Priver d’accès aux marchés publics les multinationales qui pratiquent l’évitement fiscal et refusent de régulariser leur situation.
FN_2017,FN_2017_161,PRE,2017,FN,"80 Dénoncer les conventions fiscales avec les pays du Golfe qui accordent des privilèges indus, qui facilitent la prise de contrôle de l’économie française par les pétrodollars et qui sont contraires à l’intérêt national."
FN_2017,FN_2017_162,PRE,2017,FN,"PERMETTRE À CHACUN DE TROUVER SA PLACE 81 Revaloriser le travail manuel par l’établissement de filières professionnelles d’excellence (suppression progressive du collège unique, autorisation de l’apprentissage à partir de 14 ans)."
FN_2017,FN_2017_163,PRE,2017,FN,Développer des lycées professionnels ou technologiques de la seconde chance sur tout le territoire pour les élèves sortis du système scolaire sans diplôme.
FN_2017,FN_2017_164,PRE,2017,FN,82 Créer un dispositif « premier emploi » qui exonère totalement de charges la première embauche d’un jeune de moins de 21 ans par une entreprise et ce pour un délai maximum de deux ans.
FN_2017,FN_2017_165,PRE,2017,FN,"83 Pour une vraie justice sociale, transférer aux établissements supérieurs d’enseignement général et professionnel la charge de trouver une offre de stage à chaque étudiant."
FN_2017,FN_2017_166,PRE,2017,FN,84 Étendre à la métropole le Service Militaire Adapté sur le modèle de celui en vigueur en Outre-mer.
FN_2017,FN_2017_167,PRE,2017,FN,85 Élargir et généraliser le troisième concours de la fonction publique et le réserver aux plus de 45 ans ayant au moins huit ans d’expérience dans le privé.
FN_2017,FN_2017_168,PRE,2017,FN,86 Dégeler et revaloriser le point d’indice pour les fonctionnaires.
FN_2017,FN_2017_169,PRE,2017,FN,Préserver le statut de la fonction publique.
FN_2017,FN_2017_170,PRE,2017,FN,"Dans un souci d’égalité, établir à deux jours le délai de carence dans le public et le privé pour le paiement des indemnités journalières d’assurance maladie."
FN_2017,FN_2017_171,PRE,2017,FN,"87 Face aux pressions d’autorités supranationales, maintenir l’interdiction de la GPA et réserver la PMA comme réponse médicale aux problèmes de stérilité."
FN_2017,FN_2017_172,PRE,2017,FN,"Créer une union civile (PACS amélioré) qui viendra remplacer les dispositions de la loi Taubira, sans effet rétroactif."
FN_2017,FN_2017_173,PRE,2017,FN,"88 Revaloriser l’Allocation aux Adultes Handicapés (AAH), donner plus de moyens aux Maisons Départementales des Personnes Handicapées (MDPH) et développer une prise en charge digne de l’autisme et des troubles du spectre autistique."
FN_2017,FN_2017_174,PRE,2017,FN,"La puissance publique se doit d’apporter une aide accrue aux personnes en situation de handicap, ainsi qu’à leur famille."
FN_2017,FN_2017_175,PRE,2017,FN,"89 Faciliter l’accès à l’emploi des personnes en situation de handicap, renforcer la lutte contre toutes les discriminations liées aux handicaps et à la santé et étendre le droit à l’oubli aux majeurs en rémission d’affection de longue durée, avec un délai maximal de 5 ans."
FN_2017,FN_2017_176,PRE,2017,FN,Imposer un standard d’accessibilité pour les malvoyants et les malentendants.
FN_2017,FN_2017_177,PRE,2017,FN,90 Lancer un audit complet sur les structures d’accueil et de prise en charge des enfants afin de mettre un terme aux dérives constatées au sein de certaines d’entre elles.
FN_2017,FN_2017_178,PRE,2017,FN,Réorganiser et améliorer les politiques d’aide sociale à l’enfance. au nom du peuple.
FN_2017,FN_2017_179,PRE,2017,FN,V - UNE FRANCE FIÈRE DÉFENDRE L’UNITÉ DE LA FRANCE ET SON IDENTITÉ NATIONALE.
FN_2017,FN_2017_180,PRE,2017,FN,"91 Défendre l’identité nationale, les valeurs et les traditions de la civilisation française."
FN_2017,FN_2017_181,PRE,2017,FN,Inscrire dans la Constitution la défense et la promotion de notre patrimoine historique et culturel.
FN_2017,FN_2017_182,PRE,2017,FN,92 Ériger la citoyenneté française en privilège pour tous les Français par l’inscription dans la Constitution de la priorité nationale.
FN_2017,FN_2017_183,PRE,2017,FN,93 Pavoiser en permanence tous les bâtiments publics du drapeau français et en retirer le drapeau européen.
FN_2017,FN_2017_184,PRE,2017,FN,94 Revaloriser les pensions des anciens combattants en réallouant les crédits disponibles.
FN_2017,FN_2017_185,PRE,2017,FN,95 Promouvoir la laïcité et lutter contre le communautarisme.
FN_2017,FN_2017_186,PRE,2017,FN,Inscrire dans la Constitution le principe : « La République ne reconnaît aucune communauté.
FN_2017,FN_2017_187,PRE,2017,FN,"» Rétablir la laïcité partout, l’étendre à l’ensemble de l’espace public et l’inscrire dans le Code du travail."
FN_2017,FN_2017_188,PRE,2017,FN,96 Défendre la langue française.
FN_2017,FN_2017_189,PRE,2017,FN,Abroger notamment les dispositions de la loi Fioraso qui permettent de restreindre l’enseignement en français dans les universités.
FN_2017,FN_2017_190,PRE,2017,FN,97 Renforcer l’unité de la nation par la promotion du roman national et le refus des repentances d’État qui divisent.
FN_2017,FN_2017_191,PRE,2017,FN,"98 Promouvoir l’assimilation républicaine, principe plus exigeant que celui d’intégration."
FN_2017,FN_2017_192,PRE,2017,FN,99 Rétablir l’égalité réelle et la méritocratie en refusant le principe de « discrimination positive ».
FN_2017,FN_2017_193,PRE,2017,FN,100 Défendre l’unité et l’intégrité du territoire français en réaffirmant le lien indissoluble entre la métropole et l’Outre-mer.
FN_2017,FN_2017_194,PRE,2017,FN,UNE FRANCE QUI TRANSMET ET SE TRANSMET.
FN_2017,FN_2017_195,PRE,2017,FN,"101 Assurer la transmission des connaissances par le renforcement des apprentissages fondamentaux (français, histoire, calcul)."
FN_2017,FN_2017_196,PRE,2017,FN,"À l’école primaire, réserver la moitié du temps d’enseignement au français, à l’écrit comme à l’oral."
FN_2017,FN_2017_197,PRE,2017,FN,Supprimer « l’enseignement des langues et cultures d’origine » (ELCO).
FN_2017,FN_2017_198,PRE,2017,FN,"102 Faire de l’école un « asile inviolable où les querelles des hommes n’entrent pas » (Jean Zay), donc en y imposant non seulement la laïcité, mais également la neutralité et la sécurité."
FN_2017,FN_2017_199,PRE,2017,FN,103 Rétablir l’autorité et le respect du maître et instaurer le port d’un uniforme à l’école.
FN_2017,FN_2017_200,PRE,2017,FN,104 Revenir sur la réforme des rythmes scolaires.
FN_2017,FN_2017_201,PRE,2017,FN,105 Rétablir une véritable égalité des chances en retrouvant la voie de la méritocratie républicaine.
FN_2017,FN_2017_202,PRE,2017,FN,"106 À l’université, passer d’une sélection par l’échec à une sélection au mérite."
FN_2017,FN_2017_203,PRE,2017,FN,Refuser le tirage au sort comme moyen de sélection.
FN_2017,FN_2017_204,PRE,2017,FN,Revaloriser les bourses au mérite.
FN_2017,FN_2017_205,PRE,2017,FN,"Défendre le modèle d’enseignement supérieur français, qui passe par la complémentarité de l’université et des grandes écoles."
FN_2017,FN_2017_206,PRE,2017,FN,"107 Développer massivement l’alternance (contrat d’apprentissage, contrat de professionnalisation) dans l’artisanat, le secteur public et privé et rendre la formation professionnelle plus efficace, moins opaque et moins coûteuse."
FN_2017,FN_2017_207,PRE,2017,FN,UNE FRANCE QUI CRÉE ET QUI RAYONNE.
FN_2017,FN_2017_208,PRE,2017,FN,108 Renforcer le réseau des écoles et des lycées français dans le monde.
FN_2017,FN_2017_209,PRE,2017,FN,109 Développer le mécénat populaire par la création d’une plate-forme numérique dédiée.
FN_2017,FN_2017_210,PRE,2017,FN,110 Bâtir une loi de programmation du patrimoine pour permettre un meilleur soutien à l’entretien et à la préservation du patrimoine.
FN_2017,FN_2017_211,PRE,2017,FN,Augmenter le budget alloué de 25 %.
FN_2017,FN_2017_212,PRE,2017,FN,111 Mettre un coup d’arrêt à la politique de vente à l’étranger et au privé de palais et bâtiments nationaux.
FN_2017,FN_2017_213,PRE,2017,FN,"112 Lancer un grand plan national de création de filières (lycées, universités) des métiers d’art dans nos territoires et implanter un réseau de pépinières d’artistes sur tout le territoire."
FN_2017,FN_2017_214,PRE,2017,FN,Restaurer une véritable éducation musicale généraliste dans les établissements scolaires.
FN_2017,FN_2017_215,PRE,2017,FN,"113 Réformer le Conseil Supérieur de l’Audiovisuel avec la création de trois collèges : l’un composé des représentants de l’État, le deuxième de professionnels, le troisième de représentants de la société civile (associations de consommateurs, de téléspectateurs, etc.)."
FN_2017,FN_2017_216,PRE,2017,FN,114 Remettre en ordre le statut d’intermittent du spectacle par la création d’une carte professionnelle afin de préserver ce régime tout en opérant un meilleur contrôle des structures qui en abusent.
FN_2017,FN_2017_217,PRE,2017,FN,115 Supprimer Hadopi et ouvrir le chantier de la licence globale.
FN_2017,FN_2017_218,PRE,2017,FN,116 Créer un « contrat sportif de haut niveau » d’une durée de trois ans renouvelable permettant aux sportifs amateurs représentant la Nation dans les compétitions internationales de vivre dignement et de se consacrer entièrement à leur discipline.
FN_2017,FN_2017_219,PRE,2017,FN,117 Soutenir les petits clubs afin de permettre la présence d’un maximum de joueurs français dans les clubs professionnels et lutter contre la financiarisation du sport professionnel.
FN_2017,FN_2017_220,PRE,2017,FN,Renforcer les actions contre la violence dans le sport amateur et imposer le respect strict de la laïcité et de la neutralité dans tous les clubs sportifs. au nom du peuple VI - UNE FRANCE PUISSANTE.
FN_2017,FN_2017_221,PRE,2017,FN,FAIRE RESPECTER LA FRANCE.
FN_2017,FN_2017_222,PRE,2017,FN,118 Quitter le commandement militaire intégré de l’OTAN pour que la France ne soit pas entraînée dans des guerres qui ne sont pas les siennes.
FN_2017,FN_2017_223,PRE,2017,FN,119 Assurer une capacité de Défense autonome dans tous les domaines.
FN_2017,FN_2017_224,PRE,2017,FN,120 Reconstituer dans tous les domaines de la Défense une offre industrielle française pour répondre aux besoins de nos armées et garantir notre indépendance stratégique.
FN_2017,FN_2017_225,PRE,2017,FN,121 Augmenter dès la première année du mandat le budget de la Défense à 2 % du PIB puis tendre vers 3 % à l’horizon de la fin du quinquennat.
FN_2017,FN_2017_226,PRE,2017,FN,Ces 2 % minimum seront inscrits dans la Constitution.
FN_2017,FN_2017_227,PRE,2017,FN,Cet effort substantiel permettra notamment de financer.
FN_2017,FN_2017_228,PRE,2017,FN,"Un second porte-avions baptisé « Richelieu », indispensable à la permanence à la mer de notre groupe aéronaval."
FN_2017,FN_2017_229,PRE,2017,FN,"L’augmentation des effectifs (pour les reconstituer à leur niveau de 2007, soit environ 50 000 militaires supplémentaires)."
FN_2017,FN_2017_230,PRE,2017,FN,La pérennisation de notre force de dissuasion nucléaire.
FN_2017,FN_2017_231,PRE,2017,FN,"L’augmentation générale de notre format d’armée (davantage d’avions, de navires, de blindés) et la modernisation des équipements."
FN_2017,FN_2017_232,PRE,2017,FN,Le rétablissement progressif d’un service militaire (minimum obligatoire 3 mois).
FN_2017,FN_2017_233,PRE,2017,FN,REFAIRE DE LA FRANCE UN PAYS MAJEUR DANS LE MONDE.
FN_2017,FN_2017_234,PRE,2017,FN,"122 Engager la France au service d’un monde multipolaire fondé sur l’égalité en droit des nations, leur concertation permanente et le respect de leur indépendance."
FN_2017,FN_2017_235,PRE,2017,FN,Fonder la politique internationale sur le principe de réalisme et rendre à la France son rôle de puissance de stabilité et d’équilibre.
FN_2017,FN_2017_236,PRE,2017,FN,123 Renforcer les liens entre les peuples qui ont le français en partage.
FN_2017,FN_2017_237,PRE,2017,FN,"124 Mettre en oeuvre une véritable politique de co-développement avec les pays d’Afrique fondée prioritairement sur l’aide au développement de l’école primaire, l’aide à l’amélioration des systèmes agricoles et l’aide au renforcement des outils de Défense et de sécurité. au nom du peuple VII - UNE FRANCE DURABLE."
FN_2017,FN_2017_238,PRE,2017,FN,"LA FRANCE, PUISSANCE AGRICOLE AU SERVICE D’UNE ALIMENTATION SAINE."
FN_2017,FN_2017_239,PRE,2017,FN,"125 Appliquer le patriotisme économique aux produits agricoles français pour soutenir immédiatement nos paysans et nos pêcheurs, notamment au travers de la commande publique (État et collectivités)."
FN_2017,FN_2017_240,PRE,2017,FN,126 Transformer la Politique Agricole Commune en Politique Agricole Française.
FN_2017,FN_2017_241,PRE,2017,FN,"Garantir le montant des subventions dont les critères seront fixés par la France et non plus par l’Union européenne, avec l’objectif de sauver et soutenir le modèle français des exploitations familiales."
FN_2017,FN_2017_242,PRE,2017,FN,"127 Refuser les traités de libre-échange (TAFTA, CETA, Australie, Nouvelle-Zélande, etc.)."
FN_2017,FN_2017_243,PRE,2017,FN,"Développer les circuits courts de la production à la consommation, en réorganisant les filières."
FN_2017,FN_2017_244,PRE,2017,FN,"128 Simplifier le quotidien des agriculteurs en stoppant l’explosion des normes administratives et encourager l’installation des jeunes agriculteurs, par le biais de défiscalisations durant les premières années."
FN_2017,FN_2017_245,PRE,2017,FN,"129 Défendre la qualité : afin de lutter contre la concurrence déloyale, interdire l’importation des produits agricoles et alimentaires qui ne respectent pas les normes de production françaises en matière de sécurité sanitaire, de bien-être animal et d’environnement."
FN_2017,FN_2017_246,PRE,2017,FN,"Imposer la traçabilité totale de l’origine géographique et du lieu de transformation sur l’étiquette, afin de garantir la transparence et l’information complète des consommateurs."
FN_2017,FN_2017_247,PRE,2017,FN,"130 Promouvoir les exportations agricoles, notamment en soutenant les labels de qualité."
FN_2017,FN_2017_248,PRE,2017,FN,ENVIRONNEMENT ET TRANSITION ÉNERGÉTIQUE : LA FRANCE DOIT VISER L’EXCELLENCE.
FN_2017,FN_2017_249,PRE,2017,FN,"131 Pour préserver l’environnement, rompre avec le modèle économique fondé sur la mondialisation sauvage des échanges et le dumping social, sanitaire et environnemental ; la véritable écologie consiste à produire et consommer au plus près et retraiter sur place."
FN_2017,FN_2017_250,PRE,2017,FN,"132 Afin de lutter contre la précarité énergétique et agir directement sur le pouvoir d’achat des Français, faire de l’isolation de l’habitat une priorité budgétaire du quinquennat, parce que l’énergie la moins chère est celle que l’on ne consomme pas."
FN_2017,FN_2017_251,PRE,2017,FN,"133 Développer massivement les filières françaises des énergies renouvelables (solaire, biogaz, bois…) grâce à un protectionnisme intelligent, au patriotisme économique, à l’investissement public et privé et aux commandes d’EDF."
FN_2017,FN_2017_252,PRE,2017,FN,Décréter un moratoire immédiat sur l’éolien.
FN_2017,FN_2017_253,PRE,2017,FN,"134 Pour maintenir, moderniser et sécuriser la filière nucléaire française, engager le Grand Carénage, et garder le contrôle de l’État sur EDF, en lui redonnant une véritable mission de service public."
FN_2017,FN_2017_254,PRE,2017,FN,Refuser la fermeture de la centrale de Fessenheim.
FN_2017,FN_2017_255,PRE,2017,FN,"135 Soutenir une filière française de l’hydrogène (énergie propre), par un appui de l’État en matière de recherche et développement, afin de réduire notre dépendance au pétrole."
FN_2017,FN_2017_256,PRE,2017,FN,"136 Interdire l’exploitation du gaz de schiste, tant que des conditions satisfaisantes en matière d’environnement, de sécurité et de santé ne seront pas réunies, et appliquer le principe de précaution en interdisant les OGM."
FN_2017,FN_2017_257,PRE,2017,FN,137 Faire de la protection animale une priorité nationale.
FN_2017,FN_2017_258,PRE,2017,FN,Défendre le bien-être des animaux en interdisant l’abattage sans étourdissement préalable et en remplaçant le plus possible les expérimentations animales.
FN_2017,FN_2017_259,PRE,2017,FN,"Refuser le modèle des fermes-usines, du type « ferme des 1 000 vaches »."
FN_2017,FN_2017_260,PRE,2017,FN,ASSURER L’ÉGALITÉ SUR TOUT LE TERRITOIRE ET RENFORCER L’ACCÈS AU LOGEMENT.
FN_2017,FN_2017_261,PRE,2017,FN,"138 Garantir l’égal accès aux services publics (administrations, gendarmerie, eau, santé, transport, hôpitaux de proximité et maisons de santé…) sur tout le territoire et en particulier en milieu rural."
FN_2017,FN_2017_262,PRE,2017,FN,La libéralisation du rail voulue par l’Union européenne sera refusée.
FN_2017,FN_2017_263,PRE,2017,FN,La Poste et la SNCF resteront des entreprises publiques.
FN_2017,FN_2017_264,PRE,2017,FN,"139 Regrouper en un seul ministère l’aménagement du territoire, les transports et le logement."
FN_2017,FN_2017_265,PRE,2017,FN,Rééquilibrer la politique de la ville vers les zones désertifiées et rurales.
FN_2017,FN_2017_266,PRE,2017,FN,140 Faciliter l’accès à la propriété en renforçant les dispositifs de prêts aidés et en améliorant les conditions de rachat par les locataires de leur logement social pour parvenir à 1 % du parc HLM vendu chaque année.
FN_2017,FN_2017_267,PRE,2017,FN,Réduire les droits de mutation de 10 %.
FN_2017,FN_2017_268,PRE,2017,FN,"141 Réduire les dépenses de logement des ménages par un grand plan d’aide à la construction et à la réhabilitation des logements, par la baisse de la taxe d’habitation pour les plus modestes et le gel de son augmentation, et par la pérennisation des APL (suppression de la prise en compte du patrimoine dans leur calcul)."
FN_2017,FN_2017_269,PRE,2017,FN,Créer une «Protection-Logement-Jeunes» : lancer un grand plan de construction de logements étudiants et revaloriser de 25 % les APL pour les jeunes jusqu’à 27 ans dès la première année du quinquennat.
FN_2017,FN_2017_270,PRE,2017,FN,"142 Réserver prioritairement aux Français l’attribution du logement social, sans effet rétroactif, et le mobiliser vers les publics qui en ont le plus besoin."
FN_2017,FN_2017_271,PRE,2017,FN,Appliquer réellement l’obligation de jouissance paisible sous peine de déchéance du bail.
FN_2017,FN_2017_272,PRE,2017,FN,143 Rationaliser et simplifier les normes d’urbanisme et de construction afin de résorber les tensions sur le marché du logement.
FN_2017,FN_2017_273,PRE,2017,FN,"Veiller à la préservation de l’environnement et des espaces naturels protégés (littoral, montagne, etc.)."
FN_2017,FN_2017_274,PRE,2017,FN,"144 Soutenir l’effort d’investissement en infrastructures, en particulier dans la ruralité (très haut débit, couverture téléphonique, routes…) et renationaliser les sociétés d’autoroutes pour rendre aux Français un patrimoine qu’ils ont financé et dont ils ont été spoliés ; plus généralement, refuser la vente des actifs stratégiques détenus par la puissance publique."
LFI_2017,LFI_2017_275,PRE,2017,LFI,L’AVENIR EN COMMUN.
LFI_2017,LFI_2017_276,PRE,2017,LFI,Le programme de la France insoumise et son candidat Jean-Luc Mélenchon.
LFI_2017,LFI_2017_277,PRE,2017,LFI,ÉLECTIONS PRÉSIDENTIELLE ET LÉGISLATIVES 2017.
LFI_2017,LFI_2017_278,PRE,2017,LFI,Introduction de Jean-Luc Mélenchon . . . . . . . . . . . . . . . . . . . . . .
LFI_2017,LFI_2017_279,PRE,2017,LFI,11 Un programme en évolution permanente. . . . . . . . . . . . . . . . . .
LFI_2017,LFI_2017_280,PRE,2017,LFI,19 L’URGENCE DÉMOCRATIQUE LA 6e RÉPUBLIQUE. . . . . . . . . . . . . . . . . . . . . . . . . .
LFI_2017,LFI_2017_281,PRE,2017,LFI,21 1.
LFI_2017,LFI_2017_282,PRE,2017,LFI,Réunir une Assemblée constituante. . . . . . . . . . . . . . . . . . . .
LFI_2017,LFI_2017_283,PRE,2017,LFI,23 2.
LFI_2017,LFI_2017_284,PRE,2017,LFI,"Balayer l’oligarchie, abolir les privilèges de la caste. . . ."
LFI_2017,LFI_2017_285,PRE,2017,LFI,24 3.
LFI_2017,LFI_2017_286,PRE,2017,LFI,Une République permettant l’intervention populaire. . .
LFI_2017,LFI_2017_287,PRE,2017,LFI,25 4.
LFI_2017,LFI_2017_288,PRE,2017,LFI,Abolir la monarchie présidentielle. . . . . . . . . . . . . . . . . . . . . .
LFI_2017,LFI_2017_289,PRE,2017,LFI,26 5.
LFI_2017,LFI_2017_290,PRE,2017,LFI,Une nouvelle étape des libertés et de l’émancipation personnelles. . . . . . . . . . . . . . . . . . . . . . . . . . . . . . . . . . . . . . . . . . .
LFI_2017,LFI_2017_291,PRE,2017,LFI,27 6.
LFI_2017,LFI_2017_292,PRE,2017,LFI,Une République universelle. . . . . . . . . . . . . . . . . . . . . . . . . . . .
LFI_2017,LFI_2017_293,PRE,2017,LFI,28 7.
LFI_2017,LFI_2017_294,PRE,2017,LFI,Une République laïque. . . . . . . . . . . . . . . . . . . . . . . . . . . . . . . . .
LFI_2017,LFI_2017_295,PRE,2017,LFI,29 8.
LFI_2017,LFI_2017_296,PRE,2017,LFI,La révolution citoyenne dans les médias. . . . . . . . . . . . . . .
LFI_2017,LFI_2017_297,PRE,2017,LFI,30 9.
LFI_2017,LFI_2017_298,PRE,2017,LFI,La République garante des biens communs. . . . . . . . . . . .
LFI_2017,LFI_2017_299,PRE,2017,LFI,31 10.
LFI_2017,LFI_2017_300,PRE,2017,LFI,Reconnaître la citoyenneté dans l’entreprise et des droits nouveaux aux salariés. . . . . . . . . . . . . . . . . . . . . . . . . . .
LFI_2017,LFI_2017_301,PRE,2017,LFI,32 11.
LFI_2017,LFI_2017_302,PRE,2017,LFI,Une justice au nom du peuple . . . . . . . . . . . . . . . . . . . . . . . . . .
LFI_2017,LFI_2017_303,PRE,2017,LFI,33 12.
LFI_2017,LFI_2017_304,PRE,2017,LFI,Une politique antiterroriste rationnelle. . . . . . . . . . . . . . . . .
LFI_2017,LFI_2017_305,PRE,2017,LFI,34 13.
LFI_2017,LFI_2017_306,PRE,2017,LFI,Garantir la sécurité et la sûreté. . . . . . . . . . . . . . . . . . . . . . . . .
LFI_2017,LFI_2017_307,PRE,2017,LFI,36 14.
LFI_2017,LFI_2017_308,PRE,2017,LFI,La jeunesse au service de l’intérêt général et de la sûreté de la Nation. . . . . . . . . . . . . . . . . . . . . . . . . . . . . . . . . . . . .
LFI_2017,LFI_2017_309,PRE,2017,LFI,38 15.
LFI_2017,LFI_2017_310,PRE,2017,LFI,L’égalité réelle pour les Outre-mer. . . . . . . . . . . . . . . . . . . . . .
LFI_2017,LFI_2017_311,PRE,2017,LFI,39 L’URGENCE SOCIALE PROTÉGER ET PARTAGER. . . . . . . . . . . . . . . . .
LFI_2017,LFI_2017_312,PRE,2017,LFI,43 16.
LFI_2017,LFI_2017_313,PRE,2017,LFI,Mettre fin au pillage économique de la Nation. . . . . . . . .
LFI_2017,LFI_2017_314,PRE,2017,LFI,45 17.
LFI_2017,LFI_2017_315,PRE,2017,LFI,Instaurer un protectionnisme solidaire pour produire en France. . . . . . . . . . . . . . . . . . . . . . . . . . . . . . . . . . . . . . . . . . . . . .
LFI_2017,LFI_2017_316,PRE,2017,LFI,46 18.
LFI_2017,LFI_2017_317,PRE,2017,LFI,Engager un plan de relance de l’activité et de l’emploi au service de la transition écologique . . . . . . . . . . . . . . . . .
LFI_2017,LFI_2017_318,PRE,2017,LFI,47 19.
LFI_2017,LFI_2017_319,PRE,2017,LFI,Mettre au pas la finance. . . . . . . . . . . . . . . . . . . . . . . . . . . . . . .
LFI_2017,LFI_2017_320,PRE,2017,LFI,48 20.
LFI_2017,LFI_2017_321,PRE,2017,LFI,Définanciariser l’économie réelle. . . . . . . . . . . . . . . . . . . . . .
LFI_2017,LFI_2017_322,PRE,2017,LFI,49 21.
LFI_2017,LFI_2017_323,PRE,2017,LFI,Mobiliser l’argent pour financer les petites et moyennes entreprises et la création d’emplois. . . . . . . . . . . . . . . . . . . .
LFI_2017,LFI_2017_324,PRE,2017,LFI,50 22.
LFI_2017,LFI_2017_325,PRE,2017,LFI,Protéger et généraliser l’économie sociale et solidaire et l’économie collaborative. . . . . . . . . . . . . . . . . . . . . . . . . . . .
LFI_2017,LFI_2017_326,PRE,2017,LFI,51 23.
LFI_2017,LFI_2017_327,PRE,2017,LFI,Empêcher les licenciements boursiers dans l’entreprise pour conserver et développer l’emploi. . . . . . . . . . .
LFI_2017,LFI_2017_328,PRE,2017,LFI,52 24.
LFI_2017,LFI_2017_329,PRE,2017,LFI,Abroger la loi El Khomri. . . . . . . . . . . . . . . . . . . . . . . . . . . . . . .
LFI_2017,LFI_2017_330,PRE,2017,LFI,53 25.
LFI_2017,LFI_2017_331,PRE,2017,LFI,"Éradiquer la précarité, respecter les métiers et les travailleurs. . . . . . . . . . . . . . . . . . . . . . . . . . . . . . . . . . . . . . . . . . . . ."
LFI_2017,LFI_2017_332,PRE,2017,LFI,53 26.
LFI_2017,LFI_2017_333,PRE,2017,LFI,Construire un nouveau statut protecteur pour les travailleurs : la Sécurité sociale intégrale. . . . . . . . . . . . . . .
LFI_2017,LFI_2017_334,PRE,2017,LFI,54 27.
LFI_2017,LFI_2017_335,PRE,2017,LFI,Donner aux jeunes les moyens de leur autonomie. . . . .
LFI_2017,LFI_2017_336,PRE,2017,LFI,55 28.
LFI_2017,LFI_2017_337,PRE,2017,LFI,"Réduire le temps de travail, travailler moins pour travailler tous. . . . . . . . . . . . . . . . . . . . . . . . . . . . . . . . . . . . . . . . . ."
LFI_2017,LFI_2017_338,PRE,2017,LFI,56 29.
LFI_2017,LFI_2017_339,PRE,2017,LFI,Instaurer un salaire maximum autorisé pour les dirigeants d’entreprise. . . . . . . . . . . . . . . . . . . . . . . . . . . . . . . . .
LFI_2017,LFI_2017_340,PRE,2017,LFI,57 30.
LFI_2017,LFI_2017_341,PRE,2017,LFI,Augmenter les salaires . . . . . . . . . . . . . . . . . . . . . . . . . . . . . . . .
LFI_2017,LFI_2017_342,PRE,2017,LFI,58 31.
LFI_2017,LFI_2017_343,PRE,2017,LFI,"Restaurer le droit à la retraite à 60 ans, augmenter les petites pensions. . . . . . . . . . . . . . . . . . . . . . . . . . . . . . . . . . ."
LFI_2017,LFI_2017_344,PRE,2017,LFI,58 32.
LFI_2017,LFI_2017_345,PRE,2017,LFI,Réprimer les inégalités femmes-hommes dans les entreprises . . . . . . . . . . . . . . . . . . . . . . . . . . . . . . . . . . . . . . . . . . . .
LFI_2017,LFI_2017_346,PRE,2017,LFI,59 33.
LFI_2017,LFI_2017_347,PRE,2017,LFI,Éradiquer la pauvreté. . . . . . . . . . . . . . . . . . . . . . . . . . . . . . . . . .
LFI_2017,LFI_2017_348,PRE,2017,LFI,60 34.
LFI_2017,LFI_2017_349,PRE,2017,LFI,Garantir le droit effectif au logement. . . . . . . . . . . . . . . . . .
LFI_2017,LFI_2017_350,PRE,2017,LFI,62 35.
LFI_2017,LFI_2017_351,PRE,2017,LFI,Refuser le chantage à la dette publique . . . . . . . . . . . . . . .
LFI_2017,LFI_2017_352,PRE,2017,LFI,63 36.
LFI_2017,LFI_2017_353,PRE,2017,LFI,Faire la révolution fiscale. . . . . . . . . . . . . . . . . . . . . . . . . . . . . .
LFI_2017,LFI_2017_354,PRE,2017,LFI,63 37.
LFI_2017,LFI_2017_355,PRE,2017,LFI,Terrasser l’évasion et la fraude fiscales. . . . . . . . . . . . . . . .
LFI_2017,LFI_2017_356,PRE,2017,LFI,65 L’URGENCE ÉCOLOGIQUE LA PLANIFICATION ÉCOLOGIQUE. . . . .
LFI_2017,LFI_2017_357,PRE,2017,LFI,67 38.
LFI_2017,LFI_2017_358,PRE,2017,LFI,"La transition écologique, enjeu central . . . . . . . . . . . . . . . ."
LFI_2017,LFI_2017_359,PRE,2017,LFI,69 39. 100 % d’énergies renouvelables en 2050. . . . . . . . . . . . . .
LFI_2017,LFI_2017_360,PRE,2017,LFI,70 40.
LFI_2017,LFI_2017_361,PRE,2017,LFI,Plan de rénovation écologique de tout le bâti . . . . . . . . .
LFI_2017,LFI_2017_362,PRE,2017,LFI,71 41.
LFI_2017,LFI_2017_363,PRE,2017,LFI,Développer les transports publics écologiques et repenser la mobilité individuelle. . . . . . . . . . . . . . . . . . . . . . .
LFI_2017,LFI_2017_364,PRE,2017,LFI,72 42.
LFI_2017,LFI_2017_365,PRE,2017,LFI,Pénaliser les transports sur longue distance pour relocaliser les productions. . . . . . . . . . . . . . . . . . . . . . . . . . . . .
LFI_2017,LFI_2017_366,PRE,2017,LFI,73 43.
LFI_2017,LFI_2017_367,PRE,2017,LFI,Consommer autrement. . . . . . . . . . . . . . . . . . . . . . . . . . . . . . . .
LFI_2017,LFI_2017_368,PRE,2017,LFI,74 44.
LFI_2017,LFI_2017_369,PRE,2017,LFI,Une France « 0 déchet ». . . . . . . . . . . . . . . . . . . . . . . . . . . . . . . .
LFI_2017,LFI_2017_370,PRE,2017,LFI,74 45.
LFI_2017,LFI_2017_371,PRE,2017,LFI,Sauver l’écosystème et la biodiversité. . . . . . . . . . . . . . . . .
LFI_2017,LFI_2017_372,PRE,2017,LFI,75 46.
LFI_2017,LFI_2017_373,PRE,2017,LFI,Pour une agriculture écologique et paysanne . . . . . . . . .
LFI_2017,LFI_2017_374,PRE,2017,LFI,76 47.
LFI_2017,LFI_2017_375,PRE,2017,LFI,Organiser et aménager le territoire par la démocratie et les services publics . . . . . . . . . . . . . . . . . . . . . . . . . . . . . . . . .
LFI_2017,LFI_2017_376,PRE,2017,LFI,77 48.
LFI_2017,LFI_2017_377,PRE,2017,LFI,Exploiter durablement la forêt française. . . . . . . . . . . . . . .
LFI_2017,LFI_2017_378,PRE,2017,LFI,78 L’EUROPE EN QUESTION SORTIR DES TRAITÉS EUROPÉENS. . . .
LFI_2017,LFI_2017_379,PRE,2017,LFI,79 49.
LFI_2017,LFI_2017_380,PRE,2017,LFI,Prendre les mesures immédiates et unilatérales de sauvegarde des intérêts de la Nation et d’application de notre projet. . . . . . . . . . . . . . . . . . . . . . . . . . . . . . . . . . . . . . . . .
LFI_2017,LFI_2017_381,PRE,2017,LFI,81 50.
LFI_2017,LFI_2017_382,PRE,2017,LFI,Organiser le processus de sortie du Royaume-Uni de l’Union européenne sans esprit de vengeance ou de punition. . . . . . . . . . . . . . . . . . . . . . . . . . . . . . . . . . . . . . . . . . . . . . . .
LFI_2017,LFI_2017_383,PRE,2017,LFI,82 51.
LFI_2017,LFI_2017_384,PRE,2017,LFI,Plan A.
LFI_2017,LFI_2017_385,PRE,2017,LFI,"Proposer une refondation démocratique, sociale et écologique des traités européens par la négociation. . . . . . . . . . . . . . . . . . . . . . . . . . . . . . . . . . . . . . . . . . . ."
LFI_2017,LFI_2017_386,PRE,2017,LFI,83 52.
LFI_2017,LFI_2017_387,PRE,2017,LFI,Appliquer un « plan B » en cas d’échec des négociations. . . . . . . . . . . . . . . . . . . . . . . . . . . . . . . . . . . . . . . . . . . . . . . . . . .
LFI_2017,LFI_2017_388,PRE,2017,LFI,85 53.
LFI_2017,LFI_2017_389,PRE,2017,LFI,Défendre et développer les coopérations avec les autres peuples d’Europe. . . . . . . . . . . . . . . . . . . . . . . . . . . . . . .
LFI_2017,LFI_2017_390,PRE,2017,LFI,85 LA PAIX EN QUESTION POUR L’INDÉPENDANCE DE LA FRANCE. . . . . . . . . . . . . . . . . . . . . . . . . . . . . . . .
LFI_2017,LFI_2017_391,PRE,2017,LFI,87 54.
LFI_2017,LFI_2017_392,PRE,2017,LFI,Instaurer l’indépendance de la France dans le monde.
LFI_2017,LFI_2017_393,PRE,2017,LFI,89 55.
LFI_2017,LFI_2017_394,PRE,2017,LFI,"Reconstruire une défense indépendante, nationale et populaire. . . . . . . . . . . . . . . . . . . . . . . . . . . . . . . . . . . . . . . . . . . . . ."
LFI_2017,LFI_2017_395,PRE,2017,LFI,90 56.
LFI_2017,LFI_2017_396,PRE,2017,LFI,Renforcer et réinvestir l’Onu pour faire vivre un monde ordonné . . . . . . . . . . . . . . . . . . . . . . . . . . . . . . . . . . . . . . . . . . . . . . .
LFI_2017,LFI_2017_397,PRE,2017,LFI,90 57.
LFI_2017,LFI_2017_398,PRE,2017,LFI,"Refuser le libre-échange, instaurer un protectionnisme solidaire et la coopération économique. . . . . . . . . . . . . . . ."
LFI_2017,LFI_2017_399,PRE,2017,LFI,91 58.
LFI_2017,LFI_2017_400,PRE,2017,LFI,Étendre les protections du droit international à de nouveaux domaines. . . . . . . . . . . . . . . . . . . . . . . . . . . . . . . . . . .
LFI_2017,LFI_2017_401,PRE,2017,LFI,92 59.
LFI_2017,LFI_2017_402,PRE,2017,LFI,Lutter contre les causes des migrations . . . . . . . . . . . . . . .
LFI_2017,LFI_2017_403,PRE,2017,LFI,93 60.
LFI_2017,LFI_2017_404,PRE,2017,LFI,Construire la paix en Syrie. . . . . . . . . . . . . . . . . . . . . . . . . . . . .
LFI_2017,LFI_2017_405,PRE,2017,LFI,95 61.
LFI_2017,LFI_2017_406,PRE,2017,LFI,Agir pour une paix juste et durable entre Israël et la Palestine. . . . . . . . . . . . . . . . . . . . . . . . . . . . . . . . . . . . . . . . . . . . . . .
LFI_2017,LFI_2017_407,PRE,2017,LFI,96 62.
LFI_2017,LFI_2017_408,PRE,2017,LFI,Construire des coopérations altermondialistes et internationalistes. . . . . . . . . . . . . . . . . . . . . . . . . . . . . . . . . . . . . . . . . . .
LFI_2017,LFI_2017_409,PRE,2017,LFI,96 63.
LFI_2017,LFI_2017_410,PRE,2017,LFI,Unir le petit bassin méditerranéen autour d’objectifs communs de progrès. . . . . . . . . . . . . . . . . . . . . . . . . . . . . . . . . .
LFI_2017,LFI_2017_411,PRE,2017,LFI,98 64.
LFI_2017,LFI_2017_412,PRE,2017,LFI,Passer à la francophonie politique. . . . . . . . . . . . . . . . . . . . .
LFI_2017,LFI_2017_413,PRE,2017,LFI,99 FACE À LA GRANDE RÉGRESSION LE PROGRÈS HUMAIN D’ABORD. . . . . . .
LFI_2017,LFI_2017_414,PRE,2017,LFI,101 65.
LFI_2017,LFI_2017_415,PRE,2017,LFI,Définir de nouveaux indicateurs de progrès humain. . .
LFI_2017,LFI_2017_416,PRE,2017,LFI,103 66.
LFI_2017,LFI_2017_417,PRE,2017,LFI,Viser l’allongement de l’espérance de vie et l’espérance de vie en bonne santé. . . . . . . . . . . . . . . . . . . . . . . . . . .
LFI_2017,LFI_2017_418,PRE,2017,LFI,103 67.
LFI_2017,LFI_2017_419,PRE,2017,LFI,Faire passer la santé d’abord et pour tous. . . . . . . . . . . . .
LFI_2017,LFI_2017_420,PRE,2017,LFI,104 68.
LFI_2017,LFI_2017_421,PRE,2017,LFI,Pas d’obstacle aux personnes en situation de handicap. . . . . . . . . . . . . . . . . . . . . . . . . . . . . . . . . . . . . . . . . . . . . . .
LFI_2017,LFI_2017_422,PRE,2017,LFI,106 69.
LFI_2017,LFI_2017_423,PRE,2017,LFI,Changer de logique en matière d’addiction et de drogues. . . . . . . . . . . . . . . . . . . . . . . . . . . . . . . . . . . . . . . . . . . . . . . .
LFI_2017,LFI_2017_424,PRE,2017,LFI,107 70.
LFI_2017,LFI_2017_425,PRE,2017,LFI,En finir avec la souffrance sociale et la souffrance au travail. . . . . . . . . . . . . . . . . . . . . . . . . . . . . . . . . . . . . . . . . . . . . . . . . .
LFI_2017,LFI_2017_426,PRE,2017,LFI,108 71.
LFI_2017,LFI_2017_427,PRE,2017,LFI,Faire face collectivement au vieillissement de la population et à la perte d’autonomie. . . . . . . . . . . . . . . . . .
LFI_2017,LFI_2017_428,PRE,2017,LFI,109 72.
LFI_2017,LFI_2017_429,PRE,2017,LFI,Donner la priorité aux enfants. . . . . . . . . . . . . . . . . . . . . . . . .
LFI_2017,LFI_2017_430,PRE,2017,LFI,109 73.
LFI_2017,LFI_2017_431,PRE,2017,LFI,Instruire mieux et davantage. . . . . . . . . . . . . . . . . . . . . . . . . .
LFI_2017,LFI_2017_432,PRE,2017,LFI,110 74.
LFI_2017,LFI_2017_433,PRE,2017,LFI,Qualifier tout le monde. . . . . . . . . . . . . . . . . . . . . . . . . . . . . . . .
LFI_2017,LFI_2017_434,PRE,2017,LFI,111 75.
LFI_2017,LFI_2017_435,PRE,2017,LFI,Refonder l’enseignement supérieur . . . . . . . . . . . . . . . . . . .
LFI_2017,LFI_2017_436,PRE,2017,LFI,112 76.
LFI_2017,LFI_2017_437,PRE,2017,LFI,Éradiquer l’illettrisme et développer l’alphabétisation.
LFI_2017,LFI_2017_438,PRE,2017,LFI,114 77.
LFI_2017,LFI_2017_439,PRE,2017,LFI,"Démocratiser la culture et ses pratiques, soutenir ceux qui la font vivre. . . . . . . . . . . . . . . . . . . . . . . . . . . . . . . . . . . . . . . ."
LFI_2017,LFI_2017_440,PRE,2017,LFI,115 78.
LFI_2017,LFI_2017_441,PRE,2017,LFI,Libérer le sport et les corps de l’argent. . . . . . . . . . . . . . . .
LFI_2017,LFI_2017_442,PRE,2017,LFI,116 79.
LFI_2017,LFI_2017_443,PRE,2017,LFI,Lutter contre l’agression publicitaire et la marchandisation. . . . . . . . . . . . . . . . . . . . . . . . . . . . . . . . . . . . . . . . . . . . . . . . . .
LFI_2017,LFI_2017_444,PRE,2017,LFI,117 FACE AU DÉCLINISME LA FRANCE AUX FRONTIÈRES DE L’HUMANITÉ. . . . . . . . . . . . . . . . . . . . . . . . . . . . . . .
LFI_2017,LFI_2017_445,PRE,2017,LFI,119 80.
LFI_2017,LFI_2017_446,PRE,2017,LFI,Ouvrir une nouvelle ère de coopérations internationales. . . . . . . . . . . . . . . . . . . . . . . . . . . . . . . . . . . . . . . . . . . . . . . . . . .
LFI_2017,LFI_2017_447,PRE,2017,LFI,121 81.
LFI_2017,LFI_2017_448,PRE,2017,LFI,Engager la France dans un « plan Mer » et créer 300 000 emplois maritimes. . . . . . . . . . . . . . . . . . . . . . . . . . . .
LFI_2017,LFI_2017_449,PRE,2017,LFI,122 82.
LFI_2017,LFI_2017_450,PRE,2017,LFI,Relancer la découverte de l’espace. . . . . . . . . . . . . . . . . . . .
LFI_2017,LFI_2017_451,PRE,2017,LFI,124 83.
LFI_2017,LFI_2017_452,PRE,2017,LFI,Mobiliser le savoir-faire français dans le numérique et le virtuel au service de l’intérêt général. . . . . . . . . . . . .
LFI_2017,LFI_2017_453,PRE,2017,LFI,125 L’avenir en commun.
LFI_2017,LFI_2017_454,PRE,2017,LFI,"Introduction de Jean-Luc Mélenchon, candidat de la France insoumise à l’élection présidentielle."
LFI_2017,LFI_2017_455,PRE,2017,LFI,Notre pays est neuf.
LFI_2017,LFI_2017_456,PRE,2017,LFI,"L’urbanisation accélérée et le métissage de sa population depuis un siècle, l’élévation fantastique du niveau d’éducation de son peuple, la mise en oeuvre des conquêtes sociales l’ont métamorphosé !"
LFI_2017,LFI_2017_457,PRE,2017,LFI,Notre pays est jeune : sa population sera bientôt la première en Europe.
LFI_2017,LFI_2017_458,PRE,2017,LFI,Notre pays est puissant : son économie compte parmi les premières du monde.
LFI_2017,LFI_2017_459,PRE,2017,LFI,De tout cela que faisons-nous à l’heure où l’humanité entière doit relever les plus grands défis collectifs du fait du dérèglement climatique et de la menace d’épuisement qui pèse sur l’écosystème ?
LFI_2017,LFI_2017_460,PRE,2017,LFI,"Regardons-nous : le pays est défiguré par le chômage, la pauvreté, le productivisme le plus aveuglé, et les communautarismes fielleusement entretenus !"
LFI_2017,LFI_2017_461,PRE,2017,LFI,"Pillé et démoralisé, il est rendu incapable de déployer son formidable potentiel humain, technique et culturel."
LFI_2017,LFI_2017_462,PRE,2017,LFI,"La finance, la cupidité, les préjugés de classe, le sexisme et le racisme ordinaires pourrissent tout."
LFI_2017,LFI_2017_463,PRE,2017,LFI,Quel genre de pays sommes-nous devenus au bout de trente ans de gâteries aux puissants jamais rassasiés ?
LFI_2017,LFI_2017_464,PRE,2017,LFI,"Le nombre des millionnaires augmente, mais ses millions de salariés, ouvriers, employés, ses paysans se désespèrent, ses retraités peinent à boucler les fins de mois !"
LFI_2017,LFI_2017_465,PRE,2017,LFI,"Des centaines de milliers de familles travaillent dur et sont devenues pauvres, ses diplômés vivent dans la précarité !"
LFI_2017,LFI_2017_466,PRE,2017,LFI,Les suicides des salariés s’ajoutent aux centaines de morts annuels sur le poste de travail.
LFI_2017,LFI_2017_467,PRE,2017,LFI,Voici les seniors jetés au chômage dans l’attente d’une retraite sans cesse repoussée !
LFI_2017,LFI_2017_468,PRE,2017,LFI,Les classes moyennes s’enfoncent dans la gêne.
LFI_2017,LFI_2017_469,PRE,2017,LFI,"Jusqu’aux artisans, commerçants, chefs de petites entreprises qui enragent quand la finance déserte la production réelle, vide les carnets de commandes, ubérise tout, et ponctionne un pesant impôt privé à coups d’intérêts ou d’agios sur la moindre transaction."
LFI_2017,LFI_2017_470,PRE,2017,LFI,Quel genre de valeurs domine notre pays quand ses enseignants et ses personnels de santé sont si mal payés et si maltraités au travail ?
LFI_2017,LFI_2017_471,PRE,2017,LFI,Où est la République quand l’État a honte de lui-même ?
LFI_2017,LFI_2017_472,PRE,2017,LFI,Quand ses serviteurs sont traités comme des parasites encombrants ?
LFI_2017,LFI_2017_473,PRE,2017,LFI,Quand ses services publics délabrés ne tiennent plus que par l’acharnement au travail de leurs salariés ?
LFI_2017,LFI_2017_474,PRE,2017,LFI,Quand la désorganisation territoriale met les populations en concurrence et éloigne toujours plus les citoyens du pouvoir ?
LFI_2017,LFI_2017_475,PRE,2017,LFI,Quel est ce pays désormais livré aux abus de l’état d’urgence ?
LFI_2017,LFI_2017_476,PRE,2017,LFI,Quelle infamie quand des salariés sont destinés à la prison pour avoir défendu leur emploi !
LFI_2017,LFI_2017_477,PRE,2017,LFI,La liste de ces hontes est longue.
LFI_2017,LFI_2017_478,PRE,2017,LFI,Je crois qu’on peut en finir avec tout cela.
LFI_2017,LFI_2017_479,PRE,2017,LFI,Notre peuple a le goût du futur.
LFI_2017,LFI_2017_480,PRE,2017,LFI,"Les nouvelles générations, comme les autres avant elles, vibrent du même désir d’avoir une vie digne de leurs espérances."
LFI_2017,LFI_2017_481,PRE,2017,LFI,Notre pays déborde d’énergie et de savoir-faire.
LFI_2017,LFI_2017_482,PRE,2017,LFI,Il est aux avant-postes des domaines les plus avancés de l’esprit humain.
LFI_2017,LFI_2017_483,PRE,2017,LFI,"Il regorge de bonnes volontés, d’envie de se rendre utile, d’imagination et de capacité de création."
LFI_2017,LFI_2017_484,PRE,2017,LFI,Sa langue est en usage commun dans 29 pays du monde et elle formera le troisième groupe de locuteurs d’ici peu.
LFI_2017,LFI_2017_485,PRE,2017,LFI,"Avec ses 35 frontières, si la France développe son identité universaliste, elle peut coopérer directement avec les peuples de tous les continents."
LFI_2017,LFI_2017_486,PRE,2017,LFI,"Si elle se rend indépendante, elle peut contribuer en première ligne à la paix du monde."
LFI_2017,LFI_2017_487,PRE,2017,LFI,N’est-ce pas terriblement urgent face à la menace montante de guerre généralisée ?
LFI_2017,LFI_2017_488,PRE,2017,LFI,Vous avez entre les mains un programme conçu pour répondre positivement aux défis de notre temps.
LFI_2017,LFI_2017_489,PRE,2017,LFI,Ce programme a été préparé sur de longs mois de travail collectif.
LFI_2017,LFI_2017_490,PRE,2017,LFI,"Mais, au-delà même des milliers de personnes qui l’ont mis en forme, sachez qu’il emprunte aussi très largement aux travaux des associations, des syndicats et des collectifs citoyens."
LFI_2017,LFI_2017_491,PRE,2017,LFI,"Car, depuis des décennies, ceux-ci ont maintenu éveillées les consciences et mené l’action de terrain que la caste des puissants a toujours méprisé."
LFI_2017,LFI_2017_492,PRE,2017,LFI,Ce programme a une cohérence.
LFI_2017,LFI_2017_493,PRE,2017,LFI,Un fil commun relie ses chapitres et les mesures qui le composent.
LFI_2017,LFI_2017_494,PRE,2017,LFI,J’en résume rapidement les aspects.
LFI_2017,LFI_2017_495,PRE,2017,LFI,"À nos yeux, l’urgence écologique, le désastre social et le délabrement de la démocratie sont les trois visages d’une même réalité."
LFI_2017,LFI_2017_496,PRE,2017,LFI,Nous étouffons sous le règne de la finance.
LFI_2017,LFI_2017_497,PRE,2017,LFI,"Elle gouverne le monde avec sa cupidité insatiable, sa certitude absurde que les intérêts particuliers sont seuls légitimes, que tout peut s’acheter et tout peut se vendre, que le libre-échange des marchandises et la circulation sans contrôle des capitaux sont les meilleurs organisateurs de toutes les activités humaines."
LFI_2017,LFI_2017_498,PRE,2017,LFI,Voilà bien ce qui détruit la planète et les êtres humains.
LFI_2017,LFI_2017_499,PRE,2017,LFI,"Et, pire que tout, le règne de la finance détruit cette formidable capacité des êtres humains à coopérer entre eux pour résoudre leurs problèmes, ce que nous nommons démocratie."
LFI_2017,LFI_2017_500,PRE,2017,LFI,"C’est pourquoi la priorité pour nous c’est de donner le pouvoir, tout le pouvoir, au peuple, c’est-à-dire à la communauté humaine, parce qu’elle est la mieux placée pour s’occuper de son intérêt général."
LFI_2017,LFI_2017_501,PRE,2017,LFI,Le peuple souverain doit définir lui-même ses règles de fonctionnement politique.
LFI_2017,LFI_2017_502,PRE,2017,LFI,La monarchie présidentielle doit être abolie.
LFI_2017,LFI_2017_503,PRE,2017,LFI,La convocation d’une assemblée composée de gens qui n’ont jamais été élus au Parlement auparavant pour écrire une nouvelle Constitution est l’acte fondateur par lequel nous commencerons le prochain quinquennat.
LFI_2017,LFI_2017_504,PRE,2017,LFI,"Vous lirez les propositions que nous faisons pour que le peuple, après cela, garde sa capacité d’initiative, tout en garantissant la nécessaire stabilité des institutions."
LFI_2017,LFI_2017_505,PRE,2017,LFI,"Pendant que cette Assemblée constituante fera son travail, tout le reste du programme commencera à être mis en oeuvre."
LFI_2017,LFI_2017_506,PRE,2017,LFI,"Avec la planification écologique, nous organiserons le changement global de notre façon de produire, d’échanger et de consommer, pour mener une vie en harmonie avec la nature dont nous sommes partie prenante."
LFI_2017,LFI_2017_507,PRE,2017,LFI,"Cette organisation est nécessaire pour passer à l’agriculture paysanne, développer l’économie de la mer, substituer 100 % d’énergie renouvelable et sortir méthodiquement du nucléaire. 300 000 emplois dans l’agriculture, 300 000 dans l’économie de la mer, 900 000 pour la transition énergétique, c’est beaucoup d’emplois qualifiés à pourvoir."
LFI_2017,LFI_2017_508,PRE,2017,LFI,Il faudra donc répondre à un fort besoin d’enseignement professionnel et de qualification de haut niveau.
LFI_2017,LFI_2017_509,PRE,2017,LFI,Cela prouve que le progrès humain est la clef du progrès écologique et de l’activité économique.
LFI_2017,LFI_2017_510,PRE,2017,LFI,"La culture, les sciences, le sport, tout ce qui augmente, protège ou répare les capacités proprement humaines est le moteur du nouveau modèle que nous proposons."
LFI_2017,LFI_2017_511,PRE,2017,LFI,"Nous récusons la violence crue généralisée que le système actuel fait subir à tous les êtres sensibles, humains et animaux."
LFI_2017,LFI_2017_512,PRE,2017,LFI,Nous nous donnons les moyens d’une société en pleine conscience de sa participation à tous les aspects de la vie de la planète.
LFI_2017,LFI_2017_513,PRE,2017,LFI,"C’est pourquoi nous voulons que la France soit une nation universaliste, qu’elle soit avant tout un facteur de paix, alors que se précise la marche vers une guerre généralisée."
LFI_2017,LFI_2017_514,PRE,2017,LFI,"Pour cela notre pays doit conquérir son indépendance, sortir de la coalition militaire agressive qu’est l’Otan, afin d’agir pour construire une nouvelle alliance altermondialiste des peuples et peser de tout notre poids pour créer un monde ordonné autour de la communauté des nations qu’incarne l’Onu, en dépit de ses défauts."
LFI_2017,LFI_2017_515,PRE,2017,LFI,"Plutôt qu’à la guerre et aux compétitions, c’est aux coopérations que nous voulons nous consacrer."
LFI_2017,LFI_2017_516,PRE,2017,LFI,"Notre priorité doit être de nous tourner vers les frontières de l’humanité et d’y apporter notre contribution active : la mer, l’espace, les mondes du numérique."
LFI_2017,LFI_2017_517,PRE,2017,LFI,Là encore l’expansion humaine doit entrer dans une phase de pleine responsabilité et de prise de conscience des enjeux du long terme !
LFI_2017,LFI_2017_518,PRE,2017,LFI,Rien de tout cela n’est possible sans une profonde et méthodique réorganisation de l’usage et de la répartition des richesses produites.
LFI_2017,LFI_2017_519,PRE,2017,LFI,Qu’est-ce qu’une richesse ?
LFI_2017,LFI_2017_520,PRE,2017,LFI,"Cela doit être repensé et agir contre les abus de l’obsolescence programmée, des incitations à un consumérisme irresponsable et à un mode d’alimentation nocif."
LFI_2017,LFI_2017_521,PRE,2017,LFI,"Une société plus égalitaire est nécessaire non seulement pour donner à chacun les moyens de développer son potentiel personnel, mais aussi pour en finir avec un modèle d’arrogance, d’accumulation et de consommations ostentatoires, aussi nuisibles et immorales que ridicules."
LFI_2017,LFI_2017_522,PRE,2017,LFI,"Un barème d'impôt progressif étalé sur quatorze tranches, une échelle des salaires limitant l’écart de un à vingt au maximum, le partage du temps de travail libéré par les progrès de l’automatisation et de l’intelligence artificielle, réparti dans la semaine, le mois, l’année et dans la durée de la vie professionnelle, la limitation du droit du capital en fonction de la durée de son investissement, la définition d’une véritable citoyenneté dans l’entreprise, le droit de préemption des salariés pour acquérir en coopérative leur entreprise : voyez vous-même au fil des pages comment nous avons pensé la transition vers une société plus douce et donc plus égalitaire dans ses rapports sociaux."
LFI_2017,LFI_2017_523,PRE,2017,LFI,"Pour cela, il faut balayer la caste qui a capté le pouvoir."
LFI_2017,LFI_2017_524,PRE,2017,LFI,Il est grand temps de réparer les dégâts de la sombre période que nous venons de vivre.
LFI_2017,LFI_2017_525,PRE,2017,LFI,"Nos vies ne doivent plus être dominées par le règne du temps court, le patriarcat, la peur du lendemain, la guerre de chacun contre tous et l’abrutissement publicitaire."
LFI_2017,LFI_2017_526,PRE,2017,LFI,Le progrès humain peut devenir notre boussole.
LFI_2017,LFI_2017_527,PRE,2017,LFI,Il faut pour cela changer le cadre fondamental dans lequel la France agit.
LFI_2017,LFI_2017_528,PRE,2017,LFI,Les traités européens nous retirent toute liberté d’action.
LFI_2017,LFI_2017_529,PRE,2017,LFI,"Devant la décomposition de l’Union européenne et ses brutalités croissantes contre la démocratie, devant son obstination à opposer entre eux les salariés des pays membres en refusant toute harmonisation sociale et fiscale, et contre ses propensions belliqueuses, tout commence par la reconquête de notre indépendance."
LFI_2017,LFI_2017_530,PRE,2017,LFI,"Cette Europe-là, soit on la change (plan A), soit on doit la quitter (plan B)."
LFI_2017,LFI_2017_531,PRE,2017,LFI,Et c’est par là que tout commencera.
LFI_2017,LFI_2017_532,PRE,2017,LFI,"Loin du déclinisme, épousant le goût des grandes épopées collectives de notre histoire, notre projet est celui d’une France insoumise et fière de l’être, au service de l’avenir en commun des êtres humains."
LFI_2017,LFI_2017_533,PRE,2017,LFI,Un programme en évolution permanente.
LFI_2017,LFI_2017_534,PRE,2017,LFI,"Ce programme est le fruit d’une élaboration collective animée par Charlotte Girard, juriste, et Jacques Généreux, économiste."
LFI_2017,LFI_2017_535,PRE,2017,LFI,La démarche a commencé le 10 février 2016 dès la proposition de candidature de Jean-Luc Mélenchon pour l’élection présidentielle de 2017.
LFI_2017,LFI_2017_536,PRE,2017,LFI,"Notre point de départ est L’Humain d’abord, le programme porté par Jean-Luc Mélenchon en 2012 qui a recueilli 4 millions de voix."
LFI_2017,LFI_2017_537,PRE,2017,LFI,"Depuis des mois, nous travaillons à son actualisation et à son développement."
LFI_2017,LFI_2017_538,PRE,2017,LFI,"La première étape du processus a ouvert les portes à tous les soutiens : entre les mois de février et août, environ 3 000 contributions ont été déposées sur le site internet jlm2017.fr par les insoumis."
LFI_2017,LFI_2017_539,PRE,2017,LFI,Elles ont été lues et synthétisées par une équipe d’une vingtaine de rapporteurs répartis par thème.
LFI_2017,LFI_2017_540,PRE,2017,LFI,"Pour la deuxième étape, nous avons organisé seize auditions programmatiques avec des chercheurs, des professionnels et des militants, afin de dessiner les axes majeurs du programme et de préciser les conditions de sa mise en oeuvre."
LFI_2017,LFI_2017_541,PRE,2017,LFI,"Dans un troisième temps, les forces politiques appuyant la candidature de Jean-Luc Mélenchon ont aussi apporté leurs contributions."
LFI_2017,LFI_2017_542,PRE,2017,LFI,"Ce document met donc en commun toutes ces idées, il est le fruit de toutes ces contributions."
LFI_2017,LFI_2017_543,PRE,2017,LFI,"Le 16 octobre 2016, la Convention nationale de la France insoumise a transmis ce document au peuple français en vue des élections présidentielle et législatives de 2017."
LFI_2017,LFI_2017_544,PRE,2017,LFI,Mais le travail collaboratif ne s’arrête pas là.
LFI_2017,LFI_2017_545,PRE,2017,LFI,"Ce texte ne clôt pas la réflexion, il lui donne un nouvel élan."
LFI_2017,LFI_2017_546,PRE,2017,LFI,Le programme de la France insoumise est un objet vivant.
LFI_2017,LFI_2017_547,PRE,2017,LFI,"Tout au long de la campagne, nous allons donc l’enrichir encore et affiner les propositions."
LFI_2017,LFI_2017_548,PRE,2017,LFI,Ce sera fait par l’élaboration tout aussi collective de « livrets thématiques ».
LFI_2017,LFI_2017_549,PRE,2017,LFI,Nous voulons également renforcer son caractère opérationnel en organisant des « ateliers législatifs » pour rédiger les premières propositions de loi que nous souhaitons faire adopter.
LFI_2017,LFI_2017_550,PRE,2017,LFI,Nous voulons enfin que la campagne soit instructive et qu’elle donne à penser.
LFI_2017,LFI_2017_551,PRE,2017,LFI,Les universités populaires de la France insoumise y contribueront.
LFI_2017,LFI_2017_552,PRE,2017,LFI,Vous pouvez suivre cette actualité en continu sur le site internet http://www.jlm2017.fr/ Charlotte Girard et Jacques Généreux.
LFI_2017,LFI_2017_553,PRE,2017,LFI,L’urgence démocratique LA 6e RÉPUBLIQUE.
LFI_2017,LFI_2017_554,PRE,2017,LFI,Tout commence par le pouvoir des citoyens.
LFI_2017,LFI_2017_555,PRE,2017,LFI,"Comment rendre le pouvoir au peuple, en finir avec le système de la caste médiaticopolitique et de la monarchie présidentielle ?"
LFI_2017,LFI_2017_556,PRE,2017,LFI,C’est l’ère du peuple qui doit commencer !
LFI_2017,LFI_2017_557,PRE,2017,LFI,La révolution citoyenne à laquelle je crois est le moyen pacifique et démocratique de tourner la page de la tyrannie de l’oligarchie financière et de la caste qui est à son service.
LFI_2017,LFI_2017_558,PRE,2017,LFI,"Ce sera la tâche d’une Assemblée constituante, convoquée pour changer de fond en comble la Constitution, abolir la monarchie présidentielle et restaurer le pouvoir de l’initiative populaire."
LFI_2017,LFI_2017_559,PRE,2017,LFI,Je voudrais être le dernier président de la 5e République et rentrer chez moi sitôt que la nouvelle Constitution aura été adoptée par le peuple français.
LFI_2017,LFI_2017_560,PRE,2017,LFI,La 6e République commencera et ce sera une refondation de la France elle-même.
LFI_2017,LFI_2017_561,PRE,2017,LFI,Jean-Luc Mélenchon 1 Réunir une Assemblée constituante.
LFI_2017,LFI_2017_562,PRE,2017,LFI,"La nouvelle Constitution dont la France a besoin doit être radicalement nouvelle, y compris dans sa méthode d’écriture : elle ne peut être un simple rafistolage de la 5e République, ni se résumer à quelques réformes octroyées par le futur président de la République."
LFI_2017,LFI_2017_563,PRE,2017,LFI,C’est le peuple lui-même qui doit s’emparer de la question et s’impliquer tout au long d’un processus constituant.
LFI_2017,LFI_2017_564,PRE,2017,LFI,Nous proposons la convocation d’une assemblée spécifiquement chargée de rédiger une nouvelle Constitution sous le contrôle des citoyens : une Assemblée constituante.
LFI_2017,LFI_2017_565,PRE,2017,LFI,"Nous soumettrons à ses travaux des propositions pour une 6e République démocratique, égalitaire, instituant de nouveaux droits et imposant l’impératif écologique."
LFI_2017,LFI_2017_566,PRE,2017,LFI,Nous proposons de réaliser les mesures suivantes.
LFI_2017,LFI_2017_567,PRE,2017,LFI,"Convoquer un référendum (article 11 de la Constitution) pour engager le processus constituant (modalités de la composition de l’Assemblée constituante – mode de scrutin, parité, tirage au sort et incompatibilités ; modalités de la délibération ; association des citoyens aux travaux…)."
LFI_2017,LFI_2017_568,PRE,2017,LFI,Aucun parlementaire des anciennes assemblées de la 5e République ne pourra siéger dans cette Assemblée constituante.
LFI_2017,LFI_2017_569,PRE,2017,LFI,Les délégués à l’Assemblée constituante ne pourront être candidats aux élections suivant l’entrée en vigueur de la nouvelle Constitution.
LFI_2017,LFI_2017_570,PRE,2017,LFI,"Le projet de Constitution proposé par l’Assemblée constituante sera soumis à un référendum d’approbation 2 Balayer l’oligarchie, abolir les privilèges de la caste."
LFI_2017,LFI_2017_571,PRE,2017,LFI,"La démocratie française est malade des privilèges, de l’argent-roi et de la collusion entre politique et finance."
LFI_2017,LFI_2017_572,PRE,2017,LFI,"Une caste de privilégiés, coupée des réalités de la vie du peuple, a confisqué le pouvoir."
LFI_2017,LFI_2017_573,PRE,2017,LFI,Cela doit cesser : la vertu doit être au centre de l’action politique.
LFI_2017,LFI_2017_574,PRE,2017,LFI,Nous proposons de réaliser les mesures suivantes.
LFI_2017,LFI_2017_575,PRE,2017,LFI,Rendre inéligible à vie toute personne condamnée pour corruption.
LFI_2017,LFI_2017_576,PRE,2017,LFI,"Supprimer le monopole du déclenchement de poursuites judiciaires par l’administration fiscale en cas de fraude : la justice doit pouvoir enquêter librement et de sa propre initiative, même contre l’avis du ministre."
LFI_2017,LFI_2017_577,PRE,2017,LFI,"Combattre la pollution du débat parlementaire par les lobbies, interdire l’entrée des lobbyistes dans l’enceinte du Parlement et les cadeaux faits aux parlementaires."
LFI_2017,LFI_2017_578,PRE,2017,LFI,"Mettre fin au pantouflage : tout haut fonctionnaire souhaitant travailler dans le privé devra démissionner de la fonction publique et rembourser le prix de sa formation s’il n’a pas servi au moins dix ans, supprimer le concours externe de l’ENA pour toute personne n’ayant jamais travaillé, durcir les règles contre les conflits d’intérêts, allonger les périodes d’interdiction d’exercer une fonction privée après avoir exercé une activité publique dans le même secteur."
LFI_2017,LFI_2017_579,PRE,2017,LFI,"Appliquer les recommandations d’Anticor et de Transparency International visant à empêcher la corruption et à rapprocher les représentants des représentés, notamment obliger un élu à rendre publique sa déclaration de patrimoine transmise à la Haute autorité pour la transparence de la vie publique et supprimer la réserve parlementaire (enveloppe financière dépensée sans vote du Parlement, selon le bon vouloir de chaque parlementaire)."
LFI_2017,LFI_2017_580,PRE,2017,LFI,"Mettre fin à l’usurpation par le Medef de la parole des chefs d’entreprise : fonder la représentativité des organisations patronales sur la base d’élections, comme c’est déjà le cas pour les syndicats de salariés."
LFI_2017,LFI_2017_581,PRE,2017,LFI,3 Une République permettant l’intervention populaire.
LFI_2017,LFI_2017_582,PRE,2017,LFI,Le peuple est systématiquement tenu à l’écart des décisions.
LFI_2017,LFI_2017_583,PRE,2017,LFI,Tout au plus a-t-il le droit de voter une fois tous les cinq ans sans possibilité d’intervenir ensuite.
LFI_2017,LFI_2017_584,PRE,2017,LFI,Il est temps de faire confiance aux citoyens et de permettre le débat et l’expression de la souveraineté populaire en toutes circonstances.
LFI_2017,LFI_2017_585,PRE,2017,LFI,"Nous proposons de réaliser les mesures suivantes : Fixer le droit de vote à 16 ans, instaurer le vote obligatoire et la reconnaissance du vote blanc comme suffrage exprimé et généraliser la représentation proportionnelle."
LFI_2017,LFI_2017_586,PRE,2017,LFI,"Créer un droit de révoquer un élu en cours de mandat, par référendum, sur demande d’une partie du corps électoral."
LFI_2017,LFI_2017_587,PRE,2017,LFI,Instaurer le référendum d’initiative citoyenne et le droit des citoyens de proposer une loi.
LFI_2017,LFI_2017_588,PRE,2017,LFI,Rendre obligatoire le recours au référendum pour réviser la Constitution ou ratifier tout nouveau traité européen et garantir le respect de la décision populaire.
LFI_2017,LFI_2017_589,PRE,2017,LFI,"Reconnaître le droit de vote aux élections locales pour les résidents étrangers en situation régulière, comme en bénéficient déjà les ressortissants des pays de l’Union européenne."
LFI_2017,LFI_2017_590,PRE,2017,LFI,"Rendre effectif le principe du non-cumul des mandats, y compris dans le temps et abroger la loi NOME : contre les nouvelles féodalités et l’éloignement du pouvoir des citoyens, refonder l’organisation territoriale de la République et défendre les libertés communales."
LFI_2017,LFI_2017_591,PRE,2017,LFI,"Démocratiser l’accès aux responsabilités politiques en permettant à chacun de prendre un « congé républicain », sans risque pour son emploi ou ses droits quels qu’ils soient, en vue de se présenter à des élections."
LFI_2017,LFI_2017_592,PRE,2017,LFI,4 Abolir la monarchie présidentielle.
LFI_2017,LFI_2017_593,PRE,2017,LFI,La monarchie présidentielle actuelle marginalise le Parlement.
LFI_2017,LFI_2017_594,PRE,2017,LFI,"Le président peut dissoudre l’Assemblée, mais celle-ci ne peut le renverser."
LFI_2017,LFI_2017_595,PRE,2017,LFI,"Conséquence : les députés agissent plus souvent comme des godillots, obligés du monarque, que comme représentants du peuple souverain."
LFI_2017,LFI_2017_596,PRE,2017,LFI,Ce système est une anomalie démocratique.
LFI_2017,LFI_2017_597,PRE,2017,LFI,"Nous proposons de réaliser les mesures suivantes : Abolir la monarchie présidentielle en instaurant un régime parlementaire stable dans lequel le gouvernement détient le pouvoir exécutif et est responsable devant le Parlement, transférer le pouvoir de nomination au Parlement."
LFI_2017,LFI_2017_598,PRE,2017,LFI,"Élire l’Assemblée nationale à la proportionnelle Supprimer le Sénat et le Conseil économique, social et environnemental et créer une Assemblée de l’intervention populaire et du long terme émettant un avis sur l’impact écologique et social des lois."
LFI_2017,LFI_2017_599,PRE,2017,LFI,Supprimer la Cour de justice de la République et soumettre les membres du gouvernement à la justice ordinaire.
LFI_2017,LFI_2017_600,PRE,2017,LFI,5 Une nouvelle étape des libertés et de l’émancipation personnelles.
LFI_2017,LFI_2017_601,PRE,2017,LFI,"Une Constitution, c’est la garantie pour le peuple des droits et libertés qu’il se reconnaît lui-même."
LFI_2017,LFI_2017_602,PRE,2017,LFI,"La 6e République sera l’occasion de consacrer de nouveaux droits civils et politiques mais aussi personnels, pour une nouvelle étape de l’émancipation humaine."
LFI_2017,LFI_2017_603,PRE,2017,LFI,"Nous proposons de réaliser les mesures suivantes : Constitutionnaliser la non-marchandisation du corps humain et le droit fondamental de disposer de soi en toutes circonstances : liberté de conscience, droit à la contraception et à l’interruption volontaire de grossesse, droit de mourir dans la dignité (y compris avec assistance), accès garanti à des soins palliatifs."
LFI_2017,LFI_2017_604,PRE,2017,LFI,Autoriser le changement d’état civil libre et gratuit devant un officier d’état civil.
LFI_2017,LFI_2017_605,PRE,2017,LFI,"Établir la filiation par reconnaissance comme principe par défaut, reconnaître le droit à la procréation médicalement assistée (PMA) pour toutes les femmes, refuser la gestation pour autrui (GPA), faire prévaloir l’intérêt supérieur de l’enfant en toutes circonstances."
LFI_2017,LFI_2017_606,PRE,2017,LFI,6 Une République universelle.
LFI_2017,LFI_2017_607,PRE,2017,LFI,Aucune liberté n’est possible sans l’égalité entre les personnes.
LFI_2017,LFI_2017_608,PRE,2017,LFI,Assez tergiversé !
LFI_2017,LFI_2017_609,PRE,2017,LFI,Imposons l’égalité des droits !
LFI_2017,LFI_2017_610,PRE,2017,LFI,Punissons ceux qui veulent s’y soustraire.
LFI_2017,LFI_2017_611,PRE,2017,LFI,Faisons progresser ensemble l’égalité en droits et en faits dans tous les domaines.
LFI_2017,LFI_2017_612,PRE,2017,LFI,Nous proposons de réaliser les mesures suivantes : Faire France de tout bois.
LFI_2017,LFI_2017_613,PRE,2017,LFI,"Défendre le droit du sol intégral pour les enfants nés en France, y compris dans les Outre-mer."
LFI_2017,LFI_2017_614,PRE,2017,LFI,Faciliter l’accès à la nationalité française pour les personnes étrangères présentes légalement sur le territoire.
LFI_2017,LFI_2017_615,PRE,2017,LFI,Rétablir la carte de séjour de dix ans comme titre de séjour de référence pour les étrangers.
LFI_2017,LFI_2017_616,PRE,2017,LFI,Abolir les ségrégations et lutter contre toutes les formes de racisme.
LFI_2017,LFI_2017_617,PRE,2017,LFI,Introduire le récépissé de contrôle d’identité pour interdire le contrôle au faciès.
LFI_2017,LFI_2017_618,PRE,2017,LFI,"Assurer l’égalité réelle et combattre les discriminations fondées sur le genre, le handicap, l’apparence, la couleur de peau, l’âge, l’orientation sexuelle, la religion ou la croyance, l’origine sociale ou la fortune."
LFI_2017,LFI_2017_619,PRE,2017,LFI,Abolir le patriarcat dans l’État et la société.
LFI_2017,LFI_2017_620,PRE,2017,LFI,"Imposer l’égalité de conditions entre les femmes et les hommes dans les institutions politiques, administratives, économiques, syndicales et associatives."
LFI_2017,LFI_2017_621,PRE,2017,LFI,Renforcer la loi et les moyens contre les violences faites aux femmes.
LFI_2017,LFI_2017_622,PRE,2017,LFI,Généraliser le Planning familial dans ses missions de formation et d’éducation pour la contraception et le droit à l’avortement.
LFI_2017,LFI_2017_623,PRE,2017,LFI,Adopter une loi de lutte contre le sexisme.
LFI_2017,LFI_2017_624,PRE,2017,LFI,Abolir la prostitution et garantir la dignité de la personne humaine.
LFI_2017,LFI_2017_625,PRE,2017,LFI,"Assurer l’égalité de toutes les familles, de tous les enfants et des couples mariés et pacsés (en matière de succession, funérailles, pensions de réversion, etc.), ouvrir l’adoption plénière conjointe à tous les couples, mariés ou non."
LFI_2017,LFI_2017_626,PRE,2017,LFI,7 Une République laïque.
LFI_2017,LFI_2017_627,PRE,2017,LFI,"La laïcité est attaquée de toutes parts et instrumentalisée par ses adversaires historiques, intégristes religieux et racistes qui veulent aussi en faire un prétexte pour flétrir les musulmans."
LFI_2017,LFI_2017_628,PRE,2017,LFI,"La laïcité est la condition de la liberté de conscience de chacun, de l’égalité et de la fraternité entre tous les citoyens quelle que soit leur option philosophique ou spirituelle."
LFI_2017,LFI_2017_629,PRE,2017,LFI,Elle rend possible une action de l’État au service de l’intérêt général.
LFI_2017,LFI_2017_630,PRE,2017,LFI,Nous proposons de réaliser les mesures suivantes : Étendre le bénéfice de l’application de la loi de 1905 à tout le territoire de la République (abroger le concordat d’Alsace-Moselle et les divers statuts spécifiques en vigueur dans les Outre-mer).
LFI_2017,LFI_2017_631,PRE,2017,LFI,Garantir la liberté de conscience et l’égalité de toutes les options spirituelles devant la loi.
LFI_2017,LFI_2017_632,PRE,2017,LFI,Combattre tous les communautarismes et l’usage politique des religions.
LFI_2017,LFI_2017_633,PRE,2017,LFI,"Refuser les financements publics pour la construction des édifices religieux, des activités cultuelles et des établissements confessionnels."
LFI_2017,LFI_2017_634,PRE,2017,LFI,Refuser de rencontrer d’État à État ceux qui obligent nos ministres femmes à porter des accoutrements contraires à la dignité républicaine.
LFI_2017,LFI_2017_635,PRE,2017,LFI,Interdire la présence de ministres et préfets aux cérémonies religieuses et refuser le titre de « chanoine de Latran » pour le président de la République.
LFI_2017,LFI_2017_636,PRE,2017,LFI,8 La révolution citoyenne dans les médias.
LFI_2017,LFI_2017_637,PRE,2017,LFI,Il n’y a pas de démocratie possible sans information libre et pluraliste.
LFI_2017,LFI_2017_638,PRE,2017,LFI,"Nos médias sont bien malades : de l’argent, de la recherche du sensationnalisme et de la tyrannie du buzz."
LFI_2017,LFI_2017_639,PRE,2017,LFI,La révolution citoyenne doit être menée sans faiblesse dans les médias !
LFI_2017,LFI_2017_640,PRE,2017,LFI,Nous proposons de réaliser les mesures suivantes : Faire élire les présidents de France Télévisions et Radio France par le Parlement.
LFI_2017,LFI_2017_641,PRE,2017,LFI,"Adopter une loi anti-concentration des médias, protégeant le secteur des intérêts financiers, favorisant la transformation des médias en coopératives de salariés et de lecteurs/auditeurs/téléspectateurs et attribuer des fréquences aux médias locaux et associatifs."
LFI_2017,LFI_2017_642,PRE,2017,LFI,Combattre la « sondocratie » : interdire les sondages dans les jours précédant les élections et adopter la proposition de loi sur les sondages votée à l’unanimité par le Sénat en 2011 et enterrée depuis.
LFI_2017,LFI_2017_643,PRE,2017,LFI,"Créer un « Conseil national des médias » à la place du Conseil supérieur de l’audiovisuel pour en faire un véritable contre-pouvoir citoyen garantissant le pluralisme des opinions et des supports, ainsi que la qualité de tous les médias."
LFI_2017,LFI_2017_644,PRE,2017,LFI,"Refonder les aides publiques à la presse pour les réserver aux médias d’information et mutualiser les outils de production (imprimeries, serveurs, distribution, etc)."
LFI_2017,LFI_2017_645,PRE,2017,LFI,Protéger les sources et l’indépendance des rédactions à l’égard des pouvoirs économiques et politiques par le renforcement du statut juridique des rédactions et une charte déontologique dans la convention collective.
LFI_2017,LFI_2017_646,PRE,2017,LFI,9 La République garante des biens communs.
LFI_2017,LFI_2017_647,PRE,2017,LFI,La République est un mot creux si elle ignore les conditions concrètes de la vie des gens.
LFI_2017,LFI_2017_648,PRE,2017,LFI,Elle ne peut qu’être sociale.
LFI_2017,LFI_2017_649,PRE,2017,LFI,Mais l’impératif écologique exige aussi davantage de la République et une République d’un genre nouveau.
LFI_2017,LFI_2017_650,PRE,2017,LFI,Le changement climatique menace l’existence de la vie humaine sur la planète.
LFI_2017,LFI_2017_651,PRE,2017,LFI,"Tous semblables, nous sommes liés par un intérêt général humain : conserver la biosphère qui rend possible la vie humaine."
LFI_2017,LFI_2017_652,PRE,2017,LFI,Il est temps que la République soit écologiste.
LFI_2017,LFI_2017_653,PRE,2017,LFI,Nous proposons de réaliser les mesures suivantes.
LFI_2017,LFI_2017_654,PRE,2017,LFI,"Constitutionnaliser la règle verte : ne pas prélever sur la nature davantage que ce qu’elle peut reconstituer, ni produire plus que ce qu’elle peut supporter."
LFI_2017,LFI_2017_655,PRE,2017,LFI,"Protéger les biens communs : l’air, l’eau, l’alimentation, le vivant, la santé, l’énergie, la monnaie ne sont pas des marchandises."
LFI_2017,LFI_2017_656,PRE,2017,LFI,"Ils doivent être gérés démocratiquement : le droit de propriété doit être soumis à l’intérêt général, la propriété commune protégée et les services publics développés."
LFI_2017,LFI_2017_657,PRE,2017,LFI,Constitutionnaliser et rendre effectifs les droits au travail et au logement.
LFI_2017,LFI_2017_658,PRE,2017,LFI,"Amnistier les syndicalistes et militants associatifs condamnés pour faits de luttes sociales, écologiques ou pour la défense des libertés, protéger les lanceurs d’alerte et investir les salariés d’une mission d’alerte sociale et environnementale."
LFI_2017,LFI_2017_659,PRE,2017,LFI,10 Reconnaître la citoyenneté dans l’entreprise et des droits nouveaux aux salariés.
LFI_2017,LFI_2017_660,PRE,2017,LFI,"Comme le disait Jean Jaurès, « la grande Révolution a rendu les Français rois dans la cité et les a laissés serfs dans l’entreprise »."
LFI_2017,LFI_2017_661,PRE,2017,LFI,"Le contrat de travail étant le seul contrat de subordination dans notre pays, il est temps de faire rentrer la citoyenneté dans l’entreprise."
LFI_2017,LFI_2017_662,PRE,2017,LFI,Nous proposons de réaliser les mesures suivantes.
LFI_2017,LFI_2017_663,PRE,2017,LFI,Accorder de nouveaux droits de contrôle aux comités d’entreprise sur les finances de leur entreprise Instaurer le droit pour les salariés à un vote de défiance à l’égard des dirigeants d’entreprise ou des projets stratégiques.
LFI_2017,LFI_2017_664,PRE,2017,LFI,Renforcer le pouvoir d’intervention des salariés contre les licenciements économiques par un droit de veto suspensif des comités d’entreprise.
LFI_2017,LFI_2017_665,PRE,2017,LFI,11 Une justice au nom du peuple.
LFI_2017,LFI_2017_666,PRE,2017,LFI,La justice est rendue « au nom du peuple français ».
LFI_2017,LFI_2017_667,PRE,2017,LFI,"Mais trop souvent, le service public de la justice ne peut assumer cette lourde tâche."
LFI_2017,LFI_2017_668,PRE,2017,LFI,"Les tribunaux sont en voie de « clochardisation », les moyens humains et financiers manquent pour assurer des délais raisonnables ; les justiciables, comme les professionnels de la justice, sont en droit d’exiger un effort sans précédent."
LFI_2017,LFI_2017_669,PRE,2017,LFI,"Nous proposons de réaliser les mesures suivantes : Garantir la protection judiciaire de la jeunesse, la justice des mineurs, la politique de prévention de la délinquance et les sanctions éducatives."
LFI_2017,LFI_2017_670,PRE,2017,LFI,Mettre fin à la paupérisation de la justice et de l’administration pénitentiaire.
LFI_2017,LFI_2017_671,PRE,2017,LFI,Mettre en oeuvre un plan de recrutement de personnels pour désengorger les tribunaux.
LFI_2017,LFI_2017_672,PRE,2017,LFI,Rénover et construire de nouveaux locaux pour les tribunaux.
LFI_2017,LFI_2017_673,PRE,2017,LFI,Recruter 2 000 agents pénitentiaires pour les escortes des détenus.
LFI_2017,LFI_2017_674,PRE,2017,LFI,"Mettre fin au tout-carcéral par des peines alternatives à la prison, rénover les prisons pour garantir la dignité humaine, assurer la socialisation des détenus."
LFI_2017,LFI_2017_675,PRE,2017,LFI,"Remplacer les instructions ministérielles au Parquet par des lois d’orientation de politique pénale, débattues et votées par le Parlement."
LFI_2017,LFI_2017_676,PRE,2017,LFI,"Remplacer le Conseil supérieur de la magistrature par un Conseil supérieur de la justice désigné pour partie par les magistrats et le Parlement, devant lequel il sera responsable."
LFI_2017,LFI_2017_677,PRE,2017,LFI,Réformer le dualisme juridictionnel en supprimant la fonction juridictionnelle du Conseil d’État et en créant une juridiction suprême commune aux deux ordres de juridictions (fusionnant la Cour de cassation et la fonction juridictionnelle du Conseil d’État).
LFI_2017,LFI_2017_678,PRE,2017,LFI,12 Une politique antiterroriste rationnelle.
LFI_2017,LFI_2017_679,PRE,2017,LFI,"La sûreté est un des droits « naturels et imprescriptibles » de l’être humain, selon la Déclaration des droits de l’homme et du citoyen de 1789 Les odieux attentats commis en France en 2015 et 2016 interrogent : comment protéger la population de meurtres terroristes ?"
LFI_2017,LFI_2017_680,PRE,2017,LFI,Comment garantir notre liberté dans ce contexte ?
LFI_2017,LFI_2017_681,PRE,2017,LFI,"En la matière, la surenchère sécuritaire ne protège pas, elle affaiblit et fait le jeu des assaillants."
LFI_2017,LFI_2017_682,PRE,2017,LFI,C’est une tout autre politique et une stratégie globale qui sont nécessaires pour vivre en paix.
LFI_2017,LFI_2017_683,PRE,2017,LFI,"Nous proposons de réaliser les mesures suivantes : Refuser la logique du choc des civilisations et de la « guerre intérieure », sortir des guerres déstabilisatrices et des alliances hypocrites avec les pétromonarchies du Golfe."
LFI_2017,LFI_2017_684,PRE,2017,LFI,"Améliorer la prévention en engageant une stratégie politique pour renforcer les anticorps républicains et supprimer le terreau des communautarismes par plus de République, de laïcité, d’éducation, de justice sociale et d’implication citoyenne."
LFI_2017,LFI_2017_685,PRE,2017,LFI,Refuser la logique de l’exception pour réaffirmer l’État de droit.
LFI_2017,LFI_2017_686,PRE,2017,LFI,"Permettre la sortie de l’état d’urgence à l’initiative du Parlement, état qui ne protège pas mieux."
LFI_2017,LFI_2017_687,PRE,2017,LFI,Faire l’évaluation des lois antiterroristes sécuritaires existantes.
LFI_2017,LFI_2017_688,PRE,2017,LFI,Arrêter progressivement les opérations « Sentinelle » pour confier la sécurité des lieux publics à la police.
LFI_2017,LFI_2017_689,PRE,2017,LFI,"Garantir le contrôle par le juge judiciaire des opérations de lutte contre le terrorisme et augmenter les moyens de la justice antiterroriste pour garantir une lutte efficace, durable et respectueuse des droits et libertés fondamentaux."
LFI_2017,LFI_2017_690,PRE,2017,LFI,"Renforcer le renseignement territorial et humain en revenant sur la fusion de la Direction de la surveillance du territoire (DST) et des renseignements généraux (RG), en privilégiant l’infiltration par rapport au touttechnologique, en renforçant les moyens d’analyse des renseignements collectés, et imposer aux autorités chargées du renseignement de rendre compte devant une commission parlementaire permanente."
LFI_2017,LFI_2017_691,PRE,2017,LFI,Lutter contre l’embrigadement et soutenir les démarches de signalement par les proches et les programmes de prise en charge des personnes suspectées.
LFI_2017,LFI_2017_692,PRE,2017,LFI,"Instaurer une peine de déchéance des droits civiques en cas de fraude fiscale ou d’activités illicites permettant le financement d’activités terroristes, punir les financements des trafics alimentant les réseaux terroristes et réquisitionner les entreprises qui collaborent avec les agresseurs."
LFI_2017,LFI_2017_693,PRE,2017,LFI,13 Garantir la sécurité et la sûreté.
LFI_2017,LFI_2017_694,PRE,2017,LFI,La République a besoin d’une justice.
LFI_2017,LFI_2017_695,PRE,2017,LFI,"Elle a aussi besoin d’une police ; une police républicaine, agissant pour protéger les libertés individuelles et collectives."
LFI_2017,LFI_2017_696,PRE,2017,LFI,"La politique de sécurité doit être refondée en lien avec la population, par l’intégration des conscrits, loin des coups de menton et du « deux poids deux mesures »."
LFI_2017,LFI_2017_697,PRE,2017,LFI,Objectif : une politique de sûreté publique commençant par le renforcement des services publics.
LFI_2017,LFI_2017_698,PRE,2017,LFI,"Nous proposons de réaliser les mesures suivantes : Refonder la politique de sûreté publique sur la base du triptyque « prévention, dissuasion, sanction » et réaffirmer son caractère national."
LFI_2017,LFI_2017_699,PRE,2017,LFI,En finir avec la politique du chiffre et supprimer les primes aux résultats dont les montants seront redistribués progressivement aux différentes catégories d’agents.
LFI_2017,LFI_2017_700,PRE,2017,LFI,Restaurer la police de proximité en refondant les objectifs des polices municipales et affirmant la distinction entre les missions nationales et locales.
LFI_2017,LFI_2017_701,PRE,2017,LFI,"Faire l’évaluation des lois sécuritaires, abroger les disposition inefficaces et renforcer les politiques de prévention."
LFI_2017,LFI_2017_702,PRE,2017,LFI,Démanteler les BAC (Brigades anti-criminalité) qui ne font que du flagrant délit et ne permettent pas d’assurer une bonne relation entre la police et la population.
LFI_2017,LFI_2017_703,PRE,2017,LFI,Intégrer au service public certaines fonctions de sécurité aujourd’hui privatisées (sécurité aéroportuaire notamment) Faire la police républicaine.
LFI_2017,LFI_2017_704,PRE,2017,LFI,"En finir avec la police et la justice à deux vitesses en augmentant nettement les effectifs de police en charge de la délinquance en col blanc en lien avec le fisc, les douanes et la justice financière."
LFI_2017,LFI_2017_705,PRE,2017,LFI,"Donner la priorité au démantèlement des trafics (drogues, armes, prostitution, êtres humains…) et à la lutte contre la délinquance financière, la corruption et le terrorisme."
LFI_2017,LFI_2017_706,PRE,2017,LFI,Désencombrer l’action policière par la contraventionnalisation de la consommation de stupéfiants et la légalisation de l’usage du cannabis.
LFI_2017,LFI_2017_707,PRE,2017,LFI,"Améliorer l’accueil du public et diminuer le temps d’attente pour la prise en compte d’une plainte ainsi que les durées d’investigation ensuite, faire évaluer la police avec des questionnaires de satisfaction des usagers."
LFI_2017,LFI_2017_708,PRE,2017,LFI,Apaiser les conflits existant au sein de la police par des instances de dialogue internes.
LFI_2017,LFI_2017_709,PRE,2017,LFI,"Réécrire le code de déontologie et insister sur son importance lors de la formation des forces de police, et rétablir les missions de « défense des libertés et de la République » supprimées par Manuel Valls en 2014."
LFI_2017,LFI_2017_710,PRE,2017,LFI,"Interdire les Taser et Flash-Ball, ainsi que les grenades de désencerclement pour favoriser la désescalade des affrontements."
LFI_2017,LFI_2017_711,PRE,2017,LFI,"Renforcer les moyens humains et matériels des forces de sécurité, en quantité et qualité."
LFI_2017,LFI_2017_712,PRE,2017,LFI,Mettre en place un plan d’amélioration qualitative de la police et de la gendarmerie.
LFI_2017,LFI_2017_713,PRE,2017,LFI,♦♦ Recruter des agents administratifs pour libérer policiers et gendarmes aptes à aller sur le terrain et qui travaillent sur des postes administratifs.
LFI_2017,LFI_2017_714,PRE,2017,LFI,♦♦ Ramener les effectifs de policiers et gendarmes à ceux de 2007.
LFI_2017,LFI_2017_715,PRE,2017,LFI,♦♦ Doubler les effectifs de la police technique et scientifique.
LFI_2017,LFI_2017_716,PRE,2017,LFI,♦♦ Supprimer le statut précaire et peu qualifié des 11 000 adjoints de sécurité en permettant la formation et la titularisation de celles et ceux qui le souhaitent.
LFI_2017,LFI_2017_717,PRE,2017,LFI,♦♦ Porter à deux ans la durée de formation des élèves gardiens de la paix.
LFI_2017,LFI_2017_718,PRE,2017,LFI,Lancer un plan de rénovation et de construction de commissariats de police pour lutter contre la « clochardisation » du bâti et l’abandon de certains territoires.
LFI_2017,LFI_2017_719,PRE,2017,LFI,"Dotation des services en moyens techniques et matériels suffisants, renouvellement général du parc informatique sous contrainte de sécurité des échanges."
LFI_2017,LFI_2017_720,PRE,2017,LFI,14 La jeunesse au service de l’intérêt général et de la sûreté de la Nation.
LFI_2017,LFI_2017_721,PRE,2017,LFI,"Aujourd’hui, de nombreuses tâches indispensables à la sûreté et à l’intégrité de la Nation ne sont pas assurées."
LFI_2017,LFI_2017_722,PRE,2017,LFI,"C’est vrai aussi bien du point de vue de la défense et de la sûreté que de l’intégrité écologique, de la solidarité et du secours à la population."
LFI_2017,LFI_2017_723,PRE,2017,LFI,Ces préoccupations ne peuvent être abandonnées aux marchands ni aux seuls agents des services concernés.
LFI_2017,LFI_2017_724,PRE,2017,LFI,"C’est la Nation tout entière qui doit y faire face, pour les tâches civiles comme militaires."
LFI_2017,LFI_2017_725,PRE,2017,LFI,Nous proposons de réaliser les mesures suivantes : Créer un service citoyen obligatoire  Pour les femmes et pour les hommes.
LFI_2017,LFI_2017_726,PRE,2017,LFI,"Par conscription avant 25 ans, proche du lieu de vie, en limitant le « casernement » aux fonctions qui l’exigent réellement."
LFI_2017,LFI_2017_727,PRE,2017,LFI,"D’une durée totale de neuf mois, comprenant une formation militaire initiale incluant un droit à l’objection de conscience."
LFI_2017,LFI_2017_728,PRE,2017,LFI,Rémunéré au smic.
LFI_2017,LFI_2017_729,PRE,2017,LFI,"Affecté à des tâches d’intérêt général : secours à la population, sapeurs-pompiers, sécurité publique, défense, sécurité civile, protection et réparation de l’environnement, appui à des associations labellisées d’intérêt général."
LFI_2017,LFI_2017_730,PRE,2017,LFI,"Présence sur tout le territoire, y compris les Outre-mer, les zones rurales et les quartiers populaires."
LFI_2017,LFI_2017_731,PRE,2017,LFI,"Comprenant un bilan de santé, une évaluation des capacités d’écriture, de lecture et de calcul avec leur éventuelle mise à niveau, la formation gratuite à la conduite et le passage de l’examen du permis de conduire."
LFI_2017,LFI_2017_732,PRE,2017,LFI,Créer une garde nationale placée sous commandement civil et composée.
LFI_2017,LFI_2017_733,PRE,2017,LFI,Des jeunes en service citoyen obligatoire ayant choisi d’intégrer la réserve pour la protection de la sûreté et de l’intégrité de la Nation.
LFI_2017,LFI_2017_734,PRE,2017,LFI,"Des unités existantes labellisées : réserve de sécurité nationale, réserve de sécurité civile, réserve citoyenne."
LFI_2017,LFI_2017_735,PRE,2017,LFI,15 L’égalité réelle pour les Outre-mer.
LFI_2017,LFI_2017_736,PRE,2017,LFI,Les Outre-mer sont la chance de la France.
LFI_2017,LFI_2017_737,PRE,2017,LFI,Ils pourraient être des pointes avancées de la planification écologique et du progrès humain.
LFI_2017,LFI_2017_738,PRE,2017,LFI,"Au lieu de se développer de manière endogène, ils sont maintenus dans la dépendance d’un système inégalitaire d’économie de comptoir et de pauvreté de masse."
LFI_2017,LFI_2017_739,PRE,2017,LFI,La République doit vivre partout et pour tous !
LFI_2017,LFI_2017_740,PRE,2017,LFI,"Nous proposons de réaliser les mesures suivantes : Faire vivre la République, l’égalité, le métissage et le droit du sol contre le racisme et l’ethnicisme."
LFI_2017,LFI_2017_741,PRE,2017,LFI,Assurer la tenue démocratique du référendum d’autodétermination prévu en Nouvelle-Calédonie en 2018.
LFI_2017,LFI_2017_742,PRE,2017,LFI,"Étendre la laïcité dans les Outre-mer, en appliquant la loi de 1905 là où elle ne l’est pas."
LFI_2017,LFI_2017_743,PRE,2017,LFI,"Soutenir l’enseignement des langues et cultures.  d’Outre-mer pour ceux qui en font la demande, et mettre en valeur avec les populations la diversité des patrimoines culturels et linguistiques qu’apportent les Outre-mer."
LFI_2017,LFI_2017_744,PRE,2017,LFI,Faire des Outre-mer des territoires pilotes de la planification écologique.
LFI_2017,LFI_2017_745,PRE,2017,LFI,"Élaborer et mettre en oeuvre un plan d’autonomie énergétique de chaque territoire d’Outre-mer à partir des énergies renouvelables disponibles, terrestres (géothermie, solaire, éolien) et marines (éolien, utilisant les différences de températures…)."
LFI_2017,LFI_2017_746,PRE,2017,LFI,"Faire des Outre-mer des territoires pilotes de l’économie de la mer, doter chacun d’eux d’au moins un lycée professionnel maritime et des formations supérieures nécessaires à ce développement."
LFI_2017,LFI_2017_747,PRE,2017,LFI,Préserver les trésors de biodiversité des Outre-mer (renforcer les moyens d’études et de protection) Assurer l’égalité et la présence de l’État.
LFI_2017,LFI_2017_748,PRE,2017,LFI,"Garantir la continuité territoriale (desserte de service public à tarifs réglementés), l’interconnexion régionale et le désenclavement intraterritorial (en Guyane notamment)."
LFI_2017,LFI_2017_749,PRE,2017,LFI,"Engager un plan pluriannuel d’investissement et de développement des services publics (transports, éducation, santé, logement, culture)."
LFI_2017,LFI_2017_750,PRE,2017,LFI,Supprimer les exemptions fiscales bénéficiant aux ultrariches pour les investissements outre-mer (notamment sur l’ISF).
LFI_2017,LFI_2017_751,PRE,2017,LFI,Favoriser un développement endogène en rupture avec le modèle actuel d’économie de comptoir.
LFI_2017,LFI_2017_752,PRE,2017,LFI,Libérer les Outre-mer des monopoles privés et de la captation de la richesse par la rente en développant des circuits de distribution publics et la production en coopératives.
LFI_2017,LFI_2017_753,PRE,2017,LFI,"Protéger les économies locales par un bouclier douanier : préserver l’octroi de mer et renforcer la protection commerciale des productions locales (taxe kilométrique pour promouvoir les productions locales, privilégier les importations à faible emprunte écologique, préférence commerciale pour les produits d’Outre-mer en métropole et en Europe, partenariats commerciaux équilibrés avec les voisins régionaux)."
LFI_2017,LFI_2017_754,PRE,2017,LFI,Atteindre l’autosuffisance alimentaire en soutenant le développement d’une agriculture écologique et paysanne et des filières de transformation agro-alimentaire locales.
LFI_2017,LFI_2017_755,PRE,2017,LFI,Faire des Outre-mer des leviers d’alternative à l’échelle mondiale.
LFI_2017,LFI_2017_756,PRE,2017,LFI,"Faire des Outre-mer des pôles régionaux de codéveloppement : transfert de technologie auprès des pays voisins, aide logistique et scientifique, investir dans des établissements de formation de haut niveau (santé) bénéficiant à la fois aux étudiants ultra-marins et à ceux des pays voisins."
LFI_2017,LFI_2017_757,PRE,2017,LFI,"Rejoindre les coopérations régionales dans une démarche de codéveloppement écologique, social et de progrès humain : par exemple l’ALBA (Alliance bolivarienne pour les peuples de notre Amérique) pour les Antilles et la Guyane française, l’Afrique australe pour Mayotte et La Réunion, etc."
LFI_2017,LFI_2017_758,PRE,2017,LFI,Construire des points d’appui des combats écologiques d’intérêt universel : appui à la préservation des forêts (Guyane pour l’Amazonie) ; appui aux populations du Pacifique et de l’océan Indien menacées par la montée des eaux ; défense des fonds marins contre la prédation pétrolière et la pêche industrielle.
LFI_2017,LFI_2017_759,PRE,2017,LFI,L’urgence sociale.
LFI_2017,LFI_2017_760,PRE,2017,LFI,PROTÉGER ET PARTAGER.
LFI_2017,LFI_2017_761,PRE,2017,LFI,La France est le pays d’Europe qui compte le plus de millionnaires (plus de deux millions de personnes).
LFI_2017,LFI_2017_762,PRE,2017,LFI,"Conséquences : la pauvreté gagne du terrain, le chômage se généralise, l’État se disloque, les services publics reculent."
LFI_2017,LFI_2017_763,PRE,2017,LFI,Comment sortir de cette spirale ?
LFI_2017,LFI_2017_764,PRE,2017,LFI,L’appauvrissement des classes moyennes et les misères du peuple n’ont rien de fatal.
LFI_2017,LFI_2017_765,PRE,2017,LFI,Notre pays n’a jamais été aussi riche.
LFI_2017,LFI_2017_766,PRE,2017,LFI,Il est donc temps de se donner les moyens de partager la charge de travail nécessaire.
LFI_2017,LFI_2017_767,PRE,2017,LFI,Protégeons de la finance les salariés et la production en France.
LFI_2017,LFI_2017_768,PRE,2017,LFI,"Révolutionnons les impôts pour que tout le monde paye, et que chacun le fasse selon ses moyens réels."
LFI_2017,LFI_2017_769,PRE,2017,LFI,Jean-Luc Mélenchon 16 Mettre fin au pillage économique de la Nation.
LFI_2017,LFI_2017_770,PRE,2017,LFI,Le règne de l’oligarchie est aussi celui du pillage sans limite ni honte des biens publics.
LFI_2017,LFI_2017_771,PRE,2017,LFI,"Infrastructures, services publics, fleurons industriels ou technologiques, industries de souveraineté : combien de privatisations à vil prix, de « partenariats » abusifs, d’argent confisqué, voire détourné ?"
LFI_2017,LFI_2017_772,PRE,2017,LFI,L’intérêt général doit être défendu et protégé de ses adversaires par la loi et la justice.
LFI_2017,LFI_2017_773,PRE,2017,LFI,Nous proposons de réaliser les mesures suivantes : Créer une mission parlementaire spéciale pour faire le bilan de toutes les privatisations et faveurs fiscales décidées au cours des trois décennies passées.
LFI_2017,LFI_2017_774,PRE,2017,LFI,"Revenir sur les programmes de privatisation (aéroports, autoroutes, parts publiques, etc.)."
LFI_2017,LFI_2017_775,PRE,2017,LFI,"Décréter un moratoire sur les partenariats public-privé (PPP), abroger les dispositions législatives les permettant et pratiquer un audit de ceux qui sont en cours."
LFI_2017,LFI_2017_776,PRE,2017,LFI,"Mettre en place une commission d’enquête parlementaire sur le pillage économique et industriel des dernières années (abandons de fleurons comme Alstom, Alcatel, EADS…) et permettre la mise en examen et la détention préventive des suspects."
LFI_2017,LFI_2017_777,PRE,2017,LFI,"Poursuivre les atteintes aux « éléments essentiels du potentiel scientifique et économique » faisant partie des « intérêts fondamentaux de la Nation », selon l’article 410-1 du Code pénal."
LFI_2017,LFI_2017_778,PRE,2017,LFI,Rendre effectif le droit de réquisition des entreprises d’intérêt général par l’État.
LFI_2017,LFI_2017_779,PRE,2017,LFI,17 Instaurer un protectionnisme solidaire pour produire en France.
LFI_2017,LFI_2017_780,PRE,2017,LFI,L’économie productive et l’emploi sont attaqués.
LFI_2017,LFI_2017_781,PRE,2017,LFI,"La libre-circulation des capitaux et des marchandises dans l’Union européenne et le monde entier donne tout pouvoir à la finance contre les productifs, aux multinationales contre les PME, et aux actionnaires contre les salariés."
LFI_2017,LFI_2017_782,PRE,2017,LFI,"Bilan : des droits sociaux soumis au chantage permanent du dumping, un bilan écologique désastreux, une industrie dévastée, une agriculture désorganisée, des régions entières condamnées."
LFI_2017,LFI_2017_783,PRE,2017,LFI,Le grand déménagement du monde doit cesser.
LFI_2017,LFI_2017_784,PRE,2017,LFI,Il faut relocaliser les productions.
LFI_2017,LFI_2017_785,PRE,2017,LFI,Nous avons besoin d’un protectionnisme solidaire au service de l’intérêt général contre les multinationales et la mondialisation financière.
LFI_2017,LFI_2017_786,PRE,2017,LFI,La défense de notre souveraineté industrielle est une condition indispensable à la fondation de nouvelles coopérations internationales.
LFI_2017,LFI_2017_787,PRE,2017,LFI,"Nous proposons de réaliser les mesures suivantes : Faire l’inventaire et l’évaluation des accords déjà appliqués pour construire une autre politique internationale des échanges commerciaux, basée sur la coopération et inspirée de la charte de La Havane, permettant de pratiquer des politiques de protection des droits sociaux et de l’emploi."
LFI_2017,LFI_2017_788,PRE,2017,LFI,"Adopter des mesures anti-dumping d’urgence sur les industries stratégiques (acier, photovoltaïque…), augmenter immédiatement les droits de douane pour les pays aux droits sociaux limités (travail des enfants, absence de droits syndicaux), prendre des mesures de rétorsion commerciales contre les paradis fiscaux."
LFI_2017,LFI_2017_789,PRE,2017,LFI,Imposer le respect de normes sociales et écologiques pour la commercialisation des produits importés en france.
LFI_2017,LFI_2017_790,PRE,2017,LFI,"Réviser le Code des marchés publics pour favoriser les entreprises de l’économie sociale et solidaire, les produits et services écologiques, l’activité locale."
LFI_2017,LFI_2017_791,PRE,2017,LFI,18 Engager un plan de relance de l’activité et de l’emploi au service de la transition écologique.
LFI_2017,LFI_2017_792,PRE,2017,LFI,"La bifurcation écologique et la révolution numérique imposent des investissements massifs pour changer les modes de production, d’échange et de consommation."
LFI_2017,LFI_2017_793,PRE,2017,LFI,"Ce serait un levier formidable pour créer des emplois de qualité et vivre mieux, alors que le chômage atteint un niveau sans précédent."
LFI_2017,LFI_2017_794,PRE,2017,LFI,Nicolas Sarkozy et François Hollande ont créé un chômeur de plus toutes les deux minutes depuis dix ans.
LFI_2017,LFI_2017_795,PRE,2017,LFI,L’appareil de production français souffre de sous-investissement malgré les milliards d’euros offerts au Medef.
LFI_2017,LFI_2017_796,PRE,2017,LFI,"Et les infrastructures publiques, tel le réseau ferré, sont abandonnées en silence."
LFI_2017,LFI_2017_797,PRE,2017,LFI,Un plan de relance massif est vital à brève échéance.
LFI_2017,LFI_2017_798,PRE,2017,LFI,Nous proposons de réaliser les mesures suivantes : Injecter 100 milliards d’euros supplémentaires dans l’économie pour des investissements écologiquement et socialement utiles.
LFI_2017,LFI_2017_799,PRE,2017,LFI,"Transformer les 41 milliards d’euros annuels du pacte de responsabilité et du crédit d’impôt compétitivité (soit 2 % du PIB chaque année, 200 milliards d’euros sur un quinquennat) pour financer la transition énergétique et les activités socialement utiles."
LFI_2017,LFI_2017_800,PRE,2017,LFI,"Remettre à plat l’ensemble des aides publiques et exonérations d’impôt ou de cotisation accordées aux entreprises, évaluer leur efficacité, et revenir sur les aides antisociales et anti-écologiques."
LFI_2017,LFI_2017_801,PRE,2017,LFI,"Réindustrialiser le pays par l’investissement, le rétablissement de plans de filières pour coordonner donneurs d’ordres et sous-traitants, clients et fournisseurs (par exemple SNCF et Alstom pour la filière ferroviaire, etc.), la création de pôles publics dans l’énergie ou les transports, la défense des industries stratégiques et la reconstruction de conglomérats combinant plusieurs activités."
LFI_2017,LFI_2017_802,PRE,2017,LFI,19 Mettre au pas la finance.
LFI_2017,LFI_2017_803,PRE,2017,LFI,La finance a mis par terre l’économie réelle en 2008 Elle devait être « l’adversaire » du président sortant.
LFI_2017,LFI_2017_804,PRE,2017,LFI,Elle ne s’est jamais aussi bien portée et les revenus des actionnaires n’ont jamais été aussi élevés en France.
LFI_2017,LFI_2017_805,PRE,2017,LFI,Notre pays a le record d’Europe du versement de dividendes !
LFI_2017,LFI_2017_806,PRE,2017,LFI,De nouvelles bulles se forment et menacent d’une déflagration encore plus terrible.
LFI_2017,LFI_2017_807,PRE,2017,LFI,Il est plus que temps d’agir !
LFI_2017,LFI_2017_808,PRE,2017,LFI,Nous proposons de réaliser les mesures suivantes : Séparer les banques d’affaires et de détail.
LFI_2017,LFI_2017_809,PRE,2017,LFI,Contrôler les mouvements de capitaux.
LFI_2017,LFI_2017_810,PRE,2017,LFI,Instaurer une taxe réelle sur les transactions financières.
LFI_2017,LFI_2017_811,PRE,2017,LFI,"Interdire les ventes de gré à gré et la titrisation, plafonner les effets de levier et les rendements actionnariaux exorbitants."
LFI_2017,LFI_2017_812,PRE,2017,LFI,Identifier et interdire les produits dérivés toxiques et inutiles au financement ou à la couverture des flux économiques réels.
LFI_2017,LFI_2017_813,PRE,2017,LFI,"Engager les procédures de recouvrement des 2,2 milliards d’euros d’argent public accordés sans preuve à la Société générale suite à l’affaire Kerviel, évaluer les actes comparables et poursuivre les coupables de ces abus."
LFI_2017,LFI_2017_814,PRE,2017,LFI,20 Définanciariser l’économie réelle.
LFI_2017,LFI_2017_815,PRE,2017,LFI,Les financiers étranglent chaque jour les PME et les ménages.
LFI_2017,LFI_2017_816,PRE,2017,LFI,"Les actionnaires exigent des taux de rendement intenables, obtenus au détriment des droits sociaux et de l’appareil de production."
LFI_2017,LFI_2017_817,PRE,2017,LFI,Ils imposent la tyrannie du temps court sur le temps long de l’activité humaine et de l’impératif écologique.
LFI_2017,LFI_2017_818,PRE,2017,LFI,Il faut leur reprendre le pouvoir.
LFI_2017,LFI_2017_819,PRE,2017,LFI,Nous proposons de réaliser les mesures suivantes : Mettre fin à la cotation continue des entreprises en Bourse.
LFI_2017,LFI_2017_820,PRE,2017,LFI,Moduler les droits de vote des actionnaires selon la durée d’engagement dans l’entreprise en réservant le droit de vote aux actionnaires acceptant de s’engager sur une durée de présence.
LFI_2017,LFI_2017_821,PRE,2017,LFI,"Moduler l’impôt sur les sociétés selon l’usage des bénéfices pour encourager l’investissement en France : un taux réduit pour les bénéfices réinvestis en France, un taux plein pour les bénéfices distribués aux actionnaires Augmenter la mise en réserve légale (aujourd’hui à seulement 5 % des bénéfices) qui oblige l’entreprise à conserver une part de son résultat plutôt que de le distribuer entièrement en dividendes."
LFI_2017,LFI_2017_822,PRE,2017,LFI,Interdire aux entreprises de distribuer un montant de dividendes supérieur à leur bénéfice et donc d’emprunter pour distribuer des dividendes.
LFI_2017,LFI_2017_823,PRE,2017,LFI,"Limiter les LBO aux seules procédures de reprise des entreprises par les salariés (Leveraged Buy Out, mécanisme financier permettant aujourd’hui à quelques actionnaires de faire main basse sur une entreprise)."
LFI_2017,LFI_2017_824,PRE,2017,LFI,21 Mobiliser l’argent pour financer les petites et moyennes entreprises et la création d’emplois.
LFI_2017,LFI_2017_825,PRE,2017,LFI,Chaque jour les petites entreprises meurent faute d’être soutenues par les banques.
LFI_2017,LFI_2017_826,PRE,2017,LFI,"À l’inverse, des milliards d’euros sont perdus sans contrôle ni contrepartie industrielle, sociale ou écologique."
LFI_2017,LFI_2017_827,PRE,2017,LFI,"Finançons enfin l’économie réelle et les PME, pas les multinationales et les actionnaires !"
LFI_2017,LFI_2017_828,PRE,2017,LFI,"Nous proposons de réaliser les mesures suivantes : Créer un pôle public bancaire notamment par la socialisation de banques généralistes, en vue de financer les entreprises et de mener une politique du crédit sur critères sociaux et écologiques."
LFI_2017,LFI_2017_829,PRE,2017,LFI,Accorder une licence bancaire à la Banque publique d’investissement dans son ensemble (groupe Bpifrance) pour lui permettre de se financer auprès de la Banque centrale.
LFI_2017,LFI_2017_830,PRE,2017,LFI,Financer l’escompte des PME à taux zéro par le pôle financier public.
LFI_2017,LFI_2017_831,PRE,2017,LFI,Réserver l’avantage fiscal de l’assurance-vie aux fonds investis en France.
LFI_2017,LFI_2017_832,PRE,2017,LFI,"Encadrer la sous-traitance et étendre la responsabilité juridique, sociale et écologique des donneurs d’ordre."
LFI_2017,LFI_2017_833,PRE,2017,LFI,"Créer un fonds de solidarité interentreprises pour mutualiser la contribution sociale entre toutes les entreprises, mettre à contribution les grandes entreprises et les groupes pour soulager les PME et assurer la solidarité financière entre donneurs d’ordres et sous-traitants."
LFI_2017,LFI_2017_834,PRE,2017,LFI,Il sera financé grâce à une contribution des entreprises selon un barème progressif.
LFI_2017,LFI_2017_835,PRE,2017,LFI,22 Protéger et généraliser l’économie sociale et solidaire et l’économie collaborative.
LFI_2017,LFI_2017_836,PRE,2017,LFI,"Face à la prédation de la finance et à la dictature des actionnaires, une autre économie est possible !"
LFI_2017,LFI_2017_837,PRE,2017,LFI,"Elle existe déjà, avec des centaines de milliers d’entreprises et des millions d’emplois."
LFI_2017,LFI_2017_838,PRE,2017,LFI,Elle doit être développée et renforcée.
LFI_2017,LFI_2017_839,PRE,2017,LFI,La révolution numérique peut être un levier pour de nouvelles activités réellement collaboratives.
LFI_2017,LFI_2017_840,PRE,2017,LFI,Mais cela suppose de ne pas laisser le champ libre aux multinationales et aux stratégies lucratives ou d’évasion fiscale qui prévalent aujourd’hui.
LFI_2017,LFI_2017_841,PRE,2017,LFI,Nous proposons de réaliser les mesures suivantes : Reconnaître un droit de préemption aux salariés pour former une coopérative en cas de fermeture ou de vente de leur entreprise.
LFI_2017,LFI_2017_842,PRE,2017,LFI,"Généraliser l’économie sociale et solidaire, garantir son accès au financement et aux marchés publics."
LFI_2017,LFI_2017_843,PRE,2017,LFI,"Encadrer le développement des activités liées à l’économie collaborative pour préserver le caractère de « partage » et d’utilité sociale contre la privatisation, l’évasion fiscale, la concurrence déloyale et stopper l’« ubérisation » des activités."
LFI_2017,LFI_2017_844,PRE,2017,LFI,23 Empêcher les licenciements boursiers dans l’entreprise pour conserver et développer l’emploi.
LFI_2017,LFI_2017_845,PRE,2017,LFI,"Relancer l’économie ne suffira pas à créer des emplois, si les logiques financières continuent de dominer et si les actionnaires continuent d’avoir tous les droits dans la gestion des entreprises."
LFI_2017,LFI_2017_846,PRE,2017,LFI,"Pour que l’activité économique soit créatrice d’emplois, utile écologiquement et socialement, il est indispensable de donner de nouveaux droits aux salariés et à leurs représentants dans les entreprises."
LFI_2017,LFI_2017_847,PRE,2017,LFI,Nous proposons de réaliser les mesures suivantes : Interdire les licenciements boursiers.
LFI_2017,LFI_2017_848,PRE,2017,LFI,Interdire le versement de dividendes dans les entreprises ayant recours à des licenciements économiques.
LFI_2017,LFI_2017_849,PRE,2017,LFI,"Accorder un droit de veto suspensif aux comités d’entreprise sur les plans de licenciements, réformer les tribunaux de commerce et les procédures de redressement et liquidation d’entreprise pour donner plus de pouvoirs aux salariés et à leurs représentants, refondre la procédure judiciaire de contestation des licenciements économiques pour qu’ils ne puissent être effectifs avant épuisement des recours."
LFI_2017,LFI_2017_850,PRE,2017,LFI,Refonder le recours à la rupture conventionnelle pour empêcher les licenciements déguisés.
LFI_2017,LFI_2017_851,PRE,2017,LFI,"Garantir et renforcer les pouvoirs de l’Inspection du travail et des instances représentatives de salariés, doubler les effectifs de l’Inspection du travail pour lui permettre d’être plus efficace dans la protection de l’emploi et des salariés, dans la lutte contre la souffrance au travail et dans l’assistance juridique aux PME."
LFI_2017,LFI_2017_852,PRE,2017,LFI,24 Abroger la loi El Khomri.
LFI_2017,LFI_2017_853,PRE,2017,LFI,Le mouvement social contre la loi El Khomri a montré combien les luttes sociale et républicaine sont liées.
LFI_2017,LFI_2017_854,PRE,2017,LFI,La loi El Khomri a mis fin à la hiérarchie des normes sociales.
LFI_2017,LFI_2017_855,PRE,2017,LFI,"Désormais, un accord d’entreprise peut s’imposer même si un accord de branche ou la loi sont plus favorables aux salariés."
LFI_2017,LFI_2017_856,PRE,2017,LFI,Cela devra être supprimé.
LFI_2017,LFI_2017_857,PRE,2017,LFI,C’est la porte ouverte au dumping à l’intérieur d’une même branche entre entreprises et à la régression de tous les droits des salariés.
LFI_2017,LFI_2017_858,PRE,2017,LFI,L’accord d’entreprise ne doit primer que s’il est plus favorable aux salariés.
LFI_2017,LFI_2017_859,PRE,2017,LFI,Il en va de l’égalité des salariés et de la justice entre les entreprises.
LFI_2017,LFI_2017_860,PRE,2017,LFI,Nous rétablirons la hiérarchie des normes sociales et le principe de faveur.
LFI_2017,LFI_2017_861,PRE,2017,LFI,"25 Éradiquer la précarité, respecter les métiers et les travailleurs.  85 % des contrats signés sont aujourd’hui des contrats précaires (CDD, intérim, etc.)."
LFI_2017,LFI_2017_862,PRE,2017,LFI,"Sans compter les temps partiels contraints, quasi exclusivement occupés par des femmes, qui ne permettent pas une paye suffisante pour vivre dignement."
LFI_2017,LFI_2017_863,PRE,2017,LFI,"Cette vision « jetable » des salariés dévalorise le travail, nie les métiers et les savoir-faire."
LFI_2017,LFI_2017_864,PRE,2017,LFI,C’est humainement destructeur et économiquement nuisible.
LFI_2017,LFI_2017_865,PRE,2017,LFI,Nous proposons de réaliser les mesures suivantes : Réaffirmer dans les faits le CDI comme norme du contrat de travail.
LFI_2017,LFI_2017_866,PRE,2017,LFI,"Instaurer un quota maximum de contrats précaires dans les entreprises : pas plus de 10 % de contrats précaires dans les PME, pas plus de 5 % de contrats précaires dans les grandes entreprises."
LFI_2017,LFI_2017_867,PRE,2017,LFI,Faciliter la requalification en contrat de travail salarié des auto-entrepreneurs à client unique et des collaborateurs exclusifs des plateformes dites collaboratives (Uber…).
LFI_2017,LFI_2017_868,PRE,2017,LFI,Lutter contre le temps partiel contraint qui touche 80 % des femmes.
LFI_2017,LFI_2017_869,PRE,2017,LFI,Régulariser les travailleurs sans-papiers pour assurer l’égalité sociale entre travailleurs.
LFI_2017,LFI_2017_870,PRE,2017,LFI,Titulariser tous les précaires des trois fonctions publiques.
LFI_2017,LFI_2017_871,PRE,2017,LFI,26 Construire un nouveau statut protecteur pour les travailleurs : la Sécurité sociale intégrale.
LFI_2017,LFI_2017_872,PRE,2017,LFI,La précarité ne doit pas seulement être stoppée dans l’urgence.
LFI_2017,LFI_2017_873,PRE,2017,LFI,Elle doit être éradiquée.
LFI_2017,LFI_2017_874,PRE,2017,LFI,La peur du lendemain gangrène tout.
LFI_2017,LFI_2017_875,PRE,2017,LFI,Survivre n’est pas vivre.
LFI_2017,LFI_2017_876,PRE,2017,LFI,"De nombreuses propositions sont sur la table pour construire une nouvelle ère protectrice pour les travailleurs, salariés et non salariés."
LFI_2017,LFI_2017_877,PRE,2017,LFI,"Nous proposons de réaliser les mesures suivantes : Assurer la continuité des droits personnels hors du contrat de travail (droit à la formation, ancienneté, etc.)"
LFI_2017,LFI_2017_878,PRE,2017,LFI,"Garantir la continuité du revenu en cas de perte d’emploi ou de retrait d’activité, dans le cadre d’une Sécurité sociale professionnelle."
LFI_2017,LFI_2017_879,PRE,2017,LFI,"Établir le « droit opposable à l’emploi » en faisant de l’État l’employeur en dernier ressort : en cas de chômage de longue durée, l’État doit proposer un emploi au chômeur en lien avec sa qualification, sur une mission d’intérêt général."
LFI_2017,LFI_2017_880,PRE,2017,LFI,L’indemnisation par l’allocation-chômage se poursuit jusqu’à ce qu’un tel emploi soit proposé par l’État.
LFI_2017,LFI_2017_881,PRE,2017,LFI,Refonder le service public de l’emploi en identifiant clairement chacune des missions (conseil et accompagnement ; indemnisation ; orientation et formation professionnelle).
LFI_2017,LFI_2017_882,PRE,2017,LFI,"Donner la liberté aux artisans, commerçants, indépendants, chefs d’entreprise et auto-entrepreneurs de s’affilier au régime général de la Sécurité sociale plutôt qu’au Régime social des indépendants (RSI)."
LFI_2017,LFI_2017_883,PRE,2017,LFI,27 Donner aux jeunes les moyens de leur autonomie.
LFI_2017,LFI_2017_884,PRE,2017,LFI,"Les jeunes commencent leur vie par un parcours d’obstacles : difficulté à payer leurs études, à trouver un premier emploi ou à accéder à un logement, etc."
LFI_2017,LFI_2017_885,PRE,2017,LFI,"Les jeunes des classes populaires sont les plus frappés, mais ils sont loin d’être les seuls concernés."
LFI_2017,LFI_2017_886,PRE,2017,LFI,"L’autonomie est un droit, l’État doit la rendre possible !"
LFI_2017,LFI_2017_887,PRE,2017,LFI,"Nous proposons de réaliser les mesures suivantes : Instaurer une allocation d’autonomie pour les jeunes de 18 à 25 ans, d’une durée de trois ans, sous réserve d’une formation qualifiante et sous condition de ressources Remplacer les « emplois d’avenir » par un « contrat jeune » d’une durée de cinq ans, dans le secteur non marchand et public, ouvrant droit à une formation qualifiante en alternance ou à une préparation aux concours de la fonction publique."
LFI_2017,LFI_2017_888,PRE,2017,LFI,"28 Réduire le temps de travail, travailler moins pour travailler tous."
LFI_2017,LFI_2017_889,PRE,2017,LFI,Pourquoi tant de gens s’épuisent au travail alors que d’autres s’épuisent à essayer d’en trouver ?
LFI_2017,LFI_2017_890,PRE,2017,LFI,Le progrès technique et la productivité des travailleurs français permettent au contraire de travailler tous en travaillant moins.
LFI_2017,LFI_2017_891,PRE,2017,LFI,La réduction du temps de travail est un objectif historique particulièrement pertinent en ces temps de révolution technologique.
LFI_2017,LFI_2017_892,PRE,2017,LFI,"Mais c’est aussi la politique la plus juste, la plus efficace et la moins coûteuse contre le chômage."
LFI_2017,LFI_2017_893,PRE,2017,LFI,Nous proposons de réaliser les mesures suivantes : Généraliser une 6e semaine de congés payés pour tous les salariés.
LFI_2017,LFI_2017_894,PRE,2017,LFI,Appliquer réellement et immédiatement les 35 heures.
LFI_2017,LFI_2017_895,PRE,2017,LFI,Majorer les heures supplémentaires (25 % pour les 4 premières et 50 % et plus au-delà).
LFI_2017,LFI_2017_896,PRE,2017,LFI,"Revenir sur la flexibilisation, l’annualisation, l’intensification et les horaires fractionnés."
LFI_2017,LFI_2017_897,PRE,2017,LFI,Revenir sur le forfait-jour et le limiter aux seuls cadres dirigeants.
LFI_2017,LFI_2017_898,PRE,2017,LFI,Revenir sur les élargissements du travail du dimanche.
LFI_2017,LFI_2017_899,PRE,2017,LFI,"Convoquer une conférence nationale sur le partage.  du temps de travail et l’impact du progrès technologique, favoriser le passage à la semaine de quatre jours pour aller vers les 32 heures et appliquer les 32 heures pour les salariés en travail de nuit et les métiers pénibles."
LFI_2017,LFI_2017_900,PRE,2017,LFI,"Harmoniser les temps sociaux (par jour/semaine/année/ vie) : installer des bureaux du temps ayant pour mission l’évaluation de la synchronie des temps sociaux constatés (concordance entre les horaires de travail et de garde d’enfant, par exemple), l’aide à la formulation des demandes pour l’organisation de la réduction des temps de transport emploi-domicile et de bourse d’échange d’emplois."
LFI_2017,LFI_2017_901,PRE,2017,LFI,29 Instaurer un salaire maximum autorisé pour les dirigeants d’entreprise.
LFI_2017,LFI_2017_902,PRE,2017,LFI,Les inégalités ont explosé ces dernières années.
LFI_2017,LFI_2017_903,PRE,2017,LFI,Les revenus des dirigeants des grandes entreprises sont chaque fois un peu plus indécents.
LFI_2017,LFI_2017_904,PRE,2017,LFI,Que font donc ces gens pour mériter de tels salaires ?
LFI_2017,LFI_2017_905,PRE,2017,LFI,N’y a-t-il pas moyen de faire le travail de meilleure façon et pour moins cher ?
LFI_2017,LFI_2017_906,PRE,2017,LFI,Bien sûr que si !
LFI_2017,LFI_2017_907,PRE,2017,LFI,Les actionnaires ont montré qu’ils ne voulaient pas limiter les rémunérations des grands patrons.
LFI_2017,LFI_2017_908,PRE,2017,LFI,La loi doit donc le faire !
LFI_2017,LFI_2017_909,PRE,2017,LFI,Nous proposons de réaliser les mesures suivantes : Fixer un salaire maximum autorisé pour limiter l’écart de 1 à 20 entre le salaire le plus bas et le salaire le plus haut dans une entreprise.
LFI_2017,LFI_2017_910,PRE,2017,LFI,Interdire les parachutes dorés et les retraites chapeaux.
LFI_2017,LFI_2017_911,PRE,2017,LFI,Supprimer les stock-options.
LFI_2017,LFI_2017_912,PRE,2017,LFI,30 Augmenter les salaires.
LFI_2017,LFI_2017_913,PRE,2017,LFI,"Aujourd’hui, un salarié au smic gagne à peine plus que le seuil de pauvreté."
LFI_2017,LFI_2017_914,PRE,2017,LFI,"Et encore, à condition d’avoir un emploi à temps complet et non un temps partiel."
LFI_2017,LFI_2017_915,PRE,2017,LFI,C’est inadmissible.
LFI_2017,LFI_2017_916,PRE,2017,LFI,"Le travail est la source de la création des richesses, les travailleurs doivent obtenir leur dû."
LFI_2017,LFI_2017_917,PRE,2017,LFI,Leur dignité et leur droit à l’existence doivent être garantis.
LFI_2017,LFI_2017_918,PRE,2017,LFI,L’augmentation du smic est une mesure de justice sociale.
LFI_2017,LFI_2017_919,PRE,2017,LFI,"Mais combinée au protectionnisme solidaire, c’est aussi une mesure efficace de relance écologique de l’activité : c’est permettre aux salariés de consommer des produits de meilleure qualité et locaux."
LFI_2017,LFI_2017_920,PRE,2017,LFI,Nous proposons de réaliser les mesures suivantes : Augmenter immédiatement le smic net mensuel de 16 % pour le porter à 1 326 euros net pour 35 heures.
LFI_2017,LFI_2017_921,PRE,2017,LFI,"Engager une revalorisation des salaires des fonctionnaires, gelés depuis 2010."
LFI_2017,LFI_2017_922,PRE,2017,LFI,"31 Restaurer le droit à la retraite à 60 ans, augmenter les petites pensions."
LFI_2017,LFI_2017_923,PRE,2017,LFI,François Hollande s’est vanté auprès de la Commission européenne d’avoir repoussé l’âge de la retraite à 66 ans !
LFI_2017,LFI_2017_924,PRE,2017,LFI,"En effet, il a validé le report de l’âge de départ à 62 ans décidé par Nicolas Sarkozy en 2010."
LFI_2017,LFI_2017_925,PRE,2017,LFI,Et il a rendu encore plus inaccessibles les conditions pour avoir une retraite à taux plein en allongeant la durée de cotisations à quarante-trois ans !
LFI_2017,LFI_2017_926,PRE,2017,LFI,"Au point que de plus en plus de personnes partent à la retraite avec une pension amputée par les décotes et le manque de trimestres, du fait du chômage et de la précarité."
LFI_2017,LFI_2017_927,PRE,2017,LFI,C’est injuste.
LFI_2017,LFI_2017_928,PRE,2017,LFI,"Pourtant, l’argent existe pour financer les retraites, augmenter les pensions et rétablir le droit au départ à 60 ans."
LFI_2017,LFI_2017_929,PRE,2017,LFI,"Nous proposons de réaliser les mesures suivantes : Restaurer le droit à la retraite à 60 ans à taux plein, ramener la durée de cotisation pour une retraite complète à quarante ans."
LFI_2017,LFI_2017_930,PRE,2017,LFI,Revaloriser les pensions de retraite au niveau du smic pour une carrière complète et porter le minimum vieillesse au niveau du seuil de pauvreté.
LFI_2017,LFI_2017_931,PRE,2017,LFI,"Assurer le financement durable des régimes de retraites solidaires, intergénérationnelles et par répartition, par la mise à contribution des revenus financiers des entreprises, par l’augmentation du nombre de cotisants et de l’assiette des cotisations (créations d’emplois, hausse des salaires, recul de la précarité, hausse de l’activité des femmes, etc.) et de leur taux, la fin des exonérations fiscales pour les régimes de retraite par capitalisation."
LFI_2017,LFI_2017_932,PRE,2017,LFI,32 Réprimer les inégalités femmes-hommes dans les entreprises.
LFI_2017,LFI_2017_933,PRE,2017,LFI,L’égalité entre les femmes et les hommes n’est pas une question morale.
LFI_2017,LFI_2017_934,PRE,2017,LFI,Ce n’est pas non plus seulement une question institutionnelle ou sociétale.
LFI_2017,LFI_2017_935,PRE,2017,LFI,C’est d’abord une question sociale !
LFI_2017,LFI_2017_936,PRE,2017,LFI,"Aujourd’hui encore, à postes et qualifications équivalents, les femmes sont moins payées que les hommes."
LFI_2017,LFI_2017_937,PRE,2017,LFI,Et la maternité reste un « risque » pour la carrière de nombreuses femmes.
LFI_2017,LFI_2017_938,PRE,2017,LFI,Cela suffit.
LFI_2017,LFI_2017_939,PRE,2017,LFI,Il est plus que temps d’agir et de contraindre ceux qui ne veulent pas de l’égalité !
LFI_2017,LFI_2017_940,PRE,2017,LFI,"Nous proposons de réaliser les mesures suivantes : Étendre à toutes les entreprises l’obligation d’adopter un plan ou un accord d’entreprise contre les inégalités de salaires et de carrière entre hommes et femmes, aujourd’hui limitée aux entreprises de plus de 50 salariés."
LFI_2017,LFI_2017_941,PRE,2017,LFI,"Augmenter les sanctions financières et pénales contre les entreprises qui ne respectent pas cette égalité, pouvant aller jusqu’à l’interdiction d’accès aux marchés publics."
LFI_2017,LFI_2017_942,PRE,2017,LFI,"Revaloriser les métiers occupés majoritairement par des femmes (qualifications, grilles salariales…) et agir pour l’égal accès à toutes les formations et à tous les métiers."
LFI_2017,LFI_2017_943,PRE,2017,LFI,Favoriser des congés parentaux de durée identique entre les parents.
LFI_2017,LFI_2017_944,PRE,2017,LFI,"33 Éradiquer la pauvreté.  9 millions de personnes vivent sous le seuil de pauvreté en France, soit avec moins de 1 000 euros par mois."
LFI_2017,LFI_2017_945,PRE,2017,LFI,Des centaines de milliers de personnes tentent de survivre avec à peine quelques centaines d’euros par mois.
LFI_2017,LFI_2017_946,PRE,2017,LFI,"Notre pays et nos villes comptent de nombreuses personnes sans abri abandonnées à elles-mêmes, faute d’intervention des pouvoirs publics."
LFI_2017,LFI_2017_947,PRE,2017,LFI,Le recul des services publics et la précarisation des conditions de vie ont fait exploser la pauvreté.
LFI_2017,LFI_2017_948,PRE,2017,LFI,On ne peut pas vivre heureux dans un océan de malheur.
LFI_2017,LFI_2017_949,PRE,2017,LFI,La République doit faire cesser ce scandale !
LFI_2017,LFI_2017_950,PRE,2017,LFI,"Nous proposons de réaliser les mesures suivantes : Créer un Plan personnalisé contre la pauvreté (PPP) prenant en compte la situation des personnes dans leur globalité (revenus, état de santé, insertion professionnelle, logement, etc.)."
LFI_2017,LFI_2017_951,PRE,2017,LFI,Créer une « garantie dignité » en revalorisant les minima sociaux (aucun niveau de vie en dessous du seuil de pauvreté).
LFI_2017,LFI_2017_952,PRE,2017,LFI,Restructurer les emprunts des ménages surendettés et garantir à tous l’accès effectif aux services bancaires de base.
LFI_2017,LFI_2017_953,PRE,2017,LFI,Atteindre l’objectif de zéro sans-abri : chacun doit se voir proposer un hébergement d’urgence ou un logement et un accompagnement durable.
LFI_2017,LFI_2017_954,PRE,2017,LFI,"Instaurer la gratuité de l’accès et des quantités d’eau, électricité et gaz indispensables à une vie digne en commençant par faire appliquer l’interdiction de coupure d’eau et de réduction de débit au domicile principal."
LFI_2017,LFI_2017_955,PRE,2017,LFI,"Lutter contre le non-recours aux droits sociaux et civiques par la simplification des démarches et des critères, et le retrait de contreparties pour l’attribution du RSA, qui sera de nouveau financé par l’État."
LFI_2017,LFI_2017_956,PRE,2017,LFI,Mobiliser les volontaires nationaux pour inscrire ou réinscrire 100 % de la population majeure sur les listes électorales et vérifier ses droits sociaux 34 Garantir le droit effectif au logement.  30 000 enfants vivent sans abri fixe dans notre pays.
LFI_2017,LFI_2017_957,PRE,2017,LFI,"Près de 1 million de personnes n’ont pas de logement personnel, 4 millions sont mal logées, 12 millions sont menacées d’un problème lié à leur logement."
LFI_2017,LFI_2017_958,PRE,2017,LFI,Les loyers s’envolent dans les grandes villes.
LFI_2017,LFI_2017_959,PRE,2017,LFI,"Le libre marché et les allégements fiscaux ne permettront pas de régler le problème, au contraire."
LFI_2017,LFI_2017_960,PRE,2017,LFI,Nous proposons de réaliser les mesures suivantes : Interdire les expulsions locatives sans relogement.
LFI_2017,LFI_2017_961,PRE,2017,LFI,Construire 200 000 logements publics par an pendant cinq ans aux normes écologiques.
LFI_2017,LFI_2017_962,PRE,2017,LFI,"Mettre en place une garantie universelle des loyers pour favoriser l’accès de tous au logement, par l’intermédiaire d’une caisse de solidarité alimentée par les bailleurs comme le défend la Confédération nationale du logement Lancer un plan d’éradication du logement insalubre, de renouvellement urbain et de construction de logements sociaux en renforçant les sanctions des communes trop faiblement dotées en parc social."
LFI_2017,LFI_2017_963,PRE,2017,LFI,Imposer les hautes transactions immobilières par une taxe progressive.
LFI_2017,LFI_2017_964,PRE,2017,LFI,Soutenir les projets d’habitat participatif et coopératif.
LFI_2017,LFI_2017_965,PRE,2017,LFI,35 Refuser le chantage à la dette publique.
LFI_2017,LFI_2017_966,PRE,2017,LFI,L’argent existe pour vivre mieux.
LFI_2017,LFI_2017_967,PRE,2017,LFI,La France n’a jamais été aussi riche de son histoire.
LFI_2017,LFI_2017_968,PRE,2017,LFI,La dette n’est pas un problème.
LFI_2017,LFI_2017_969,PRE,2017,LFI,Son montant est tout à fait supportable une fois ramené à sa durée de vie réelle : plus de sept ans.
LFI_2017,LFI_2017_970,PRE,2017,LFI,"Mais l’État a été volontairement appauvri par des cadeaux fiscaux aux plus fortunés, à la finance et aux grands groupes."
LFI_2017,LFI_2017_971,PRE,2017,LFI,Certains ont même gagné deux fois : ils ont pu prêter à l’État les impôts épargnés et empocher au passage des intérêts !
LFI_2017,LFI_2017_972,PRE,2017,LFI,Ce chantage et ce rançonnage doivent cesser !
LFI_2017,LFI_2017_973,PRE,2017,LFI,"Nous proposons de réaliser les mesures suivantes : Réaliser un audit citoyen de la dette publique pour déterminer la part illégitime et préparer un réaménagement négocié (échelonnement des remboursements, baisse des taux d’intérêt, annulation partielle…)."
LFI_2017,LFI_2017_974,PRE,2017,LFI,Faire racheter la dette publique par la Banque centrale.
LFI_2017,LFI_2017_975,PRE,2017,LFI,36 Faire la révolution fiscale.
LFI_2017,LFI_2017_976,PRE,2017,LFI,"De l’argent, il y en a."
LFI_2017,LFI_2017_977,PRE,2017,LFI,Mais il est capté par les uns au lieu d’être mis au service de l’intérêt général par l’impôt.
LFI_2017,LFI_2017_978,PRE,2017,LFI,"Le système fiscal est à bout de souffle : injuste, plein de « niches » et de trous, tel un gruyère."
LFI_2017,LFI_2017_979,PRE,2017,LFI,"Il doit être entièrement refondé sur des bases claires, lisibles, en appliquant le principe de la progressivité qui veut que plus on gagne d’argent, plus on contribue au bien public."
LFI_2017,LFI_2017_980,PRE,2017,LFI,"Nous proposons de réaliser les mesures suivantes : Refonder l’imposition sur les revenus en transformant la CSG et l’impôt sur le revenu actuel en un nouvel impôt citoyen sur les revenus, garantissant les recettes de la Sécurité sociale et de l’État."
LFI_2017,LFI_2017_981,PRE,2017,LFI,Imposer les revenus du capital comme ceux du travail par une assiette large et unifiée.
LFI_2017,LFI_2017_982,PRE,2017,LFI,Rendre l’impôt sur les revenus plus progressif avec un barème à 14 tranches contre 5 aujourd’hui : tout le monde doit payer et chacun selon ses moyens réels.
LFI_2017,LFI_2017_983,PRE,2017,LFI,"Instaurer un revenu maximum autorisé : 100 % d’impôt pour la tranche au-dessus de 20 fois le revenu médian, soit 400 000 euros de revenus annuels (33 000 euros par mois)."
LFI_2017,LFI_2017_984,PRE,2017,LFI,"Mettre fin au quotient conjugal, système patriarcal favorisant les inégalités salariales entre les femmes et les hommes."
LFI_2017,LFI_2017_985,PRE,2017,LFI,Remplacer l’injuste quotient familial fiscal actuel par un crédit d’impôt par enfant.
LFI_2017,LFI_2017_986,PRE,2017,LFI,"Évaluer chacune des niches fiscales et supprimer les niches injustes, inefficaces socialement ou nuisibles écologiquement."
LFI_2017,LFI_2017_987,PRE,2017,LFI,"Refonder l’impôt sur les sociétés pour établir l’égalité devant l’impôt entre PME et grands groupes, instaurer un barème progressif et favoriser l’investissement plutôt que la distribution de dividendes."
LFI_2017,LFI_2017_988,PRE,2017,LFI,Renforcer l’impôt de solidarité sur la fortune (ISF).
LFI_2017,LFI_2017_989,PRE,2017,LFI,"Augmenter les droits de succession sur les gros patrimoines et créer un héritage maximum pour les fortunes les plus importantes (égal au patrimoine des 0,01 % les plus riches, soit 33 millions d’euros en 2012) Réduire la TVA sur les produits de première nécessité, revenir sur les hausses récentes et réinstaurer une « TVA grand luxe » pour financer ces baisses."
LFI_2017,LFI_2017_990,PRE,2017,LFI,37 Terrasser l’évasion et la fraude fiscales.
LFI_2017,LFI_2017_991,PRE,2017,LFI,La révolution fiscale n’est possible que si on mène en parallèle une lutte sans merci contre les déserteurs fiscaux.
LFI_2017,LFI_2017_992,PRE,2017,LFI,La fraude et l’évasion fiscales représentent un manque à gagner de 80 milliards d’euros pour l’État !
LFI_2017,LFI_2017_993,PRE,2017,LFI,Il faut aller chercher l’argent là où il est !
LFI_2017,LFI_2017_994,PRE,2017,LFI,Nous proposons de réaliser les mesures suivantes : Mettre en place la taxation différentielle permettant de soumettre chaque citoyen français aux impôts français quel que soit son pays de résidence.
LFI_2017,LFI_2017_995,PRE,2017,LFI,Obliger les entreprises à déclarer leurs résultats pays par pays et taxer les bénéfices des entreprises là où ils sont réalisés.
LFI_2017,LFI_2017_996,PRE,2017,LFI,Interdire aux banques françaises toute activité dans les paradis fiscaux en retirant les licences bancaires des établissements récalcitrants.
LFI_2017,LFI_2017_997,PRE,2017,LFI,"Agir contre l’évasion fiscale au niveau international, notamment en organisant le blocus des paradis fiscaux."
LFI_2017,LFI_2017_998,PRE,2017,LFI,Renforcer les moyens humains et techniques de l’administration fiscale et des douanes dans la lutte contre la fraude et l’évasion fiscales.
LFI_2017,LFI_2017_999,PRE,2017,LFI,L’urgence écologique.
LFI_2017,LFI_2017_1000,PRE,2017,LFI,LA PLANIFICATION ÉCOLOGIQUE.
LFI_2017,LFI_2017_1001,PRE,2017,LFI,Le changement climatique a commencé et s’accélère.
LFI_2017,LFI_2017_1002,PRE,2017,LFI,Il menace de détruire le seul écosystème compatible avec la vie humaine.
LFI_2017,LFI_2017_1003,PRE,2017,LFI,Comment empêcher la catastrophe ?
LFI_2017,LFI_2017_1004,PRE,2017,LFI,La transition énergétique est vitale !
LFI_2017,LFI_2017_1005,PRE,2017,LFI,Il s’agit de répondre ici et maintenant à l’intérêt général humain face au dérèglement climatique.
LFI_2017,LFI_2017_1006,PRE,2017,LFI,Ce grand changement doit modifier tous les compartiments de la vie de notre société par une planification écologique.
LFI_2017,LFI_2017_1007,PRE,2017,LFI,"Nous savons bien que tout cela nécessite des investissements massifs, une abondante main-d’oeuvre qualifiée et bien payée."
LFI_2017,LFI_2017_1008,PRE,2017,LFI,Mais l’exigence écologique ne peut être réduite à des proclamations et des mesures qui épargnent le système.
LFI_2017,LFI_2017_1009,PRE,2017,LFI,La finance n’en veut pas : elle préfère les grands rendements de la spéculation.
LFI_2017,LFI_2017_1010,PRE,2017,LFI,La définanciarisation de l’économie est une condition incontournable de la transition écologique.
LFI_2017,LFI_2017_1011,PRE,2017,LFI,"38 La transition écologique, enjeu central."
LFI_2017,LFI_2017_1012,PRE,2017,LFI,"Pour les tenants du système, l’écologie est une question à part."
LFI_2017,LFI_2017_1013,PRE,2017,LFI,C’est tout l’inverse.
LFI_2017,LFI_2017_1014,PRE,2017,LFI,L’urgence écologique est une question fondamentale.
LFI_2017,LFI_2017_1015,PRE,2017,LFI,C’est autour et à partir de l’exigence écologique que doit se penser toute la politique de la Nation.
LFI_2017,LFI_2017_1016,PRE,2017,LFI,"Pour cela, la préoccupation écologique doit être inscrite au sommet de la hiérarchie des normes et de l’activité de l’État."
LFI_2017,LFI_2017_1017,PRE,2017,LFI,"Le temps de l’écosystème, c’est le temps long."
LFI_2017,LFI_2017_1018,PRE,2017,LFI,Le temps court de la finance et du productivisme saccage tout.
LFI_2017,LFI_2017_1019,PRE,2017,LFI,La reconquête du temps long est la principale exigence.
LFI_2017,LFI_2017_1020,PRE,2017,LFI,"C’est le but de la planification écologique : mettre en cohérence dans le temps et dans l’espace les mesures nécessaires pour faire bifurquer le modèle de production, de consommation et d’échanges."
LFI_2017,LFI_2017_1021,PRE,2017,LFI,Nous proposons de réaliser les mesures suivantes : Constitutionnaliser la règle verte : ne pas prélever sur la nature davantage que ce qu’elle peut reconstituer ni produire plus que ce qu’elle peut supporter.
LFI_2017,LFI_2017_1022,PRE,2017,LFI,"Adopter une loi-cadre instaurant une planification écologique, démocratique et articulant les niveaux national et local."
LFI_2017,LFI_2017_1023,PRE,2017,LFI,"Créer une fonction de délégués départementaux à l’écologie chargés d’alerter sur les dysfonctionnements, sur le modèle des délégués départementaux de l’Éducation nationale.  39 100 % d’énergies renouvelables en 2050."
LFI_2017,LFI_2017_1024,PRE,2017,LFI,Le changement climatique impose de sortir des énergies émettrices de gaz à effet de serre.
LFI_2017,LFI_2017_1025,PRE,2017,LFI,Le nucléaire n’est pas une solution d’avenir.
LFI_2017,LFI_2017_1026,PRE,2017,LFI,"Il ne règle aucune question : ni l’indépendance d’approvisionnement, ni la sûreté des installations, ni la gestion des déchets, ni les coûts financiers."
LFI_2017,LFI_2017_1027,PRE,2017,LFI,Il faut donc sortir des deux à la fois.
LFI_2017,LFI_2017_1028,PRE,2017,LFI,C’est un horizon technique et humain enthousiasmant.
LFI_2017,LFI_2017_1029,PRE,2017,LFI,"Plusieurs études (NegaWatt, Ademe…) ont montré que c’est possible d’ici 2050."
LFI_2017,LFI_2017_1030,PRE,2017,LFI,Ne manque que la volonté politique.
LFI_2017,LFI_2017_1031,PRE,2017,LFI,Nous l’avons.
LFI_2017,LFI_2017_1032,PRE,2017,LFI,Nous proposons de réaliser les mesures suivantes : Adopter un plan de transition énergétique avec un double axe sobriété/efficacité énergétique et transition vers les énergies renouvelables.
LFI_2017,LFI_2017_1033,PRE,2017,LFI,Développer l’ensemble des énergies renouvelables.
LFI_2017,LFI_2017_1034,PRE,2017,LFI,Sortir des énergies carbonées en commençant par l’arrêt des subventions aux énergies fossiles et de toute exploration de gaz et pétrole de schiste et de houille.
LFI_2017,LFI_2017_1035,PRE,2017,LFI,Stopper la privatisation des barrages hydroélectriques.
LFI_2017,LFI_2017_1036,PRE,2017,LFI,Sortir du nucléaire.
LFI_2017,LFI_2017_1037,PRE,2017,LFI,Fermer immédiatement Fessenheim en garantissant l’emploi des salariés et leur formation pour en faire un site pilote du démantèlement.
LFI_2017,LFI_2017_1038,PRE,2017,LFI,Abandonner l’opération du grand carénage visant à prolonger la vie des centrales nucléaires au-delà de quarante ans.
LFI_2017,LFI_2017_1039,PRE,2017,LFI,Abandonner les projets d’EPR (Flamanville et Hinkley Point) et d’enfouissement des déchets nucléaires à Bure.
LFI_2017,LFI_2017_1040,PRE,2017,LFI,Rendre publiques les données sur l’enfouissement des déchets nucléaires depuis soixante ans et informer sur les dangers sanitaires avérés et/ou éventuels.
LFI_2017,LFI_2017_1041,PRE,2017,LFI,"Créer un pôle public de l’énergie pour mener une politique cohérente, en renationalisant EDF et Engie (ex-GDF) en lien avec des coopératives locales de production et de consommation d’énergies renouvelables et en favorisant l’autoproduction et le partage des excédents."
LFI_2017,LFI_2017_1042,PRE,2017,LFI,Revenir sur la libéralisation du marché de l’électricité et abroger la loi NOME.
LFI_2017,LFI_2017_1043,PRE,2017,LFI,40 Plan de rénovation écologique de tout le bâti.
LFI_2017,LFI_2017_1044,PRE,2017,LFI,Le bâti est un des principaux émetteurs de gaz à effet de serre.
LFI_2017,LFI_2017_1045,PRE,2017,LFI,"Les logements passoires thermiques restent très nombreux, pénalisant financièrement ceux qui les occupent (propriétaires et locataires)."
LFI_2017,LFI_2017_1046,PRE,2017,LFI,"Les dispositifs existants ne sont pas assez efficaces : trop dispersés, trop dépendants de l’action individuelle des propriétaires."
LFI_2017,LFI_2017_1047,PRE,2017,LFI,Un véritable plan doit être mis en place pour changer d’ampleur et de résultats.
LFI_2017,LFI_2017_1048,PRE,2017,LFI,"Nous proposons de réaliser les mesures suivantes : Assurer l’isolation d’au moins 700 000 logements par an Renforcer les programmes locaux de détection des passoires énergétiques, avec davantage de moyens humains et financiers."
LFI_2017,LFI_2017_1049,PRE,2017,LFI,Mettre fin aux situations de précarité énergétique que vivent les ménages.
LFI_2017,LFI_2017_1050,PRE,2017,LFI,"Former, labelliser et coordonner les professionnels de la rénovation énergétique afin d’imposer une obligation de résultats."
LFI_2017,LFI_2017_1051,PRE,2017,LFI,"Mettre en place un « guichet unique » regroupant les demandes de financement, l’évaluation des besoins, la coordination des professionnels nécessaires pour organiser la rénovation par les propriétaires individuels."
LFI_2017,LFI_2017_1052,PRE,2017,LFI,41 Développer les transports publics écologiques et repenser la mobilité individuelle.
LFI_2017,LFI_2017_1053,PRE,2017,LFI,"Avec le bâti, les transports sont très émetteurs de gaz à effet de serre."
LFI_2017,LFI_2017_1054,PRE,2017,LFI,Et rien n’est fait pour améliorer cela.
LFI_2017,LFI_2017_1055,PRE,2017,LFI,"Les précédents gouvernements ont abandonné le transport ferroviaire au profit de la route (camions, bus « Macron »…)."
LFI_2017,LFI_2017_1056,PRE,2017,LFI,"La libéralisation générale (ferroviaire, portuaire…) empêche une politique volontariste en laissant libre cours au marché."
LFI_2017,LFI_2017_1057,PRE,2017,LFI,Nous proposons de réaliser les mesures suivantes : Développer le transport ferroviaire.
LFI_2017,LFI_2017_1058,PRE,2017,LFI,Adopter un plan de développement du ferroutage et de report modal pour réduire le transport routier de marchandises.
LFI_2017,LFI_2017_1059,PRE,2017,LFI,"Refuser la mise en concurrence du transport ferroviaire : bloquer l’ouverture à la concurrence des TER d’ici 2023 et des trains de nuit, remettre en cause la libéralisation du transport de marchandises et voyageurs grandes lignes."
LFI_2017,LFI_2017_1060,PRE,2017,LFI,Revenir sur la loi Macron et l’autorisation du cabotage par autocar : les liaisons par autocar doivent être autorisées seulement là où il n’y a pas de lignes TER et non en concurrence avec elles.
LFI_2017,LFI_2017_1061,PRE,2017,LFI,Développer le cabotage maritime entre les ports français et le transport fluvial.
LFI_2017,LFI_2017_1062,PRE,2017,LFI,Renationaliser les autoroutes.
LFI_2017,LFI_2017_1063,PRE,2017,LFI,Repenser la mobilité individuelle.
LFI_2017,LFI_2017_1064,PRE,2017,LFI,Engager la sortie du diesel en commençant par supprimer progressivement l’avantage fiscal pour les flottes d’entreprise.
LFI_2017,LFI_2017_1065,PRE,2017,LFI,"Développer les usages partagés de la voiture (auto-partage, covoiturage courte et longue distances) et les mobilités douces (vélo, etc.)."
LFI_2017,LFI_2017_1066,PRE,2017,LFI,Développer les véhicules électriques pour les flottes captives.
LFI_2017,LFI_2017_1067,PRE,2017,LFI,42 Pénaliser les transports sur longue distance pour relocaliser les productions.
LFI_2017,LFI_2017_1068,PRE,2017,LFI,C’est le règne du déménagement permanent des marchandises.
LFI_2017,LFI_2017_1069,PRE,2017,LFI,Les chaînes de production et les lieux de consommation sont de plus en plus éloignés.
LFI_2017,LFI_2017_1070,PRE,2017,LFI,"Pour relocaliser les productions au plus près des consommateurs, le protectionnisme solidaire doit s’accompagner d’une politique qui pénalise les transports de longue distance, notamment routiers."
LFI_2017,LFI_2017_1071,PRE,2017,LFI,Nous proposons de réaliser les mesures suivantes : Introduire une contribution carbone sur le transport de marchandises.
LFI_2017,LFI_2017_1072,PRE,2017,LFI,"Instaurer une taxe kilométrique aux frontières de la France pour intégrer le coût écologique dans les produits, qui dépendra de la distance parcourue par les produits importés."
LFI_2017,LFI_2017_1073,PRE,2017,LFI,"Privilégier systématiquement les circuits courts et les productions locales dans la commande publique (alimentation, fournitures, etc.) et les rendre obligatoires pour les cantines scolaires."
LFI_2017,LFI_2017_1074,PRE,2017,LFI,43 Consommer autrement.
LFI_2017,LFI_2017_1075,PRE,2017,LFI,Le système aujourd’hui est absurde : il prive d’eau les personnes qui ne peuvent payer et ne pénalise pas le mésusage.
LFI_2017,LFI_2017_1076,PRE,2017,LFI,"Changeons de logique, imposons la gratuité des quantités nécessaires à une vie digne et sanctionnons les gaspillages."
LFI_2017,LFI_2017_1077,PRE,2017,LFI,Nous proposons de réaliser les mesures suivantes : Instaurer une tarification progressive sur l’eau et l’énergie incluant la gratuité des quantités indispensables à une vie digne et pénalisant les mésusages et gaspillages.
LFI_2017,LFI_2017_1078,PRE,2017,LFI,Soutenir la création de coopératives de consommation en lien direct avec les producteurs.
LFI_2017,LFI_2017_1079,PRE,2017,LFI,Imposer l’objectif d’une alimentation 100 % biologique locale dans la restauration collective.
LFI_2017,LFI_2017_1080,PRE,2017,LFI,Réduire la part des protéines carnées dans l’alimentation au profit des protéines végétales.
LFI_2017,LFI_2017_1081,PRE,2017,LFI,44 Une France « 0 déchet ».
LFI_2017,LFI_2017_1082,PRE,2017,LFI,Le tiers des aliments produits est jeté alors que tant de personnes n’arrivent pas à se nourrir correctement.
LFI_2017,LFI_2017_1083,PRE,2017,LFI,"Un nouveau continent s’est formé, fait de déchets plastiques flottants !"
LFI_2017,LFI_2017_1084,PRE,2017,LFI,L’ère du jetable et des déchets doit cesser.
LFI_2017,LFI_2017_1085,PRE,2017,LFI,Plusieurs villes du monde sont engagées dans des démarches visant à éliminer les déchets.
LFI_2017,LFI_2017_1086,PRE,2017,LFI,La France peut montrer l’exemple.
LFI_2017,LFI_2017_1087,PRE,2017,LFI,Nous proposons de réaliser les mesures suivantes : Combattre l’obsolescence programmée des biens de consommation par un allongement des durées de garanties légales des produits.
LFI_2017,LFI_2017_1088,PRE,2017,LFI,"Lutter contre le suremballage, le gaspillage (notamment alimentaire) et refuser le tout-jetable."
LFI_2017,LFI_2017_1089,PRE,2017,LFI,"Rendre obligatoires le recyclage, le compostage ou l’incinération avec récupération de l’énergie produite pour tous les déchets, généraliser les consignes dans les commerces."
LFI_2017,LFI_2017_1090,PRE,2017,LFI,Soutenir toutes les initiatives s’appuyant sur la réutilisation des matériaux (ressourceries…) et développer les filières scolaires et universitaires professionnelles dans le secteur.
LFI_2017,LFI_2017_1091,PRE,2017,LFI,45 Sauver l’écosystème et la biodiversité.
LFI_2017,LFI_2017_1092,PRE,2017,LFI,L’activité humaine est en train de provoquer une sixième grande extinction d’espèces vivantes.
LFI_2017,LFI_2017_1093,PRE,2017,LFI,"La biodiversité recule sous les coups du changement climatique, des pollutions, du braconnage, etc."
LFI_2017,LFI_2017_1094,PRE,2017,LFI,La lutte pour la préservation de cette biodiversité passe évidemment par une action vigoureuse au niveau international pour lutter contre ces causes.
LFI_2017,LFI_2017_1095,PRE,2017,LFI,Mais elle passe aussi par des actes nationaux et locaux.
LFI_2017,LFI_2017_1096,PRE,2017,LFI,"En somme, chacun doit apprendre à protéger la nature et la biodiversité."
LFI_2017,LFI_2017_1097,PRE,2017,LFI,"Nous proposons de réaliser les mesures suivantes : Refuser la brevetabilité du vivant à tous les niveaux, lutter contre la biopiraterie."
LFI_2017,LFI_2017_1098,PRE,2017,LFI,"Refuser les OGM, bannir les pesticides nuisibles en commençant par une interdiction immédiate des plus dangereux (glyphosate, néonicotinoïdes, etc.)."
LFI_2017,LFI_2017_1099,PRE,2017,LFI,"Gérer durablement l’eau, bien commun essentiel à toute forme de vie ; lancer des programmes de dépollution des cours d’eau et océans, favoriser la création de régies publiques de l’eau au niveau local pour une gestion démocratique."
LFI_2017,LFI_2017_1100,PRE,2017,LFI,Sanctuariser le foncier agricole et naturel et lutter contre l’artificialisation des sols.
LFI_2017,LFI_2017_1101,PRE,2017,LFI,Généraliser les fermes pédagogiques pour la sensibilisation à l’enjeu écologique et l’éveil à la Nature.
LFI_2017,LFI_2017_1102,PRE,2017,LFI,Éradiquer la maltraitance envers les animaux.
LFI_2017,LFI_2017_1103,PRE,2017,LFI,46 Pour une agriculture écologique et paysanne.
LFI_2017,LFI_2017_1104,PRE,2017,LFI,"L’agro-business détruit tout : l’écosystème, la santé des consommateurs et celle des paysans."
LFI_2017,LFI_2017_1105,PRE,2017,LFI,"Les maux sont connus : pesticides chimiques, gigantisme agricole, ultra-spécialisation et soumission au libre marché."
LFI_2017,LFI_2017_1106,PRE,2017,LFI,"À terme, ce système met à mal notre capacité à nourrir l’humanité."
LFI_2017,LFI_2017_1107,PRE,2017,LFI,On peut faire autrement : produire mieux pour se nourrir mieux !
LFI_2017,LFI_2017_1108,PRE,2017,LFI,Nous proposons de réaliser les mesures suivantes : Engager la réforme agraire pour faciliter l’installation des jeunes agriculteurs en limitant la concentration des terres et la course à l’agrandissement et créer 300 000 emplois agricoles grâce à des prix rémunérateurs et une refonte de la PAC.
LFI_2017,LFI_2017_1109,PRE,2017,LFI,Stopper les projets de fermes usines.
LFI_2017,LFI_2017_1110,PRE,2017,LFI,"Développer l’agriculture biologique, proscrire les pesticides chimiques, instaurer une agriculture diversifiée et écologique (polyculture-élevage, etc.) et promouvoir les arbres fruitiers dans les espaces publics."
LFI_2017,LFI_2017_1111,PRE,2017,LFI,"Favoriser les circuits courts, la vente directe, la transformation sur place et plafonner les marges de la grande distribution par un coefficient multiplicateur limité pour garantir des prix rémunérateurs aux producteurs et interdire les ventes à perte pour les agriculteurs."
LFI_2017,LFI_2017_1112,PRE,2017,LFI,47 Organiser et aménager le territoire par la démocratie et les services publics.
LFI_2017,LFI_2017_1113,PRE,2017,LFI,Quelques métropoles reliées entre elles par le TGV et tant pis pour le reste du pays.
LFI_2017,LFI_2017_1114,PRE,2017,LFI,C’est la ligne appliquée en matière d’aménagement du territoire depuis des années.
LFI_2017,LFI_2017_1115,PRE,2017,LFI,"Bilan : des territoires ruraux et des petites villes abandonnés, des métropoles explosées entre ghettos de riches et quartiers pauvres."
LFI_2017,LFI_2017_1116,PRE,2017,LFI,Remettons de l’ordre et de la justice dans l’organisation du pays.
LFI_2017,LFI_2017_1117,PRE,2017,LFI,Nous proposons de réaliser les mesures suivantes : Arrêter les grands projets inutiles comme l’aéroport de Notre-Dame-des-Landes.
LFI_2017,LFI_2017_1118,PRE,2017,LFI,"Inverser la logique des métropoles et des méga-régions, de la compétition entre territoires."
LFI_2017,LFI_2017_1119,PRE,2017,LFI,Stopper l’étalement urbain en incitant au rapprochement entre bassins de vie et bassins d’emploi.
LFI_2017,LFI_2017_1120,PRE,2017,LFI,"Défendre et reconstruire le maillage de transports en commun et de services publics sur tout le territoire, dans les départements ruraux et les quartiers populaires."
LFI_2017,LFI_2017_1121,PRE,2017,LFI,48 Exploiter durablement la forêt française.
LFI_2017,LFI_2017_1122,PRE,2017,LFI,La France possède l’une des plus importantes forêts d’Europe.
LFI_2017,LFI_2017_1123,PRE,2017,LFI,Mais nous importons chaque année du bois pour construire des meubles ou des maisons !
LFI_2017,LFI_2017_1124,PRE,2017,LFI,"Pire, la forêt française est progressivement abandonnée à la finance."
LFI_2017,LFI_2017_1125,PRE,2017,LFI,"Ce joyau mérite une autre politique, écologiquement soutenable et utile pour construire une filière bois créatrice d’emplois locaux."
LFI_2017,LFI_2017_1126,PRE,2017,LFI,"Nous proposons de réaliser les mesures suivantes : S’opposer à la marchandisation de la forêt française, refuser la privatisation de la forêt publique et garantir les moyens de l’Office national des forêts."
LFI_2017,LFI_2017_1127,PRE,2017,LFI,"Développer la filière bois française pour permettre une exploitation forestière respectueuse du rythme des forêts et de la biodiversité, répondant aux besoins (chauffage, ameublement, construction, etc.) et créatrice d’emplois locaux."
LFI_2017,LFI_2017_1128,PRE,2017,LFI,Soutenir par la commande publique le développement des constructions en bois issu des forêts françaises.
LFI_2017,LFI_2017_1129,PRE,2017,LFI,L’Europe en question.
LFI_2017,LFI_2017_1130,PRE,2017,LFI,SORTIR DES TRAITÉS EUROPÉENS.
LFI_2017,LFI_2017_1131,PRE,2017,LFI,L’Europe de nos rêves est morte.
LFI_2017,LFI_2017_1132,PRE,2017,LFI,L’Union actuelle est seulement un marché unique et les peuples sont soumis à la dictature des banques et de la finance.
LFI_2017,LFI_2017_1133,PRE,2017,LFI,Comment stopper ce cauchemar ?
LFI_2017,LFI_2017_1134,PRE,2017,LFI,"Nous devons sortir des traités européens qui nous font obligation de mener des politiques d’austérité, d’abolir l’action de l’État et les investissements publics."
LFI_2017,LFI_2017_1135,PRE,2017,LFI,Tout cela au prétexte d’une dette dont tout le monde sait qu’elle ne peut être payée dans aucun pays.
LFI_2017,LFI_2017_1136,PRE,2017,LFI,Notre indépendance d’action et la souveraineté de nos décisions ne doivent donc plus être abandonnées aux obsessions idéologiques de la Commission européenne ni à la superbe du gouvernement de grande coalition de la droite et du PS en Allemagne.
LFI_2017,LFI_2017_1137,PRE,2017,LFI,49 Prendre les mesures immédiates et unilatérales de sauvegarde des intérêts de la Nation et d’application de notre projet.
LFI_2017,LFI_2017_1138,PRE,2017,LFI,« Il n’y a pas de choix démocratique contre les traités européens ».
LFI_2017,LFI_2017_1139,PRE,2017,LFI,"En tenant ces propos, le président de la Commission européenne Jean-Claude Juncker a lui-même fixé le cadre de la tyrannie qu’il exerce."
LFI_2017,LFI_2017_1140,PRE,2017,LFI,"Notre programme n’est pas compatible avec les règles des traités européens qui imposent l’austérité budgétaire, le libre-échange et la destruction des services publics."
LFI_2017,LFI_2017_1141,PRE,2017,LFI,"Pour appliquer notre programme, il nous faudra donc désobéir aux traités dès notre arrivée au pouvoir, par des mesures de sauvegarde de la souveraineté du peuple français."
LFI_2017,LFI_2017_1142,PRE,2017,LFI,"Nous proposons de réaliser les mesures suivantes : S’exonérer du pacte de stabilité et des règles européennes encadrant les déficits et dénoncer le Traité sur la stabilité, la coordination et la gouvernance (TSCG) ratifié à l’initiative de François Hollande en violation de ses engagements de campagne."
LFI_2017,LFI_2017_1143,PRE,2017,LFI,"Cesser d’appliquer unilatéralement la directive sur le détachement de travailleurs en France : la législation nationale doit s’appliquer totalement, y compris concernant les cotisations sociales patronales et salariales."
LFI_2017,LFI_2017_1144,PRE,2017,LFI,Refuser les régressions du droit européen sur les questions sociales et écologiques par rapport au droit national.
LFI_2017,LFI_2017_1145,PRE,2017,LFI,"Refuser les traités de libre-échange : le traité transatlantique TAFTA entre l’UE et les États-Unis, CETA avec le Canada et le traité TISA de libéralisation des services."
LFI_2017,LFI_2017_1146,PRE,2017,LFI,"Stopper la libéralisation et la privatisation de services publics (barrages hydroélectriques, transport ferroviaire intérieur grandes lignes et TER, etc.)."
LFI_2017,LFI_2017_1147,PRE,2017,LFI,Encadrer les mouvements de capitaux pour éviter l’évasion fiscale et les attaques spéculatives contre la France.
LFI_2017,LFI_2017_1148,PRE,2017,LFI,50 Organiser le processus de sortie du Royaume-Uni de l’Union européenne. sans esprit de vengeance ou de punition.
LFI_2017,LFI_2017_1149,PRE,2017,LFI,Le vote du peuple britannique le 23 juin 2016 pour la sortie du Royaume-Uni de l’Union européenne doit être respecté.
LFI_2017,LFI_2017_1150,PRE,2017,LFI,"Cela suppose des négociations sans esprit de vengeance ni punition, mais qui défendent l’intérêt national des Français et la coopération entre les peuples."
LFI_2017,LFI_2017_1151,PRE,2017,LFI,La frontière du Royaume-Uni n’est pas dans le Pas-de-Calais : nous dénoncerons les accords du Touquet.
LFI_2017,LFI_2017_1152,PRE,2017,LFI,"51 Plan A Proposer une refondation démocratique, sociale et écologique des traités européens par la négociation L’UE est en voie de dislocation."
LFI_2017,LFI_2017_1153,PRE,2017,LFI,Elle n’a pas voulu écouter les refus des peuples depuis le référendum français de 2005.
LFI_2017,LFI_2017_1154,PRE,2017,LFI,La sortie des traités européens actuels s’impose à nous.
LFI_2017,LFI_2017_1155,PRE,2017,LFI,"Ce sera nécessairement un rapport de force, notamment avec le gouvernement allemand."
LFI_2017,LFI_2017_1156,PRE,2017,LFI,Nous proposons donc une stratégie de gouvernement en deux temps avec un plan A et un plan B en cas d’échec du plan A.
LFI_2017,LFI_2017_1157,PRE,2017,LFI,"Le plan A, c’est la sortie concertée des traités européens par l’abandon des règles existantes pour tous les pays qui le souhaitent et la négociation d’autres règles."
LFI_2017,LFI_2017_1158,PRE,2017,LFI,"Le plan B, c’est la sortie des traités européens unilatérale par la France pour proposer d’autres coopérations."
LFI_2017,LFI_2017_1159,PRE,2017,LFI,"L’UE, on la change ou on la quitte."
LFI_2017,LFI_2017_1160,PRE,2017,LFI,Le mandat de négociation de ces plans sera soumis au préalable à l’Assemblée nationale.
LFI_2017,LFI_2017_1161,PRE,2017,LFI,La validation de ce processus passera nécessairement par une décision du peuple français par référendum.
LFI_2017,LFI_2017_1162,PRE,2017,LFI,"Dans cette refondation européenne, nous voulons notamment : Mettre fin à l’indépendance de la Banque centrale européenne, modifier ses missions et statuts, autoriser le rachat de la dette publique directement aux États, interdire à la BCE de couper les liquidités à un État membre."
LFI_2017,LFI_2017_1163,PRE,2017,LFI,"Sans attendre, la Banque de France sera mise au service de ces objectifs Dévaluer l’euro pour revenir à la parité initiale avec le dollar."
LFI_2017,LFI_2017_1164,PRE,2017,LFI,"Mettre au pas la finance, prohiber les instruments financiers toxiques, taxer les transactions financières, contrôler les mouvements de capitaux pour empêcher les attaques spéculatives."
LFI_2017,LFI_2017_1165,PRE,2017,LFI,"Organiser une conférence européenne sur les dettes souveraines débouchant sur des moratoires, une baisse des taux d’intérêt, des rééchelonnements et annulations partielles."
LFI_2017,LFI_2017_1166,PRE,2017,LFI,"Arrêter la libéralisation des services publics (rail, énergie, télécoms…)."
LFI_2017,LFI_2017_1167,PRE,2017,LFI,"Mettre en place un protectionnisme solidaire : arrêt de la libre circulation des capitaux et des marchandises entre l’UE et les pays tiers, arrêt des politiques de libreéchange qui ruinent les économies en développement et détruisent l’industrie européenne, autorisation des aides d’État aux secteurs stratégiques."
LFI_2017,LFI_2017_1168,PRE,2017,LFI,Mettre fin au dumping à l’intérieur de l’UE par une politique volontariste et rapide d’harmonisation sociale et fiscale par le haut dans toute l’UE avec inscription d’une clause de non-régression des droits sociaux.
LFI_2017,LFI_2017_1169,PRE,2017,LFI,"Refonder la politique agricole commune pour garantir l’autosuffisance alimentaire, la relocalisation et l’agriculture écologique et paysanne."
LFI_2017,LFI_2017_1170,PRE,2017,LFI,Abandonner le marché carbone et mettre en oeuvre une véritable politique de réduction des émissions de gaz à effet de serre avec des critères de convergence impératifs.
LFI_2017,LFI_2017_1171,PRE,2017,LFI,"En cas d’accord, le résultat des négociations sera soumis à référendum du peuple français qui décidera souverainement de sa participation à l’Union européenne refondée ou de la sortie."
LFI_2017,LFI_2017_1172,PRE,2017,LFI,52 Appliquer un « plan B » en cas d’échec des négociations.
LFI_2017,LFI_2017_1173,PRE,2017,LFI,Nous proposons de réaliser les mesures suivantes : Stopper la contribution de la France au budget de l’Union européenne (22 milliards d’euros par an dont 7 milliards d’euros de contribution « nette »).
LFI_2017,LFI_2017_1174,PRE,2017,LFI,Réquisitionner la Banque de France pour transformer l’euro en monnaie commune et non plus unique.
LFI_2017,LFI_2017_1175,PRE,2017,LFI,"Mettre en place un contrôle des capitaux et des marchandises aux frontières nationales pour éviter l’évasion fiscale des plus riches et des grands groupes, et se protéger des attaques spéculatives et du dumping social, fiscal et écologique."
LFI_2017,LFI_2017_1176,PRE,2017,LFI,"Construire de nouvelles coopérations avec les États qui le souhaitent en matière culturelle, éducative, scientifique, etc."
LFI_2017,LFI_2017_1177,PRE,2017,LFI,53 Défendre et développer les coopérations avec les autres peuples d’Europe.
LFI_2017,LFI_2017_1178,PRE,2017,LFI,Les traités européens imposent la concurrence au lieu de la coopération entre les peuples.
LFI_2017,LFI_2017_1179,PRE,2017,LFI,"Nous voulons plus de coopération dans les domaines culturel, scientifique, industriel, écologique et social."
LFI_2017,LFI_2017_1180,PRE,2017,LFI,Les espaces existants et à créer pour cela sont nombreux.
LFI_2017,LFI_2017_1181,PRE,2017,LFI,Nous proposons de réaliser les mesures suivantes : Proposer une alliance des pays d’Europe du Sud pour sortir de l’austérité et engager des politiques concertées de relance écologique et sociale de l’activité.
LFI_2017,LFI_2017_1182,PRE,2017,LFI,"Renforcer la participation française aux programmes de coopérations plus larges que l’UE (Erasmus…) ou n’ayant rien à voir avec l’UE (CERN, Arianespace, Airbus)."
LFI_2017,LFI_2017_1183,PRE,2017,LFI,"Proposer de nouvelles coopérations fondées sur la libre participation des Nations en matière sociale ou écologique (programme de dépollution, transition énergétique…)."
LFI_2017,LFI_2017_1184,PRE,2017,LFI,La paix en question.
LFI_2017,LFI_2017_1185,PRE,2017,LFI,POUR L’INDÉPENDANCE DE LA FRANCE.
LFI_2017,LFI_2017_1186,PRE,2017,LFI,L’armée française est engagée dans un nombre sans précédent de conflits armés.
LFI_2017,LFI_2017_1187,PRE,2017,LFI,Comment sortir de la logique de guerre ?
LFI_2017,LFI_2017_1188,PRE,2017,LFI,Comment restaurer l’indépendance de la France pour préparer la paix ?
LFI_2017,LFI_2017_1189,PRE,2017,LFI,Nous ne devons plus être à la remorque des folies impériales des États-Unis et de leur outil de tutelle militaire : l’Otan.
LFI_2017,LFI_2017_1190,PRE,2017,LFI,Nous sommes une Nation universaliste.
LFI_2017,LFI_2017_1191,PRE,2017,LFI,Notre vocation est à l’Onu et dans la coopération privilégiée avec les pays émergents.
LFI_2017,LFI_2017_1192,PRE,2017,LFI,"Notre ancrage est en Méditerranée et avec les peuples francophones du continent africain, là où va se façonner l’avenir."
LFI_2017,LFI_2017_1193,PRE,2017,LFI,Au lieu de quoi nous sommes en guerre avec des buts imprécis et des alliances malsaines !
LFI_2017,LFI_2017_1194,PRE,2017,LFI,Mais qui s’occupe de préparer la paix plutôt que la guerre généralisée ?
LFI_2017,LFI_2017_1195,PRE,2017,LFI,Nous !
LFI_2017,LFI_2017_1196,PRE,2017,LFI,54 Instaurer l’indépendance de la France dans le monde.
LFI_2017,LFI_2017_1197,PRE,2017,LFI,Les quinquennats Sarkozy et Hollande ont enfermé la France dans l’Otan et l’ont privée d’une voix indépendante et originale.
LFI_2017,LFI_2017_1198,PRE,2017,LFI,"Pour promouvoir la paix et la coopération, retrouver l’indépendance est une nécessité absolue."
LFI_2017,LFI_2017_1199,PRE,2017,LFI,Nous proposons de réaliser les mesures suivantes : Refuser la logique du « choc des civilisations » Sortir de l’Otan et refuser la participation de la France à toute alliance militaire permanente à l’exception des opérations de maintien de la paix sous l’égide de l’Onu.
LFI_2017,LFI_2017_1200,PRE,2017,LFI,Stopper l’érosion du réseau diplomatique français et sa mise sous tutelle par l’UE.
LFI_2017,LFI_2017_1201,PRE,2017,LFI,Sortir du FMI et de la Banque mondiale pour oeuvrer à la création d’un Fonds d’urgence sociale et d’une Banque solidaire d’investissement.
LFI_2017,LFI_2017_1202,PRE,2017,LFI,"Offrir l’asile aux « combattants de la liberté », c’est-àdire toute personne persécutée en raison de son action. en faveur de la liberté dans l’esprit du préambule de la Constitution de 1946."
LFI_2017,LFI_2017_1203,PRE,2017,LFI,Edward Snowden et Julian Assange seront récompensés et accueillis en France.
LFI_2017,LFI_2017_1204,PRE,2017,LFI,Engager la formation d’une nouvelle alliance altermondialiste.
LFI_2017,LFI_2017_1205,PRE,2017,LFI,"55 Reconstruire une défense indépendante, nationale et populaire."
LFI_2017,LFI_2017_1206,PRE,2017,LFI,"L’Otan, construite par et pour les États-Unis pendant la guerre froide, n’a plus lieu d’être."
LFI_2017,LFI_2017_1207,PRE,2017,LFI,Son ennemi soviétique a disparu.
LFI_2017,LFI_2017_1208,PRE,2017,LFI,Cette organisation ne sert plus qu’à embrigader les pays européens derrière les États-Unis.
LFI_2017,LFI_2017_1209,PRE,2017,LFI,Mais nous n’avons pas les mêmes principes ni les mêmes objectifs.
LFI_2017,LFI_2017_1210,PRE,2017,LFI,La France peut et doit se défendre elle-même pour pouvoir agir librement.
LFI_2017,LFI_2017_1211,PRE,2017,LFI,"Pour cela, la défense doit retrouver un lien avec la Nation tout entière, rompu depuis la fin de la conscription."
LFI_2017,LFI_2017_1212,PRE,2017,LFI,Nous proposons de réaliser les mesures suivantes : Rédiger un nouveau Livre blanc et adopter une nouvelle loi de programmation militaire ayant pour objectif la restauration pleine et entière de l’indépendance militaire Stopper les programmes de privatisation des industries d’armement et des missions de défense nationale et engager leur reconquête publique.
LFI_2017,LFI_2017_1213,PRE,2017,LFI,Établir la règle de l’acquisition de matériel militaire français par l’armée (armement et fournitures).
LFI_2017,LFI_2017_1214,PRE,2017,LFI,Ouvrir la possibilité d’effectuer son service citoyen obligatoire sous la forme d’un service militaire.
LFI_2017,LFI_2017_1215,PRE,2017,LFI,56 Renforcer et réinvestir l’Onu pour faire vivre un monde ordonné.
LFI_2017,LFI_2017_1216,PRE,2017,LFI,La France n’a pas à être le gendarme du monde.
LFI_2017,LFI_2017_1217,PRE,2017,LFI,Le seul organe légitime pour assurer la sécurité collective est l’Organisation des Nations unies.
LFI_2017,LFI_2017_1218,PRE,2017,LFI,La France doit proposer le retour en force de cette institution face aux déséquilibres et menaces pour la stabilité et la paix.
LFI_2017,LFI_2017_1219,PRE,2017,LFI,Nous proposons de réaliser les mesures suivantes : Réaffirmer que l’Onu est le seul organe légitime pour la sécurité collective aux yeux de la France.
LFI_2017,LFI_2017_1220,PRE,2017,LFI,Refuser toute intervention militaire sans mandat de l’Onu.
LFI_2017,LFI_2017_1221,PRE,2017,LFI,Faire vivre le comité d’état-major de l’Onu pour commander les opérations de maintien de la paix et enclencher un processus de démocratisation de l’organisation.
LFI_2017,LFI_2017_1222,PRE,2017,LFI,Créer une Organisation mondiale de l’environnement dans le cadre de l’Onu.
LFI_2017,LFI_2017_1223,PRE,2017,LFI,"Réformer la FAO (Organisation de l’Onu pour l’agriculture et l’alimentation) pour favoriser la souveraineté alimentaire, la régulation des marchés mondiaux et la conversion écologique de l’agriculture."
LFI_2017,LFI_2017_1224,PRE,2017,LFI,"57 Refuser le libre-échange, instaurer un protectionnisme solidaire et la coopération économique."
LFI_2017,LFI_2017_1225,PRE,2017,LFI,La mondialisation est d’abord la globalisation de l’argent et le déménagement du monde pour le seul profit des multinationales.
LFI_2017,LFI_2017_1226,PRE,2017,LFI,"Dans les pays développés, c’est la désindustrialisation et le chômage."
LFI_2017,LFI_2017_1227,PRE,2017,LFI,"Dans les pays en développement, c’est la mainmise des grandes firmes et des accords commerciaux inégaux qui pousse aux migrations."
LFI_2017,LFI_2017_1228,PRE,2017,LFI,Le protectionnisme solidaire est nécessaire pour le codéveloppement et l’avènement du progrès humain partout.
LFI_2017,LFI_2017_1229,PRE,2017,LFI,Nous proposons de réaliser les mesures suivantes : Intégrer le respect des règles fondamentales de l’Organisation internationale du travail dans les accords commerciaux.
LFI_2017,LFI_2017_1230,PRE,2017,LFI,"Sortir de l’Organisation mondiale du commerce et renforcer la Cnuced (Conférence des Nations unies pour le commerce et le développement) comme organe légitime pour organiser le commerce mondial en fonction de l’intérêt général des peuples, à la place des G20, G7, FMI et OMC."
LFI_2017,LFI_2017_1231,PRE,2017,LFI,Soutenir l’adoption à l’Onu d’un cadre réglementaire contraignant les multinationales à respecter un socle de normes sociales et environnementales.
LFI_2017,LFI_2017_1232,PRE,2017,LFI,58 Étendre les protections du droit international à de nouveaux domaines.
LFI_2017,LFI_2017_1233,PRE,2017,LFI,"Face au désordre libéral et au changement climatique, la nécessité d’un monde « ordonné » s’impose."
LFI_2017,LFI_2017_1234,PRE,2017,LFI,"Mais cet ordre international doit être légitime, c’est-à-dire s’inscrire autant que possible dans l’Onu."
LFI_2017,LFI_2017_1235,PRE,2017,LFI,L’impératif climatique et écologique doit être reconnu et protégé par le droit international..
LFI_2017,LFI_2017_1236,PRE,2017,LFI,Nous proposons de réaliser les mesures suivantes : Protéger la haute mer de toute appropriation et du productivisme.
LFI_2017,LFI_2017_1237,PRE,2017,LFI,"Construire un statut international pour l’Arctique sur le modèle de l’Antarctique, protégeant de l’appropriation et du productivisme."
LFI_2017,LFI_2017_1238,PRE,2017,LFI,Faire appliquer le principe de non-privatisation de l’espace prévu dans le traité de l’espace (1967).
LFI_2017,LFI_2017_1239,PRE,2017,LFI,Créer un crime international d’écocide (atteinte grave à l’environnement) jugé par un tribunal international de justice écologique ou dans le cadre de la Cour pénale internationale.
LFI_2017,LFI_2017_1240,PRE,2017,LFI,"Créer un tribunal international de justice économique pour juger notamment les crimes financiers transnationaux (évasion fiscale internationale, spéculation, corruption)."
LFI_2017,LFI_2017_1241,PRE,2017,LFI,59 Lutter contre les causes des migrations.
LFI_2017,LFI_2017_1242,PRE,2017,LFI,Émigrer est toujours une souffrance pour celui qui part.
LFI_2017,LFI_2017_1243,PRE,2017,LFI,Les migrations sont un sujet trop sérieux pour les réduire à des surenchères et à des pulsions incontrôlées.
LFI_2017,LFI_2017_1244,PRE,2017,LFI,La première tâche est de permettre à chacun de vivre chez soi.
LFI_2017,LFI_2017_1245,PRE,2017,LFI,"Pour cela, il faut arrêter les guerres, les accords commerciaux qui détruisent les économies locales, et affronter le changement climatique qui sera, sinon, pourvoyeur de centaines de millions de réfugiés climatiques."
LFI_2017,LFI_2017_1246,PRE,2017,LFI,"Nous proposons de réaliser les mesures suivantes : Gérer enfin les migrations à l’échelle internationale  Créer une Organisation mondiale des migrations liée à l’Onu pour renforcer l’action internationale aujourd’hui réduite au Haut Commissariat aux réfugiés de l’Onu et à l’Organisation internationale pour les migrations  Organiser une conférence internationale annuelle sur les migrations, sous l’égide de l’Onu, combinant les réponses d’urgence, le soutien aux pays d’accueil, la préparation du retour des réfugiés et l’anticipation des millions de réfugiés climatiques des décennies à venir."
LFI_2017,LFI_2017_1247,PRE,2017,LFI,Éviter aux migrants de devoir fuir leur pays.
LFI_2017,LFI_2017_1248,PRE,2017,LFI,Arrêter les guerres par une diplomatie active et indépendante au service de la paix.
LFI_2017,LFI_2017_1249,PRE,2017,LFI,"Mettre fin aux accords commerciaux inégaux qui déstabilisent des pays entiers, détruisent les agricultures locales et empêchent le codéveloppement."
LFI_2017,LFI_2017_1250,PRE,2017,LFI,Agir contre le dérèglement climatique par des transferts de technologies et l’aide financière et matérielle à la transition dans les pays les plus vulnérables.
LFI_2017,LFI_2017_1251,PRE,2017,LFI,"En Europe, sortir de l’impasse de Schengen et de Frontex."
LFI_2017,LFI_2017_1252,PRE,2017,LFI,Renforcer les moyens civils de sauvetage en mer Méditerranée pour éviter les milliers de noyés.
LFI_2017,LFI_2017_1253,PRE,2017,LFI,Refonder la politique européenne de contrôle des frontières extérieures et refuser la militarisation de la politique de contrôle des flux migratoires.
LFI_2017,LFI_2017_1254,PRE,2017,LFI,Refuser l’accord « Visa + adhésion contre migrants » avec la Turquie.
LFI_2017,LFI_2017_1255,PRE,2017,LFI,Construire un programme pour l’aide au retour des réfugiés qui le souhaitent lorsque la situation de leur pays de départ le permet.
LFI_2017,LFI_2017_1256,PRE,2017,LFI,Assumer notre devoir d’humanité envers les réfugiés arrivant en Europe.
LFI_2017,LFI_2017_1257,PRE,2017,LFI,"Respecter la dignité humaine des migrants, leur droit fondamental à une vie de famille et accompagner les mineurs isolés."
LFI_2017,LFI_2017_1258,PRE,2017,LFI,"En finir avec le placement en centre de rétention d’enfants, même accompagnés de leurs parents."
LFI_2017,LFI_2017_1259,PRE,2017,LFI,"Construire des camps d’accueil aux normes internationales sur le modèle de celui de Grande-Synthe, pour proposer aux migrants des conditions dignes et des centres d’accueil des demandeurs d’asile pour les héberger le temps de l’analyse de leur demande."
LFI_2017,LFI_2017_1260,PRE,2017,LFI,"Réaffirmer et faire vivre le droit d’asile sur le territoire de la République, accueillir les réfugiés qui en relèvent, grâce à une administration adaptée à cette mission."
LFI_2017,LFI_2017_1261,PRE,2017,LFI,60 Construire la paix en Syrie.
LFI_2017,LFI_2017_1262,PRE,2017,LFI,La Syrie est ravagée par cinq ans de guerre.
LFI_2017,LFI_2017_1263,PRE,2017,LFI,La guerre civile a laissé place à une guerre de mercenaires où les puissances régionales et internationales s’affrontent par groupes interposés.
LFI_2017,LFI_2017_1264,PRE,2017,LFI,Cela suffit.
LFI_2017,LFI_2017_1265,PRE,2017,LFI,"La France doit changer de stratégie et oeuvrer enfin pour l’éradication de Daech, le retour à la paix, la transition politique et la reconstruction de la Syrie."
LFI_2017,LFI_2017_1266,PRE,2017,LFI,"Nous proposons de réaliser les mesures suivantes : Réviser les alliances hypocrites avec les pétromonarchies du Golfe (Qatar, Arabie saoudite…) et le régime turc actuel, tarir les financements des terroristes."
LFI_2017,LFI_2017_1267,PRE,2017,LFI,"Mettre en place une coalition universelle sous mandat de l’Onu pour éradiquer Daech et rétablir la paix et la stabilité en Syrie et en Irak, associant les combattants kurdes."
LFI_2017,LFI_2017_1268,PRE,2017,LFI,"Construire une solution politique en Syrie pour une paix durable, sous l’égide de l’Onu et reposant sur."
LFI_2017,LFI_2017_1269,PRE,2017,LFI,Un cessez-le-feu durable excluant les groupes islamistes.
LFI_2017,LFI_2017_1270,PRE,2017,LFI,Le soutien au processus de Genève en y intégrant les Kurdes de Syrie.
LFI_2017,LFI_2017_1271,PRE,2017,LFI,"L’organisation d’élections libres et pluralistes, sans ingérence étrangère, sous surveillance de l’Onu pour que le peuple syrien décide souverainement et démocratiquement de ses dirigeants."
LFI_2017,LFI_2017_1272,PRE,2017,LFI,La garantie de l’intégrité de l’État syrien et de ses frontières.
LFI_2017,LFI_2017_1273,PRE,2017,LFI,Organiser à Paris une conférence internationale pour la reconstruction de la Syrie et le retour des réfugiés.
LFI_2017,LFI_2017_1274,PRE,2017,LFI,61 Agir pour une paix juste et durable entre Israël et la Palestine.
LFI_2017,LFI_2017_1275,PRE,2017,LFI,Les conditions d’une paix juste et durable au Proche- Orient sont connues.
LFI_2017,LFI_2017_1276,PRE,2017,LFI,Elles sont inscrites dans les résolutions de l’Onu depuis 1967.
LFI_2017,LFI_2017_1277,PRE,2017,LFI,Il manque la volonté politique de les faire appliquer.
LFI_2017,LFI_2017_1278,PRE,2017,LFI,La France doit reconnaître l’État palestinien et prendre une initiative pour la paix entre cet État et Israël.
LFI_2017,LFI_2017_1279,PRE,2017,LFI,Nous proposons de réaliser les mesures suivantes : Reconnaître l’État palestinien.
LFI_2017,LFI_2017_1280,PRE,2017,LFI,"Appuyer la solution à deux États coexistant pacifiquement par l’application pleine et entière des résolutions de l’Onu (reconnaissance du droit souverain du peuple palestinien à disposer d’un État viable et indépendant, dans les frontières de 1967, avec Jérusalem Est pour capitale et dans le respect du principe du droit au retour des réfugiés)."
LFI_2017,LFI_2017_1281,PRE,2017,LFI,62 Construire des coopérations altermondialistes et internationalistes.
LFI_2017,LFI_2017_1282,PRE,2017,LFI,Un autre monde est possible.
LFI_2017,LFI_2017_1283,PRE,2017,LFI,"Plus juste, plus ordonné, plus écologique et non soumis à la finance."
LFI_2017,LFI_2017_1284,PRE,2017,LFI,"Pour cela, de nouvelles coopérations doivent être engagées et d’autres renforcées."
LFI_2017,LFI_2017_1285,PRE,2017,LFI,La France doit proposer une nouvelle alliance altermondialiste pour changer le cours du monde.
LFI_2017,LFI_2017_1286,PRE,2017,LFI,Nous proposons de réaliser les mesures suivantes : En finir avec la Françafrique : respecter l’indépendance des États africains et la souveraineté des peuples en s’interdisant de se mêler des élections et en réprimant les corrupteurs.
LFI_2017,LFI_2017_1287,PRE,2017,LFI,"Tenir enfin l’objectif de consacrer 0,7 % du revenu national brut au budget de l’aide publique au développement Relancer la politique de codéveloppement et de coopération (scientifique, universitaire, sanitaire…) avec les pays en développement, notamment en matière de lutte contre le changement climatique."
LFI_2017,LFI_2017_1288,PRE,2017,LFI,"Adhérer à la banque de développement des BRICS (Brésil, Russie, Inde, Chine, Afrique du Sud) et bâtir une nouvelle alliance altermondialiste avec les BRICS, ouverte à tous et fondée sur l’indépendance de chacun, la coopération et le renforcement de l’ordre international légitime de l’Onu."
LFI_2017,LFI_2017_1289,PRE,2017,LFI,Soutenir le projet chinois d’une monnaie commune mondiale pour libérer l’économie mondiale de la domination du dollar.
LFI_2017,LFI_2017_1290,PRE,2017,LFI,Appuyer la mise en oeuvre d’un mécanisme de restructuration des dettes souveraines dans le cadre de l’Onu sur la base de la résolution votée en 2015 sur proposition de l’Argentine.
LFI_2017,LFI_2017_1291,PRE,2017,LFI,"Multiplier les coopérations avec les pays émergents pour repousser les frontières de la connaissance et de l’humanité (coopération spatiale, maritime…)."
LFI_2017,LFI_2017_1292,PRE,2017,LFI,Instaurer une politique de codéveloppement avec l’Amérique latine et les Caraïbes en adhérant à l’ALBA (Alliance bolivarienne pour les peuples de notre Amérique).
LFI_2017,LFI_2017_1293,PRE,2017,LFI,63 Unir le petit bassin méditerranéen autour d’objectifs communs de progrès.
LFI_2017,LFI_2017_1294,PRE,2017,LFI,Ne nous résignons pas à voir la mer Méditerranée devenir seulement un cloaque ou un cimetière pour migrants.
LFI_2017,LFI_2017_1295,PRE,2017,LFI,Il y a tant d’intelligence et tant à faire autour d’elle.
LFI_2017,LFI_2017_1296,PRE,2017,LFI,"Reprenons le fil de l’histoire de l’humanité, faisons place à l’intelligence, à la culture, aux coopérations techniques, scientifiques, écologiques."
LFI_2017,LFI_2017_1297,PRE,2017,LFI,"France, Italie, Espagne, Portugal, Grèce, Algérie, Maroc, Tunisie et Libye peuvent agir ensemble."
LFI_2017,LFI_2017_1298,PRE,2017,LFI,"La France doit assumer la responsabilité particulière créée par son histoire, sa géographie, sa langue, la richesse et la diversité de son peuple."
LFI_2017,LFI_2017_1299,PRE,2017,LFI,"Nous proposons de réaliser les mesures suivantes : Créer une chaîne de télévision méditerranéenne émettant en plusieurs langues et diffusée sur les deux rives de la Méditerranée et sur internet, sur le modèle de la chaîne franco-allemande Arte."
LFI_2017,LFI_2017_1300,PRE,2017,LFI,Créer un réseau d’universités méditerranéennes couvrant tous les niveaux de formations d’enseignement supérieur.
LFI_2017,LFI_2017_1301,PRE,2017,LFI,Organiser un réseau méditerranéen de l’enseignement professionnel.
LFI_2017,LFI_2017_1302,PRE,2017,LFI,"Créer un organisme méditerranéen de sécurité civile pour lutter contre les incendies, pour le secours en mer ou en cas de catastrophes naturelles."
LFI_2017,LFI_2017_1303,PRE,2017,LFI,Mettre en place une structure commune de lutte contre les pollutions et de gestion de l’écosystème de la mer Méditerranée.
LFI_2017,LFI_2017_1304,PRE,2017,LFI,64 Passer à la francophonie politique.
LFI_2017,LFI_2017_1305,PRE,2017,LFI,La langue française est la troisième langue la plus parlée au monde.
LFI_2017,LFI_2017_1306,PRE,2017,LFI,"Mais si peu est fait pour la mettre en valeur, la diffuser, multiplier ses usages et les liens entre ceux qui l’ont en usage commun."
LFI_2017,LFI_2017_1307,PRE,2017,LFI,C’est un trésor à faire vivre pour un monde meilleur et davantage de mises en commun.
LFI_2017,LFI_2017_1308,PRE,2017,LFI,"Nous proposons de réaliser les mesures suivantes : Réorganiser les institutions de la francophonie en agissant pour son recentrage sur la défense, le rayonnement de la langue et son usage commun."
LFI_2017,LFI_2017_1309,PRE,2017,LFI,Créer une académie et un Erasmus de la francophonie.
LFI_2017,LFI_2017_1310,PRE,2017,LFI,Renforcer le réseau des Instituts/Alliances français dans les pays non francophones et planifier les échanges d’étudiants et de lycéens.
LFI_2017,LFI_2017_1311,PRE,2017,LFI,Renforcer la présence des auteurs francophones ultramarins et étrangers dans les programmes scolaires.
LFI_2017,LFI_2017_1312,PRE,2017,LFI,Élaborer des contenus éducatifs et des diplômes communs entre pays francophones.
LFI_2017,LFI_2017_1313,PRE,2017,LFI,Développer au moins une revue scientifique internationale digne de ce nom en français.
LFI_2017,LFI_2017_1314,PRE,2017,LFI,Défendre l’usage du français dans les institutions internationales à commencer par l’Union européenne.
LFI_2017,LFI_2017_1315,PRE,2017,LFI,"Renforcer les médias audiovisuels francophones (RFI, France 24 et TV5 Monde) et les mettre en partage avec la communauté francophone."
LFI_2017,LFI_2017_1316,PRE,2017,LFI,Face à la grande régression.
LFI_2017,LFI_2017_1317,PRE,2017,LFI,LE PROGRÈS HUMAIN D’ABORD.
LFI_2017,LFI_2017_1318,PRE,2017,LFI,Seuls le cours de bourse et le taux de profit intéressent l’oligarchie.
LFI_2017,LFI_2017_1319,PRE,2017,LFI,Et les êtres humains ?
LFI_2017,LFI_2017_1320,PRE,2017,LFI,Mieux vaudrait atteindre de nouveaux progrès humains dans notre société et proposer d’autres modèles de vie.
LFI_2017,LFI_2017_1321,PRE,2017,LFI,Ne faudrait-il pas enfin s’alarmer pour notre système de santé quand l’espérance de vie recule ?
LFI_2017,LFI_2017_1322,PRE,2017,LFI,"Ne devrait-on pas se soucier de notre aptitude aux pratiques et aux créations culturelles émancipatrices plutôt que de laisser l’uniformisation, l’agression publicitaire et le consumérisme tout appauvrir ?"
LFI_2017,LFI_2017_1323,PRE,2017,LFI,Ne faut-il pas donner la priorité à l’éducation de notre nombreuse jeunesse et à cultiver de l’appétit pour les sciences quand on entre dans un monde de si haut niveau technique ?
LFI_2017,LFI_2017_1324,PRE,2017,LFI,Et sait-on épanouir notre corps dans la pratique du sport quand celui-ci est à son tour annexé par l’obsession de l’argent ?
LFI_2017,LFI_2017_1325,PRE,2017,LFI,"Je crois qu’un projet de vie humaine est mieux réussi par les bonheurs simples qui viennent de ce genre de préoccupations, plutôt que par la grotesque course à l’accumulation."
LFI_2017,LFI_2017_1326,PRE,2017,LFI,La vraie richesse n’est pas celle de l’argent.
LFI_2017,LFI_2017_1327,PRE,2017,LFI,Être milliardaire est immoral.
LFI_2017,LFI_2017_1328,PRE,2017,LFI,Vouloir le devenir est une névrose du coeur.
LFI_2017,LFI_2017_1329,PRE,2017,LFI,Jean-Luc Mélenchon.
LFI_2017,LFI_2017_1330,PRE,2017,LFI,65 Définir de nouveaux indicateurs de progrès humain.
LFI_2017,LFI_2017_1331,PRE,2017,LFI,"L’activité humaine ne doit plus être réduite aux seuls chiffres de la croissance, des cours de la Bourse ou des chiffres du déficit public."
LFI_2017,LFI_2017_1332,PRE,2017,LFI,"L’action de l’État et les politiques menées doivent viser d’autres objectifs et être évaluées au regard d’autres critères que ceux actuellement à l’oeuvre : des objectifs et des critères de bien-vivre et de progrès humain (santé, éducation, etc.)."
LFI_2017,LFI_2017_1333,PRE,2017,LFI,Le droit au bonheur est encore une idée neuve !
LFI_2017,LFI_2017_1334,PRE,2017,LFI,66 Viser l’allongement de l’espérance de vie et l’espérance de vie en bonne santé.
LFI_2017,LFI_2017_1335,PRE,2017,LFI,L’espérance de vie a reculé en 2015 en France pour la première fois depuis 1969.
LFI_2017,LFI_2017_1336,PRE,2017,LFI,"C’est le cas dans plusieurs pays développés, en particulier pour les travailleurs et les pauvres."
LFI_2017,LFI_2017_1337,PRE,2017,LFI,L’espérance de vie en bonne santé recule aussi.
LFI_2017,LFI_2017_1338,PRE,2017,LFI,"Tels sont les effets de la malbouffe, des pollutions, de la précarité grandissante et du recul des services publics de santé, sous les coups de boutoir libéraux."
LFI_2017,LFI_2017_1339,PRE,2017,LFI,Ne nous résignons pas à ce recul de civilisation.
LFI_2017,LFI_2017_1340,PRE,2017,LFI,Cette grande régression peut être stoppée.
LFI_2017,LFI_2017_1341,PRE,2017,LFI,67 Faire passer la santé d’abord et pour tous.
LFI_2017,LFI_2017_1342,PRE,2017,LFI,Le système de santé français a longtemps été le meilleur au monde.
LFI_2017,LFI_2017_1343,PRE,2017,LFI,"Mais aujourd’hui, l’austérité et la marchandisation ont entamé sa dislocation."
LFI_2017,LFI_2017_1344,PRE,2017,LFI,"Combien de déserts médicaux où il est impossible de trouver un généraliste, un ophtalmo, un gynécologue, dans les zones rurales mais aussi dans les grandes villes ?"
LFI_2017,LFI_2017_1345,PRE,2017,LFI,"Combien d’heures d’attente aux urgences, malgré le dévouement des personnels ?"
LFI_2017,LFI_2017_1346,PRE,2017,LFI,Combien de maladies chroniques liées à notre mode de vie ?
LFI_2017,LFI_2017_1347,PRE,2017,LFI,Combien de cas où le travail blesse ou tue en silence ?
LFI_2017,LFI_2017_1348,PRE,2017,LFI,Et comment ne pas voir les reculs de la Sécurité sociale et la hausse des inégalités entre riches et pauvres ?
LFI_2017,LFI_2017_1349,PRE,2017,LFI,La santé publique doit redevenir une exigence de premier ordre.
LFI_2017,LFI_2017_1350,PRE,2017,LFI,"Nous proposons de réaliser les mesures suivantes : Rembourser à 100 % les soins de santé prescrits, dont les soins et appareils dentaires, optiques et auditifs, faire baisser les tarifs des lunettes et appareils auditifs."
LFI_2017,LFI_2017_1351,PRE,2017,LFI,"Instaurer une politique de santé publique et de prévention  Élaborer un plan de santé environnementale (lutte contre la pollution, interdiction des pesticides…)."
LFI_2017,LFI_2017_1352,PRE,2017,LFI,"Engager un plan de santé au travail, implanter un réseau sans faille de médecine du travail."
LFI_2017,LFI_2017_1353,PRE,2017,LFI,"Éradiquer les maladies chroniques liées à l’alimentation : lutte drastique contre l’obésité, contre la malbouffe et les abus de sel, sucre et graisses par l’industrie agro-alimentaire…  Abolir le logement insalubre et lutter contre le mallogement et leurs conséquences sanitaires."
LFI_2017,LFI_2017_1354,PRE,2017,LFI,"Faire de la prévention et de l’éducation à la santé dès le plus jeune âge, en renforçant la médecine scolaire et la Protection maternelle et infantile."
LFI_2017,LFI_2017_1355,PRE,2017,LFI,Imposer un plan de lutte et de prévention contre les maladies sexuellement transmissibles et promouvoir des politiques de santé sexuelle et reproductive émancipatrices des personnes.
LFI_2017,LFI_2017_1356,PRE,2017,LFI,"Combler les déserts médicaux et créer un corps de médecins généralistes fonctionnaires rémunérés pendant leurs études, afin de pallier l’insuffisance de médecins dans certaines zones."
LFI_2017,LFI_2017_1357,PRE,2017,LFI,"Abolir les dépassements d’honoraires, renforcer le paiement au forfait, créer des centres de santé pratiquant le tiers payant."
LFI_2017,LFI_2017_1358,PRE,2017,LFI,"Reconstruire le service public hospitalier, revenir sur la tarification à l’acte et les suppressions de lits et de personnels, et engager un plan pluriannuel de recrutement de médecins, infirmiers, aides-soignants et personnels administratifs."
LFI_2017,LFI_2017_1359,PRE,2017,LFI,"Créer un pôle public du médicament pour faciliter l’égal accès aux traitements, protéger la recherche de la finance et supprimer l’influence des entreprises privées dans les activités médicales et hospitalières, notamment par l’arrêt de l’accès libre des visiteurs médicaux à l’hôpital public."
LFI_2017,LFI_2017_1360,PRE,2017,LFI,"Mener un plan national de lutte contre la résistance microbienne en faisant le bilan de l’élevage productiviste, comme le recommande l’Organisation mondiale de la santé."
LFI_2017,LFI_2017_1361,PRE,2017,LFI,68 Pas d’obstacle aux personnes en situation de handicap.
LFI_2017,LFI_2017_1362,PRE,2017,LFI,"Non, le handicap n’est pas une affaire privée."
LFI_2017,LFI_2017_1363,PRE,2017,LFI,C’est d’abord une affaire publique.
LFI_2017,LFI_2017_1364,PRE,2017,LFI,"Celle de la dignité des personnes en situation de handicap, de leur liberté, de l’égalité entre les êtres humains."
LFI_2017,LFI_2017_1365,PRE,2017,LFI,Le plan de lutte contre les obstacles au travail et dans les espaces publics a été trop de fois repoussé.
LFI_2017,LFI_2017_1366,PRE,2017,LFI,La prise en compte du handicap est trop souvent reléguée au second plan ou noyée parmi d’autres thèmes comme la dépendance ou la maladie.
LFI_2017,LFI_2017_1367,PRE,2017,LFI,Une personne en situation de handicap n’est pas plus que quiconque réductible à son handicap.
LFI_2017,LFI_2017_1368,PRE,2017,LFI,"Nous proposons de réaliser les mesures suivantes : Atteindre enfin l’objectif « zéro obstacle » : tolérance zéro contre les entraves, les préfets pourront se substituer aux maires pour imposer les travaux et fermer les bâtiments privés ne respectant pas la loi, et imposer un plan de mise en accessibilité des transports (trains intercités notamment)."
LFI_2017,LFI_2017_1369,PRE,2017,LFI,Titulariser les personnels d’accompagnement des élèves en situation de handicap et recruter pour renforcer les capacités d’accueil et d’accompagnement.
LFI_2017,LFI_2017_1370,PRE,2017,LFI,Augmenter l’Allocation aux adultes handicapés (808 euros de base aujourd’hui) au niveau du smic pour les personnes en situation de handicap dans l’incapacité totale de travailler.
LFI_2017,LFI_2017_1371,PRE,2017,LFI,Assurer la pérennité des moyens pour le financement de l’insertion professionnelle des personnes en situation de handicap et garantir leur usage exclusif pour ces missions.
LFI_2017,LFI_2017_1372,PRE,2017,LFI,69 Changer de logique en matière d’addiction et de drogues.
LFI_2017,LFI_2017_1373,PRE,2017,LFI,"La politique française en matière de drogues se résume trop souvent à la répression, et la « guerre contre la drogue » est un échec à la fois sanitaire et de sécurité."
LFI_2017,LFI_2017_1374,PRE,2017,LFI,"Il y a si peu de réflexion sur les consommations de psychotropes, si peu d’efforts faits pour aider les personnes à sortir de ces consommations."
LFI_2017,LFI_2017_1375,PRE,2017,LFI,L’heure est venue de changer de stratégie pour lutter plus efficacement et plus humainement contre les addictions.
LFI_2017,LFI_2017_1376,PRE,2017,LFI,"Nous proposons de réaliser les mesures suivantes : Établir un diagnostic global des consommations, intégrant les anxiolytiques prescrits médicalement et viser une politique de réduction des risques, plutôt que de répression des consommateurs, s’attaquant à la variété des causes des addictions."
LFI_2017,LFI_2017_1377,PRE,2017,LFI,"Légaliser et encadrer la consommation, la production et la vente de cannabis dans des conditions permettant de lutter contre l’addiction par le contrôle de la qualité des produits et des quantités écoulées : production et vente encadrées par l’État (entreprises publiques ou système de licences délivrées par l’administration), taxation, interdiction de la vente d’alcool et de cannabis dans un même lieu, interdiction effective de la vente aux mineurs."
LFI_2017,LFI_2017_1378,PRE,2017,LFI,Affecter les recettes des taxes sur le cannabis à des programmes de lutte contre les addictions et à une politique de prévention et d’aide à la désintoxication.
LFI_2017,LFI_2017_1379,PRE,2017,LFI,70 En finir avec la souffrance sociale et la souffrance au travail.
LFI_2017,LFI_2017_1380,PRE,2017,LFI,Le chômage tue de 10 000 à 14 000 personnes par an.
LFI_2017,LFI_2017_1381,PRE,2017,LFI,"Le travail tue 1 000 personnes par an du fait d’accidents, de maladies professionnelles, de suicides."
LFI_2017,LFI_2017_1382,PRE,2017,LFI,La souffrance physique et psychologique est un mal très largement répandu et très souvent passé sous silence.
LFI_2017,LFI_2017_1383,PRE,2017,LFI,Ça suffit !
LFI_2017,LFI_2017_1384,PRE,2017,LFI,"Nous proposons de réaliser les mesures suivantes : Déclarer la souffrance au travail « grande cause nationale » pour mobiliser les moyens financiers et de communication contre ce fléau et subventionner les réseaux professionnels et de santé agissant sur ce thème, ainsi que les artistes mettant en lumière la souffrance au travail."
LFI_2017,LFI_2017_1385,PRE,2017,LFI,Renforcer la médecine du travail.
LFI_2017,LFI_2017_1386,PRE,2017,LFI,Intégrer la médecine du travail au service public de santé et garantir ses moyens.
LFI_2017,LFI_2017_1387,PRE,2017,LFI,Restaurer la visite médicale obligatoire à l’embauche auprès d’un médecin et périodiquement en cours de contrat de travail.
LFI_2017,LFI_2017_1388,PRE,2017,LFI,Ouvrir l’accès de la médecine du travail aux chômeurs et instaurer une visite obligatoire pour les chômeurs au-delà de six mois.
LFI_2017,LFI_2017_1389,PRE,2017,LFI,"Reconnaître le burn-out comme maladie professionnelle, lutter contre l’idéologie managériale et ses effets psychologiques et sanitaires et imposer l’enseignement des sciences sociales et des risques psychosociaux dans les cursus de gestion/commerce/ressources humaines."
LFI_2017,LFI_2017_1390,PRE,2017,LFI,Faire du nombre d’accidents du travail un critère de sélection dans l’accès aux marchés publics.
LFI_2017,LFI_2017_1391,PRE,2017,LFI,71 Faire face collectivement au vieillissement de la population et à la perte d’autonomie.
LFI_2017,LFI_2017_1392,PRE,2017,LFI,"Nous proposons de réaliser les mesures suivantes : Réduire le « reste à charge » de 500 euros par mois pour les personnes en établissement et augmenter de 50 % le montant de l’APA (Allocation personnalisée d’autonomie, aujourd’hui de 700 euros) pour les personnes restant à domicile, pour faire face en urgence aux frais engagés par les personnes concernées."
LFI_2017,LFI_2017_1393,PRE,2017,LFI,"Construire une prise en charge solidaire de la dépendance, financée par une mise à contribution des revenus immobiliers et des successions sur les gros patrimoines."
LFI_2017,LFI_2017_1394,PRE,2017,LFI,"Développer un réseau public de maisons de retraite avec des tarifs harmonisés et accessibles, créer 10 000 places par an en EHPAD (Établissement d’hébergement pour personnes âgées dépendantes) publics pendant cinq ans."
LFI_2017,LFI_2017_1395,PRE,2017,LFI,"Former, qualifier et recruter en nombre suffisant le personnel nécessaire, soit au moins 100 000 personnes."
LFI_2017,LFI_2017_1396,PRE,2017,LFI,Refondre les grilles de rémunération et de qualifications pour valoriser les métiers de prise en charge de la perte d’autonomie.
LFI_2017,LFI_2017_1397,PRE,2017,LFI,72 Donner la priorité aux enfants.
LFI_2017,LFI_2017_1398,PRE,2017,LFI,Une société se juge d’abord à la place qu’elle accorde à ses enfants et aux efforts qu’elle consent pour eux..
LFI_2017,LFI_2017_1399,PRE,2017,LFI,"Accueil, protection, scolarisation, la France manque de moyens publics pour les enfants, laissant se propager les inégalités."
LFI_2017,LFI_2017_1400,PRE,2017,LFI,Investissons pour leur avenir.
LFI_2017,LFI_2017_1401,PRE,2017,LFI,Nous proposons de réaliser les mesures suivantes : Verser une allocation familiale dès le premier enfant.
LFI_2017,LFI_2017_1402,PRE,2017,LFI,Créer un service public de la petite enfance et ouvrir 500 000 places en crèche et modes de garde adaptés dans les cinq ans.
LFI_2017,LFI_2017_1403,PRE,2017,LFI,Renforcer les moyens de l’aide sociale à l’enfance et de la protection judiciaire de la jeunesse.
LFI_2017,LFI_2017_1404,PRE,2017,LFI,73 Instruire mieux et davantage.
LFI_2017,LFI_2017_1405,PRE,2017,LFI,"Une école fermée par jour depuis dix ans. 22 000 journées de classe perdues en 2015-2016, faute de professeurs remplaçants en nombre suffisant."
LFI_2017,LFI_2017_1406,PRE,2017,LFI,Des activités périscolaires payantes pour 40 % des familles.
LFI_2017,LFI_2017_1407,PRE,2017,LFI,Quelle régression !
LFI_2017,LFI_2017_1408,PRE,2017,LFI,"Le but des libéraux est de créer un marché de l’éducation en sabordant l’éducation publique, laïque et gratuite."
LFI_2017,LFI_2017_1409,PRE,2017,LFI,L’éducation n’est pas une marchandise.
LFI_2017,LFI_2017_1410,PRE,2017,LFI,Elle est la principale richesse du peuple et du pays.
LFI_2017,LFI_2017_1411,PRE,2017,LFI,Il est temps de réparer les dégâts !
LFI_2017,LFI_2017_1412,PRE,2017,LFI,Nous proposons de réaliser les mesures suivantes : Adopter une loi d’orientation pour l’école.
LFI_2017,LFI_2017_1413,PRE,2017,LFI,Abroger la réforme du collège du gouvernement Valls.
LFI_2017,LFI_2017_1414,PRE,2017,LFI,Garantir le cadre national des programmes et des diplômes.
LFI_2017,LFI_2017_1415,PRE,2017,LFI,"Étendre la scolarité obligatoire de 3 à 18 ans, en adaptant les pédagogies et les parcours scolaires."
LFI_2017,LFI_2017_1416,PRE,2017,LFI,Assurer l’égalité devant l’école.
LFI_2017,LFI_2017_1417,PRE,2017,LFI,Instaurer une nouvelle carte scolaire établissant la mixité sociale.
LFI_2017,LFI_2017_1418,PRE,2017,LFI,"Mettre en oeuvre un plan de lutte contre les inégalités à l’école maternelle et primaire, notamment avec un droit à la scolarisation dès 2 ans, la baisse du nombre d’élèves par classe en primaire, la présence de davantage d’instituteurs que de classes dans les écoles, le développement des Réseaux d’aide aux élèves en difficulté Assurer la gratuité réelle de l’éducation publique, y compris les cantines, le transport et les activités périscolaires, fournir gratuitement aux élèves les manuels scolaires, ainsi que des fournitures sans marque, pour assurer une réelle égalité des conditions entre élèves et lutter contre l’intrusion marchande à l’école Recruter au moins 60 000 enseignants supplémentaires sur le quinquennat et mettre en place un dispositif de prérecrutement pour favoriser l’accès au métier d’enseignant par les jeunes issus de milieux populaires."
LFI_2017,LFI_2017_1419,PRE,2017,LFI,"Revaloriser le salaire des enseignants, en particulier ceux du primaire."
LFI_2017,LFI_2017_1420,PRE,2017,LFI,Réserver l’argent public au financement de l’école publique (abrogation de la loi Carle notamment).
LFI_2017,LFI_2017_1421,PRE,2017,LFI,74 Qualifier tout le monde L’apprentissage.
LFI_2017,LFI_2017_1422,PRE,2017,LFI,Les libéraux n’ont que ce mot à la bouche.
LFI_2017,LFI_2017_1423,PRE,2017,LFI,"Ils oublient l’essentiel : dans le monde d’aujourd’hui, l’élévation continue du niveau de qualification des travailleurs est essentielle."
LFI_2017,LFI_2017_1424,PRE,2017,LFI,"Et l’apprentissage n’offre une réponse que très partielle à cette exigence, sans oublier que ce statut rime souvent avec précarité pour les jeunes."
LFI_2017,LFI_2017_1425,PRE,2017,LFI,Les filières d’enseignement professionnel publiques sont détruites.
LFI_2017,LFI_2017_1426,PRE,2017,LFI,Elles sont pourtant une voie d’excellence dans laquelle la moitié de la jeunesse du pays étudie.
LFI_2017,LFI_2017_1427,PRE,2017,LFI,Là réside une grande partie de la solution pour l’avenir des jeunes et du pays.
LFI_2017,LFI_2017_1428,PRE,2017,LFI,"Nous proposons de réaliser les mesures suivantes : Appuyer l’enseignement professionnel public, arrêter les fermetures de classes et de lycées professionnels et augmenter le nombre d’établissements."
LFI_2017,LFI_2017_1429,PRE,2017,LFI,Rétablir le bac professionnel en quatre ans.
LFI_2017,LFI_2017_1430,PRE,2017,LFI,"Développer les cursus courts dans l’enseignement supérieur et encourager la poursuite d’études après un bac professionnel ou technologique (BTS, DUT, licences professionnelles…)."
LFI_2017,LFI_2017_1431,PRE,2017,LFI,"Refonder l’organisation de la formation professionnelle des adultes et la formation continue, et l’inclure dans le service public de l’enseignement professionnel."
LFI_2017,LFI_2017_1432,PRE,2017,LFI,Elle doit d’abord profiter aux travailleurs pas ou peu qualifiés et aux chômeurs.
LFI_2017,LFI_2017_1433,PRE,2017,LFI,75 Refonder l’enseignement supérieur.
LFI_2017,LFI_2017_1434,PRE,2017,LFI,"Précarité des étudiants, doctorants et jeunes diplômés, concurrence entre établissements, financements insuffisants et aléatoires, abandon de formations de proximité partout sur le territoire… C’est dans l’enseignement supérieur que les conséquences de la marchandisation sont les plus avancées."
LFI_2017,LFI_2017_1435,PRE,2017,LFI,Tout est à reconstruire.
LFI_2017,LFI_2017_1436,PRE,2017,LFI,"Nous proposons de réaliser les mesures suivantes : Réorganiser les grands instituts publics de recherche (CNRS, Inserm, Inra, etc.), garants des recherches d’intérêt général, et supprimer l’Agence nationale pour la recherche (ANR)."
LFI_2017,LFI_2017_1437,PRE,2017,LFI,Redonner à l’enseignement supérieur et à la recherche les moyens nécessaires au développement du savoir et de la qualification professionnelle.
LFI_2017,LFI_2017_1438,PRE,2017,LFI,"Créer, dans chaque université, une université populaire, ouverte à tous et chargée d’organiser le lien entre les chercheurs et la population, dans un esprit de diffusion des savoirs et de réflexion citoyenne sur leur usage."
LFI_2017,LFI_2017_1439,PRE,2017,LFI,"Refonder le financement de l’enseignement supérieur et de la recherche pour favoriser les financements pérennes, plutôt que des appels à projets erratiques, augmenter le budget des universités et assurer une rémunération unifiée."
LFI_2017,LFI_2017_1440,PRE,2017,LFI,"Abroger les lois LRU et Fioraso pour :  Reconstruire une offre cohérente de formations d’enseignement supérieur sur tout le territoire, y compris dans les villes moyennes, et pilotées nationalement."
LFI_2017,LFI_2017_1441,PRE,2017,LFI,"Les communautés d’universités et d’établissement (comUE), regroupements forcés, seront dissoutes."
LFI_2017,LFI_2017_1442,PRE,2017,LFI,"Arrêter le féodalisme des présidents d’universités pour une direction démocratique et collégiale des universités, pour des procédures transparentes d’attributions des postes d’enseignants-chercheurs, pour mettre un terme à la concurrence entre universités, dont la concurrence malsaine pour les financements, ainsi qu’à l’évaluation permanente, chronophage et bureaucratique, au profit d’une évaluation scientifique."
LFI_2017,LFI_2017_1443,PRE,2017,LFI,Mettre fin à la précarité des doctorants et jeunes chercheurs par la titularisation des personnels effectuant des missions pérennes.
LFI_2017,LFI_2017_1444,PRE,2017,LFI,Permettre aux universités publiques d’accéder gratuitement aux articles de leurs chercheurs sans enrichir les revues et bases de données privées.
LFI_2017,LFI_2017_1445,PRE,2017,LFI,"Créer une nouvelle section « économie et société » du Conseil national des universités, pour assurer le pluralisme dans l’enseignement et la recherche économique et sociale."
LFI_2017,LFI_2017_1446,PRE,2017,LFI,Remettre en cause la dualité entre grandes écoles et universités en les intégrant et en égalisant les moyens octroyés.
LFI_2017,LFI_2017_1447,PRE,2017,LFI,76 Éradiquer l’illettrisme et développer l’alphabétisation.
LFI_2017,LFI_2017_1448,PRE,2017,LFI,Plus de deux millions de personnes sont illettrées en France.
LFI_2017,LFI_2017_1449,PRE,2017,LFI,Personne n’en parle.
LFI_2017,LFI_2017_1450,PRE,2017,LFI,"Pourtant, pour elles, travailler, se déplacer et accomplir tant d’autres actes de la vie quotidienne est une souffrance."
LFI_2017,LFI_2017_1451,PRE,2017,LFI,C’est indigne d’un grand pays comme le nôtre.
LFI_2017,LFI_2017_1452,PRE,2017,LFI,Nous proposons de réaliser les mesures suivantes : Éradiquer l’illettrisme pour les jeunes sortis du système scolaire et les adultes à horizon 2022.
LFI_2017,LFI_2017_1453,PRE,2017,LFI,Développer les structures d’alphabétisation et les cours de langue française pour les personnes non francophones.
LFI_2017,LFI_2017_1454,PRE,2017,LFI,"77 Démocratiser la culture et ses pratiques, soutenir ceux qui la font vivre."
LFI_2017,LFI_2017_1455,PRE,2017,LFI,"Festivals annulés, baisse du budget de la culture pour la première fois depuis des décennies… Le bilan de François Hollande est affligeant."
LFI_2017,LFI_2017_1456,PRE,2017,LFI,Retrouvons l’ambition culturelle.
LFI_2017,LFI_2017_1457,PRE,2017,LFI,"Ne réservons pas la culture à quelques lieux ou à quelques publics, faisons-la revenir et entrer partout."
LFI_2017,LFI_2017_1458,PRE,2017,LFI,Nous proposons de réaliser les mesures suivantes : Défendre l’exception et la diversité culturelles dans toutes les négociations internationales.
LFI_2017,LFI_2017_1459,PRE,2017,LFI,"Porter le budget consacré à l’art, à la culture et à la création à 1 % du PIB chaque année pour."
LFI_2017,LFI_2017_1460,PRE,2017,LFI,Pérenniser le régime des intermittents du spectacle sur la base de l’accord du 28 avril 2016 et l’étendre aux professions artistiques précaires.
LFI_2017,LFI_2017_1461,PRE,2017,LFI,"Soutenir la création, le spectacle vivant, et l’appropriation par tous des oeuvres et pratiques culturelles, et ce par le renouveau de l’éducation artistique à l’école et dans les conservatoires, de l’éducation populaire et de la culture en entreprise Supprimer la Hadopi, qui n’a pas fonctionné, et mettre en place un nouveau cadre du partage numérique de la culture par."
LFI_2017,LFI_2017_1462,PRE,2017,LFI,"L’instauration d’une cotisation universelle sur les abonnements internet, finançant la création et ouvrant droit en contrepartie au téléchargement non marchand."
LFI_2017,LFI_2017_1463,PRE,2017,LFI,"La création d’un service public nouveau de l’internet et d’une médiathèque publique en ligne, avec une plateforme publique d’offre légale en ligne de musique, films et contenus culturels."
LFI_2017,LFI_2017_1464,PRE,2017,LFI,78 Libérer le sport et les corps de l’argent.
LFI_2017,LFI_2017_1465,PRE,2017,LFI,La politique sportive est aujourd’hui réduite à la course à l’accueil des grandes compétitions internationales. sParis s’est engagée pour accueillir les Jeux olympiques de 2024.
LFI_2017,LFI_2017_1466,PRE,2017,LFI,Mais pour faire quoi ?
LFI_2017,LFI_2017_1467,PRE,2017,LFI,Dépenser à perte des milliards d’euros dans des infrastructures et offrir quinze jours de publicité aux multinationales sponsors ?
LFI_2017,LFI_2017_1468,PRE,2017,LFI,"Pendant ce temps, tant de clubs et d’associations sportives populaires luttent pour leur survie."
LFI_2017,LFI_2017_1469,PRE,2017,LFI,"Faisons le choix d’un sport libéré de l’argent, d’un sport pour tous, en réaffirmant la fonction émancipatrice de la pratique sportive."
LFI_2017,LFI_2017_1470,PRE,2017,LFI,Nous proposons de réaliser les mesures suivantes : Réaffirmer le rôle des professeurs d’EPS dans la transmission d’une éducation physique obligatoire pour toutes et tous.
LFI_2017,LFI_2017_1471,PRE,2017,LFI,"Interdire la cotation en Bourse des clubs sportifs, s’opposer au naming et à l’appropriation commerciale des équipements et compétitions."
LFI_2017,LFI_2017_1472,PRE,2017,LFI,"Interdire à tout sportif qui n’est pas fiscalement domicilié en France de participer à l’équipe nationale dans le cadre des dispositions d’imposition des Français à l’étranger, refuser toute forme de défiscalisation et de réduction de cotisations sociales sur les revenus des sportifs professionnels."
LFI_2017,LFI_2017_1473,PRE,2017,LFI,"Garantir l’égalité entre le sport féminin et masculin, y compris en matière de diffusion à la télévision."
LFI_2017,LFI_2017_1474,PRE,2017,LFI,"Renforcer les liens de solidarité entre le sport pour tous et le sport de haut niveau, entre les secteurs amateur et professionnel, augmenter la taxation sur les retransmissions sportives à la télévision (taxe Buffet), pour financer le sport amateur, démocratiser la gestion des fédérations sportives et assurer la souveraineté des licenciés sur leur fédération."
LFI_2017,LFI_2017_1475,PRE,2017,LFI,79 Lutter contre l’agression publicitaire et la marchandisation.
LFI_2017,LFI_2017_1476,PRE,2017,LFI,La pub est partout.
LFI_2017,LFI_2017_1477,PRE,2017,LFI,"Chaque personne est exposée à des centaines, voire des milliers de messages publicitaires chaque jour !"
LFI_2017,LFI_2017_1478,PRE,2017,LFI,"C’est un dressage social au service du productivisme : entretenir et créer sans cesse des frustrations pour vendre toujours plus, quitte à fabriquer des besoins lorsqu’ils n’existent pas."
LFI_2017,LFI_2017_1479,PRE,2017,LFI,"Dégâts civiques, sociaux et écologiques garantis."
LFI_2017,LFI_2017_1480,PRE,2017,LFI,L’être humain n’est pas uniquement du « temps de cerveau disponible » pour annonceurs !
LFI_2017,LFI_2017_1481,PRE,2017,LFI,"Nous proposons de réaliser les mesures suivantes : Interdire la publicité commerciale dans les institutions publiques (écoles, hôpitaux…)."
LFI_2017,LFI_2017_1482,PRE,2017,LFI,"Revenir sur les partenariats privés dans l’Éducation nationale (Microsoft, Teach for France…)."
LFI_2017,LFI_2017_1483,PRE,2017,LFI,Interdire la publicité dans les programmes de télévision destinés aux enfants et la mise en scène d’enfants dans les publicités.
LFI_2017,LFI_2017_1484,PRE,2017,LFI,"Faire reculer l’affichage publicitaire, en commençant par les abords des villes et des bourgs aujourd’hui défigurés, interdire les écrans publicitaires numériques dans les lieux publics, ouvrir des espaces d’affichage pour l’expression citoyenne et culturelle."
LFI_2017,LFI_2017_1485,PRE,2017,LFI,Face au déclinisme.
LFI_2017,LFI_2017_1486,PRE,2017,LFI,LA FRANCE AUX FRONTIÈRES DE L’HUMANITÉ.
LFI_2017,LFI_2017_1487,PRE,2017,LFI,"La mer, l’espace, le monde du numérique et du virtuel sont les nouvelles frontières de l’humanité."
LFI_2017,LFI_2017_1488,PRE,2017,LFI,Les Français excellent dans ces domaines d’avenir.
LFI_2017,LFI_2017_1489,PRE,2017,LFI,Mais l’ambition politique est absente !
LFI_2017,LFI_2017_1490,PRE,2017,LFI,Comment porter la France aux avant-postes de l’humanité pour contribuer à l’essor universel ?
LFI_2017,LFI_2017_1491,PRE,2017,LFI,Je connais aussi la force d’entraînement des grands enthousiasmes collectifs.
LFI_2017,LFI_2017_1492,PRE,2017,LFI,"La France est le deuxième territoire maritime du monde, et la deuxième Nation pour la cotisation individuelle à la conquête de l’espace !"
LFI_2017,LFI_2017_1493,PRE,2017,LFI,Sans parler du génie français particulièrement fécond dans l’univers du numérique et du virtuel.
LFI_2017,LFI_2017_1494,PRE,2017,LFI,Voilà qui fait de nous un peuple avec une responsabilité particulière et enthousiasmante !
LFI_2017,LFI_2017_1495,PRE,2017,LFI,"Ici se trouvent d’immenses gisements d’emplois, d’inventions et de progrès écologiques pour la France et la civilisation humaine."
LFI_2017,LFI_2017_1496,PRE,2017,LFI,Jean-Luc Mélenchon 80 Ouvrir une nouvelle ère de coopérations internationales.
LFI_2017,LFI_2017_1497,PRE,2017,LFI,La mer et l’espace sont des biens communs de l’humanité.
LFI_2017,LFI_2017_1498,PRE,2017,LFI,"Ce sont aussi des frontières, tant les connaissances dans ces domaines restent limitées."
LFI_2017,LFI_2017_1499,PRE,2017,LFI,La France apporte une contribution majeure sur ces deux enjeux du xxie siècle.
LFI_2017,LFI_2017_1500,PRE,2017,LFI,"Allons plus loin, proposons de nouveaux partenariats pour le bien de tous."
LFI_2017,LFI_2017_1501,PRE,2017,LFI,Nous proposons de réaliser les mesures suivantes : Proposer de nouvelles coopérations spatiales ouvertes à tous.
LFI_2017,LFI_2017_1502,PRE,2017,LFI,Créer une université internationale des métiers de l’espace.
LFI_2017,LFI_2017_1503,PRE,2017,LFI,Proposer un programme international de dépollution de l’orbite géostationnaire et de prévention contre les astéroïdes géocroiseurs.
LFI_2017,LFI_2017_1504,PRE,2017,LFI,Lancer le projet de renouvellement de la station spatiale internationale.
LFI_2017,LFI_2017_1505,PRE,2017,LFI,Garantir le projet Luna27 de base lunaire russo-européenne.
LFI_2017,LFI_2017_1506,PRE,2017,LFI,Fédérer les différentes missions vers Mars et assurer la participation française à ses missions.
LFI_2017,LFI_2017_1507,PRE,2017,LFI,Lancer des coopérations maritimes pour faire face au défi écologique.
LFI_2017,LFI_2017_1508,PRE,2017,LFI,Lancer un programme international de dépollution des océans et de récupération des déchets flottants.
LFI_2017,LFI_2017_1509,PRE,2017,LFI,Faire de la Méditerranée un espace de coopérations intenses.
LFI_2017,LFI_2017_1510,PRE,2017,LFI,Proposer la construction de la première station sousmarine permanente sur le modèle de la station spatiale internationale.
LFI_2017,LFI_2017_1511,PRE,2017,LFI,Créer une université internationale des métiers de la mer.
LFI_2017,LFI_2017_1512,PRE,2017,LFI,81 Engager la France dans un « plan Mer » et créer 300 000 emplois maritimes.
LFI_2017,LFI_2017_1513,PRE,2017,LFI,La France est une puissance maritime qui s’ignore.
LFI_2017,LFI_2017_1514,PRE,2017,LFI,"C’est pourtant une question de souveraineté essentielle pour notre pays, présent dans toutes les mers du globe."
LFI_2017,LFI_2017_1515,PRE,2017,LFI,Et une source formidable pour une relance écologique de l’activité en France. 300 000 emplois existent pourtant déjà dans ce domaine et autant pourraient être créés très rapidement.
LFI_2017,LFI_2017_1516,PRE,2017,LFI,"Énergie, alimentation, médecine, transport, tant de ressources sont à notre portée, pour peu qu’on sache les utiliser avec intelligence et conscience de l’enjeu écologique."
LFI_2017,LFI_2017_1517,PRE,2017,LFI,"Nous proposons de réaliser les mesures suivantes : Développer les énergies marines renouvelables (EMR) dans le cadre du plan de transition énergétique et d’une maîtrise publique des installations et réseaux Refuser l’abandon de la filière d’énergie marine et assurer son développement industriel par la nationalisation de la branche Énergies marines d’Alstom, cédée à General Electric, de la branche éolienne d’Areva, cédée à Siemens."
LFI_2017,LFI_2017_1518,PRE,2017,LFI,"Développer la pêche artisanale, refuser la marchandisation de la politique commune des pêches au niveau européen, appliquer les quotas pluriannuels pour donner de la visibilité aux pêcheurs et gérer durablement la ressource, mettre fin au chalutage en eau profonde Instaurer un plan quinquennal pour l’aquaculture écologique, notamment marine et littorale, et soutenir l’utilisation des algues pour remplacer les énergies fossiles (plastiques, etc.)"
LFI_2017,LFI_2017_1519,PRE,2017,LFI,"Défendre la marine marchande française par le protectionnisme, imposer le pavillon français de premier registre pour toute liaison entre deux territoires français, notamment la Corse et le continent, et élargir le concept de « flotte stratégique » à d’autres activités que le transport pétrolier (câbliers, etc.)."
LFI_2017,LFI_2017_1520,PRE,2017,LFI,Nationaliser le chantier naval STX de Saint-Nazaire et développer la filière française de construction et déconstruction navale.
LFI_2017,LFI_2017_1521,PRE,2017,LFI,"Mettre en place un mécanisme d’aide au renouvellement de la flotte (de commerce, de pêche, de plaisance) pour les navires de plus de trente ans, démantelés en France et remplacés par des navires construits en France avec des procédés et matériaux écologiques."
LFI_2017,LFI_2017_1522,PRE,2017,LFI,Relancer les ports français et moderniser les infrastructures portuaires.
LFI_2017,LFI_2017_1523,PRE,2017,LFI,Élaborer un plan national de transport de marchandises (fret ferroviaire/fluvial/maritime) pour une desserte multimodale et coordonnée sur tout le territoire.
LFI_2017,LFI_2017_1524,PRE,2017,LFI,Développer le cabotage maritime entre ports français.
LFI_2017,LFI_2017_1525,PRE,2017,LFI,"Faire de la France le leader mondial de la recherche et de l’éducation dans le secteur maritime, en ouvrant au moins un lycée professionnel maritime dans chaque département littoral en métropole et dans chaque département ou territoire d’Outre-mer, et développer les formations d’enseignement supérieur liées au maritime, en renforçant les moyens de recherche de l’Inserm et de l’Inra liés aux ressources marines, ainsi que les moyens de l’Ifremer."
LFI_2017,LFI_2017_1526,PRE,2017,LFI,Connaître et gérer durablement l’espace maritime français.
LFI_2017,LFI_2017_1527,PRE,2017,LFI,Achever le programme Extraplac de connaissances des fonds sous-marins et obtenir la reconnaissance des résultats par l’Onu.
LFI_2017,LFI_2017_1528,PRE,2017,LFI,"Réaliser un audit de l’application de la loi littoral, mettre en place une mission scientifique d’évaluation de l’impact de l’élévation du niveau des mers sur les rivages français et élaborer un plan d’adaptation."
LFI_2017,LFI_2017_1529,PRE,2017,LFI,"Créer un ministère de la Mer et une direction générale de la mer, pour une politique maritime intégrée."
LFI_2017,LFI_2017_1530,PRE,2017,LFI,82 Relancer la découverte de l’espace.
LFI_2017,LFI_2017_1531,PRE,2017,LFI,C’est depuis Toulouse qu’était piloté le petit robot Philae qui nous a émerveillés.
LFI_2017,LFI_2017_1532,PRE,2017,LFI,L’indépendance de la France et notre contribution à la connaissance dépendent de l’espace.
LFI_2017,LFI_2017_1533,PRE,2017,LFI,"Nos savoir-faire méritent mieux que le mépris des dirigeants passés et actuels qui ont privatisé Arianespace, la société qui réalise les tirs de la fusée Ariane."
LFI_2017,LFI_2017_1534,PRE,2017,LFI,"Ce domaine ne doit pas être abandonné aux marchands, c’est l’intérêt général qui est en jeu."
LFI_2017,LFI_2017_1535,PRE,2017,LFI,Nous proposons de réaliser les mesures suivantes.
LFI_2017,LFI_2017_1536,PRE,2017,LFI,"Défendre l’indépendance de la France, ce qui implique de :  Garantir le lancement de la fusée Ariane 6 en 2020 et renforcer les recherches pour Ariane 7, notamment la recherche pour un lanceur réutilisable en 2025 et la maîtrise des technologies nécessaires à un vol habité."
LFI_2017,LFI_2017_1537,PRE,2017,LFI,"Revenir sur la privatisation d’Arianespace et la filière de lancement de satellites, renforcer les moyens du Centre national d’études spatiales."
LFI_2017,LFI_2017_1538,PRE,2017,LFI,Instaurer un protectionnisme pour favoriser le développement d’Arianespace pour les lancers européens.
LFI_2017,LFI_2017_1539,PRE,2017,LFI,Garantir l’achèvement du programme Galileo de radionavigation par satellite.
LFI_2017,LFI_2017_1540,PRE,2017,LFI,"Renforcer la contribution française à la présence humaine permanente dans l’espace en lien notamment avec la Russie, la Nasa, la Chine et l’Inde."
LFI_2017,LFI_2017_1541,PRE,2017,LFI,Renforcer la recherche sur les propulseurs nécessaires aux expéditions les plus lointaines et avancer dans la maîtrise des vols suborbitaux.
LFI_2017,LFI_2017_1542,PRE,2017,LFI,Développer les missions interplanétaires.
LFI_2017,LFI_2017_1543,PRE,2017,LFI,Doter la France des moyens de neutralisation des actions hostiles menées contre elle depuis l’espace.
LFI_2017,LFI_2017_1544,PRE,2017,LFI,83 Mobiliser le savoir-faire français dans le numérique et le virtuel au service de l’intérêt général.
LFI_2017,LFI_2017_1545,PRE,2017,LFI,Il y a un autre domaine où la France excelle trop discrètement.
LFI_2017,LFI_2017_1546,PRE,2017,LFI,"C’est l’ensemble des activités liées au virtuel, au numérique et à la robotique."
LFI_2017,LFI_2017_1547,PRE,2017,LFI,Cette révolution technologique ne doit pas faire peur.
LFI_2017,LFI_2017_1548,PRE,2017,LFI,Mais elle ne donnera pas le meilleur si on laisse faire les multinationales.
LFI_2017,LFI_2017_1549,PRE,2017,LFI,"C’est un enjeu démocratique, économique et social de premier plan."
LFI_2017,LFI_2017_1550,PRE,2017,LFI,Pour que la technologie serve le progrès humain.
LFI_2017,LFI_2017_1551,PRE,2017,LFI,Nous proposons de réaliser les mesures suivantes : Affirmer le caractère d’intérêt général de la révolution numérique.
LFI_2017,LFI_2017_1552,PRE,2017,LFI,"Reconquérir la maîtrise publique des technologies liées au numérique et aux télécommunications (câbles sous-marins, tirs de satellites, réseaux basse et haute tension, etc.)."
LFI_2017,LFI_2017_1553,PRE,2017,LFI,Généraliser l’usage des systèmes d’exploitation et des logiciels libres dans les administrations publiques et l’Éducation nationale.
LFI_2017,LFI_2017_1554,PRE,2017,LFI,"Garantir la neutralité du net et lutter contre le profilage en ligne, comme le défend l’association La Quadrature du Net."
LFI_2017,LFI_2017_1555,PRE,2017,LFI,"Systématiser la publication en open data des données publiques détenues par les collectivités, comme le propose l’association Regards citoyens."
LFI_2017,LFI_2017_1556,PRE,2017,LFI,"Garantir l’égalité d’accès au numérique sur tout le territoire, notamment en accélérant l’achèvement de la couverture du pays en très haut débit d’ici 2022."
LFI_2017,LFI_2017_1557,PRE,2017,LFI,Anticiper les transformations numériques du travail et de la production en lançant un plan pour l’industrie 4.0 associant les salariés.
LFI_2017,LFI_2017_1558,PRE,2017,LFI,Promouvoir une économie numérique vraiment collaborative.
LFI_2017,LFI_2017_1559,PRE,2017,LFI,"S’opposer aux logiques de privatisation des services liés au numérique, lutter contre l’évasion fiscale et la création de nouvelles rentes privées par les plateformes lucratives."
LFI_2017,LFI_2017_1560,PRE,2017,LFI,"Soutenir la création d’associations à but non lucratif, de coopératives (SCOP, SCIC, etc.) ou d’entreprises publiques pour fournir les services collaboratifs rendus possibles par le numérique et l’exploitation des données publiques (État, entreprises de transports, etc.)."
LFI_2017,LFI_2017_1561,PRE,2017,LFI,Protéger les données personnelles contre leur utilisation mercantile.
LFI_2017,LFI_2017_1562,PRE,2017,LFI,"Soutenir la création de Fablabs et autres lieux collectifs de création et de fabrication, liés au numérique, à l’impression 3D, etc."
LFI_2017,LFI_2017_1563,PRE,2017,LFI,"Renforcer la prééminence française dans le virtuel, soutenir les créations françaises (jeux vidéo notamment) dans un but émancipateur."
LFI_2017,LFI_2017_1564,PRE,2017,LFI,Soutenir la recherche publique sur la réalité et l’humanité augmentées dans le cadre d’une concertation éthique et citoyenne constante.
LREM_2017,LREM_2017_1565,PRE,2017,LREM,Emmanuel Macron président.
LREM_2017,LREM_2017_1566,PRE,2017,LREM,« Retrouver notre esprit de conquête pour bâtir une France nouvelle ».
LREM_2017,LREM_2017_1567,PRE,2017,LREM,Programme En Marche !
LREM_2017,LREM_2017_1568,PRE,2017,LREM,"Election présidentielle, 23 avril et 7 mai 2017."
LREM_2017,LREM_2017_1569,PRE,2017,LREM,Emmanuel Macron en Guadeloupe en décembre 2016.
LREM_2017,LREM_2017_1570,PRE,2017,LREM,Bien vivre de son travail et inventer de nouvelles protections.
LREM_2017,LREM_2017_1571,PRE,2017,LREM,Libérer le travail et l’esprit d’entreprise.
LREM_2017,LREM_2017_1572,PRE,2017,LREM,Inventer un nouveau modèle de croissance .
LREM_2017,LREM_2017_1573,PRE,2017,LREM,Les mêmes règles pour tous .
LREM_2017,LREM_2017_1574,PRE,2017,LREM,Un État qui protège .
LREM_2017,LREM_2017_1575,PRE,2017,LREM,Les mêmes chances pour tous nos enfants .
LREM_2017,LREM_2017_1576,PRE,2017,LREM,Fiers d’être Français : exigence et bienveillance .
LREM_2017,LREM_2017_1577,PRE,2017,LREM,Une Europe protectrice et à la hauteur de nos espérances .
LREM_2017,LREM_2017_1578,PRE,2017,LREM,Faire plus pour ceux qui ont moins .
LREM_2017,LREM_2017_1579,PRE,2017,LREM,Rendre la vie des Français plus facile .
LREM_2017,LREM_2017_1580,PRE,2017,LREM,Une démocratie rénovée .
LREM_2017,LREM_2017_1581,PRE,2017,LREM,Les territoires qui font notre France .
LREM_2017,LREM_2017_1582,PRE,2017,LREM,Sérieux et responsabilité .
LREM_2017,LREM_2017_1583,PRE,2017,LREM,Retrouver notre esprit de conquête pour bâtir une france nouvelle.
LREM_2017,LREM_2017_1584,PRE,2017,LREM,Mon contrat avec la nation.
LREM_2017,LREM_2017_1585,PRE,2017,LREM,"J’ai décidé de me présenter à l’élection présidentielle car je veux redonner à chaque Française et chaque Français confiance en eux, confiance en la France et dans notre capacité collective à relever nos défis."
LREM_2017,LREM_2017_1586,PRE,2017,LREM,"Ce faisant, nous redonnerons à l’Europe et au reste du monde confiance en notre pays."
LREM_2017,LREM_2017_1587,PRE,2017,LREM,"Depuis plus de trente ans, nous ne parvenons pas à régler le problème du chômage de masse ni celui de l’intégration."
LREM_2017,LREM_2017_1588,PRE,2017,LREM,Des transformations radicales nouvelles bouleversent nos vies et nos certitudes.
LREM_2017,LREM_2017_1589,PRE,2017,LREM,"La révolution numérique change nos manières de produire, de consommer et de vivre ensemble."
LREM_2017,LREM_2017_1590,PRE,2017,LREM,Le changement climatique nous oblige à repenser notre organisation et nos modes de vie.
LREM_2017,LREM_2017_1591,PRE,2017,LREM,"Le nouvel ordre mondial nous impose un terrorisme djihadiste qui a frappé notre pays ces dernières années, tandis que des puissances régionales autoritaires émergent et que notre allié américain semble réviser les bases de sa diplomatie."
LREM_2017,LREM_2017_1592,PRE,2017,LREM,"Mais le repli sur nous-mêmes, le refus de voir le monde tel qu’il est ou la volonté de redresser la France malgré elle ne sont pas des solutions."
LREM_2017,LREM_2017_1593,PRE,2017,LREM,Ils ignorent ses ressorts profonds et le sens de notre destin.
LREM_2017,LREM_2017_1594,PRE,2017,LREM,"Le projet que je vous propose, c’est de bâtir avec vous une France nouvelle, qui innove, recherche, crée et vit, une France de prospérité retrouvée et de progrès pour chacun."
LREM_2017,LREM_2017_1595,PRE,2017,LREM,Qui redeviendra le fer de lance d’un projet européen qui lui ressemble.
LREM_2017,LREM_2017_1596,PRE,2017,LREM,"Une France qui libère, pour ne plus être bloquée par des règles devenues obsolètes."
LREM_2017,LREM_2017_1597,PRE,2017,LREM,Et en même temps une France qui répare les injustices de départ et protège chaque citoyen afin de le mettre en capacité de réussir sa vie.
LREM_2017,LREM_2017_1598,PRE,2017,LREM,"Pour renouer avec l’esprit de conquête français, je veux passer avec vous un contrat de droits, de devoirs, et de responsabilités."
LREM_2017,LREM_2017_1599,PRE,2017,LREM,"Si vous me faites confiance, je n’entends pas, en tant que président, intervenir sur tout et partout."
LREM_2017,LREM_2017_1600,PRE,2017,LREM,Je sais aussi qu’il nous est impossible de tout prévoir et que des circonstances exceptionnelles pourront nous conduire à adapter nos priorités.
LREM_2017,LREM_2017_1601,PRE,2017,LREM,"On trouvera dans les pages qui suivent le contenu de notre projet, celui qui sera mis en oeuvre par le futur gouvernement."
LREM_2017,LREM_2017_1602,PRE,2017,LREM,Mais je veux auprès de vous prendre des engagements clairs sur les chantiers essentiels pour l’avenir de notre pays.
LREM_2017,LREM_2017_1603,PRE,2017,LREM,Ce sont ces mêmes engagements que je demanderai au gouvernement comme à l’ensemble des parlementaires qui constitueront la majorité présidentielle.
LREM_2017,LREM_2017_1604,PRE,2017,LREM,Le premier chantier sera celui de l’éducation et de la culture.
LREM_2017,LREM_2017_1605,PRE,2017,LREM,C’est la condition de notre cohésion nationale.
LREM_2017,LREM_2017_1606,PRE,2017,LREM,"C’est pourquoi je veux remettre la transmission des savoirs fondamentaux, de notre culture et de nos valeurs au coeur du projet de notre école et de nos universités."
LREM_2017,LREM_2017_1607,PRE,2017,LREM,Le deuxième chantier sera celui de la société du travail.
LREM_2017,LREM_2017_1608,PRE,2017,LREM,"Dès le début du quinquennat, je demanderai au gouvernement de simplifier le droit, de réformer l’assurance chômage pour en faire un droit universel avec des exigences nouvelles pour chacun."
LREM_2017,LREM_2017_1609,PRE,2017,LREM,Cela s’accompagnera d’un plan inédit pour la formation et la qualification de nos concitoyens les plus fragiles.
LREM_2017,LREM_2017_1610,PRE,2017,LREM,"Je veux par là créer des emplois, protéger efficacement chacun et améliorer le pouvoir d’achat des travailleurs."
LREM_2017,LREM_2017_1611,PRE,2017,LREM,"Le troisième chantier sera celui de la modernisation de notre économie, d’une stratégie d’investissements ambitieuse pour la France hexagonale et des Outre-mer."
LREM_2017,LREM_2017_1612,PRE,2017,LREM,"Je veux accélérer l’émergence d’un nouveau modèle de croissance réconciliant transition écologique, industrie du futur et agriculture de demain."
LREM_2017,LREM_2017_1613,PRE,2017,LREM,"Je veux recréer une mobilité économique et sociale par le numérique, la recherche et l’innovation, le travail et l’entrepreneuriat."
LREM_2017,LREM_2017_1614,PRE,2017,LREM,"La société que je veux sera à la fois libérée des carcans et des blocages, et protectrice des plus faibles (c’est pour cela que la transformation de notre système de santé et de notre politique du logement y aura aussi une place centrale)."
LREM_2017,LREM_2017_1615,PRE,2017,LREM,« LA FRANCE EST UNE CHANCE.
LREM_2017,LREM_2017_1616,PRE,2017,LREM,ET CHACUN DOIT POUVOIR Y TENIR SES PROMESSES ».
LREM_2017,LREM_2017_1617,PRE,2017,LREM,Le quatrième chantier que je vous propose consiste à renforcer la sécurité de la Nation.
LREM_2017,LREM_2017_1618,PRE,2017,LREM,Notre sécurité à l’international s’inscrira dans une stratégie de maintien de la paix et de lutte contre le terrorisme islamiste.
LREM_2017,LREM_2017_1619,PRE,2017,LREM,"La sécurité intérieure passera par un investissement conséquent dans nos forces de l’ordre, leur réorganisation, mais aussi dans la vigilance que toute notre Nation doit retrouver."
LREM_2017,LREM_2017_1620,PRE,2017,LREM,"Assurer la sécurité, faire respecter sans concession notre laïcité, restaurer partout l’autorité de l’État et dans l’État, garantir l’indépendance de l’autorité judiciaire sont les conditions premières de la liberté de chacun."
LREM_2017,LREM_2017_1621,PRE,2017,LREM,Comment ce programme a-t-il été construit ?
LREM_2017,LREM_2017_1622,PRE,2017,LREM,Le cinquième chantier sera celui du renouveau démocratique.
LREM_2017,LREM_2017_1623,PRE,2017,LREM,"Le soupçon qui pèse aujourd’hui sur nombre de représentants, le manque d’efficacité et l’insuffisante responsabilité de nos dirigeants menacent notre démocratie."
LREM_2017,LREM_2017_1624,PRE,2017,LREM,"C’est pourquoi je veux moraliser et responsabiliser la vie publique, et renouveler la représentation nationale."
LREM_2017,LREM_2017_1625,PRE,2017,LREM,"Enfin, sixième et dernier chantier, je m’engage au plan international à défendre les intérêts de notre pays."
LREM_2017,LREM_2017_1626,PRE,2017,LREM,"En relançant une Europe ambitieuse, qui investit et qui protège, et dont la vitalité démocratique et le goût pour l’avenir seront retrouvés."
LREM_2017,LREM_2017_1627,PRE,2017,LREM,Et en assurant une nouvelle politique en Afrique où la paix et l’esprit d’entreprise construiront le siècle qui commence.
LREM_2017,LREM_2017_1628,PRE,2017,LREM,"Les six chantiers de ce contrat permettront de construire une société de mobilité plutôt que de statuts, une Nation forte et conquérante."
LREM_2017,LREM_2017_1629,PRE,2017,LREM,Je veux que nous retrouvions ensemble la fierté d’être français.
LREM_2017,LREM_2017_1630,PRE,2017,LREM,Car la France est une chance.
LREM_2017,LREM_2017_1631,PRE,2017,LREM,Et chacun doit pouvoir y tenir ses promesses.
LREM_2017,LREM_2017_1632,PRE,2017,LREM,Je serai le garant du bon fonctionnement de nos institutions.
LREM_2017,LREM_2017_1633,PRE,2017,LREM,Je définirai les responsabilités du gouvernement en particulier en matière de modernisation de l’action publique et de sérieux budgétaire.
LREM_2017,LREM_2017_1634,PRE,2017,LREM,"Je veillerai aussi à ce que l’énergie citoyenne, l’expérimentation, l’innovation, les initiatives émanant du terrain participent à la modernisation de notre pays."
LREM_2017,LREM_2017_1635,PRE,2017,LREM,Une grande cause nationale sera mise au coeur de cet engagement : l’égalité entre les femmes et les hommes.
LREM_2017,LREM_2017_1636,PRE,2017,LREM,Je rendrai compte chaque année devant le Parlement de l’avancée de ce contrat avec vous.
LREM_2017,LREM_2017_1637,PRE,2017,LREM,Il permettra de retrouver l’esprit de conquête dont nous avons besoin.
LREM_2017,LREM_2017_1638,PRE,2017,LREM,COMMENT CE PROGRAMME A-T-IL ÉTÉ CONSTRUIT ?
LREM_2017,LREM_2017_1639,PRE,2017,LREM,"Depuis le premier jour, la raison d’être d’En Marche est de rassembler toutes les bonnes volontés autour d’une ambition positive pour notre pays."
LREM_2017,LREM_2017_1640,PRE,2017,LREM,"Peu importe qu’elles viennent de la gauche, de la droite, du centre, de l’écologie ou d’ailleurs : seule compte notre volonté partagée de progrès au service de l’intérêt général."
LREM_2017,LREM_2017_1641,PRE,2017,LREM,Nous sommes aujourd’hui plus de 200 000 adhérents.
LREM_2017,LREM_2017_1642,PRE,2017,LREM,"Ce programme a été construit avec plus de 30 000 Françaises et Français de tous milieux sociaux, de tous âges, dans tous les territoires de France, au cours de 3000 ateliers de nos comités locaux."
LREM_2017,LREM_2017_1643,PRE,2017,LREM,Ils ont enrichi le travail de plus de 500 experts qui ont donné de leur temps et de leur expérience.
LREM_2017,LREM_2017_1644,PRE,2017,LREM,Ce programme a un seul point de départ : la réalité.
LREM_2017,LREM_2017_1645,PRE,2017,LREM,"Tout ce que nous proposons procède de la Grande Marche, cette immense opération de porte-à-porte que nous avons menée l’été dernier et durant laquelle nous avons ausculté la France à travers les yeux de 100 000 de nos concitoyens."
LREM_2017,LREM_2017_1646,PRE,2017,LREM,"Il a un objectif principal : qu’à la fin du prochain quinquennat, chacun maîtrise davantage son destin et que nous vivions tous mieux ensemble."
LREM_2017,LREM_2017_1647,PRE,2017,LREM,Bien vivre de son travail et inventer de nouvelles protections.
LREM_2017,LREM_2017_1648,PRE,2017,LREM,Nous ne sommes pas condamnés à choisir entre le chômage de masse et la précarisation du travail.
LREM_2017,LREM_2017_1649,PRE,2017,LREM,Nous ne sommes pas naïfs.
LREM_2017,LREM_2017_1650,PRE,2017,LREM,"Nous savons bien que, dans la vie, on n’a rien sans rien et que tout progrès, personnel ou collectif, dépend de cet effort qu’on appelle le travail."
LREM_2017,LREM_2017_1651,PRE,2017,LREM,"Nous savons que le travail, lorsqu’il est pratiqué dans de bonnes conditions et correctement payé, est le moteur de la progression sociale."
LREM_2017,LREM_2017_1652,PRE,2017,LREM,"Nous savons aussi que le travail a toujours changé (les porteurs d’eau ou les conducteurs de calèche ont été remplacés par d’autres métiers), que de nouveaux besoins naissent du vieillissement de la population, de la transition écologique, de la transition numérique, et que de nouveaux métiers vont surgir."
LREM_2017,LREM_2017_1653,PRE,2017,LREM,"Dans ce monde nouveau, chacun doit trouver sa place."
LREM_2017,LREM_2017_1654,PRE,2017,LREM,"Et la France a toute la sienne, si elle sait tout à la fois libérer les initiatives et protéger les personnes."
LREM_2017,LREM_2017_1655,PRE,2017,LREM,Nous améliorerons le pouvoir d’achat de tous les travailleurs.
LREM_2017,LREM_2017_1656,PRE,2017,LREM,"Sans que cela ne revienne plus cher aux employeurs, nous réduirons les cotisations payées par les salariés, par les indépendants et par les fonctionnaires : près de 500 euros supplémentaires nets par an pour un salaire de 2200 euros nets par mois !"
LREM_2017,LREM_2017_1657,PRE,2017,LREM,"Nous augmenterons le pouvoir d’achat des ouvriers, des employés et des salariés les moins bien payés."
LREM_2017,LREM_2017_1658,PRE,2017,LREM,"Tous les smicards qui bénéficient de la prime d’activité toucheront par exemple l’équivalent d’un 13e mois de salaire, soit 100€ nets de plus chaque mois."
LREM_2017,LREM_2017_1659,PRE,2017,LREM,Nous rétablirons les exonérations de cotisations sociales sur les heures supplémentaires.
LREM_2017,LREM_2017_1660,PRE,2017,LREM,Nous ouvrirons les droits à l’assurance-chômage aux salariés qui démissionnent.
LREM_2017,LREM_2017_1661,PRE,2017,LREM,Ce droit ne sera utilisable qu’une fois tous les cinq ans.
LREM_2017,LREM_2017_1662,PRE,2017,LREM,"En contrepartie, l’insuffisance des efforts de recherche d’emploi ou le refus d’offres raisonnables entraîneront la suspension des allocations."
LREM_2017,LREM_2017_1663,PRE,2017,LREM,Nous engagerons un effort national de formation sans précédent.
LREM_2017,LREM_2017_1664,PRE,2017,LREM,Nous formerons 1 million de jeunes et 1 million de demandeurs d’emploi peu ou pas qualifiés et aujourd’hui sans perspective.
LREM_2017,LREM_2017_1665,PRE,2017,LREM,"Nous serons aux côtés des agriculteurs pour qu’ils vivent de leur travail, plutôt que des aides publiques. 5 milliards d’euros de notre Plan d’investissement seront consacrés à la modernisation de leurs exploitations."
LREM_2017,LREM_2017_1666,PRE,2017,LREM,Et nous les aiderons à être payés au prix juste en soutenant les organisations de producteurs dans leurs négociations avec les industriels.
LREM_2017,LREM_2017_1667,PRE,2017,LREM,Nous nous battrons pour faire évoluer dans ce sens le droit européen de la concurrence.
LREM_2017,LREM_2017_1668,PRE,2017,LREM,Nous ferons un effort massif pour l’apprentissage.
LREM_2017,LREM_2017_1669,PRE,2017,LREM,Nous développerons les périodes de pré-apprentissage et les filières en alternance dans tous les lycées professionnels.
LREM_2017,LREM_2017_1670,PRE,2017,LREM,Des licences professionnelles seront préparées sur trois ans et en alternance.
LREM_2017,LREM_2017_1671,PRE,2017,LREM,Nous ferons converger les contrats existants et impliquerons pleinement les branches professionnelles dans la définition des programmes et l’organisation des formations.
LREM_2017,LREM_2017_1672,PRE,2017,LREM,Libérer le travail et l'esprit d'entreprise.
LREM_2017,LREM_2017_1673,PRE,2017,LREM,"Le problème qui est aujourd’hui au coeur des préoccupations des Français, c’est le chômage de masse que nous connaissons depuis tant d’années."
LREM_2017,LREM_2017_1674,PRE,2017,LREM,"Pour le surmonter, il faut changer d’approche."
LREM_2017,LREM_2017_1675,PRE,2017,LREM,Notre pays n’aime pas toujours la réussite : ceux qui réussissent suscitent une forme de jalousie ou de suspicion.
LREM_2017,LREM_2017_1676,PRE,2017,LREM,"Mais notre pays refuse aussi l’échec : que ce soit à l’école ou dans la vie professionnelle, ceux qui échouent sont souvent montrés du doigt et empêchés de tenter à nouveau leur chance."
LREM_2017,LREM_2017_1677,PRE,2017,LREM,"Pourtant, nous avons besoin que nos concitoyens se lancent, tentent, prennent des initiatives, quitte à les aider à rebondir s’ils échouent."
LREM_2017,LREM_2017_1678,PRE,2017,LREM,"Et nous avons besoin que certains de nos concitoyens réussissent, créent de l’activité et des emplois, entraînant les autres avec eux."
LREM_2017,LREM_2017_1679,PRE,2017,LREM,C’est pourquoi nous voulons libérer le travail et l’esprit d’entreprise !
LREM_2017,LREM_2017_1680,PRE,2017,LREM,Nous simplifierons la vie des entrepreneurs.
LREM_2017,LREM_2017_1681,PRE,2017,LREM,Nous réduirons leurs charges et supprimerons le Régime Social des Indépendants (RSI) qui ne fonctionne pas.
LREM_2017,LREM_2017_1682,PRE,2017,LREM,Nous doublerons les plafonds pour pouvoir bénéficier du régime fiscal de la microentreprise.
LREM_2017,LREM_2017_1683,PRE,2017,LREM,"Nous mettrons fin à toute forme de concurrence déloyale en permettant chaque année à tous les artisans et commerçants d’opter ou non, selon leurs besoins, pour le régime fiscal de la microentreprise."
LREM_2017,LREM_2017_1684,PRE,2017,LREM,Nous réduirons le coût du travail.
LREM_2017,LREM_2017_1685,PRE,2017,LREM,"Nous aiderons les entreprises à embaucher en baissant les cotisations sociales employeurs de 6 points en remplacement du CICE, et jusqu’à 10 points au niveau du SMIC : les employeurs économiseront près de 1800 euros par an et par salarié au SMIC, 2200 euros par an pour un salarié payé 3000 euros bruts par mois."
LREM_2017,LREM_2017_1686,PRE,2017,LREM,Nous combattrons la précarité en responsabilisant les employeurs.
LREM_2017,LREM_2017_1687,PRE,2017,LREM,Nous créerons un bonus-malus sur l’assurance-chômage.
LREM_2017,LREM_2017_1688,PRE,2017,LREM,"Les employeurs qui entretiennent la précarité en recourant exagérément aux contrats courts paieront plus de charges, ceux qui créent des emplois stables en paieront moins."
LREM_2017,LREM_2017_1689,PRE,2017,LREM,Nous redéfinirons le dialogue social.
LREM_2017,LREM_2017_1690,PRE,2017,LREM,"Les principes fondamentaux (durée légale du temps de travail, égalité professionnelle, salaire minimum...) resteront dans la loi."
LREM_2017,LREM_2017_1691,PRE,2017,LREM,"Mais, par exemple, les horaires effectifs ou l’organisation du travail seront négociés au plus près du terrain."
LREM_2017,LREM_2017_1692,PRE,2017,LREM,Ils seront définis par accord majoritaire ou par référendum d’entreprise sur la base d’un accord.
LREM_2017,LREM_2017_1693,PRE,2017,LREM,Nous permettrons à tous les travailleurs d’avoir droit à l’assurance-chômage.
LREM_2017,LREM_2017_1694,PRE,2017,LREM,"Les artisans, les commerçants indépendants, les entrepreneurs, les professions libérales, et les agriculteurs disposeront, comme les salariés, de cette protection."
LREM_2017,LREM_2017_1695,PRE,2017,LREM,Nous créerons sur Internet un nouveau service d’explication de la réglementation pour les entreprises.
LREM_2017,LREM_2017_1696,PRE,2017,LREM,Un site Internet unique donnera à chaque TPE ou PME les obligations légales et conventionnelles qu’elle doit respecter en fonction de sa situation.
LREM_2017,LREM_2017_1697,PRE,2017,LREM,Les réponses fournies en ligne seront valables face à l’administration.
LREM_2017,LREM_2017_1698,PRE,2017,LREM,Inventer un nouveau modèle de croissance.
LREM_2017,LREM_2017_1699,PRE,2017,LREM,Changer le travail et l’entreprise ne suffit pas.
LREM_2017,LREM_2017_1700,PRE,2017,LREM,L’essentiel est de changer notre rapport à l’écologie et à l’environnement.
LREM_2017,LREM_2017_1701,PRE,2017,LREM,"Des progrès ont déjà été faits, notamment en agriculture."
LREM_2017,LREM_2017_1702,PRE,2017,LREM,Mais regardons les choses en face : les dégâts que nous faisons collectivement au climat et à la biodiversité sont pour beaucoup irréversibles.
LREM_2017,LREM_2017_1703,PRE,2017,LREM,"Les conséquences sur notre santé sont connues : des dizaines de milliers de morts par an rien qu’en France, des cancers de plus en plus nombreux et de plus en plus précoces… Ce n’est pas qu’une question d’énergie, même si le réchauffement climatique est la menace la plus pressante."
LREM_2017,LREM_2017_1704,PRE,2017,LREM,C’est aussi une question qui est posée à chacun d’entre nous.
LREM_2017,LREM_2017_1705,PRE,2017,LREM,C’est une question sur notre modèle de développement et de production qui nous est posée à tous.
LREM_2017,LREM_2017_1706,PRE,2017,LREM,Et qui peut créer des emplois !
LREM_2017,LREM_2017_1707,PRE,2017,LREM,"Surtout, c’est une question d’approche et de volonté : nous avons toutes les ressources pour changer ce qui doit l’être, et ne plus continuer comme avant, pour surmonter le poids des lobbies."
LREM_2017,LREM_2017_1708,PRE,2017,LREM,Alors nous allons faire autrement.
LREM_2017,LREM_2017_1709,PRE,2017,LREM,Car nous croyons que nous pouvons redevenir maîtres de notre destin !
LREM_2017,LREM_2017_1710,PRE,2017,LREM,Nous lancerons un grand Plan d’investissement de 50 milliards d’euros.
LREM_2017,LREM_2017_1711,PRE,2017,LREM,"Ce plan sur 5 ans sera mis au service des qualifications de tous les citoyens, de la transition écologique, de la révolution numérique, de la modernisation des services publics et de la rénovation urbaine."
LREM_2017,LREM_2017_1712,PRE,2017,LREM,Nous soutiendrons l’investissement privé.
LREM_2017,LREM_2017_1713,PRE,2017,LREM,"Nous baisserons l’impôt sur les sociétés de 33,3% à 25% pour rejoindre la moyenne européenne."
LREM_2017,LREM_2017_1714,PRE,2017,LREM,"Nous transformerons le CICE en allègements de charges pérennes, et l’ISF en « Impôt sur la Fortune Immobilière » sans accroître la fiscalité actuelle sur l’immobilier et les droits de succession, et sans taxer ce qui finance les entreprises et l’emploi."
LREM_2017,LREM_2017_1715,PRE,2017,LREM,"Nous créerons un prélèvement unique sur les revenus du capital, de l’ordre de 30%."
LREM_2017,LREM_2017_1716,PRE,2017,LREM,Nous créerons un Fonds pour l’industrie et l’innovation.
LREM_2017,LREM_2017_1717,PRE,2017,LREM,"Doté de 10 milliards d’euros issus des actions d’entreprises possédées de manière minoritaire par l’État, il servira à financer l’industrie du futur."
LREM_2017,LREM_2017_1718,PRE,2017,LREM,Nous placerons la France en tête du combat contre les perturbateurs endocriniens et les pesticides.
LREM_2017,LREM_2017_1719,PRE,2017,LREM,Ils sont l’une des principales causes de l’augmentation des cancers des enfants depuis 20 ans.
LREM_2017,LREM_2017_1720,PRE,2017,LREM,"Nous rénoverons 1 million de logements mal isolés d’ici 2022, et en priorité ceux des propriétaires les plus modestes."
LREM_2017,LREM_2017_1721,PRE,2017,LREM,Nous ferons de la France le leader mondial de la recherche sur la transition environnementale.
LREM_2017,LREM_2017_1722,PRE,2017,LREM,Les spécialistes étrangers bénéficieront de formalités d’accueil accélérées.
LREM_2017,LREM_2017_1723,PRE,2017,LREM,"D’ici 2022, 50% des produits proposés par les cantines scolaires et les restaurants d’entreprise devront être bio, écologiques ou issus de circuits courts."
LREM_2017,LREM_2017_1724,PRE,2017,LREM,Nous diviserons par deux le nombre de jours de pollution atmosphérique.
LREM_2017,LREM_2017_1725,PRE,2017,LREM,Nous remplacerons les vieux véhicules polluants en créant une prime de 1000 euros pour acheter un véhicule neuf ou d’occasion moins polluant.
LREM_2017,LREM_2017_1726,PRE,2017,LREM,Nous créerons une banque de données numériques.
LREM_2017,LREM_2017_1727,PRE,2017,LREM,"Les administrations chargées d’autoriser des activités (l’ouverture d’un hôtel, ou l’obtention d’une licence de chauffeur privé, …) devront mettre à disposition leurs données."
LREM_2017,LREM_2017_1728,PRE,2017,LREM,"Face aux géants étrangers, des nouvelles start-ups pourront ainsi s’adresser par exemple à tous les hôteliers pour leur offrir de nouveaux services."
LREM_2017,LREM_2017_1729,PRE,2017,LREM,Les mêmes règles pour tous.
LREM_2017,LREM_2017_1730,PRE,2017,LREM,"En France, la République est née de l’abolition des privilèges."
LREM_2017,LREM_2017_1731,PRE,2017,LREM,"Et pourtant, ils sont encore nombreux !"
LREM_2017,LREM_2017_1732,PRE,2017,LREM,Notre pays se veut la patrie de l’égalité.
LREM_2017,LREM_2017_1733,PRE,2017,LREM,Mais le favoritisme fausse souvent les choses.
LREM_2017,LREM_2017_1734,PRE,2017,LREM,Les privilèges bloquent notre société.
LREM_2017,LREM_2017_1735,PRE,2017,LREM,La reconnaissance n’est pas toujours au rendez-vous pour ceux qui font des efforts.
LREM_2017,LREM_2017_1736,PRE,2017,LREM,Cela doit changer.
LREM_2017,LREM_2017_1737,PRE,2017,LREM,"Nous voulons une société où tous ont les mêmes droits, tous ont les mêmes devoirs et tous sont soumis aux mêmes règles."
LREM_2017,LREM_2017_1738,PRE,2017,LREM,"Nous voulons en finir avec les passe-droits, les arrangements, la fraude, la corruption."
LREM_2017,LREM_2017_1739,PRE,2017,LREM,Et nous ?
LREM_2017,LREM_2017_1740,PRE,2017,LREM,En Marche !
LREM_2017,LREM_2017_1741,PRE,2017,LREM,"Ce changement, En Marche n’attend pas une nouvelle loi pour l’incarner dans le champ politique."
LREM_2017,LREM_2017_1742,PRE,2017,LREM,"Aucun de nos candidats à des élections – locales, nationales et européennes – n’aura de casier judiciaire."
LREM_2017,LREM_2017_1743,PRE,2017,LREM,Nos futurs élus auront l’interdiction absolue d’embaucher des membres de leur famille dans leur équipe.
LREM_2017,LREM_2017_1744,PRE,2017,LREM,Nous mettrons fin aux injustices de notre système de retraites.
LREM_2017,LREM_2017_1745,PRE,2017,LREM,Un système universel avec des règles communes de calcul des pensions sera progressivement mis en place.
LREM_2017,LREM_2017_1746,PRE,2017,LREM,Le fait de changer d’activité ou de secteur sera sans effet sur les droits à la retraite.
LREM_2017,LREM_2017_1747,PRE,2017,LREM,"Avec un principe d’égalité : pour chaque euro cotisé, le même droit à pension pour tous !"
LREM_2017,LREM_2017_1748,PRE,2017,LREM,"Nous ne toucherons pas à l’âge de départ à la retraite, ni au niveau des pensions."
LREM_2017,LREM_2017_1749,PRE,2017,LREM,Nous publierons les noms des entreprises qui ne respectent pas l’égalité salariale entre les femmes et les hommes.
LREM_2017,LREM_2017_1750,PRE,2017,LREM,"Nous testerons au hasard, et massivement, les entreprises pour vérifier qu’elles respectent bien la loi en la matière."
LREM_2017,LREM_2017_1751,PRE,2017,LREM,Nous alourdirons les sanctions contre la fraude fiscale.
LREM_2017,LREM_2017_1752,PRE,2017,LREM,La lutte contre la fraude aux prestations sociales sera amplifiée.
LREM_2017,LREM_2017_1753,PRE,2017,LREM,"Une fraude grave entraînera désormais, en plus du remboursement, la suspension de la prestation."
LREM_2017,LREM_2017_1754,PRE,2017,LREM,Nous imposerons les grands groupes de l’Internet sur leur chiffre d’affaires réalisé sur notre sol.
LREM_2017,LREM_2017_1755,PRE,2017,LREM,"Pour cela, la lutte contre l’optimisation fiscale sera une priorité de notre action européenne."
LREM_2017,LREM_2017_1756,PRE,2017,LREM,Nous ferons la transparence sur l’attribution des logements sociaux.
LREM_2017,LREM_2017_1757,PRE,2017,LREM,"Au lieu de procédures parfois opaques, nous mettrons en place un système de points, fondé sur des critères objectifs (taille de la famille, niveau des ressources, lieu de recherche)."
LREM_2017,LREM_2017_1758,PRE,2017,LREM,Il permettra à chacun de connaître ses chances d’obtention d’un logement et le délai d’attente prévisible.
LREM_2017,LREM_2017_1759,PRE,2017,LREM,Nous nous battrons contre les abus liés au travail détaché.
LREM_2017,LREM_2017_1760,PRE,2017,LREM,Nous devrons limiter à un an la durée autorisée de séjour d’un travailleur détaché dans notre pays et redéfinir au niveau européen les règles du détachement pour mettre fin à toutes les formes de concurrence sociale déloyale.
LREM_2017,LREM_2017_1761,PRE,2017,LREM,Un Etat qui protège.
LREM_2017,LREM_2017_1762,PRE,2017,LREM,"Vivre dans la peur, c’est vivre sans être libre."
LREM_2017,LREM_2017_1763,PRE,2017,LREM,"La peur, c’est désormais celle que nous pouvons éprouver au moment de nous rendre dans une gare, à la terrasse d’un café, à un rassemblement qui pourrait être une cible pour des terroristes."
LREM_2017,LREM_2017_1764,PRE,2017,LREM,"La peur, c’est aussi une forme d’angoisse quotidienne : la crainte de laisser son logement inoccupé pendant qu’on part au travail ou en vacances, de croiser le mauvais regard ou de s’asseoir à la mauvaise place dans les transports."
LREM_2017,LREM_2017_1765,PRE,2017,LREM,Surtout quand on est une femme.
LREM_2017,LREM_2017_1766,PRE,2017,LREM,"La puissance de l’État doit être mise au service de la protection de tous les Français, partout sur le territoire."
LREM_2017,LREM_2017_1767,PRE,2017,LREM,"Et pour cela, ce sera tolérance zéro lorsqu’il s’agit de sécurité."
LREM_2017,LREM_2017_1768,PRE,2017,LREM,Car la sécurité est la première de nos libertés.
LREM_2017,LREM_2017_1769,PRE,2017,LREM,Nous recruterons 10 000 policiers et gendarmes supplémentaires.
LREM_2017,LREM_2017_1770,PRE,2017,LREM,Ils renforceront notamment notre dispositif de renseignement contre le terrorisme.
LREM_2017,LREM_2017_1771,PRE,2017,LREM,Nous créerons une police de sécurité quotidienne.
LREM_2017,LREM_2017_1772,PRE,2017,LREM,"Au plus près des Français, elle développera une connaissance approfondie des lieux et des habitants qu’elle sera chargée de protéger et d’entendre."
LREM_2017,LREM_2017_1773,PRE,2017,LREM,"Nous donnerons aux policiers et aux gendarmes un nouveau pouvoir : sous le contrôle du juge, ils pourront interdire à une personne délinquante de fréquenter le quartier où elle a commis ses délits."
LREM_2017,LREM_2017_1774,PRE,2017,LREM,Nous ne tolèrerons plus les incivilités.
LREM_2017,LREM_2017_1775,PRE,2017,LREM,"Le harcèlement des femmes, les insultes, la dégradation du mobilier urbain, les crachats… Ces incivilités seront punies d’amendes immédiates et dissuasives."
LREM_2017,LREM_2017_1776,PRE,2017,LREM,Toute peine prononcée sera exécutée.
LREM_2017,LREM_2017_1777,PRE,2017,LREM,Nous construirons 15 000 nouvelles places de prison.
LREM_2017,LREM_2017_1778,PRE,2017,LREM,Nous confirmerons la cyberdéfense et la cybersécurité comme priorités de notre sécurité nationale.
LREM_2017,LREM_2017_1779,PRE,2017,LREM,Nous augmenterons les moyens de nos armées.
LREM_2017,LREM_2017_1780,PRE,2017,LREM,"Nous mobiliserons 2% du PIB qui serviront à renouveler les avions ravitailleurs, à moderniser les blindés de l’armée de terre, ainsi que la flotte de surface de notre marine nationale."
LREM_2017,LREM_2017_1781,PRE,2017,LREM,"Nous créerons un état-major permanent des opérations de sécurité intérieure, de renseignement et de lutte contre le terrorisme."
LREM_2017,LREM_2017_1782,PRE,2017,LREM,"Directement rattaché au président de la République, il associera les services et états- majors des ministères de l’Intérieur et de la Défense, avec la participation des ministères des transports, de la santé et de l’industrie."
LREM_2017,LREM_2017_1783,PRE,2017,LREM,Nous agirons avec nos partenaires européens pour créer une force de 5000 garde-frontières européens.
LREM_2017,LREM_2017_1784,PRE,2017,LREM,Ils seront chargés de surveiller et protéger les frontières extérieures de l’Union européenne.
LREM_2017,LREM_2017_1785,PRE,2017,LREM,Les mêmes chances pour tous nos enfants.
LREM_2017,LREM_2017_1786,PRE,2017,LREM,"La France a été faite par tous ceux qui, génération après génération, ont porté notre pays à chaque fois un peu plus loin."
LREM_2017,LREM_2017_1787,PRE,2017,LREM,"L ’ éducation a été le moteur de cette progression, et les enseignants en ont été les artisans."
LREM_2017,LREM_2017_1788,PRE,2017,LREM,"C’est grâce à eux que la France fait partie des premières puissances du monde, alors qu’elle représente moins de 1% de la population mondiale."
LREM_2017,LREM_2017_1789,PRE,2017,LREM,"Depuis que nos performances scolaires diminuent, notre pays éprouve des difficultés : ce n’est pas un hasard."
LREM_2017,LREM_2017_1790,PRE,2017,LREM,Notre cohésion nationale en dépend.
LREM_2017,LREM_2017_1791,PRE,2017,LREM,Ce n’est pas qu’une question de connaissances : c’est une question de justice.
LREM_2017,LREM_2017_1792,PRE,2017,LREM,"Car la mission de notre République, c’est de remettre tous ses membres sur la même ligne de départ à chaque étape importante de leur vie."
LREM_2017,LREM_2017_1793,PRE,2017,LREM,"Bien sûr, il y en a toujours qui courront vite et d’autres qui trébucheront."
LREM_2017,LREM_2017_1794,PRE,2017,LREM,Ou ne pourront tout simplement pas se lancer dans la course.
LREM_2017,LREM_2017_1795,PRE,2017,LREM,Ou choisiront une trajectoire différente.
LREM_2017,LREM_2017_1796,PRE,2017,LREM,"Mais si l’on connaît à l’avance l’ordre d’arrivée, alors à quoi bon essayer de courir ?"
LREM_2017,LREM_2017_1797,PRE,2017,LREM,"Nous donnerons la priorité à l’école primaire pour que tous les élèves sachent lire, écrire et compter en arrivant en 6e."
LREM_2017,LREM_2017_1798,PRE,2017,LREM,Nous interdirons l’usage des téléphones portables dans l’enceinte des écoles primaires et des collèges.
LREM_2017,LREM_2017_1799,PRE,2017,LREM,Nous donnerons plus d’autonomie aux équipes éducatives.
LREM_2017,LREM_2017_1800,PRE,2017,LREM,Elles seront suivies et évaluées.
LREM_2017,LREM_2017_1801,PRE,2017,LREM,La formation des enseignants sera adaptée à ce nouveau cadre.
LREM_2017,LREM_2017_1802,PRE,2017,LREM,Nous limiterons à 12 élèves par enseignant la taille des 12 000 classes de CP et de CE1 en zone prioritaire.
LREM_2017,LREM_2017_1803,PRE,2017,LREM,Ces enseignants recevront une prime annuelle de 3000 euros nets.
LREM_2017,LREM_2017_1804,PRE,2017,LREM,"Et ils seront plus expérimentés : d’ici 2022, ceux affectés en zones prioritaires auront au moins 3 ans d’ancienneté."
LREM_2017,LREM_2017_1805,PRE,2017,LREM,"Nous rendrons possible le rétablissement de parcours bi-langues au collège, de parcours européens et d’un véritable enseignement du grec et du latin."
LREM_2017,LREM_2017_1806,PRE,2017,LREM,Nous proposerons à tous un accompagnement après la classe.
LREM_2017,LREM_2017_1807,PRE,2017,LREM,"Au collège, nous rétablirons les études dirigées après la classe grâce à des bénévoles (étudiants et retraités)."
LREM_2017,LREM_2017_1808,PRE,2017,LREM,Nous moderniserons le baccalauréat.
LREM_2017,LREM_2017_1809,PRE,2017,LREM,Il y aura désormais 4 matières obligatoires à l’examen final.
LREM_2017,LREM_2017_1810,PRE,2017,LREM,Les autres seront validées par un contrôle continu.
LREM_2017,LREM_2017_1811,PRE,2017,LREM,Nous renforcerons l’autonomie des universités.
LREM_2017,LREM_2017_1812,PRE,2017,LREM,Elles pourront recruter leurs enseignants et définir leurs formations.
LREM_2017,LREM_2017_1813,PRE,2017,LREM,Nous ouvrirons 80 000 places dans les filières professionnalisantes.
LREM_2017,LREM_2017_1814,PRE,2017,LREM,"Nous demanderons à chaque lycée professionnel et université de publier ses résultats (débouchés, salaires, etc.) sur les 3 dernières années."
LREM_2017,LREM_2017_1815,PRE,2017,LREM,Nous construirons 80 000 logements pour les jeunes.
LREM_2017,LREM_2017_1816,PRE,2017,LREM,Nous ouvrirons les bibliothèques en soirée et le week-end.
LREM_2017,LREM_2017_1817,PRE,2017,LREM,Nous créerons un « Pass Culture ».
LREM_2017,LREM_2017_1818,PRE,2017,LREM,"Il permettra à chaque Français de 18 ans d’effectuer 500 euros de dépenses culturelles (cinéma, théâtre, livres...)."
LREM_2017,LREM_2017_1819,PRE,2017,LREM,Nous ne retirerons pas un euro au budget du ministère de la Culture.
LREM_2017,LREM_2017_1820,PRE,2017,LREM,Fiers d’être Français : exigence et bienveilance.
LREM_2017,LREM_2017_1821,PRE,2017,LREM,"Nous avons laissé se fragiliser ce qui fait de nous une Nation, comme si nous pouvions accepter que les fractures qui divisent notre pays s’élargissent sans cesse, et notamment les discriminations."
LREM_2017,LREM_2017_1822,PRE,2017,LREM,"Nous avons tous en partage notre langue, notre premier trésor commun, à la fois notre socle et notre phare : ce qui nous a fait et ce qui nous distingue, nourri aussi par la vitalité de nombreuses et belles langues régionales."
LREM_2017,LREM_2017_1823,PRE,2017,LREM,Il faut aller plus loin.
LREM_2017,LREM_2017_1824,PRE,2017,LREM,Renouer avec le patriotisme sans renoncer à nos histoires multiples et à notre projet européen.
LREM_2017,LREM_2017_1825,PRE,2017,LREM,"Car redonner à la France son éclat, c’est redonner confiance aux Français."
LREM_2017,LREM_2017_1826,PRE,2017,LREM,D’où qu’ils viennent.
LREM_2017,LREM_2017_1827,PRE,2017,LREM,Où qu’ils habitent.
LREM_2017,LREM_2017_1828,PRE,2017,LREM,Quels qu’ils soient.
LREM_2017,LREM_2017_1829,PRE,2017,LREM,"Et leur faire confiance, c’est leur redonner le pouvoir de faire, d’agir, de réaliser."
LREM_2017,LREM_2017_1830,PRE,2017,LREM,Nous voulons être une Nation exigeante et bienveillante.
LREM_2017,LREM_2017_1831,PRE,2017,LREM,Préserver le cadre de la laïcité.
LREM_2017,LREM_2017_1832,PRE,2017,LREM,Nous appliquerons strictement le principe de laïcité.
LREM_2017,LREM_2017_1833,PRE,2017,LREM,"Nous organiserons pour les ministres du culte une formation universitaire à la laïcité, aux valeurs de la République et à la langue française."
LREM_2017,LREM_2017_1834,PRE,2017,LREM,Nous développerons la connaissance des différentes religions à l’école en prévoyant un enseignement spécifique sur le fait religieux.
LREM_2017,LREM_2017_1835,PRE,2017,LREM,Nous n’étendrons pas l’interdiction du voile à l’université.
LREM_2017,LREM_2017_1836,PRE,2017,LREM,"Nous démantèlerons les associations qui, sous couvert de religion, s’attaquent à la République."
LREM_2017,LREM_2017_1837,PRE,2017,LREM,Nous fermerons définitivement les lieux de culte dans lesquels certaines prêchent l’apologie du terrorisme.
LREM_2017,LREM_2017_1838,PRE,2017,LREM,Refonder le lien avec la nation.
LREM_2017,LREM_2017_1839,PRE,2017,LREM,Nous ferons de la maîtrise de la langue française le principal critère de l’obtention de la nationalité française.
LREM_2017,LREM_2017_1840,PRE,2017,LREM,Nous renforcerons l’apprentissage de notre langue pour les candidats à la naturalisation.
LREM_2017,LREM_2017_1841,PRE,2017,LREM,Quelle meilleure preuve de la volonté de quelqu’un de s’intégrer et de devenir français ?
LREM_2017,LREM_2017_1842,PRE,2017,LREM,"Nous examinerons les demandes d’asile en moins de 6 mois, recours compris."
LREM_2017,LREM_2017_1843,PRE,2017,LREM,C’est nécessaire pour accueillir dignement les réfugiés qui ont droit à la protection de la France.
LREM_2017,LREM_2017_1844,PRE,2017,LREM,Les autres seront reconduits sans délai vers leur pays afin qu’ils ne deviennent pas des immigrés clandestins.
LREM_2017,LREM_2017_1845,PRE,2017,LREM,Accélérer l’intégration.
LREM_2017,LREM_2017_1846,PRE,2017,LREM,Nous créerons des emplois francs pour encourager l’embauche des habitants des quartiers prioritaires de la politique de la ville.
LREM_2017,LREM_2017_1847,PRE,2017,LREM,"Quel que soit le lieu où elle se situe, une entreprise qui recrutera en CDI un habitant de l’un de ces quartiers bénéficiera d’une prime de 15 000 euros sur 3 ans : c’est comme si elle ne payait plus de charges !"
LREM_2017,LREM_2017_1848,PRE,2017,LREM,Nous ferons de la lutte contre la discrimination une priorité nationale.
LREM_2017,LREM_2017_1849,PRE,2017,LREM,"Nous développerons des opérations de contrôle aléatoires et imprévues à grande échelle, en matière d’accès à l’emploi ou au logement."
LREM_2017,LREM_2017_1850,PRE,2017,LREM,Les partenaires sociaux seront également mobilisés.
LREM_2017,LREM_2017_1851,PRE,2017,LREM,Une Europe et à la hauteur de nos espérances Une Europe protectrice et à la hauteur de nos espérances.
LREM_2017,LREM_2017_1852,PRE,2017,LREM,"Que de lâcheté et d’hypocrisie, quand on entend parler d’Europe !"
LREM_2017,LREM_2017_1853,PRE,2017,LREM,"Certains l’accusent de tous les maux, oubliant qu’ils ont eux-mêmes négocié et signé les traités et tous les textes qui en découlent."
LREM_2017,LREM_2017_1854,PRE,2017,LREM,D’autres prétendent rendre la France plus libre en sortant de l’Europe.
LREM_2017,LREM_2017_1855,PRE,2017,LREM,"Comme si nous avions plus de chances de peser seuls face à la Chine, à la Russie, aux États-Unis (mais aussi face à Google, Apple, Facebook et tous les géants du numérique) plutôt que rassemblés avec 500 millions d’Européens… Tous affaiblissent l’image de la France auprès de nos partenaires en prétendant vouloir « renverser la table »."
LREM_2017,LREM_2017_1856,PRE,2017,LREM,Un grand pays s’honore de tenir sa parole.
LREM_2017,LREM_2017_1857,PRE,2017,LREM,"Ce n’est pas la table qu’il faut renverser, c’est le cours de l’Europe."
LREM_2017,LREM_2017_1858,PRE,2017,LREM,"Nous devons faire chez nous ce que tous nos partenaires ont fait chez eux : remettre notre économie en mouvement et, dans l’intérêt de nos enfants, mieux gérer nos finances publiques."
LREM_2017,LREM_2017_1859,PRE,2017,LREM,"Mais l’Europe aussi doit changer : elle ne doit pas avoir pour mission de gérer une bureaucratie, mais de protéger notre présent et de préparer notre avenir."
LREM_2017,LREM_2017_1860,PRE,2017,LREM,"Elle doit donc nous protéger dès aujourd’hui, et investir pour demain !"
LREM_2017,LREM_2017_1861,PRE,2017,LREM,Nous construirons une Europe qui développe nos emplois et notre économie.
LREM_2017,LREM_2017_1862,PRE,2017,LREM,"Pour pouvoir investir beaucoup plus qu’aujourd’hui, nous voulons un budget de la zone euro voté par un Parlement de la zone euro et exécuté par un ministre de l’Économie et des Finances de la zone euro."
LREM_2017,LREM_2017_1863,PRE,2017,LREM,Nous lutterons contre les arrangements fiscaux entre États et entreprises multinationales.
LREM_2017,LREM_2017_1864,PRE,2017,LREM,"Ils faussent la concurrence en Europe, comme celui entre Apple et l’Irlande qui a été sanctionné."
LREM_2017,LREM_2017_1865,PRE,2017,LREM,La France se montrera exemplaire en ce domaine.
LREM_2017,LREM_2017_1866,PRE,2017,LREM,Nous réserverons l’accès aux marchés publics européens aux entreprises qui localisent au moins la moitié de leur production en Europe dans le cadre d’un Buy European Act.
LREM_2017,LREM_2017_1867,PRE,2017,LREM,Nous généraliserons Erasmus et l’étendrons aux apprentis. 200 000 étudiants et apprentis français partiront chaque année dans un pays de l’Union européenne.
LREM_2017,LREM_2017_1868,PRE,2017,LREM,Nous construirons une Europe qui nous protège.
LREM_2017,LREM_2017_1869,PRE,2017,LREM,"Nous proposerons avec l’Allemagne une Europe de la défense associant les pays volontaires, en créant un Fonds européen de défense qui financera des équipements militaires communs (comme les drones européens) et un Quartier Général européen permanent."
LREM_2017,LREM_2017_1870,PRE,2017,LREM,Nous construirons une Europe qui protège nos industries stratégiques.
LREM_2017,LREM_2017_1871,PRE,2017,LREM,Nous voulons un mécanisme de contrôle des investissements étrangers en Europe afin de préserver nos secteurs stratégiques.
LREM_2017,LREM_2017_1872,PRE,2017,LREM,"Dans la discussion du Brexit, nous défendrons l’intégrité du marché unique européen."
LREM_2017,LREM_2017_1873,PRE,2017,LREM,Toutes les entreprises qui y accèdent doivent être soumises aux mêmes disciplines.
LREM_2017,LREM_2017_1874,PRE,2017,LREM,Nous créerons un marché unique du numérique en Europe.
LREM_2017,LREM_2017_1875,PRE,2017,LREM,Un fonds de capital-risque permettra de financer le développement des start-ups européennes.
LREM_2017,LREM_2017_1876,PRE,2017,LREM,Nous créerons un marché unique de l’énergie en Europe.
LREM_2017,LREM_2017_1877,PRE,2017,LREM,Nous fixerons un prix plancher du carbone dans les pays de l’Union.
LREM_2017,LREM_2017_1878,PRE,2017,LREM,Nous donnerons la parole au peuple.
LREM_2017,LREM_2017_1879,PRE,2017,LREM,Nous proposerons des conventions citoyennes dans toute l’Europe dès la fin de l’année 2017 pour redonner un sens au projet européen.
LREM_2017,LREM_2017_1880,PRE,2017,LREM,Ces conventions aboutiront à un projet qui sera ensuite adopté par tous les pays qui le souhaitent.
LREM_2017,LREM_2017_1881,PRE,2017,LREM,Aucun État membre n’aura le pouvoir de bloquer cette nouvelle étape.
LREM_2017,LREM_2017_1882,PRE,2017,LREM,Faire plus pour ceux qui ont moins.
LREM_2017,LREM_2017_1883,PRE,2017,LREM,"Le plus insupportable, en France, c’est que plus on part du bas de l’échelle sociale, plus les obstacles s’accumulent : en matière d’éducation, de santé, de logement, d’accès à l’emploi, au crédit, ou aux vacances..."
LREM_2017,LREM_2017_1884,PRE,2017,LREM,"Et à l’inverse, plus on est haut dans la société, plus les barrières se lèvent d’elles-mêmes."
LREM_2017,LREM_2017_1885,PRE,2017,LREM,L’égalité ne consiste donc pas à faire pareil pour tout le monde : sinon on ne corrige pas toutes ces injustices !
LREM_2017,LREM_2017_1886,PRE,2017,LREM,"La vraie égalité consiste plutôt à faire plus pour ceux qui ont moins : les mères célibataires, les habitants des territoires abandonnés, les jeunes décrocheurs qui ont cessé d’aller à l’école, les seniors victimes d’un chômage de longue durée, et surtout les 9 millions de Français pauvres."
LREM_2017,LREM_2017_1887,PRE,2017,LREM,Il faut donc concentrer nos efforts là où ils sont les plus indispensables.
LREM_2017,LREM_2017_1888,PRE,2017,LREM,Plus pour nos aînés et les personnes modestes.
LREM_2017,LREM_2017_1889,PRE,2017,LREM,Nous augmenterons le minimum vieillesse de 100 euros par mois.
LREM_2017,LREM_2017_1890,PRE,2017,LREM,Nous créerons un versement social unique.
LREM_2017,LREM_2017_1891,PRE,2017,LREM,"Toutes les allocations sociales (APL, RSA…) seront versées le même jour du mois, un trimestre maximum après la constatation des revenus (contre jusqu’à 2 ans aujourd’hui)."
LREM_2017,LREM_2017_1892,PRE,2017,LREM,Nous créerons un « accélérateur » d’associations.
LREM_2017,LREM_2017_1893,PRE,2017,LREM,"Elles font un travail formidable, mais il est difficile pour elles de toucher tous leurs publics."
LREM_2017,LREM_2017_1894,PRE,2017,LREM,Cette nouvelle structure sera chargée de déployer sur l’ensemble du territoire et en moins de 5 ans les associations les plus utiles à notre société.
LREM_2017,LREM_2017_1895,PRE,2017,LREM,Plus pour la santé.
LREM_2017,LREM_2017_1896,PRE,2017,LREM,"Nous mettrons en place la prise en charge à 100% des lunettes et des prothèses auditives et dentaires d’ici 2022, en lien avec les mutuelles et l’ensemble des professionnels de santé."
LREM_2017,LREM_2017_1897,PRE,2017,LREM,"Nous consacrerons 5 milliards d’euros de notre Plan d’investissement à la santé, notamment à la transformation de notre médecine de ville et de nos hôpitaux."
LREM_2017,LREM_2017_1898,PRE,2017,LREM,Nous créerons un service sanitaire. 40 000 étudiants en santé consacreront 3 mois à des actions de prévention dans les écoles et les entreprises.
LREM_2017,LREM_2017_1899,PRE,2017,LREM,Nous renforcerons le droit à l’oubli pour les personnes ayant été malades.
LREM_2017,LREM_2017_1900,PRE,2017,LREM,"Au moment de souscrire un emprunt ou un contrat d’assurance, les malades de cancers et de l’hépatite C n’auront plus à le mentionner dès 5 ans après leur rémission (contre 10 ans aujourd’hui)."
LREM_2017,LREM_2017_1901,PRE,2017,LREM,Nous l’étendrons aussi à de nouvelles maladies.
LREM_2017,LREM_2017_1902,PRE,2017,LREM,Nous doublerons le nombre de maisons de santé.
LREM_2017,LREM_2017_1903,PRE,2017,LREM,"Pour lutter contre les déserts médicaux, ces maisons regrouperont des médecins, des infirmières, des orthophonistes, des kinésithérapeutes, des professionnels du sport… Plus pour les personnes en situation de handicap."
LREM_2017,LREM_2017_1904,PRE,2017,LREM,Nous donnerons accès à un(e) auxiliaire de vie scolaire à tous les enfants qui en ont besoin pour avoir une scolarité comme les autres.
LREM_2017,LREM_2017_1905,PRE,2017,LREM,Ces AVS auront un emploi stable et un salaire décent.
LREM_2017,LREM_2017_1906,PRE,2017,LREM,Nous augmenterons de 100 euros par mois l’Allocation Adulte Handicapé (AAH).
LREM_2017,LREM_2017_1907,PRE,2017,LREM,Rendre la vie des Français plus facile.
LREM_2017,LREM_2017_1908,PRE,2017,LREM,Des décennies d’accumulation de normes et de règlements ont rendu la vie de chacune et chacun plus compliquée au jour le jour.
LREM_2017,LREM_2017_1909,PRE,2017,LREM,"Que de temps perdu en démarches administratives, en renouvellement de papiers, ou à cause de la lenteur de nos procédures de justice !"
LREM_2017,LREM_2017_1910,PRE,2017,LREM,"Pour les entrepreneurs, c’est la même chose."
LREM_2017,LREM_2017_1911,PRE,2017,LREM,Certains passent plus de temps à lutter contre les contraintes administratives qu’à développer leur entreprise.
LREM_2017,LREM_2017_1912,PRE,2017,LREM,Les élus locaux aussi se heurtent à des normes qui évoluent tout le temps et qui coûtent de plus en plus cher.
LREM_2017,LREM_2017_1913,PRE,2017,LREM,"La justification de cette énorme accumulation de règles et d’obligations ne peut pas être seulement qu’elles ont toujours été là… De nouveaux outils, par exemple numériques, existent déjà ou apparaissent chaque année pour rendre les choses plus faciles."
LREM_2017,LREM_2017_1914,PRE,2017,LREM,"C’est donc une révolution culturelle qu’il faut mener, notamment dans nos administrations."
LREM_2017,LREM_2017_1915,PRE,2017,LREM,Nous créerons un droit à l’erreur pour tous.
LREM_2017,LREM_2017_1916,PRE,2017,LREM,"Le coeur de la mission de l’administration ne sera plus la sanction mais le conseil et l’accompagnement, sauf en matière pénale, ou lorsque la sécurité est engagée."
LREM_2017,LREM_2017_1917,PRE,2017,LREM,"Par exemple, aujourd’hui, un employeur qui oublie de déclarer à l’URSSAF la prime de Noël qu’il verse à ses salariés est condamné à une amende."
LREM_2017,LREM_2017_1918,PRE,2017,LREM,Il pourra demain faire valoir son droit à l’erreur.
LREM_2017,LREM_2017_1919,PRE,2017,LREM,"Aujourd’hui, des grands-parents qui hébergent leur petite-fille parce qu’elle vient de trouver un emploi près de chez eux doivent la déclarer à la CAF sous peine de perdre une partie de leurs allocations logement et de payer des pénalités."
LREM_2017,LREM_2017_1920,PRE,2017,LREM,Ils pourront demain faire valoir leur droit à l’erreur et ne plus payer de pénalités.
LREM_2017,LREM_2017_1921,PRE,2017,LREM,Nous passerons à la vitesse supérieure en ce qui concerne la numérisation de l’administration.
LREM_2017,LREM_2017_1922,PRE,2017,LREM,"Tous les renouvellements de documents officiels (carte d’identité, passeport, carte grise, etc.) devront pouvoir se faire en ligne, sans nécessité de se déplacer."
LREM_2017,LREM_2017_1923,PRE,2017,LREM,Les horaires d’ouverture des services publics seront par ailleurs élargis aux soirées et au samedi pour s’adapter aux nouveaux modes de vie des Français.
LREM_2017,LREM_2017_1924,PRE,2017,LREM,Nous donnerons aux préfets la capacité d’adapter l’organisation des services de l’État aux besoins de chaque région et département.
LREM_2017,LREM_2017_1925,PRE,2017,LREM,"Nous ne rajouterons aucune norme nationale aux normes européennes dans les secteurs agricole, maritime et de la pêche."
LREM_2017,LREM_2017_1926,PRE,2017,LREM,"Tous les services publics accueillant du public (hôpital, école, tribunal, CAF, etc.) seront tenus d’afficher leurs résultats en termes de qualité de service (ex : temps d’attente, taux de satisfaction, etc.)"
LREM_2017,LREM_2017_1927,PRE,2017,LREM,Nous établirons dans chaque département un tribunal de première instance qui sera le guichet unique permettant un accès facilité au juge.
LREM_2017,LREM_2017_1928,PRE,2017,LREM,Nous ne fermerons aucun site.
LREM_2017,LREM_2017_1929,PRE,2017,LREM,Nous raccourcirons les délais de jugement pour les litiges inférieurs à 4000 euros.
LREM_2017,LREM_2017_1930,PRE,2017,LREM,La procédure les concernant sera entièrement dématérialisée et la décision sera rendue en ligne.
LREM_2017,LREM_2017_1931,PRE,2017,LREM,Une démocratie rénovée.
LREM_2017,LREM_2017_1932,PRE,2017,LREM,"Année après année, le regard que nous portons sur notre classe politique se dégrade sans que rien ne change vraiment."
LREM_2017,LREM_2017_1933,PRE,2017,LREM,Il est faux de prétendre que rien n’a été fait pour tenter de retisser un lien de confiance entre la Nation et ses représentants.
LREM_2017,LREM_2017_1934,PRE,2017,LREM,Mais ce n’est pas assez.
LREM_2017,LREM_2017_1935,PRE,2017,LREM,"Des pratiques que l’on pensait impossibles, parce qu’elles sont à l’évidence inacceptables, sont en réalité répandues – comme l’embauche par les élus de membres de leur propre famille."
LREM_2017,LREM_2017_1936,PRE,2017,LREM,"Le soupçon s’est installé, qui nourrit les extrêmes et affaiblit notre vie politique."
LREM_2017,LREM_2017_1937,PRE,2017,LREM,Il faut donc aller plus loin dans la transparence et l’exigence.
LREM_2017,LREM_2017_1938,PRE,2017,LREM,Mais il faut aussi avoir le courage d’aller plus loin vers la confiance et la proximité.
LREM_2017,LREM_2017_1939,PRE,2017,LREM,"Nos représentants nous ressemblent trop peu… La France est en effet peuplée pour une bonne moitié de femmes, pour un bon quart de jeunes, pour un bon cinquième de Français d’origine étrangère plus ou moins lointaine… Or ces visages, cette diversité, ces parcours différents, nous ne les retrouvons pas assez sur les bancs du Parlement !"
LREM_2017,LREM_2017_1940,PRE,2017,LREM,Nous proposerons une grande loi de moralisation de la vie publique.
LREM_2017,LREM_2017_1941,PRE,2017,LREM,"Elle comprendra : L’interdiction pour les parlementaires d’exercer des activités de conseil parallèlement à leur mandat, pour mettre fin aux conflits d’intérêt."
LREM_2017,LREM_2017_1942,PRE,2017,LREM,Toutes leurs indemnités seront soumises à l’impôt.
LREM_2017,LREM_2017_1943,PRE,2017,LREM,L’interdiction de toute embauche par un élu ou un ministre d’un membre de sa famille.
LREM_2017,LREM_2017_1944,PRE,2017,LREM,L’interdiction du cumul de plus de trois mandats identiques successifs.
LREM_2017,LREM_2017_1945,PRE,2017,LREM,L’interdiction pour tous les détenteurs d’un casier judiciaire (niveau B2) de se présenter à une élection.
LREM_2017,LREM_2017_1946,PRE,2017,LREM,La suppression du régime spécial des retraites des parlementaires.
LREM_2017,LREM_2017_1947,PRE,2017,LREM,Ils seront rattachés au régime général.
LREM_2017,LREM_2017_1948,PRE,2017,LREM,"La présentation, par le président de la République, de son bilan national et européen une fois par an devant le Congrès."
LREM_2017,LREM_2017_1949,PRE,2017,LREM,Nous améliorerons le renouvellement et le pluralisme de notre vie politique.
LREM_2017,LREM_2017_1950,PRE,2017,LREM,Nous réduirons d’environ un tiers le nombre de députés et de sénateurs.
LREM_2017,LREM_2017_1951,PRE,2017,LREM,Ils disposeront de moyens supplémentaires pour faire leur travail.
LREM_2017,LREM_2017_1952,PRE,2017,LREM,Nous obligerons les formations politiques à respecter la parité dans la présentation de leurs candidats.
LREM_2017,LREM_2017_1953,PRE,2017,LREM,Et nous diminuerons le financement public des formations politiques qui auront une représentation déséquilibrée en termes de parité.
LREM_2017,LREM_2017_1954,PRE,2017,LREM,Nous ferons de la procédure d’urgence la procédure par défaut d’examen des textes législatifs afin d’accélérer le travail parlementaire.
LREM_2017,LREM_2017_1955,PRE,2017,LREM,"Nous entamerons une rénovation du fonctionnement parlementaire en limitant le nombre de mois pendant lesquels le Parlement légifère et en réservant plus de temps à l’évaluation et au contrôle de l’action du gouvernement, en s’appuyant sur les travaux de la Cour des comptes."
LREM_2017,LREM_2017_1956,PRE,2017,LREM,Nous développerons la participation des citoyens.
LREM_2017,LREM_2017_1957,PRE,2017,LREM,"Nous demanderons aux parlementaires de mettre en place des dispositifs innovants d’évaluation du travail parlementaire et législatif (jurys citoyens, compte-rendus de mandat via les réseaux sociaux...)."
LREM_2017,LREM_2017_1958,PRE,2017,LREM,"Nous encouragerons les communes à développer les budgets participatifs, c’est-à-dire à consulter directement les citoyens sur l’utilisation de l’argent public."
LREM_2017,LREM_2017_1959,PRE,2017,LREM,"Les territoires qui font notre France Beaucoup de nos territoires se sentent progressivement délaissés, voire abandonnés."
LREM_2017,LREM_2017_1960,PRE,2017,LREM,"À côté de la France des métropoles, où beaucoup réussissent, il y a des quartiers et des banlieues populaires où tout est plus dur et plus compliqué, même s’ils ne sont qu’à quelques kilomètres de distance."
LREM_2017,LREM_2017_1961,PRE,2017,LREM,"De nombreux Français se sont installés un peu plus loin, pour chercher un logement un peu moins cher ou un peu plus spacieux, mais ils doivent affronter des distances toujours plus grandes pour trouver un emploi, mettre leurs enfants à l’école, se faire soigner ou accéder à des loisirs de qualité."
LREM_2017,LREM_2017_1962,PRE,2017,LREM,Il y a la France de la ruralité.
LREM_2017,LREM_2017_1963,PRE,2017,LREM,Elle est dépositaire d’une part de notre identité.
LREM_2017,LREM_2017_1964,PRE,2017,LREM,Et nous n’avons pas le droit de laisser mourir certains territoires comme beaucoup de nos paysans en ont parfois le sentiment.
LREM_2017,LREM_2017_1965,PRE,2017,LREM,Il y a la France des Outre-mer.
LREM_2017,LREM_2017_1966,PRE,2017,LREM,"Grâce à elle, nous sommes présents à travers le monde."
LREM_2017,LREM_2017_1967,PRE,2017,LREM,"Mais trop souvent, nous ne la considérons pas à sa juste valeur."
LREM_2017,LREM_2017_1968,PRE,2017,LREM,Nous sommes fiers de tous ces territoires.
LREM_2017,LREM_2017_1969,PRE,2017,LREM,À égalité.
LREM_2017,LREM_2017_1970,PRE,2017,LREM,Car tous ont des atouts pour réussir.
LREM_2017,LREM_2017_1971,PRE,2017,LREM,Ensemble.
LREM_2017,LREM_2017_1972,PRE,2017,LREM,Nous exonérerons de la taxe d’habitation tous les Français des classes moyennes et populaires (soit 80% des ménages).
LREM_2017,LREM_2017_1973,PRE,2017,LREM,C’est un impôt injuste : on paye souvent beaucoup plus quand on vit dans une commune populaire que dans une commune riche.
LREM_2017,LREM_2017_1974,PRE,2017,LREM,"Dès 2020, 4 Français sur 5 ne paieront plus la taxe d’habitation, et l’État remboursera entièrement auprès des communes leur manque à gagner, à l’euro près, en préservant leur autonomie fiscale."
LREM_2017,LREM_2017_1975,PRE,2017,LREM,Nous couvrirons en très haut débit ou en fibre l’ensemble du territoire.
LREM_2017,LREM_2017_1976,PRE,2017,LREM,"Ce sera fait d’ici la fin du prochain quinquennat, pour ne laisser aucun territoire à la traîne de la transition numérique."
LREM_2017,LREM_2017_1977,PRE,2017,LREM,"Les opérateurs téléphoniques doubleront la couverture mobile en zone rurale pour réduire les zones sans réseau, et l’État prendra ses responsabilités partout où cela est nécessaire."
LREM_2017,LREM_2017_1978,PRE,2017,LREM,Nous réduirons le millefeuille administratif.
LREM_2017,LREM_2017_1979,PRE,2017,LREM,"Nous supprimerons au moins un quart des départements, là où ils peuvent être rapprochés de l’une de nos grandes métropoles."
LREM_2017,LREM_2017_1980,PRE,2017,LREM,Nous accélérerons la construction de logements là où c’est nécessaire.
LREM_2017,LREM_2017_1981,PRE,2017,LREM,Nous mettrons en place des procédures accélérées dans les zones où le logement coûte trop cher.
LREM_2017,LREM_2017_1982,PRE,2017,LREM,Cela permettra de construire plus vite des logements et de faire baisser les prix de l’immobilier.
LREM_2017,LREM_2017_1983,PRE,2017,LREM,Nous réformerons radicalement notre politique des transports.
LREM_2017,LREM_2017_1984,PRE,2017,LREM,"Car l’enjeu n’est plus de construire partout des autoroutes, des aéroports et des lignes de TGV."
LREM_2017,LREM_2017_1985,PRE,2017,LREM,"C’est, grâce à notre Plan d’investissement, de moderniser les réseaux existants et de développer de nouveaux services pour que tous les territoires soient raccordés efficacement aux lieux de travail, d’éducation, de culture ou de soins."
LREM_2017,LREM_2017_1986,PRE,2017,LREM,Nous lancerons un Plan de Transition Agricole de 5 milliards d’euros.
LREM_2017,LREM_2017_1987,PRE,2017,LREM,"Il soutiendra tous les projets de montée en gamme des exploitations, d’adaptation aux normes environnementales et de bien-être animal."
LREM_2017,LREM_2017_1988,PRE,2017,LREM,Nous développerons la continuité territoriale au profit des Outre-mer.
LREM_2017,LREM_2017_1989,PRE,2017,LREM,"D’ici la fin du quinquennat, nous proposerons chaque année aux ultra-marins au moins 200 000 billets d’avion à prix aidé en particulier pour les étudiants et les entrepreneurs pour leur mobilité entre les Outre-mer et l’Hexagone, et dans leur environnement régional."
LREM_2017,LREM_2017_1990,PRE,2017,LREM,Nous installerons en Outre-mer l’Agence Française pour la biodiversité.
LREM_2017,LREM_2017_1991,PRE,2017,LREM,Nous permettrons aux collectivités d’Outre-mer de modifier la réglementation de droit commun pour l’adapter à leur situation particulière.
LREM_2017,LREM_2017_1992,PRE,2017,LREM,Sérieux et responsabilité.
LREM_2017,LREM_2017_1993,PRE,2017,LREM,Nous savons tous que l’État est lourdement endetté.
LREM_2017,LREM_2017_1994,PRE,2017,LREM,Il n’y a pas de politique qui vaille sans responsabilité budgétaire.
LREM_2017,LREM_2017_1995,PRE,2017,LREM,C’est pour cela qu’il faut RÉDUIRE NOS DÉFICITS.
LREM_2017,LREM_2017_1996,PRE,2017,LREM,La France s’y est engagée mais c’est surtout un devoir à l’égard des générations futures.
LREM_2017,LREM_2017_1997,PRE,2017,LREM,"La première exigence, c’est de respecter cet engagement envers les Français."
LREM_2017,LREM_2017_1998,PRE,2017,LREM,"Nous effectuerons donc 60 milliards d’économies, en responsabilisant les ministres sur leurs objectifs de réduction des dépenses."
LREM_2017,LREM_2017_1999,PRE,2017,LREM,"La deuxième exigence, c’est de FAIRE DES CHOIX : cibler un petit nombre de dépenses prioritaires (l’éducation, la défense, la sécurité et la justice) et sélectionner les baisses de prélèvements qui créeront de l’activité économique et de l’emploi."
LREM_2017,LREM_2017_2000,PRE,2017,LREM,"Nos baisses d’impôts seront réparties de manière juste entre les ménages et les entreprises, et seront financées par nos économies."
LREM_2017,LREM_2017_2001,PRE,2017,LREM,Nous mettrons fin à l’instabilité fiscale.
LREM_2017,LREM_2017_2002,PRE,2017,LREM,Une loi d’orientation votée en 2017 fixera pour 5 ans l’évolution de la fiscalité sur le quinquennat.
LREM_2017,LREM_2017_2003,PRE,2017,LREM,Nous ne réformerons pas plusieurs fois un même impôt dans le quinquennat.
LREM_2017,LREM_2017_2004,PRE,2017,LREM,"La troisième exigence, c’est de RENOUER AVEC L’EXCELLENCE DE NOS SERVICES PUBLICS."
LREM_2017,LREM_2017_2005,PRE,2017,LREM,"Nous sommes attachés à notre hôpital, à notre école."
LREM_2017,LREM_2017_2006,PRE,2017,LREM,"Nous voulons qu’ils redeviennent les meilleurs, pour que nos agents publics soient respectés à leur juste valeur."
LREM_2017,LREM_2017_2007,PRE,2017,LREM,"Nous voulons un État agile, concentré sur les priorités du pays, qui s’adapte à nos besoins et à nos modes de vie."
LREM_2017,LREM_2017_2008,PRE,2017,LREM,"Efficacité, simplicité, adaptabilité : c’est aussi comme cela que nous ferons des économies."
LREM_2017,LREM_2017_2009,PRE,2017,LREM,"La quatrième exigence, c’est d’INVESTIR POUR TRANSFORMER."
LREM_2017,LREM_2017_2010,PRE,2017,LREM,"À l’heure du numérique, de la transition écologique, de la révolution des compétences, c’est la condition pour dépenser moins et mieux demain : former les chômeurs plutôt qu’attendre que l’économie aille mieux ; isoler les bâtiments plutôt que de trop dépenser en chauffage ; et moderniser l’agriculture plutôt que de payer des aides d’urgence."
LREM_2017,LREM_2017_2011,PRE,2017,LREM,Nous en tirerons rapidement les fruits.
LREM_2017,LREM_2017_2012,PRE,2017,LREM,Découvrez toutes les propositions d’Emmanuel Macron sur en-marche/fr. 1er tour de l’élection présidentielle : dimanche 23 avril 2017.
LREM_2017,LREM_2017_2013,PRE,2017,LREM,Déjà 200 000 adhérents.
LREM_2017,LREM_2017_2014,PRE,2017,LREM,À vous de marcher !
LREM_2017,LREM_2017_2015,PRE,2017,LREM,Faites une procuration : en-marche.fr/procuration.
LR_2017,LR_2017_2016,PRE,2017,LR,POUR LA FRANCE MON PROJET FRANÇOIS FILLON.
LR_2017,LR_2017_2017,PRE,2017,LR,MON PROJET POUR LA FRANCE C’EST URGENT.
LR_2017,LR_2017_2018,PRE,2017,LR,"C’EST POUR VOUS, C’EST POUR VOS ENFANTS C’EST POUR LA FRANCE Compétitivité."
LR_2017,LR_2017_2019,PRE,2017,LR,Droit du travail.
LR_2017,LR_2017_2020,PRE,2017,LR,"Assurance chômage, formation professionnelle."
LR_2017,LR_2017_2021,PRE,2017,LR,Retraites.
LR_2017,LR_2017_2022,PRE,2017,LR,Emploi des jeunes.
LR_2017,LR_2017_2023,PRE,2017,LR,Entreprises et entrepreneuriat.
LR_2017,LR_2017_2024,PRE,2017,LR,Travail indépendant.
LR_2017,LR_2017_2025,PRE,2017,LR,Numérique.
LR_2017,LR_2017_2026,PRE,2017,LR,Agriculture.
LR_2017,LR_2017_2027,PRE,2017,LR,Fonctions publiques.
LR_2017,LR_2017_2028,PRE,2017,LR,Réforme de l’Etat.
LR_2017,LR_2017_2029,PRE,2017,LR,Pouvoir d’achat et fiscalité.
LR_2017,LR_2017_2030,PRE,2017,LR,Famille.
LR_2017,LR_2017_2031,PRE,2017,LR,Femmes.
LR_2017,LR_2017_2032,PRE,2017,LR,Éducation.
LR_2017,LR_2017_2033,PRE,2017,LR,Enseignement supérieur et recherche.
LR_2017,LR_2017_2034,PRE,2017,LR,Santé.
LR_2017,LR_2017_2035,PRE,2017,LR,Handicap.
LR_2017,LR_2017_2036,PRE,2017,LR,Perte d’autonomie.
LR_2017,LR_2017_2037,PRE,2017,LR,Allocation sociale unique.
LR_2017,LR_2017_2038,PRE,2017,LR,Solidarité et lutte contre la pauvreté.
LR_2017,LR_2017_2039,PRE,2017,LR,Logement.
LR_2017,LR_2017_2040,PRE,2017,LR,Politique de la ville.
LR_2017,LR_2017_2041,PRE,2017,LR,Ruralité.
LR_2017,LR_2017_2042,PRE,2017,LR,Chasse.
LR_2017,LR_2017_2043,PRE,2017,LR,"Environnement, énergie et transport."
LR_2017,LR_2017_2044,PRE,2017,LR,Mer.
LR_2017,LR_2017_2045,PRE,2017,LR,Sécurité.
LR_2017,LR_2017_2046,PRE,2017,LR,Justice.
LR_2017,LR_2017_2047,PRE,2017,LR,Défense.
LR_2017,LR_2017_2048,PRE,2017,LR,Institutions.
LR_2017,LR_2017_2049,PRE,2017,LR,Immigration.
LR_2017,LR_2017_2050,PRE,2017,LR,Laïcité.
LR_2017,LR_2017_2051,PRE,2017,LR,Politique étrangère.
LR_2017,LR_2017_2052,PRE,2017,LR,Politique européenne.
LR_2017,LR_2017_2053,PRE,2017,LR,Français de l’étranger.
LR_2017,LR_2017_2054,PRE,2017,LR,Outre-mer.
LR_2017,LR_2017_2055,PRE,2017,LR,Culture.
LR_2017,LR_2017_2056,PRE,2017,LR,Sports.
LR_2017,LR_2017_2057,PRE,2017,LR,CADRAGE ÉCONOMIQUE.
LR_2017,LR_2017_2058,PRE,2017,LR,Mon projet pour la France.
LR_2017,LR_2017_2059,PRE,2017,LR,"Lorsque nous regardons le passé, nous voyons des générations d’hommes et de femmes qui se sont battues pour la liberté et pour le progrès."
LR_2017,LR_2017_2060,PRE,2017,LR,"Lorsque je regarde l’avenir, je vois, à leur image, la France en tête, la France au sommet."
LR_2017,LR_2017_2061,PRE,2017,LR,"Pendant ces quatre dernières années, en métropole, dans les Outre-mer, j’ai sillonné les routes, et j’ai pris le temps d’écouter tous ceux que j’ai rencontrés : exploitants agricoles, entrepreneurs, ouvriers, professions libérales, fonctionnaires, familles, enseignants, professionnels de santé, agents des forces de l’ordre, militaires, retraités, acteurs engagés dans les associations."
LR_2017,LR_2017_2062,PRE,2017,LR,"Le génie français est toujours là, intact dans son inventivité et son audace, mais notre système est complètement bloqué."
LR_2017,LR_2017_2063,PRE,2017,LR,"La colère monte : contre la bureaucratie, contre l’insécurité, contre la précarité, contre la dissolution des valeurs françaises, contre le déclin."
LR_2017,LR_2017_2064,PRE,2017,LR,"Il émane de notre pays une demande de liberté, d’autorité et de fierté."
LR_2017,LR_2017_2065,PRE,2017,LR,Je suis porté par ce message.
LR_2017,LR_2017_2066,PRE,2017,LR,"L’état d’urgence est partout, économique, social, financier, écologique, européen, militaire aussi, face au totalitarisme islamique."
LR_2017,LR_2017_2067,PRE,2017,LR,Le temps n’est plus aux demi-mesures.
LR_2017,LR_2017_2068,PRE,2017,LR,Mon projet est puissant et conquérant : c’est celui du redressement national.
LR_2017,LR_2017_2069,PRE,2017,LR,"Il est réaliste et sincère, il ne cède pas à la démagogie et aux illusions ; son financement est cadré."
LR_2017,LR_2017_2070,PRE,2017,LR,"Je l’ai bâti avec un millier de contributeurs, acteurs de la société civile, parlementaires et experts."
LR_2017,LR_2017_2071,PRE,2017,LR,Mon objectif est clair : je veux que nous retrouvions le plein emploi et que dans 10 ans la France soit la première puissance européenne.
LR_2017,LR_2017_2072,PRE,2017,LR,L’urgence est de libérer notre force économique qui étouffe sous les normes et les charges.
LR_2017,LR_2017_2073,PRE,2017,LR,Cette libération sera le tremplin de l’emploi.
LR_2017,LR_2017_2074,PRE,2017,LR,"Il faut restaurer massivement la compétitivité de nos entreprises et desserrer les contraintes qui les étouffent; il faut radicalement moderniser notre marché de l’emploi ; encourager l’investissement et en particulier l’investissement français ; il faut défendre nos industries, et apporter un soutien particulier à notre agriculture qui souffre."
LR_2017,LR_2017_2075,PRE,2017,LR,"Il faut, en parallèle, redonner à l’Etat sa force d’intervention, et aux agents publics leur fierté."
LR_2017,LR_2017_2076,PRE,2017,LR,"La bureaucratie doit faire place à une action publique innovante, permettant de redresser les comptes publics dont l’équilibre est la clé de notre souveraineté et de notre solidarité."
LR_2017,LR_2017_2077,PRE,2017,LR,"Mon projet est pour chaque Français, pour nos enfants."
LR_2017,LR_2017_2078,PRE,2017,LR,"Je veux restaurer la cohésion et l’égalité des chances, reconstruire nos solidarités."
LR_2017,LR_2017_2079,PRE,2017,LR,Il faut refonder l’école.
LR_2017,LR_2017_2080,PRE,2017,LR,Elle est devenue un laboratoire d’expérimentations hasardeuses.
LR_2017,LR_2017_2081,PRE,2017,LR,Je veux le retour du bon sens à l’école.
LR_2017,LR_2017_2082,PRE,2017,LR,La famille doit être défendue dans ses valeurs et dans ses moyens.
LR_2017,LR_2017_2083,PRE,2017,LR,"Elle doit être encouragée, aidée lorsqu’elle accueille le handicap."
LR_2017,LR_2017_2084,PRE,2017,LR,Je veux protéger les droits de l’enfant.
LR_2017,LR_2017_2085,PRE,2017,LR,Il faut repenser notre système de santé fondé sur la solidarité qu’incarne la Sécurité sociale.
LR_2017,LR_2017_2086,PRE,2017,LR,Je veux assurer l’accès de tous à une santé d’excellence.
LR_2017,LR_2017_2087,PRE,2017,LR,Une société plus solidaire proscrit les inégalités qui subsistent entre les femmes et les hommes.
LR_2017,LR_2017_2088,PRE,2017,LR,Elle combat la pauvreté et l’exclusion.
LR_2017,LR_2017_2089,PRE,2017,LR,"C’est une société qui rémunère plus le travail et soutient les retraités, qui offre des filets de sécurité à ceux que les accidents de la vie poussent un jour sur le bord du chemin."
LR_2017,LR_2017_2090,PRE,2017,LR,"Dans notre France, tous les espaces, toutes les énergies comptent, en ville comme dans le monde rural, que ce soit pour l’accès au numérique ou pour le logement."
LR_2017,LR_2017_2091,PRE,2017,LR,"Aimer sa patrie, c’est prendre soin de son patrimoine, de son environnement."
LR_2017,LR_2017_2092,PRE,2017,LR,Mon projet est pour la France ; une France qui fait respecter l’ordre et ses valeurs ; une France qui se respecte elle-même ; une France influente et souveraine.
LR_2017,LR_2017_2093,PRE,2017,LR,L’ordre a trop souvent été mis à mal ces dernières années.
LR_2017,LR_2017_2094,PRE,2017,LR,Pas de liberté sans sécurité.
LR_2017,LR_2017_2095,PRE,2017,LR,L’Etat doit rétablir son autorité.
LR_2017,LR_2017_2096,PRE,2017,LR,"Nos policiers, nos gendarmes et nos pompiers sont courageux et engagés."
LR_2017,LR_2017_2097,PRE,2017,LR,"C’est un changement de culture que je propose, qui allie fermeté et justice : le respect des forces de sécurité, concentrées sur leurs missions et déchargées de la bureaucratie ; la fin du laxisme et de l’excuse pénale pour que chacun assume la responsabilité de ses actes ; la lutte sans pitié contre le totalitarisme islamique."
LR_2017,LR_2017_2098,PRE,2017,LR,La France unie commande de limiter l’immigration à son strict minimum afin que nos capacités d’intégration ne soient plus débordées.
LR_2017,LR_2017_2099,PRE,2017,LR,Il faut retrouver la fierté nationale.
LR_2017,LR_2017_2100,PRE,2017,LR,La France doit raffermir son identité et rayonner audelà de ses frontières.
LR_2017,LR_2017_2101,PRE,2017,LR,Nous avons trop souvent douté de nous-mêmes alors que peu de nations sont assises sur un socle aussi riche et aussi ancien que le nôtre.
LR_2017,LR_2017_2102,PRE,2017,LR,Le relativisme culturel et la culpabilisation ont réussi à insinuer le doute sur nos valeurs et sur notre histoire.
LR_2017,LR_2017_2103,PRE,2017,LR,Nous devons au contraire être une nation rassemblée et sûre d’elle-même.
LR_2017,LR_2017_2104,PRE,2017,LR,Il ne faut rien renier de notre héritage et de nos racines.
LR_2017,LR_2017_2105,PRE,2017,LR,"Nous sommes un pays avec une histoire, avec des traditions, avec une culture française."
LR_2017,LR_2017_2106,PRE,2017,LR,"Si la France assume d’être la France, alors elle pourra parler d’une voix claire et retrouver le chemin de la grandeur."
LR_2017,LR_2017_2107,PRE,2017,LR,"Elle pourra retrouver sa place particulière, indépendante, dans le concert international et insuffler une nouvelle dynamique dans sa relation avec l’Allemagne."
LR_2017,LR_2017_2108,PRE,2017,LR,Il faut relancer et rebâtir l’Europe.
LR_2017,LR_2017_2109,PRE,2017,LR,"Elle doit être moins technocratique, moins uniforme, plus efficace et plus protectrice face aux puissances du monde."
LR_2017,LR_2017_2110,PRE,2017,LR,"Mon projet est précis, appuyé sur une méthode de gouvernement : l’annonce, en amont, des défis à relever et la préparation dans le détail des plus grandes réformes ; la formation d’une équipe commando associant des compétences de la société civile ; une action rapide dès les premières semaines du quinquennat."
LR_2017,LR_2017_2111,PRE,2017,LR,"J’en ai l’intime conviction, avec des réformes puissantes et ciblées notre nation peut se relancer rapidement."
LR_2017,LR_2017_2112,PRE,2017,LR,La France est énergique et talentueuse.
LR_2017,LR_2017_2113,PRE,2017,LR,Changeons de système et de logiciel et rien ne pourra l’arrêter.
LR_2017,LR_2017_2114,PRE,2017,LR,C’EST URGENT MON PROJET POUR LA FRANCE COMPÉTITIVITÉ.
LR_2017,LR_2017_2115,PRE,2017,LR,"Contre le chômage qui touche près de 6 millions de nos compatriotes, contre la croissance molle et la désindustrialisation, la France a tout essayé… sauf ce qui marche, partout ailleurs."
LR_2017,LR_2017_2116,PRE,2017,LR,"Et ce qui marche dans les autres pays, c’est une politique économique qui place les entreprises au coeur de la croissance, et qui leur donne les moyens de se développer et de créer des emplois."
LR_2017,LR_2017_2117,PRE,2017,LR,"C’est parce qu’elle réalise des bénéfices qu’une entreprise peut investir, innover, gagner des parts de marché, et donc créer des emplois."
LR_2017,LR_2017_2118,PRE,2017,LR,"Voilà pourquoi il faut continuer à réduire les charges sociales et les impôts des entreprises : non pas pour leur faire des «cadeaux», mais pour favoriser l’investissement, l’innovation et la création d’emplois."
LR_2017,LR_2017_2119,PRE,2017,LR,Je veux ainsi réduire massivement les charges sociales et fiscales qui pèsent sur la compétitivité.
LR_2017,LR_2017_2120,PRE,2017,LR,"Cela représente 35 Mds€ en faveur des entreprises : 25 Mds€ au travers d’une baisse des charges sociales et des impôts qui pèsent sur la production, et 10 Mds€ au travers d’une baisse de l’impôt sur les sociétés."
LR_2017,LR_2017_2121,PRE,2017,LR,"Par ailleurs, la suppression de l’ISF porte ces allégements à 40 Mds€."
LR_2017,LR_2017_2122,PRE,2017,LR,Cela représente plus que l’ensemble des dépenses de R&D des entreprises (30 Mds€) ou 15% de leurs dépenses d’investissement (260 Mds€) : de quoi redonner un nouveau souffle à l’économie française !
LR_2017,LR_2017_2123,PRE,2017,LR,Simplifier et renforcer les allègements de charges sociales pour réduire le coût du travail et créer des emplois.
LR_2017,LR_2017_2124,PRE,2017,LR,"Renforcer les allègements existants par un nouvel allègement de charges sociales et d’impôts de production, de 25 Mds€, portant sur tous les salaires, pour redonner un nouveau souffle à l’économie française."
LR_2017,LR_2017_2125,PRE,2017,LR,Cet allègement montera progressivement en charge jusqu’en 2020.
LR_2017,LR_2017_2126,PRE,2017,LR,"Transformer le CICE qui est un crédit d’impôt complexe, en baisse des charges patronales pour un montant équivalent, durable et lisible."
LR_2017,LR_2017_2127,PRE,2017,LR,Réduire l’impôt sur les sociétés et stabiliser la loi fiscale pour renforcer l’attractivité de la France et créer des emplois.
LR_2017,LR_2017_2128,PRE,2017,LR,Alléger l’impôt sur les sociétés (IS) pour renforcer la compétitivité de nos entreprises et la création d’emplois en France.
LR_2017,LR_2017_2129,PRE,2017,LR,Les contributions additionnelles à l’IS seront supprimées en 2018 et le taux d’IS sera diminué progressivement pour atteindre environ 25% au terme du quinquennat.
LR_2017,LR_2017_2130,PRE,2017,LR,Cette mesure représente un effort de l’ordre de 10 Mds€ et permettra de tendre vers le taux moyen de l’Union européenne.
LR_2017,LR_2017_2131,PRE,2017,LR,"Prolonger jusqu’en 2019 le dispositif de suramortissement exceptionnel des investissements, pour soutenir l’investissement et la trésorerie des entreprises industrielles."
LR_2017,LR_2017_2132,PRE,2017,LR,"Stabiliser et rendre lisible notre politique fiscale pendant cinq ans, après avoir annoncé les grandes mesures fiscales du quinquennat, pour donner de la lisibilité aux acteurs économiques."
LR_2017,LR_2017_2133,PRE,2017,LR,DROIT DU TRAVAIL.
LR_2017,LR_2017_2134,PRE,2017,LR,Je veux faire disparaître la peur d’embaucher.
LR_2017,LR_2017_2135,PRE,2017,LR,"Pour cela, il faut d’abord clarifier et sécuriser les règles qui régissent le contrat de travail et sa rupture."
LR_2017,LR_2017_2136,PRE,2017,LR,"Contraignantes pour l’employeur, peu protectrices pour les salariés, empreintes d’une forte insécurité juridique, elles contribuent à rigidifier le marché du travail, à freiner les recrutements et à privilégier le recours aux CDD souvent très courts : 9 embauches sur 10 se font aujourd’hui en CDD."
LR_2017,LR_2017_2137,PRE,2017,LR,La priorité doit être désormais de faciliter les recrutements dans le cadre de contrats stables.
LR_2017,LR_2017_2138,PRE,2017,LR,"Je veux redonner la priorité au dialogue social et étendre la place accordée à la négociation collective, et d’abord au niveau de l’entreprise."
LR_2017,LR_2017_2139,PRE,2017,LR,"Pour cela, il nous faut rénover en profondeur notre droit du travail (qui doit devenir plus simple, plus lisible et plus sûr et laisser plus de place à l’accord collectif) et les modalités du dialogue social."
LR_2017,LR_2017_2140,PRE,2017,LR,"Cette rénovation du dialogue social se fera, dans la concertation, à partir de l’été 2017."
LR_2017,LR_2017_2141,PRE,2017,LR,Je veux lever enfin le verrou des 35 heures.
LR_2017,LR_2017_2142,PRE,2017,LR,"Cette utopie, qui est restée une exception française, doit être abandonnée."
LR_2017,LR_2017_2143,PRE,2017,LR,"Pour renouer avec la compétitivité et pour remobiliser la force de travail, je donnerai la priorité à la négociation collective pour trouver, dans l’entreprise, les moyens les plus efficaces pour augmenter la durée effective du travail et en définir les contreparties salariales."
LR_2017,LR_2017_2144,PRE,2017,LR,Faire disparaître la peur d’embaucher.
LR_2017,LR_2017_2145,PRE,2017,LR,"Faciliter les recrutements dans les petites entreprises à travers une rénovation du contrat de travail (contrat de mission pour une durée limitée, contrat à causes de rupture prédéfinies…)."
LR_2017,LR_2017_2146,PRE,2017,LR,Permettre aux entreprises qui doivent s’adapter en permanence de conforter leur compétitivité en clarifiant les règles du licenciement économique.
LR_2017,LR_2017_2147,PRE,2017,LR,Sécuriser la rupture du contrat en plafonnant les indemnités prud’homales.
LR_2017,LR_2017_2148,PRE,2017,LR,Refonder le code du travail en donnant la priorité au dialogue social.
LR_2017,LR_2017_2149,PRE,2017,LR,"Refonder et simplifier le code du travail en distinguant clairement les normes sociales fondamentales et ce qui relève de l’accord collectif (en priorité d’entreprise ou, à défaut, de branche)."
LR_2017,LR_2017_2150,PRE,2017,LR,"Doubler les seuils sociaux (de 10 à 20 et de 50 à 100), pour faciliter l’embauche dans les petites entreprises."
LR_2017,LR_2017_2151,PRE,2017,LR,Rendre possible le recours au référendum d’entreprise à l’initiative du chef d’entreprise.
LR_2017,LR_2017_2152,PRE,2017,LR,"Instituer la liberté de candidature au premier tour des élections professionnelles, dans le cadre d’une rénovation de notre système de négociation collective."
LR_2017,LR_2017_2153,PRE,2017,LR,"Prévoir, dans les entreprises, une instance unique pour la représentation du personnel."
LR_2017,LR_2017_2154,PRE,2017,LR,"Cette instance regroupera les actuels Délégués du Personnel, Comité d’Entreprise et Comité Hygiène, Sécurité et Conditions de Travail (CHSCT)."
LR_2017,LR_2017_2155,PRE,2017,LR,Ses prérogatives et ses moyens seront croissants en fonction de l’effectif de l’entreprise.
LR_2017,LR_2017_2156,PRE,2017,LR,"Par accord collectif, les entreprises qui le souhaitent pourront conserver des instances distinctes."
LR_2017,LR_2017_2157,PRE,2017,LR,"Moderniser les conditions d’exercice du mandat de représentant du personnel : limiter le temps consacré au mandat à 50% du temps de travail pour valoriser et dynamiser la représentation du personnel dans l’entreprise, et en parallèle, valoriser l’expérience syndicale sur le plan des compétences et de la gestion de carrière."
LR_2017,LR_2017_2158,PRE,2017,LR,Lever le verrou des 35 heures.
LR_2017,LR_2017_2159,PRE,2017,LR,Mettre fin à la durée légale du travail à 35 heures et laisser chaque entreprise décider de son temps de travail par la négociation et la signature d’accords collectifs.
LR_2017,LR_2017_2160,PRE,2017,LR,L’accord collectif majoritaire s’imposera au contrat de travail.
LR_2017,LR_2017_2161,PRE,2017,LR,"Les accords devront être « gagnant-gagnant » : aucun accord ne pourra se traduire par une réduction salariale, par rapport à la situation actuelle."
LR_2017,LR_2017_2162,PRE,2017,LR,Une durée de référence de 39 heures sera introduite pour le cas particulier des entreprises sans dispositions conventionnelles sur le temps de travail (nouvelle entreprise par exemple).
LR_2017,LR_2017_2163,PRE,2017,LR,ASSURANCE CHÔMAGE.
LR_2017,LR_2017_2164,PRE,2017,LR,FORMATION PROFESSIONNELLE.
LR_2017,LR_2017_2165,PRE,2017,LR,Ma priorité est de combattre cette première inégalité entre les Français qu’est le chômage.
LR_2017,LR_2017_2166,PRE,2017,LR,Le plein emploi est possible en France.
LR_2017,LR_2017_2167,PRE,2017,LR,"Certains de nos territoires et certains de nos voisins européens, dans le même environnement économique que le nôtre, l’ont atteint ; il n’y a donc pas de raison que nous nous résignions au chômage de masse depuis tant d’années."
LR_2017,LR_2017_2168,PRE,2017,LR,"Quand près de 6 millions de personnes sont inscrites à Pôle emploi, il y a urgence à agir."
LR_2017,LR_2017_2169,PRE,2017,LR,"Quand 2 millions de jeunes ne sont ni en formation, ni en situation d’emploi, il n’est plus possible d’être immobile ou d’utiliser les mêmes recettes inefficaces."
LR_2017,LR_2017_2170,PRE,2017,LR,Les réformes que je propose permettront grâce au redressement de notre compétitivité de revenir vers le plein emploi.
LR_2017,LR_2017_2171,PRE,2017,LR,Mais il est également nécessaire de revoir nos dispositifs existants de politique de l’emploi.
LR_2017,LR_2017_2172,PRE,2017,LR,La formation professionnelle ne remplit pas parfaitement son rôle d’orientation vers les secteurs porteurs.
LR_2017,LR_2017_2173,PRE,2017,LR,"L’assurance chômage ne permet pas non plus, dans sa configuration actuelle, un retour rapide vers l’emploi."
LR_2017,LR_2017_2174,PRE,2017,LR,"Tous connaissent ces maux qui rongent notre pays, et les solutions existent."
LR_2017,LR_2017_2175,PRE,2017,LR,Il s’agit désormais de prendre les mesures trop longtemps repoussées !
LR_2017,LR_2017_2176,PRE,2017,LR,Donner à chacun les moyens de se former et de retrouver un emploi.
LR_2017,LR_2017_2177,PRE,2017,LR,"Sécuriser les parcours professionnels en permettant à chaque Français de bénéficier d’un «capital formation» qui remplacera les dispositifs existants (CPF, CIF…) et permettra de rationaliser et de débureaucratiser les fonds de la formation professionnelle, en donnant à chaque salarié et à chaque demandeur d’emploi l’opportunité de se construire une carrière et de se prémunir contre l’inactivité."
LR_2017,LR_2017_2178,PRE,2017,LR,"Faciliter le retour à l’emploi des demandeurs d’emplois, en favorisant, sur les listes de demande d’accès aux logements sociaux, les demandeurs d’emplois qui retrouveraient un emploi en dehors de leur bassin de vie."
LR_2017,LR_2017_2179,PRE,2017,LR,Sauver l’assurance chômage.
LR_2017,LR_2017_2180,PRE,2017,LR,"Redresser les comptes de l’Unédic avant la fin de la mandature et engager le remboursement de ses 40 Mds€ de dettes, en invitant les partenaires sociaux à parvenir, à l’automne 2017, à un accord pour le redressement complet des comptes de l’assurance chômage sur le quinquennat."
LR_2017,LR_2017_2181,PRE,2017,LR,"A défaut d’accord, l’Etat prendra ses responsabilités en réformant lui-même la gestion du régime d’assurance chômage."
LR_2017,LR_2017_2182,PRE,2017,LR,"Encourager la reprise d’activité, en réformant les règles du régime d’assurance chômage, notamment via l’introduction d’une dégressivité dans l’attribution des allocations."
LR_2017,LR_2017_2183,PRE,2017,LR,Responsabiliser les demandeurs d’emplois en rendant obligatoire la motivation d’un refus d’emploi et en sanctionnant un deuxième refus insuffisamment motivé.
LR_2017,LR_2017_2184,PRE,2017,LR,RETRAITES.
LR_2017,LR_2017_2185,PRE,2017,LR,"Les dépenses sociales représentent plus de la moitié des dépenses publiques, les retraites constituant le poste le plus important."
LR_2017,LR_2017_2186,PRE,2017,LR,Les réformes engagées ces dernières années ne suffisent pas à assurer l’équilibre de notre système par répartition et l’allongement de l’espérance de vie doit être pris en compte pour en assurer la pérennité et garantir le maintien du pouvoir d’achat des retraites.
LR_2017,LR_2017_2187,PRE,2017,LR,"Je relèverai l’âge de la retraite à 65 ans, parce que seul cet effort permettra de redonner des marges de manoeuvre à notre système de protection sociale et de contribuer à diminuer les charges pesant sur les entreprises et les salariés."
LR_2017,LR_2017_2188,PRE,2017,LR,Je prendrai en compte la situation des personnes ayant commencé à travailler jeunes et justifiant de longues durées de cotisation.
LR_2017,LR_2017_2189,PRE,2017,LR,Je pourrai ainsi revaloriser les petites retraites et les petites pensions de réversion.
LR_2017,LR_2017_2190,PRE,2017,LR,"Je veux, avec l’ensemble des forces politiques, économiques et sociales de notre pays, refonder ensemble et de manière progressive notre système de retraite, afin de le rendre plus lisible et plus juste."
LR_2017,LR_2017_2191,PRE,2017,LR,Pérénniser notre système de retraite.
LR_2017,LR_2017_2192,PRE,2017,LR,Faire passer progressivement l’âge légal à 65 ans.
LR_2017,LR_2017_2193,PRE,2017,LR,Le dispositif de départ pour carrières longues sera étendu pour permettre aux personnes ayant commencé à travailler jeunes de prendre leur retraite dès 63 ans.
LR_2017,LR_2017_2194,PRE,2017,LR,L’âge maximal du taux plein sera maintenu à 67 ans.
LR_2017,LR_2017_2195,PRE,2017,LR,Poursuivre l’harmonisation des règles entre les régimes publics et privés.
LR_2017,LR_2017_2196,PRE,2017,LR,"S’agissant des régimes spéciaux d’entreprises, les nouveaux entrants seront affiliés au régime général."
LR_2017,LR_2017_2197,PRE,2017,LR,Abroger le compte pénibilité inapplicable car trop complexe.
LR_2017,LR_2017_2198,PRE,2017,LR,"Traiter la pénibilité par l’amélioration des conditions de travail, une politique de prévention plus ambitieuse et une prise en compte de la situation réelle des salariés notamment à travers un examen médical individuel, permettant une meilleure reconnaissance de l’incapacité au travail et de l’inaptitude."
LR_2017,LR_2017_2199,PRE,2017,LR,"Augmenter les pensions de base de plus de 300€ annuels pour les petites retraites, c’est-à-dire les personnes ayant un montant global de pension moins de 1 000€."
LR_2017,LR_2017_2200,PRE,2017,LR,"Revaloriser les petites pensions de réversion de 10%, ce qui bénéficiera à plus de 300 000 veuves et veufs."
LR_2017,LR_2017_2201,PRE,2017,LR,EMPLOI DES JEUNES.
LR_2017,LR_2017_2202,PRE,2017,LR,Les jeunes sont l’avenir de notre pays.
LR_2017,LR_2017_2203,PRE,2017,LR,"Et l’avenir de chaque jeune passe d’abord par l’accès à l’emploi, par le travail plutôt que par l’assistanat."
LR_2017,LR_2017_2204,PRE,2017,LR,"C’est pourquoi je ne souhaite plus que la politique en faveur de l’emploi consiste à offrir aux jeunes en difficulté des stages de formation « parking », des contrats aidés qui ne contribuent pas en réalité à leur insertion durable dans l’emploi ou, encore pire, des allocations pour solde de tout compte."
LR_2017,LR_2017_2205,PRE,2017,LR,"Pour en finir avec le chômage des jeunes, je propose de libérer la croissance et la création d’emplois, de réformer le système éducatif du primaire au supérieur, de faciliter l’essor des nouvelles formes d’emploi indépendant et de développer l’alternance."
LR_2017,LR_2017_2206,PRE,2017,LR,"Pour l’accès des jeunes à l’emploi, la solution plus efficace que les contrats aidés existe et elle a fait ses preuves : l’apprentissage."
LR_2017,LR_2017_2207,PRE,2017,LR,"Je veux faire de l’alternance la principale voie d’accès à l’emploi des jeunes, car tous les jeunes doivent être à l’école, en formation, en emploi ou en création d’entreprise."
LR_2017,LR_2017_2208,PRE,2017,LR,"Pour cela, je veux consacrer davantage de moyens à l’apprentissage, vers lequel seront redéployées les sommes actuellement consacrés aux emplois d’avenir et aux contrats de génération, qui seront supprimés (1,2 Md € par an)."
LR_2017,LR_2017_2209,PRE,2017,LR,Je veux promouvoir la reconnaissance des compétences et arrêter de privilégier uniquement le diplôme.
LR_2017,LR_2017_2210,PRE,2017,LR,"Je veux réinventer l’orientation, transformer la gouvernance de l’enseignement professionnel et faciliter et renforcer l’engagement des entreprises pour l’apprentissage."
LR_2017,LR_2017_2211,PRE,2017,LR,Réinventer l’orientation.
LR_2017,LR_2017_2212,PRE,2017,LR,"Améliorer l’information des jeunes et des parents en intégrant, dans le « Portail de l’Alternance » les opportunités professionnelles à l’échelle de chaque bassin d’emploi, ainsi que les taux d’emploi pour chaque filière et établissement à la sortie, à 3 ans et à 5 ans, les places disponibles en CFA, les recherches d’alternants des entreprises."
LR_2017,LR_2017_2213,PRE,2017,LR,Ce portail sera mis à la disposition de tous les acteurs de l’emploi.
LR_2017,LR_2017_2214,PRE,2017,LR,"Développer le dispositif de pré-apprentissage, notamment dans les écoles de la deuxième chance, grâce aux régions qui développeront ces dispositifs, en s’appuyant également sur le service public de l’emploi (Pôle emploi, missions locales)."
LR_2017,LR_2017_2215,PRE,2017,LR,Mettre en place dès le collège des «modules d’éducation» pour préparer les jeunes dans leurs choix d’orientation (éducatifs ou professionnels).
LR_2017,LR_2017_2216,PRE,2017,LR,"Introduire dans les programmes davantage de contenu qui soit en lien avec la vie professionnelle future des élèves, en formant les jeunes dès le collège, avec l’obligation de faire au moins 6 semaines de stages durant cette période (2 semaines en 4e et 4 en 3e)."
LR_2017,LR_2017_2217,PRE,2017,LR,Encourager également les stages professionnels au lycée.
LR_2017,LR_2017_2218,PRE,2017,LR,Transformer l’enseignement professionnel et sa gouvernance.
LR_2017,LR_2017_2219,PRE,2017,LR,"Généraliser progressivement l’apprentissage dans l’enseignement professionnel, en développant rapidement des sections d’apprentissage dans les lycées professionnels, en organisant des jumelages entre CFA et lycées professionnels, en décloisonnant les parcours des jeunes et en permettant des réorientations."
LR_2017,LR_2017_2220,PRE,2017,LR,"Confier la gestion des centres de formation des apprentis (CFA) et des lycées professionnels aux régions, en association avec les branches."
LR_2017,LR_2017_2221,PRE,2017,LR,Les chefs d’établissement devront disposer d’une autonomie d’action et de moyens dans le cadre d’objectifs fixés annuellement.
LR_2017,LR_2017_2222,PRE,2017,LR,Faciliter et renforcer l’engagement des entreprises pour l’apprentissage.
LR_2017,LR_2017_2223,PRE,2017,LR,"Mettre en place une exonération totale des charges sociales pour l’embauche d’un jeune en alternance, et lancer une grande campagne de promotion de l’alternance."
LR_2017,LR_2017_2224,PRE,2017,LR,"Revoir le rythme de l’alternance pour le rendre plus compatible avec celui de l’entreprise, en permettant une plus grande modularité des temps de présence, en accord avec l’établissement scolaire."
LR_2017,LR_2017_2225,PRE,2017,LR,Aligner les conditions de sécurité des alternants sur celles exigées pour les salariés.
LR_2017,LR_2017_2226,PRE,2017,LR,Offrir une plus grande lisibilité des différents contrats d’alternance en leur donnant un socle juridique commun.
LR_2017,LR_2017_2227,PRE,2017,LR,Instaurer un dispositif incitatif pour que les entreprises qui comptent plus de 4 % de jeunes en alternance parmi leurs effectifs soient autorisées à dépenser les fonds de la taxe d’apprentissage pour créer leurs propres centres de formation.
LR_2017,LR_2017_2228,PRE,2017,LR,Mettre fin au système des emplois aidés pour les jeunes.
LR_2017,LR_2017_2229,PRE,2017,LR,"Supprimer les emplois d’avenir et les contrats de génération, qui coûtent 1,2 Md€ par an au budget de l’Etat, et réorienter intégralement ces sommes vers l’alternance."
LR_2017,LR_2017_2230,PRE,2017,LR,Cette suppression ne s’appliquera pas aux contrats aidés bénéficiant aux jeunes travailleurs handicapés.
LR_2017,LR_2017_2231,PRE,2017,LR,"De manière générale, les moyens des contrats aidés du secteur non marchand consacrés aux jeunes doivent permettre de renforcer l’alternance et d’autres dispositifs efficaces pour apporter une réponse aux « décrocheurs » de notre système éducatif (écoles de la deuxième chance, EPIDE, dispositifs d’accompagnement renforcé…)."
LR_2017,LR_2017_2232,PRE,2017,LR,ENTREPRISES ET ENTREPRENEURIAT.
LR_2017,LR_2017_2233,PRE,2017,LR,Quelle France voulons-nous bâtir pour nos enfants ?
LR_2017,LR_2017_2234,PRE,2017,LR,"Une France où chacun peut prendre l’initiative, cultiver ses envies, en faire un projet et le porter, et cela quels que soient son origine, sa condition et son parcours professionnel."
LR_2017,LR_2017_2235,PRE,2017,LR,Une France qui réveille en nous la force de construire et la joie de s’accomplir.
LR_2017,LR_2017_2236,PRE,2017,LR,Ce potentiel existe : il se trouve dans la croissance de nos PME.
LR_2017,LR_2017_2237,PRE,2017,LR,La France est championne en termes de créations d’entreprises mais elles grandissent peu.
LR_2017,LR_2017_2238,PRE,2017,LR,"Notre projet consiste à déverrouiller les principaux freins à leur croissance, afin de libérer leur capacité d’emploi et d’innovation."
LR_2017,LR_2017_2239,PRE,2017,LR,L’entrepreneuriat peut dynamiser une nation toute entière.
LR_2017,LR_2017_2240,PRE,2017,LR,"Il parle d’avenir, de modernité, d’innovation."
LR_2017,LR_2017_2241,PRE,2017,LR,"Il crée l’emploi, par lequel chacun trouve son épanouissement et bien plus, sa dignité."
LR_2017,LR_2017_2242,PRE,2017,LR,Il insuffle en nous une force créatrice qui nous rend meilleurs et fiers de nous-mêmes.
LR_2017,LR_2017_2243,PRE,2017,LR,"Je veux vaincre cette soi-disant fatalité du chômage, notamment celui des jeunes qui reprendront confiance en eux, en l’avenir, en leur pays."
LR_2017,LR_2017_2244,PRE,2017,LR,"Le travail ne sera plus une contrainte, mais un facteur d’épanouissement, une volonté constante de se former, progresser, se réaliser."
LR_2017,LR_2017_2245,PRE,2017,LR,"La France redeviendra fière d’elle-même et conquérante, riche de talents, armée pour affronter les remous du monde, résolument tournée vers l’avenir et l’innovation."
LR_2017,LR_2017_2246,PRE,2017,LR,Encourager à entreprendre.
LR_2017,LR_2017_2247,PRE,2017,LR,Sensibiliser les élèves à l’entrepreneuriat du secondaire jusqu’au supérieur.
LR_2017,LR_2017_2248,PRE,2017,LR,"Permettre à tout étudiant d’entreprendre sur son campus, notamment par le statut « Etudiant-entrepreneur » et le développement des Junior Entreprises."
LR_2017,LR_2017_2249,PRE,2017,LR,Former enfin les jeunes peu ou pas qualifiés à l’entrepreneuriat en fixant des objectifs aux «Missions Locales».
LR_2017,LR_2017_2250,PRE,2017,LR,"Alléger le poids des normes et des contraintes pesant sur les PME en les alignant sur les normes européennes, sans ajouter d’obligations nouvelles."
LR_2017,LR_2017_2251,PRE,2017,LR,"Créer un pacte de confiance entre l’Etat et les PME pour réduire les incertitudes qui pèsent sur les entrepreneurs, en passant du « contrôle sanction » au «contrôle conseil»."
LR_2017,LR_2017_2252,PRE,2017,LR,Attirer financements et talents vers les PME.
LR_2017,LR_2017_2253,PRE,2017,LR,"Réduire l’impôt des particuliers de 30% du montant investi dans une PME, jusqu’à 1 M€ pour un couple."
LR_2017,LR_2017_2254,PRE,2017,LR,"Orienter 50 Mds€, soit environ 3% des encours des contrats d’assurance-vie, vers le capital des PME."
LR_2017,LR_2017_2255,PRE,2017,LR,"Multiplier les fonds privés d’amorçage, labélisés par Bpifrance et abondés par l’Etat."
LR_2017,LR_2017_2256,PRE,2017,LR,Faciliter l’ouverture du capital des PME à leurs salariés sans risque de requalification en salaire et développer l’intéressement dans les PME.
LR_2017,LR_2017_2257,PRE,2017,LR,"Surseoir aux droits de succession lors de la transmission familiale des PME, jusqu’à la cession effective de l’entreprise."
LR_2017,LR_2017_2258,PRE,2017,LR,Libérer l’innovation et réindustrialiser le pays.
LR_2017,LR_2017_2259,PRE,2017,LR,Réécrire le principe de précaution pour favoriser l’innovation responsable.
LR_2017,LR_2017_2260,PRE,2017,LR,"Inciter au regroupement local des acteurs de la recherche, de l’enseignement, de l’incubation, de l’accompagnement et du financement de start-ups dans des «clusters» pour développer les synergies."
LR_2017,LR_2017_2261,PRE,2017,LR,Privatiser les unités de valorisation des centres de recherche publics afin de les rendre plus autonomes dans leur recrutement et leur gestion.
LR_2017,LR_2017_2262,PRE,2017,LR,Développer enfin l’innovation collaborative et ouverte entre PMI et grands groupes.
LR_2017,LR_2017_2263,PRE,2017,LR,"Déployer le programme de sensibilisation des PMI au numérique, « Alliance pour l’Industrie du Futur », pour moderniser l’outil de production des industries françaises."
LR_2017,LR_2017_2264,PRE,2017,LR,Développer l’apprentissage sur les métiers industriels du futur.
LR_2017,LR_2017_2265,PRE,2017,LR,Développer des filières industrielles d’excellence dans les écoles d’ingénieurs.
LR_2017,LR_2017_2266,PRE,2017,LR,Faire de Bpifrance l’outil stratégique national d’investissement industriel en lui donnant les moyens d’un «fonds souverain».
LR_2017,LR_2017_2267,PRE,2017,LR,Bpifrance devra se focaliser sur les secteurs que ne couvrent pas les fonds d’investissements privés et abondera les fonds dédiés au développement des PMI.
LR_2017,LR_2017_2268,PRE,2017,LR,Sanctuariser le Crédit d’Impôt Recherche (CIR) en développant la délivrance de rescrits fiscaux en amont et le fusionner avec le Crédit d’Impôt Innovation (CII).
LR_2017,LR_2017_2269,PRE,2017,LR,Conquérir les marchés internationaux.
LR_2017,LR_2017_2270,PRE,2017,LR,"Rationaliser les dispositifs d’accompagnement des entrepreneurs à l’export, tant dans la préparation en amont que dans la prospection à l’étranger."
LR_2017,LR_2017_2271,PRE,2017,LR,Inciter à l’affectation de 10% de la part décentralisée du livret A aux prêts aux PME à l’export.
LR_2017,LR_2017_2272,PRE,2017,LR,Accorder aux PME une avance remboursable par Bpifrance à hauteur de 100% des dépenses de prospection à l’export.
LR_2017,LR_2017_2273,PRE,2017,LR,"Faire de Bpifrance l’opérateur national de financement des clients étrangers, lorsqu’ils passent de grands contrats aux industriels français."
LR_2017,LR_2017_2274,PRE,2017,LR,Opposer aux lois extraterritoriales américaines la juridiction française et une réponse européenne commune.
LR_2017,LR_2017_2275,PRE,2017,LR,"TRAVAIL INDÉPENDANT Qui oserait encore dire des Français qu’ils sont hostiles à la prise de risque, à l’entrepreneuriat, alors qu’on compte aujourd’hui plus d’1 million d’entreprises artisanales, 800 000 commerces et plus d’1 million d’autoentrepreneurs ?"
LR_2017,LR_2017_2276,PRE,2017,LR,Alors que chaque jour se créent plus de 2 500 nouvelles entreprises ?
LR_2017,LR_2017_2277,PRE,2017,LR,Cette aspiration à l’autonomie et à l’indépendance traverse la société dans son ensemble.
LR_2017,LR_2017_2278,PRE,2017,LR,Mais elle est plus marquée encore parmi les populations victimes du chômage de masse et parmi les nouveaux entrants sur le marché du travail. 60% des jeunes déclarent ainsi un intérêt fort pour le travail indépendant.
LR_2017,LR_2017_2279,PRE,2017,LR,"Malheureusement, nos cadres législatifs et notre protection sociale actuels sont encore inadaptés."
LR_2017,LR_2017_2280,PRE,2017,LR,Ils empêchent de faire du travail indépendant un atout maître dans la lutte contre le chômage et pour l’épanouissement professionnel du plus grand nombre.
LR_2017,LR_2017_2281,PRE,2017,LR,Je veux libérer l’énergie de tous les Français et permettre à tous ceux qui le souhaitent de devenir travailleurs indépendants.
LR_2017,LR_2017_2282,PRE,2017,LR,Je veux créer 1 million d’activités indépendantes supplémentaires.
LR_2017,LR_2017_2283,PRE,2017,LR,"Pour cela, je veux encourager les entreprises à faire appel à des travailleurs indépendants, en sécurisant le cadre contractuel existant."
LR_2017,LR_2017_2284,PRE,2017,LR,"Je veux assurer l’équité entre toutes les formes de travail indépendant, et alléger les contraintes et charges qui pèsent sur nos artisans et nos commerçants."
LR_2017,LR_2017_2285,PRE,2017,LR,"Je veux rendre compatibles liberté et protection des individus, pour qu’au-delà de la prise de risque inhérente à toute activité entrepreneuriale, indépendance ne rime pas avec précarité."
LR_2017,LR_2017_2286,PRE,2017,LR,"Je veux enfin remplacer le RSI par une Caisse de Protection des Indépendants, qui offrira les services et la considération que méritent nos indépendants."
LR_2017,LR_2017_2287,PRE,2017,LR,Aider les indépendants à créer de l’activité en France.
LR_2017,LR_2017_2288,PRE,2017,LR,Créer un statut de prestataire indépendant pour les auto-entrepreneurs qui le souhaiteront.
LR_2017,LR_2017_2289,PRE,2017,LR,Il les protègera en minimisant ainsi les possibilités de requalification.
LR_2017,LR_2017_2290,PRE,2017,LR,Ce statut sera valable pour une durée de 3 ans.
LR_2017,LR_2017_2291,PRE,2017,LR,Relever les niveaux de chiffres d’affaires plafonds de l’auto-entreprise à 50 000 euros pour les services et à 120 000 euros pour l’achat-revente.
LR_2017,LR_2017_2292,PRE,2017,LR,La franchise de TVA sera étendue jusqu’à ces plafonds.
LR_2017,LR_2017_2293,PRE,2017,LR,"Définir, en concertation avec tous les acteurs, les exigences liées aux niveaux de qualifications nécessaires pour exercer certaines activités et certains métiers, sans que cela ne mette en danger le prestataire ou le consommateur."
LR_2017,LR_2017_2294,PRE,2017,LR,"Revenir sur les dispositions les plus contraignantes de la loi Pinel, qui complexifient les conditions d’exercice des auto-entrepreneurs."
LR_2017,LR_2017_2295,PRE,2017,LR,"Permettre à tous les jeunes de devenir auto-entrepreneurs (artisans et commerçants) dès 16 ans, sans être nécessairement émancipés."
LR_2017,LR_2017_2296,PRE,2017,LR,Améliorer le statut de chercheur-entrepreneur.
LR_2017,LR_2017_2297,PRE,2017,LR,"Faciliter les passerelles entre le secteur public et le secteur privé, notamment pour les auto-entrepreneurs fonctionnaires en revenant sur la loi Lebranchu qui a considérablement restreint les possibilités."
LR_2017,LR_2017_2298,PRE,2017,LR,Rendre plus fluides les parcours entre le salariat et l’activité indépendante : Simplifier la situation fiscale et sociale des pluri-statuts.
LR_2017,LR_2017_2299,PRE,2017,LR,Autoriser le travailleur indépendant à mettre en sommeil sa structure juridique quand il devient salarié sans pour autant avoir à payer des charges sur cette structure.
LR_2017,LR_2017_2300,PRE,2017,LR,Assurer l’équité entre les auto-entrepreneurs et les artisans-commerçants.
LR_2017,LR_2017_2301,PRE,2017,LR,Instaurer une franchise de TVA jusqu’aux plafonds de 50 000 euros de chiffre d’affaires pour les services et de 120 000 euros pour l’achat-revente pour les artisans et les commerçants.
LR_2017,LR_2017_2302,PRE,2017,LR,Simplifier le régime comptable des artisans et commerçants.
LR_2017,LR_2017_2303,PRE,2017,LR,Augmenter le plafond de requalification des entreprises artisanales en établissements industriels à 50 salariés.
LR_2017,LR_2017_2304,PRE,2017,LR,"Garantir des régimes sociaux cohérents, efficaces, financés et préservant de la précarité."
LR_2017,LR_2017_2305,PRE,2017,LR,"Réformer radicalement le RSI, transformé en une Caisse de Protection des Indépendants (CPI) : Confier à cette caisse le calcul des contributions, la collecte et la gestion."
LR_2017,LR_2017_2306,PRE,2017,LR,"Mettre en place un calcul et un paiement en temps réel des cotisations liées au salaire, lorsque c’est applicable."
LR_2017,LR_2017_2307,PRE,2017,LR,Permettre aux indépendants qui ont de faibles revenus et versent la cotisation retraite minimum de valider quatre trimestres de retraite au lieu de trois aujourd’hui.
LR_2017,LR_2017_2308,PRE,2017,LR,"Mettre en place un système d’assurance pour les travailleurs indépendants en cas de perte d’activité, sur une base volontaire."
LR_2017,LR_2017_2309,PRE,2017,LR,Ce fonds sera adossé à la Caisse de Protection des Indépendants (CPI).
LR_2017,LR_2017_2310,PRE,2017,LR,Encourager la prévoyance par le système de retraite complémentaire.
LR_2017,LR_2017_2311,PRE,2017,LR,NUMÉRIQUE.
LR_2017,LR_2017_2312,PRE,2017,LR,Je veux moderniser notre pays grâce au numérique !
LR_2017,LR_2017_2313,PRE,2017,LR,"Le numérique, ce n’est pas simplement un secteur de l’économie parmi d’autres, ou quelques start-ups futuristes dans un garage."
LR_2017,LR_2017_2314,PRE,2017,LR,"C’est une véritable révolution industrielle qui se déroule sous nos yeux et qui nous confronte à des défis majeurs pour notre culture, nos valeurs, notre économie, et même notre souveraineté; mais aussi à d’immenses opportunités !"
LR_2017,LR_2017_2315,PRE,2017,LR,Nous devons nous doter d’une véritable politique en matière numérique.
LR_2017,LR_2017_2316,PRE,2017,LR,Je veux que tous les Français bénéficient de cette révolution.
LR_2017,LR_2017_2317,PRE,2017,LR,"Nous devons nous équiper d’une infrastructure de pointe, permettant à chacun un véritable accès au Très Haut Débit sur tout le territoire."
LR_2017,LR_2017_2318,PRE,2017,LR,"Les entreprises, les PME innovantes, les start-ups aussi sont essentielles - arrêtons de leur mettre des bâtons dans les roues !"
LR_2017,LR_2017_2319,PRE,2017,LR,"En 5 ans, nous ferons de la France la nation la plus avancée dans l’économie collaborative, la robotisation, la e-santé et la blockchain."
LR_2017,LR_2017_2320,PRE,2017,LR,"Il faut affirmer la souveraineté numérique de la France et de l’Europe face aux Etats-Unis, à la Chine, ou aux géants de l’Internet ; l’indépendance technologique et la cybersécurité seront nos priorités ; il faut continuer à défendre nos valeurs et notre liberté d’expression."
LR_2017,LR_2017_2321,PRE,2017,LR,"Et dans le même temps, il faut transformer l’Etat, le moderniser, le rendre plus efficient grâce au numérique et faire de la France un pays pionnier de l’open data et de la e-démocratie."
LR_2017,LR_2017_2322,PRE,2017,LR,Faire du Très Haut Débit la priorité d’infrastructure du quinquennat.
LR_2017,LR_2017_2323,PRE,2017,LR,"Accélérer le déploiement du très haut débit fixe et mobile d’ici à 2022 en refinançant le Plan France Très Haut Débit, en le réorganisant et en initiant un «Plan 5G»."
LR_2017,LR_2017_2324,PRE,2017,LR,Accélérer la transformation numérique de l’Etat au service des citoyens et des entreprises.
LR_2017,LR_2017_2325,PRE,2017,LR,Dématérialiser l’intégralité des procédures administratives d’ici à la fin du quinquennat pour engager la France dans l’e-démocratie.
LR_2017,LR_2017_2326,PRE,2017,LR,Identification numérique unique des usagers auprès de toutes les administrations ; développement des consultations sur internet; co-construction des procédures avec les usagers etc.
LR_2017,LR_2017_2327,PRE,2017,LR,Simplifier et améliorer les services de l’Etat auprès des usagers grâce à la dématérialisation.
LR_2017,LR_2017_2328,PRE,2017,LR,Mettre en place «l’open data» dans les services publics en garantissant la protection des données personnelles des citoyens et les intérêts économiques de la France.
LR_2017,LR_2017_2329,PRE,2017,LR,L’Etat et les collectivités territoriales ont une mission de collecte et de traitement de l’information.
LR_2017,LR_2017_2330,PRE,2017,LR,«L’open data» et les API (interfaces de programmation) seront généralisées dans les services numériques de l’administration.
LR_2017,LR_2017_2331,PRE,2017,LR,"A l’heure de l’essor de l’intelligence artificielle (IA), la donnée publique est vitale pour les start-ups françaises."
LR_2017,LR_2017_2332,PRE,2017,LR,"Faire de la télémédecine et de la e-santé un levier pour la modernisation et l’efficacité de notre système de soins : généraliser la télémédecine et les téléconsultations, grâce à un remboursement incitatif de ces actes, qui soit adapté à la prise en charge pluridisciplinaire ; permettre le déploiement rapide des objets connectés de santé, notamment pour un meilleur suivi de l’observance des soins à distance ; déployer l’analyse massive des données de santé en utilisant les nouvelles technologies de big data et d’intelligence artificielle ; rendre plus efficient le parcours de soins du patient grâce au développement de plateformes de services numériques."
LR_2017,LR_2017_2333,PRE,2017,LR,Construire une véritable souveraineté numérique européenne.
LR_2017,LR_2017_2334,PRE,2017,LR,"Porter, avec l’Allemagne, l’ambition de plateformes numériques industrielles et sectorielles européennes (voitures autonomes, bâtiments connectés…)."
LR_2017,LR_2017_2335,PRE,2017,LR,Engager un programme d’appels à projets européens pour faire de l’Europe le pôle d’innovation dans le domaine de l’intelligence artificielle et de la blockchain.
LR_2017,LR_2017_2336,PRE,2017,LR,"Assurer la cybersécurité des citoyens, des entreprises et des institutions."
LR_2017,LR_2017_2337,PRE,2017,LR,"Pour cela, modifier le cadre réglementaire européen, d’une part en exigeant que toute activité sensible en Europe soit supportée par des solutions (hardware et software) maîtrisées ; d’autre part en acceptant des dérogations aux règles de la commande publique lorsque notre autonomie stratégique et notre cybersécurité sont en jeu."
LR_2017,LR_2017_2338,PRE,2017,LR,Imposer et défendre nos valeurs et nos lois en matière de libertés publiques et de gestion des données personnelles.
LR_2017,LR_2017_2339,PRE,2017,LR,"En particulier, renégocier la réglementation européenne sur les “Données Personnelles”."
LR_2017,LR_2017_2340,PRE,2017,LR,Assurer un accès universel à l’enseignement et à la formation au numérique.
LR_2017,LR_2017_2341,PRE,2017,LR,Généraliser l’enseignement et la formation au numérique à tous les niveaux.
LR_2017,LR_2017_2342,PRE,2017,LR,Recruter des enseignants en informatique.
LR_2017,LR_2017_2343,PRE,2017,LR,Transformer le cours de technologie du collège (1h par semaine) en cours de «culture numérique».
LR_2017,LR_2017_2344,PRE,2017,LR,"Encourager le développement de filières universitaires d’excellence (Cybersécurité, IA, …); introduire un module “numérique” dans toutes les formations supérieures, accélérer le développement de la formation professionnelle au numérique."
LR_2017,LR_2017_2345,PRE,2017,LR,Développer un environnement propice aux entreprises et aux start-ups numériques.
LR_2017,LR_2017_2346,PRE,2017,LR,Renforcer la compétitivité de nos PME/PMI grâce au numérique : passer en cinq ans de 10% à 100% des PME/PMI accompagnées ; un grand plan de rattrapage et d’accompagnement sera mis en oeuvre à l’issue des états généraux de l’industrie et de l’innovation ; une partie des investissements d’avenir sera réallouée au programme «investissements du futur».
LR_2017,LR_2017_2347,PRE,2017,LR,Négocier un agenda européen de l’harmonisation fiscale pour limiter les effets de l’optimisation fiscale des géants du numérique.
LR_2017,LR_2017_2348,PRE,2017,LR,Mettre en place des mesures fiscales encourageant la prise de risque et le recrutement des talents comme la refonte du «compte entrepreneur investisseur» ainsi que les mécanismes des actions gratuites et des stock-options.
LR_2017,LR_2017_2349,PRE,2017,LR,Faire de la France une nation de pointe en matière de financement de l’innovation.
LR_2017,LR_2017_2350,PRE,2017,LR,Renforcer fortement les mécanismes d’orientation de l’épargne vers le financement des PME innovantes et des fonds de capital-risque.
LR_2017,LR_2017_2351,PRE,2017,LR,"Créer et développer un écosystème franco-allemand puis européen du financement de l’innovation (fonds souverain, banque publique d’investissement, «NASDAQ» Franco-Allemand, régulateurs européens...)."
LR_2017,LR_2017_2352,PRE,2017,LR,"Créer des fonds sectoriels et technologiques dans des domaines de pointe (cybersécurité, blockchain, Agritech, e-santé…)."
LR_2017,LR_2017_2353,PRE,2017,LR,AGRICULTURE.
LR_2017,LR_2017_2354,PRE,2017,LR,L’agriculture est un secteur stratégique.
LR_2017,LR_2017_2355,PRE,2017,LR,"C’est la France rurale, celle des territoires et des terroirs."
LR_2017,LR_2017_2356,PRE,2017,LR,"Autour des deux millions d’emplois directs de la production agricole, douze millions de Français vivent et travaillent."
LR_2017,LR_2017_2357,PRE,2017,LR,"C’est la France puissante, celle qui a conquis son indépendance alimentaire, et qui exporte."
LR_2017,LR_2017_2358,PRE,2017,LR,Les politiques actuelles sont incapables de donner au monde agricole une vision d’avenir.
LR_2017,LR_2017_2359,PRE,2017,LR,"Ce qui va mal, les agriculteurs nous le disent : l’excès de charges, l’excès de normes, l’excès de contrôles, l’instabilité règlementaire, les conditions de concurrence qui se dégradent, une négociation des prix déséquilibrée, l’abandon des outils de régulation, le manque d’appui des pouvoirs publics, la faiblesse de la France dans le débat communautaire, la gestion des crises au coup par coup."
LR_2017,LR_2017_2360,PRE,2017,LR,Je veux redonner toutes ses chances au modèle agricole français et à ses filières de production.
LR_2017,LR_2017_2361,PRE,2017,LR,"Produire plus et mieux pour un marché mondial, faire face à la concurrence sur notre marché intérieur, investir, innover et former aux métiers de demain, regagner des marges suffisantes pour assurer le développement des entreprises."
LR_2017,LR_2017_2362,PRE,2017,LR,"C’est en pensant aux défis que doivent relever les entreprises agricoles que sont définies mes orientations : liberté d’entreprendre, allègement des charges et des contraintes, soutien à l’investissement, retour à des prix justes, revalorisation de la profession et considération pour les agriculteurs."
LR_2017,LR_2017_2363,PRE,2017,LR,Redonner des marges aux agriculteurs.
LR_2017,LR_2017_2364,PRE,2017,LR,"Faire de la déduction pour aléas un «compte épargne aléas climatiques et économiques» alimenté librement pendant les années de bonne récolte, utilisable en cas de pertes d’exploitation, et très simple d’emploi."
LR_2017,LR_2017_2365,PRE,2017,LR,"Donner toute liberté aux agriculteurs de se regrouper en organisations de producteurs de taille significative, avec des démarches simples, pour mieux défendre leurs marges."
LR_2017,LR_2017_2366,PRE,2017,LR,"Encadrer par la loi la négociation des contrats, pour que la négociation entre les producteurs et les industriels rééquilibre la négociation entre les industriels et les distributeurs."
LR_2017,LR_2017_2367,PRE,2017,LR,"Soutenir les circuits directs de vente du producteur au consommateur en mettant en place un crédit d’impôt et des prêts d’honneur «circuits directs agricoles» sans intérêts, ni garantie."
LR_2017,LR_2017_2368,PRE,2017,LR,Les produits vendus en circuit direct pourront aussi être vendus contre la remise de «chèques déjeuners ».
LR_2017,LR_2017_2369,PRE,2017,LR,Améliorer la compétitivité hors prix des agriculteurs français en faisant apposer sur l’emballage de tous les produits alimentaires la mention claire de leur provenance et de leur lieu de transformation.
LR_2017,LR_2017_2370,PRE,2017,LR,"Fonder la PAC 2020 sur la gestion des risques et sur le soutien à l’investissement, en ne s’interdisant aucun mode d’intervention et en maintenant à l’euro près le budget actuel."
LR_2017,LR_2017_2371,PRE,2017,LR,Réformer le droit de la concurrence et appliquer systématiquement la préférence communautaire pour que l’Europe défende les agriculteurs européens.
LR_2017,LR_2017_2372,PRE,2017,LR,"Fonder les relations commerciales et négocier les accords d’échanges bilatéraux sur la base d’échanges équitables et sur l’équivalence des soutiens internes, tant des prix que des coûts (exemple : distorsions des charges salariales)."
LR_2017,LR_2017_2373,PRE,2017,LR,Reconnaître les agriculteurs comme des entrepreneurs à part entière.
LR_2017,LR_2017_2374,PRE,2017,LR,Simplifier drastiquement le droit des entreprises agricoles pour laisser les agriculteurs choisir librement la forme juridique de leur entreprise.
LR_2017,LR_2017_2375,PRE,2017,LR,Abroger par ordonnance toutes les normes ajoutées à la réglementation européenne.
LR_2017,LR_2017_2376,PRE,2017,LR,Instaurer un sursis d’imposition lors de la transmission de la PME aux descendants.
LR_2017,LR_2017_2377,PRE,2017,LR,Réduire de 35 Mds€ les charges et impôts pesant sur toutes les entreprises et donc les entreprises agricoles.
LR_2017,LR_2017_2378,PRE,2017,LR,"Rendre obligatoire l’évaluation, par une étude d’impact menée par le ministère de l’agriculture, des conséquences de toute décision publique impactant le monde agricole, rural et maritime, y compris l’alimentation, incluant les décisions de politique sanitaire et environnementale."
LR_2017,LR_2017_2379,PRE,2017,LR,Réglementer les produits d’appel en intégrant au «prix coûtant» les coûts liés au marketing et à la logistique.
LR_2017,LR_2017_2380,PRE,2017,LR,Faire évoluer les relations entre l’administration et les agriculteurs vers une culture du conseil plutôt qu’une culture du contrôle et de la sanction.
LR_2017,LR_2017_2381,PRE,2017,LR,Oser l’innovation et la recherche.
LR_2017,LR_2017_2382,PRE,2017,LR,"Relancer des programmes de recherche et d’innovation pour l’agriculture de demain, notamment ceux concernant les nouvelles biotechnologies et l’agriculture 3.0."
LR_2017,LR_2017_2383,PRE,2017,LR,Orienter les programmes de recherche vers les domaines où peuvent être attendus des progrès décisifs et concrets pour l’agriculture.
LR_2017,LR_2017_2384,PRE,2017,LR,"Rendre éligibles au crédit impôt recherche des projets de recherche ou d’expérimentation labellisés dans les exploitations, notamment sur les pratiques agricoles, pour faire de chaque agriculteur un «paysanchercheur »."
LR_2017,LR_2017_2385,PRE,2017,LR,Redéfinir les relations entre l’agence de la biodiversité et l’office national de la chasse et de la faune sauvage et réorganiser la police de l’environnement autour d’un service unique.
LR_2017,LR_2017_2386,PRE,2017,LR,"Lancer un plan de méthanisation en levant les freins qui ralentissent son développement, et notamment en relevant les seuils de régime de déclaration et d’enregistrement pour alléger les contraintes administratives."
LR_2017,LR_2017_2387,PRE,2017,LR,"Mettre en oeuvre un programme national spécifique consacré à la montagne, en redonnant à l’Etat les crédits du Fonds européen agricole pour le développement rural (FEADER) pour l’indemnité compensatoire du handicap naturel."
LR_2017,LR_2017_2388,PRE,2017,LR,FONCTIONS PUBLIQUES.
LR_2017,LR_2017_2389,PRE,2017,LR,Je propose un pacte de progrès pour la fonction publique.
LR_2017,LR_2017_2390,PRE,2017,LR,"Les agents publics ne réclament légitimement qu’une chose : un projet réaliste et ambitieux pour les services publics et pour eux-mêmes, eux qui servent si souvent la collectivité avec professionnalisme, courage voire abnégation."
LR_2017,LR_2017_2391,PRE,2017,LR,"Depuis de nombreuses années, leurs conditions de travail se dégradent et leurs missions évoluent sans que des organisations ne soient adaptées pour dégager les moyens nécessaires afin d’améliorer l’efficacité du travail et la qualité du service rendu."
LR_2017,LR_2017_2392,PRE,2017,LR,"Il est temps de conduire une réflexion profonde sur les missions des fonctionnaires, leurs moyens et leurs carrières, afin qu’ils gardent leur attachement à leur mission tout en la remplissant de façon plus efficace."
LR_2017,LR_2017_2393,PRE,2017,LR,"Pour la fonction publique territoriale, tout en respectant le principe de libre administration des collectivités, les transferts financiers de l’Etat tiendront compte des efforts de gestion et de l’évolution des effectifs, collectivité par collectivité."
LR_2017,LR_2017_2394,PRE,2017,LR,"Quant à la fonction publique hospitalière, il s’agira de lui redonner une perspective qui fait cruellement défaut ces dernières années."
LR_2017,LR_2017_2395,PRE,2017,LR,C’est donc un vrai pacte de progrès que je propose de nouer avec l’ensemble des agents publics en conduisant une politique de modernisation de la fonction publique en pleine adéquation avec ces exigences.
LR_2017,LR_2017_2396,PRE,2017,LR,Ce pacte de progrès permettra de rétablir l’autorité publique et de rendre ainsi aux fonctionnaires la fierté qu’ils ont perdue.
LR_2017,LR_2017_2397,PRE,2017,LR,Un pacte de progrès pour une politique de modernisation de la fonction publique.
LR_2017,LR_2017_2398,PRE,2017,LR,"Conduire rapidement une négociation associant tous les partenaires sociaux et portant sur la progression de carrière, la modernisation de la gestion des ressources humaines et la qualité de vie au travail au sein des différentes administrations."
LR_2017,LR_2017_2399,PRE,2017,LR,Réaffecter une partie des économies réalisées à l’amélioration des rémunérations.
LR_2017,LR_2017_2400,PRE,2017,LR,"Augmenter progressivement le temps de travail dans la fonction publique à 39 heures hebdomadaires, sur une base annualisée permettant aux administrations d’organiser les cycles de travail les plus adaptés à leurs missions et métiers."
LR_2017,LR_2017_2401,PRE,2017,LR,"Remplacer un départ d’agents publics sur deux en moyenne à l’échelle des fonctions publiques, ce qui permettra de réduire de 500 000 le nombre d’emplois publics en 5 ans tout en maintenant un niveau de recrutement significatif sur la période."
LR_2017,LR_2017_2402,PRE,2017,LR,"Simplifier et élargir pour les administrations le recrutement des contractuels de droit public, afin d’en faire un outil complémentaire au statut."
LR_2017,LR_2017_2403,PRE,2017,LR,"Mieux organiser la mobilité au sein et entre les fonctions publiques, en accélérant en particuliers le travail de simplification statutaire, ainsi qu’entre public et privé."
LR_2017,LR_2017_2404,PRE,2017,LR,Instituer 2 jours de carence dans la fonction publique.
LR_2017,LR_2017_2405,PRE,2017,LR,"Récompenser le mérite et valoriser les compétences plus que l’ancienneté, que ce soit en termes de salaire, d’avancement, de promotion ou de changement d’affectation des agents publics."
LR_2017,LR_2017_2406,PRE,2017,LR,"Mettre en oeuvre à compter de 2018 un grand plan de modernisation de la gestion des ressources humaines au sein des administrations, dans tous les domaines clés (recrutement, évaluation, formation, accompagnement des carrières, dialogue social)."
LR_2017,LR_2017_2407,PRE,2017,LR,"Associer directement les agents publics à la réflexion sur l’administration de demain et la modernisation au plus près des services, en s’appuyant sur la révolution numérique."
LR_2017,LR_2017_2408,PRE,2017,LR,Développer la qualité de vie au travail au sein de la fonction publique.
LR_2017,LR_2017_2409,PRE,2017,LR,RÉFORME DE L’ETAT.
LR_2017,LR_2017_2410,PRE,2017,LR,La réforme de l’Etat est la condition indispensable pour renforcer l’efficacité de la dépense publique tout en améliorant la qualité du service offert aux Français.
LR_2017,LR_2017_2411,PRE,2017,LR,La réforme de l’Etat passe par un travail détaillé d’évaluation de l’efficacité des dépenses et de leur pertinence.
LR_2017,LR_2017_2412,PRE,2017,LR,"Cela nécessite la mise en place d’un dispositif de revue des dépenses et de pilotage des réformes, pour l’ensemble de la sphère publique."
LR_2017,LR_2017_2413,PRE,2017,LR,"Il faudra mobiliser tous les services, qui auront des objectifs d’économies sur cinq ans."
LR_2017,LR_2017_2414,PRE,2017,LR,"Je souhaite que les Français puissent suivre l’évolution de ces réformes, grâce à l’open data."
LR_2017,LR_2017_2415,PRE,2017,LR,"Je veux baisser la dépense publique après avoir évalué son efficacité, de 100 Mds € sur cinq ans, en recherchant les sources d’efficacité et en conduisant une réflexion approfondie sur le poids du secteur public."
LR_2017,LR_2017_2416,PRE,2017,LR,"Je souhaite que la sphère publique ne prenne pas plus de place en France que dans des pays comparables au nôtre, ce qui suppose de réduire le nombre d’emplois publics mais également de revoir le périmètre des interventions de l’Etat."
LR_2017,LR_2017_2417,PRE,2017,LR,Réformer l’Etat suppose que chacun se mobilise en faveur d’une plus grande efficacité de la dépense publique.
LR_2017,LR_2017_2418,PRE,2017,LR,"C’est un chemin exigeant mais vertueux, pour alléger le poids du secteur public et concentrer la dépense sur les domaines qui en ont le plus besoin."
LR_2017,LR_2017_2419,PRE,2017,LR,"Réduire la dette suppose forcément de réduire la dépense, mais je souhaite que cet exercice soit aussi l’occasion d’améliorer l’action de l’Etat."
LR_2017,LR_2017_2420,PRE,2017,LR,Piloter et évaluer les dépenses publiques.
LR_2017,LR_2017_2421,PRE,2017,LR,Garantir le retour à l’équilibre des finances publiques d’ici 5 ans par un programme de réformes ambitieuses portant sur l’ensemble de la sphère publique.
LR_2017,LR_2017_2422,PRE,2017,LR,"Mettre en place un dispositif de revue et de réformes, piloté au plus haut niveau de l’Etat, portant sur les missions et l’efficience de l’ensemble de la sphère publique (Etat, collectivités locales, organismes de protection sociale)."
LR_2017,LR_2017_2423,PRE,2017,LR,Réserver aux lois de finances (LF et LFSS) la création et la modification des prélèvements obligatoires.
LR_2017,LR_2017_2424,PRE,2017,LR,"Fixer des objectifs de qualité de service, de réduction des normes et d’économies sur 5 ans à chaque ministre, chaque secrétaire général et aux principaux directeurs d’administration centrale et fournir, dès les premiers mois du quinquennat, à l’ensemble des administrations des objectifs et une feuille de route sur 5 ans, dont les résultats seront régulièrement rendus publics en open data."
LR_2017,LR_2017_2425,PRE,2017,LR,Baisser la dépense publique.
LR_2017,LR_2017_2426,PRE,2017,LR,Réaliser 100 Mds€ d’économies de dépenses publiques sur 5 ans.
LR_2017,LR_2017_2427,PRE,2017,LR,Réduire le poids du secteur public et le ramener au niveau de celui de pays comparables en réduisant le nombre d’emplois publics et en recentrant la puissance publique sur les missions qu’elle est la seule à pouvoir assurer.
LR_2017,LR_2017_2428,PRE,2017,LR,Limiter les interventions de la puissance publique après évaluation sans concession de leur impact socioéconomique.
LR_2017,LR_2017_2429,PRE,2017,LR,Simplifier les structures chargées de la mise en oeuvre des politiques publiques.
LR_2017,LR_2017_2430,PRE,2017,LR,"MON PROJET POUR LA FRANCE C’EST POUR VOUS, C’EST POUR VOS ENFANTS."
LR_2017,LR_2017_2431,PRE,2017,LR,POUVOIR D’ACHAT ET FISCALITÉ.
LR_2017,LR_2017_2432,PRE,2017,LR,"Entre 2012 et 2017, les socialistes auront augmenté les impôts comme jamais en France."
LR_2017,LR_2017_2433,PRE,2017,LR,"Avec pour résultat une paralysie de l’activité économique et un appauvrissement des classes moyennes, qui ont supporté l’essentiel de ce matraquage."
LR_2017,LR_2017_2434,PRE,2017,LR,"Ce fardeau fiscal, je veux l’alléger pour redonner de l’air aux Français."
LR_2017,LR_2017_2435,PRE,2017,LR,"Ces allègements devront être progressifs, à mesure que nous réduirons la dépense publique, pour ne pas creuser les déficits et la dette que nous transmettrons à nos enfants."
LR_2017,LR_2017_2436,PRE,2017,LR,"Ils devront être équitables, en bénéficiant avant tout aux classes moyennes : familles, salariés, retraités, épargnants."
LR_2017,LR_2017_2437,PRE,2017,LR,Ils devront aussi être efficaces : nous devons modifier la structure de notre fiscalité pour rendre notre pays plus compétitif dans la compétition mondiale et préserver nos emplois.
LR_2017,LR_2017_2438,PRE,2017,LR,"Par ailleurs, nous ne mettrons pas en oeuvre le prélèvement à la source et nous engagerons dès 2018 une réforme des modalités de prélèvements en vue de développer la mensualisation et la contemporanéité des revenus et des prélèvements."
LR_2017,LR_2017_2439,PRE,2017,LR,"Je mettrai en oeuvre ces allègements de manière déterminée, parce que les Français doivent pouvoir profiter des fruits de leur travail et de leurs investissements."
LR_2017,LR_2017_2440,PRE,2017,LR,Redonner du pouvoir d’achat.
LR_2017,LR_2017_2441,PRE,2017,LR,"Mettre en place un abattement forfaitaire généralisé des cotisations sociales salariées, ce qui permettra une augmentation immédiate des salaires nets sur la fiche de paie de l’ordre de 350€ par an par salarié (700€ par an pour un ménage où les deux travaillent)."
LR_2017,LR_2017_2442,PRE,2017,LR,"Revaloriser les retraites inférieures à 1000€ en les augmentant de plus de 300€ par an, et les petites pensions de réversion de 10% (cela bénéficiera à plus de 300 000 veuves et veufs)."
LR_2017,LR_2017_2443,PRE,2017,LR,"Relever progressivement le plafond du quotient familial à 3 000 euros pour réduire l’impôt sur le revenu des familles, qui ont été particulièrement pénalisées par les socialistes."
LR_2017,LR_2017_2444,PRE,2017,LR,"Permettre aux Français de transmettre leur patrimoine plus rapidement, en réduisant de 15 à 10 ans le délai entre deux donations ce qui permettra de renforcer le pouvoir d’achat des jeunes."
LR_2017,LR_2017_2445,PRE,2017,LR,Développer l‘intéressement dans les entreprises de moins de 50 salariés pour permettre aux salariés des petites entreprises de bénéficier des fruits de leur travail.
LR_2017,LR_2017_2446,PRE,2017,LR,Permettre aux Français de vendre plus facilement leurs biens immobiliers en ramenant de 30 à 22 ans le délai d’exonération des plus-values.
LR_2017,LR_2017_2447,PRE,2017,LR,Réformer notre fiscalité pour favoriser la création d’emplois.
LR_2017,LR_2017_2448,PRE,2017,LR,Supprimer l’ISF dès 2018 pour garder en France des capitaux qui seront investis dans des entreprises françaises et qui créeront des emplois en France.
LR_2017,LR_2017_2449,PRE,2017,LR,Remplacer les mécanismes de déduction existants sur l’ISF (qui financent les entreprises innovantes ou les fondations) par des mécanismes de même nature s’appliquant à l’impôt sur le revenu.
LR_2017,LR_2017_2450,PRE,2017,LR,La déduction de l’investissement dans les PME sera de 30% dans la limite d’un million d’euros pour un couple.
LR_2017,LR_2017_2451,PRE,2017,LR,Mettre en place un taux unique d’imposition des revenus du patrimoine à 30% pour favoriser l’investissement dans les entreprises et donc la création d’emplois en maintenant le régime fiscal actuel de l’assurance-vie et des livrets d’épargne populaire (notamment du livret A).
LR_2017,LR_2017_2452,PRE,2017,LR,Mettre en place une « TVA compétitivité » en augmentant de 2 points le taux normal.
LR_2017,LR_2017_2453,PRE,2017,LR,"Les taux intermédiaire, réduit et super-réduit resteront inchangés : les produits de première nécessité et les services publics ne seront donc pas touchés."
LR_2017,LR_2017_2454,PRE,2017,LR,Cette TVA compétitivité permettra de financer la baisse des charges pesant sur les salaires pour redonner de la compétitivité à nos entreprises et donc créer des emplois.
LR_2017,LR_2017_2455,PRE,2017,LR,Cette augmentation de la TVA permet aussi de faire contribuer les importations et donc les producteurs étrangers au redressement du pays.
LR_2017,LR_2017_2456,PRE,2017,LR,"Doubler le plafond de versement dans le «PEA PME» pour le porter à 150 000 euros afin de renforcer le financement des PME et des ETI, et donc favoriser la création d’emplois."
LR_2017,LR_2017_2457,PRE,2017,LR,FAMILLE.
LR_2017,LR_2017_2458,PRE,2017,LR,"La famille est un pilier de notre société, le premier lieu de socialisation et d’éducation de l’enfant."
LR_2017,LR_2017_2459,PRE,2017,LR,"C’est pourquoi je veux la soutenir, la protéger et lui redonner ses droits."
LR_2017,LR_2017_2460,PRE,2017,LR,Des parents qui s’investissent dans l’éducation de leurs enfants contribuent à leur plus grande autonomie et à leur sens des responsabilités.
LR_2017,LR_2017_2461,PRE,2017,LR,"Inversement, quand la famille ne fonctionne pas, c’est toute la société qui en pâtit."
LR_2017,LR_2017_2462,PRE,2017,LR,La politique familiale que je défends repose sur les principes de liberté et de responsabilité qui sont au coeur de mon projet : j’entends pour cela mieux responsabiliser les parents et mieux protéger les enfants.
LR_2017,LR_2017_2463,PRE,2017,LR,Je veux enfin redonner aux parents de la liberté pour mieux concilier vie professionnelle et vie familiale.
LR_2017,LR_2017_2464,PRE,2017,LR,La politique familiale en France est un levier essentiel de nos politiques publiques.
LR_2017,LR_2017_2465,PRE,2017,LR,Cette politique soutient le dynamisme de notre économie et contribue aussi à la pérennité de notre système de retraites par répartition.
LR_2017,LR_2017_2466,PRE,2017,LR,La France est ainsi l’un des pays au monde où le taux d’activité des femmes est le plus élevé sans que cela n’ait pour autant pénalisé la natalité.
LR_2017,LR_2017_2467,PRE,2017,LR,La politique menée depuis 2012 a remis en cause les fondements de notre politique familiale.
LR_2017,LR_2017_2468,PRE,2017,LR,L’abaissement par deux fois (2013 et 2014) du plafond du quotient familial a pénalisé les familles et tout particulièrement celles qui ont plusieurs enfants.
LR_2017,LR_2017_2469,PRE,2017,LR,"Surtout, la nature même de la politique familiale a été remise en question par la mise sous condition de ressources des allocations familiales."
LR_2017,LR_2017_2470,PRE,2017,LR,Ce sont ainsi les familles qui ont supporté le poids des rares économies réalisées depuis 2012.
LR_2017,LR_2017_2471,PRE,2017,LR,La politique familiale ne peut plus être la variable d’ajustement de nos politiques sociales et doit retrouver sa vocation originelle : compenser la charge liée à l’éducation d’enfants.
LR_2017,LR_2017_2472,PRE,2017,LR,"Je protégerai la famille et lui redonnerai ses droits, car la famille est l’un des piliers de notre société."
LR_2017,LR_2017_2473,PRE,2017,LR,Soutenir les familles.
LR_2017,LR_2017_2474,PRE,2017,LR,"Rétablir l’universalité des allocations familiales, pour rendre son efficacité à notre politique familiale."
LR_2017,LR_2017_2475,PRE,2017,LR,Relever progressivement le plafond du quotient familial à 3000 € pour réduire l’impôt sur le revenu des familles.
LR_2017,LR_2017_2476,PRE,2017,LR,Mieux responsabiliser les parents.
LR_2017,LR_2017_2477,PRE,2017,LR,Rétablir le contrat de responsabilité parentale supprimé en 2013 afin de permettre la suspension des allocations familiales en cas d’absentéisme scolaire des enfants ou de comportements non conformes aux valeurs fondamentales de la République.
LR_2017,LR_2017_2478,PRE,2017,LR,Protéger les droits de l’enfant.
LR_2017,LR_2017_2479,PRE,2017,LR,"Préserver le cadre juridique défini par les lois de bioéthique de 1994, révisées en 2011 : la procréation médicalement assistée (PMA) restera interdite aux couples de femmes et aux femmes seules ; la gestation pour autrui (GPA, « mères porteuses ») restera interdite à tous et les sanctions pénales sur le recours ou la promotion de la GPA seront renforcées."
LR_2017,LR_2017_2480,PRE,2017,LR,Le gouvernement luttera contre les détournements de procédure par le biais de conventions signées avec les pays autorisant l’une ou l’autre de ces pratiques.
LR_2017,LR_2017_2481,PRE,2017,LR,Une action au niveau international sera par ailleurs menée en faveur de l’abolition de la GPA.
LR_2017,LR_2017_2482,PRE,2017,LR,"Réécrire la loi Taubira, sans effet rétroactif et en concertation avec toutes les associations concernées, en posant la règle que l’adoption plénière sera réservée aux couples de sexe différent, la filiation n’ayant de sens qu’à l’égard d’un homme et d’une femme."
LR_2017,LR_2017_2483,PRE,2017,LR,"Dans le cadre de la concertation avec toutes les parties prenantes, il faudra s’interroger plus globalement sur les évolutions nécessaires de notre droit de l’adoption."
LR_2017,LR_2017_2484,PRE,2017,LR,Donner plus de liberté aux familles et mieux concilier vie familiale et vie professionnelle.
LR_2017,LR_2017_2485,PRE,2017,LR,Garantir la liberté des familles dans le choix des modes d’accueil de la petite enfance.
LR_2017,LR_2017_2486,PRE,2017,LR,Les formules de garde souples seront privilégiées et les maisons d’assistantes maternelles seront développées ainsi que les micro-crèches.
LR_2017,LR_2017_2487,PRE,2017,LR,"Simplifier la règlementation relative aux crèches et aux halte garderies, qui complique aujourd’hui la création de places et en augmente le coût."
LR_2017,LR_2017_2488,PRE,2017,LR,Inciter à la flexibilisation des horaires des structures de garde.
LR_2017,LR_2017_2489,PRE,2017,LR,"Faciliter les évolutions professionnelles en fonction de l’expérience et les passerelles d’un métier à l’autre, entre assistant maternel et éducateur de jeunes enfants."
LR_2017,LR_2017_2490,PRE,2017,LR,Mettre en place des plans de formation afin de répondre à la demande du marché qui est en tension.
LR_2017,LR_2017_2491,PRE,2017,LR,Réintroduire la liberté dans le recours au congé parental.
LR_2017,LR_2017_2492,PRE,2017,LR,Maintenir l’enveloppe des aides fiscales et sociales destinées aux particuliers-employeurs pour les emplois familiaux.
LR_2017,LR_2017_2493,PRE,2017,LR,FEMMES.
LR_2017,LR_2017_2494,PRE,2017,LR,"En France, l’égalité juridique entre les femmes et les hommes est globalement consacrée."
LR_2017,LR_2017_2495,PRE,2017,LR,Mais les progrès réalisés demeurent fragiles et on observe encore trop souvent dans notre société des comportements discriminants et des violences intolérables.
LR_2017,LR_2017_2496,PRE,2017,LR,"Or, aujourd’hui, les femmes françaises, qui représentent plus de 51% de la population, ont la possibilité de prendre leur destin en main."
LR_2017,LR_2017_2497,PRE,2017,LR,"Des femmes de France issues de toutes les générations, de tous les milieux socio-professionnels, de toutes origines et de toutes croyances m’ont rejoint et ensemble, nous avons bâti un vrai programme."
LR_2017,LR_2017_2498,PRE,2017,LR,Je veux que les mères isolées soient davantage aidées dans leur quotidien pour pouvoir élever leurs enfants dans des conditions matérielles décentes ; je veux renforcer les dispositifs de lutte contre tous les types de violences faites aux femmes et garantir la protection des enfants ; je veux faire de l’égalité femme-homme une priorité dans nos institutions publiques et dans la société.
LR_2017,LR_2017_2499,PRE,2017,LR,La monoparentalité.
LR_2017,LR_2017_2500,PRE,2017,LR,Favoriser l’accès prioritaire aux crèches et aux logements sociaux pour les femmes isolées.
LR_2017,LR_2017_2501,PRE,2017,LR,Créer une grande plate-forme d’échanges intergénérationnels pour venir en aide aux « mères isolées » dans leur quotidien.
LR_2017,LR_2017_2502,PRE,2017,LR,"Cette initiative basée sur le renforcement du lien intergénérationnel permettra à des seniors de décharger ces dernières de certaines activités (garde d’enfants, aide aux devoirs…)."
LR_2017,LR_2017_2503,PRE,2017,LR,Les violences faites aux femmes et aux enfants.
LR_2017,LR_2017_2504,PRE,2017,LR,"Développer l’hébergement d’urgence à destination des femmes victimes de violences : initier un recensement du nombre de places disponibles; affirmer le principe d’un fonds réservataire de 2% pour les femmes victimes de violences, quand l’Etat est bailleur de logements sociaux."
LR_2017,LR_2017_2505,PRE,2017,LR,Encourager les femmes à porter plainte et mettre en place un cadre sécurisant.
LR_2017,LR_2017_2506,PRE,2017,LR,Faire en sorte qu’il y ait un référent formé dans chaque commissariat de police et dans chaque gendarmerie pour accueillir les femmes qui viennent porter plainte pour agression sexuelle ou viol.
LR_2017,LR_2017_2507,PRE,2017,LR,"Sanctionner d’une amende aggravée toutes les incivilités commises à l’égard des femmes dans l’espace public et les transports en commun (insultes, harcèlement de rue…)."
LR_2017,LR_2017_2508,PRE,2017,LR,Vérifier systématiquement au moment de l’embauche le casier judiciaire de toute personne exerçant dans un secteur professionnel en relation avec des mineurs et obliger à un traitement judiciaire rapide des dossiers impliquant des mineurs.
LR_2017,LR_2017_2509,PRE,2017,LR,Faire de la non-assistance à mineur en danger une circonstance aggravante du délit de non-assistance à personne en danger.
LR_2017,LR_2017_2510,PRE,2017,LR,"Lancer une mission ayant pour objet de bloquer l’accès des mineurs aux sites et vidéos pornographiques, en concertation avec les fournisseurs d’accès internet, les opérateurs de téléphonie mobile, les hébergeurs, la CNIL, les associations familiales ou de protection de l’enfance et les organismes concernés."
LR_2017,LR_2017_2511,PRE,2017,LR,"Il s’agit de faire respecter, dans les faits, la législation interdisant ces programmes aux moins de 18 ans, tout en veillant au respect de la vie privée."
LR_2017,LR_2017_2512,PRE,2017,LR,Droits des femmes et égalité homme-femme.
LR_2017,LR_2017_2513,PRE,2017,LR,S’engager pour un gouvernement paritaire.
LR_2017,LR_2017_2514,PRE,2017,LR,"Lutter de manière implacable contre le sexisme en politique, en appliquant une tolérance zéro et en s’engageant à mettre en place des mesures législatives et une politique pénale pour exclure de son mandat et rendre inéligible tout élu ou membre de l’exécutif en cas de condamnation pour harcèlement sexiste ou agressions sexuelles."
LR_2017,LR_2017_2515,PRE,2017,LR,Lutter contre les zones de non-droit où pèse la menace que constitue l’islam radical.
LR_2017,LR_2017_2516,PRE,2017,LR,Supprimer les aides publiques à toutes les associations qui ne respectent pas l’égalité homme/femme.
LR_2017,LR_2017_2517,PRE,2017,LR,Aider les associations de mères qui luttent dans les quartiers contre la radicalisation de leurs enfants.
LR_2017,LR_2017_2518,PRE,2017,LR,ÉDUCATION.
LR_2017,LR_2017_2519,PRE,2017,LR,Je veux une école de l’excellence pour tous.
LR_2017,LR_2017_2520,PRE,2017,LR,L’éducation est une priorité pour remettre la France debout.
LR_2017,LR_2017_2521,PRE,2017,LR,Notre école est la condition de l’unité nationale et républicaine.
LR_2017,LR_2017_2522,PRE,2017,LR,"Elle doit s’attacher en premier lieu à transmettre les savoirs fondamentaux : le français, les mathématiques et l’histoire-géographie doivent constituer un socle de connaissances pour tous."
LR_2017,LR_2017_2523,PRE,2017,LR,Donner aux jeunes Français une culture commune est une nécessité pour restaurer un lien social solide et refonder un réel sentiment d’appartenance au pays.
LR_2017,LR_2017_2524,PRE,2017,LR,"A partir de ce socle, l’éducation vise aussi une ouverture au monde, une insertion dans la société du numérique et une préparation aux différents métiers, pour offrir à la jeunesse les armes pour affronter demain."
LR_2017,LR_2017_2525,PRE,2017,LR,"Elle est le premier levier d’action contre le chômage de masse dans notre pays, et tout particulièrement celui des jeunes."
LR_2017,LR_2017_2526,PRE,2017,LR,Améliorer l’orientation des jeunes et revaloriser l’enseignement professionnel et l’apprentissage permettront de ne laisser personne au bord du chemin.
LR_2017,LR_2017_2527,PRE,2017,LR,De tels objectifs ne sont atteignables que si l’on restaure l’autorité nécessaire et la reconnaissance sociale du métier d’enseignant.
LR_2017,LR_2017_2528,PRE,2017,LR,"Loin du carcan bureaucratique actuel, leur mission doit se déployer en accroissant l’autonomie des différents acteurs et en donnant les outils d’une confiance renouvelée avec les familles."
LR_2017,LR_2017_2529,PRE,2017,LR,"Plutôt que favoriser le nivellement par le bas comme la gauche l’a fait depuis cinq ans, il est temps de tirer le système vers le haut."
LR_2017,LR_2017_2530,PRE,2017,LR,Établir des programmes garantissant l’apprentissage des fondamentaux pour l’ensemble des élèves.
LR_2017,LR_2017_2531,PRE,2017,LR,Restituer à l’école maternelle son rôle de préparation à l’apprentissage de la lecture en lui donnant comme priorité l’acquisition du vocabulaire.
LR_2017,LR_2017_2532,PRE,2017,LR,"Commencer la scolarité obligatoire à cinq ans de sorte que l’apprentissage de la lecture, avec des méthodes efficaces, débute plus tôt, et concentrer l’enseignement élémentaire sur le socle de connaissances (lecture, calcul, écriture, grandes dates et grands personnages de l’histoire de la Nation, géographie de la France)."
LR_2017,LR_2017_2533,PRE,2017,LR,Laisser les collectivités territoriales décider de l’organisation du temps scolaire à l’école primaire.
LR_2017,LR_2017_2534,PRE,2017,LR,"A ce titre, elles pourront revenir sur la réforme des rythmes scolaires et favoriser un temps pour les devoirs après la classe."
LR_2017,LR_2017_2535,PRE,2017,LR,"Abroger la réforme du collège et revoir les programmes en les structurant autour de deux volets pédagogiques : 1. approfondissement des fondamentaux (français et mathématiques, sciences et histoiregéographie); 2. éducation physique et sportive et ouverture au monde (langues, éducation civique, numérique, enseignements artistiques, découverte professionnelle)."
LR_2017,LR_2017_2536,PRE,2017,LR,"Réécrire les programmes d’histoire et de français du collège sous l’autorité d’académiciens, autoriser la création de classes bilangues et de sections européennes dans toutes les académies, conforter l’enseignement de l’allemand et rétablir les enseignements de latin et de grec."
LR_2017,LR_2017_2537,PRE,2017,LR,"Recentrer l’enseignement de technologie autour de la culture numérique et de l’apprentissage de la programmation informatique, de l’algorithmique et des usages numériques."
LR_2017,LR_2017_2538,PRE,2017,LR,Revaloriser le baccalauréat en réduisant à 4 le nombre d’épreuves et en renforçant les exigences de chacune d’entre elles pour permettre la réussite dans l’enseignement supérieur : une épreuve de français en première et trois épreuves en terminale choisies parmi les matières dominantes de la série.
LR_2017,LR_2017_2539,PRE,2017,LR,Les disciplines ne faisant pas l’objet d’épreuve seront notées dans le cadre du contrôle continu.
LR_2017,LR_2017_2540,PRE,2017,LR,"En outre, les examens du baccalauréat seront programmés début juillet pour rendre chaque année aux élèves un mois de temps d’enseignement auquel ils ont droit."
LR_2017,LR_2017_2541,PRE,2017,LR,Revaloriser l’enseignement professionnel et faire de l’apprentissage une priorité.
LR_2017,LR_2017_2542,PRE,2017,LR,Faire de l’enseignement professionnel une vraie voie d’excellence confiée aux régions.
LR_2017,LR_2017_2543,PRE,2017,LR,Conserver le caractère national des diplômes mais autoriser les régions à faire des adaptations en fonction des besoins locaux.
LR_2017,LR_2017_2544,PRE,2017,LR,"Engager une mobilisation nationale des parents, des entreprises, des professeurs, des conseillers d’orientation et des régions pour revaloriser et développer l’apprentissage dès l’âge de 15 ans."
LR_2017,LR_2017_2545,PRE,2017,LR,Réaffirmer le sens de l’effort et le respect de l’autorité.
LR_2017,LR_2017_2546,PRE,2017,LR,Instituer une tenue vestimentaire spécifique à l’établissement pour les élèves de l’école et du collège.
LR_2017,LR_2017_2547,PRE,2017,LR,"Instaurer une évaluation du comportement de l’élève au collège afin de prendre en compte l’assiduité en classe, le respect des règles de l’établissement, le respect des autres et d’abord des professeurs et éducateurs, la politesse, l’attention aux élèves malades ou handicapés, la prise de responsabilité."
LR_2017,LR_2017_2548,PRE,2017,LR,Débureaucratiser l’Éducation nationale.
LR_2017,LR_2017_2549,PRE,2017,LR,Supprimer le Conseil supérieur des programmes dont les choix et le langage jargonnant ne contribuent pas au redressement de notre système éducatif.
LR_2017,LR_2017_2550,PRE,2017,LR,Réduire drastiquement le nombre des circulaires et instructions ministérielles et académiques.
LR_2017,LR_2017_2551,PRE,2017,LR,"Encourager l’autonomie des écoles, des collèges et des lycées, dans un cadre national."
LR_2017,LR_2017_2552,PRE,2017,LR,"Maintenir la responsabilité de l’Etat pour la définition des principes, des programmes et du niveau exigé des professeurs, pour l’organisation des examens nationaux et le contrôle du respect des règles de la République."
LR_2017,LR_2017_2553,PRE,2017,LR,"Laisser chaque établissement choisir son dispositif d’accompagnement des élèves (programmes d’aides, travaux interdisciplinaires)."
LR_2017,LR_2017_2554,PRE,2017,LR,Donner des outils d’autoévaluation et évaluer régulièrement les établissements.
LR_2017,LR_2017_2555,PRE,2017,LR,Confier progressivement aux chefs d’établissement du second degré la possibilité de recruter les professeurs et personnels de l’établissement.
LR_2017,LR_2017_2556,PRE,2017,LR,Accroître l’offre éducative dans les zones de revitalisation rurale et les zones urbaines sensibles en soutenant la création d’établissements publics ou privés innovants.
LR_2017,LR_2017_2557,PRE,2017,LR,"Renforcer la formation, la rémunération et la présence des enseignants dans l’établissement."
LR_2017,LR_2017_2558,PRE,2017,LR,Mettre au premier rang des objectifs des services académiques la définition et la mise en oeuvre d’une véritable politique de ressources humaines et assurer aux professeurs le soutien de leur hiérarchie tant dans leur mission d’enseignement que dans celle d’encadrement des élèves.
LR_2017,LR_2017_2559,PRE,2017,LR,"Revaloriser les traitements des enseignants, en maîtrisant les effectifs et en développant une part « mérite » dans la rémunération, et accroître les possibilités de promotion accélérée pour les professeurs enseignant une seconde discipline ou leur discipline en langue étrangère ou acceptant d’enseigner dans des établissements difficiles."
LR_2017,LR_2017_2560,PRE,2017,LR,Augmenter progressivement le temps de présence des enseignants du second degré dans l’établissement afin de rendre effectif l’accompagnement personnalisé sans changer le nombre d’heures de cours devant élèves.
LR_2017,LR_2017_2561,PRE,2017,LR,Redonner aux parents confiance dans l’école.
LR_2017,LR_2017_2562,PRE,2017,LR,Protéger la liberté des parents de choisir d’inscrire leurs enfants dans l’enseignement public ou dans l’enseignement privé.
LR_2017,LR_2017_2563,PRE,2017,LR,"Renforcer le dialogue parents-professeurs sur le suivi des résultats des élèves, le calendrier des contrôles en classe ainsi que les sorties scolaires."
LR_2017,LR_2017_2564,PRE,2017,LR,"Généraliser les outils numériques de partage d’information entre les élèves, les parents et les enseignants (espace numérique de travail)."
LR_2017,LR_2017_2565,PRE,2017,LR,Présenter les résultats de toute évaluation de l’établissement aux parents.
LR_2017,LR_2017_2566,PRE,2017,LR,"Assurer à tous les élèves en situation de handicap les conditions de travail et d’apprentissage adaptées dans le premier degré, puis tout au long de leur scolarité."
LR_2017,LR_2017_2567,PRE,2017,LR,ENSEIGNEMENT SUPÉRIEUR ET RECHERCHE.
LR_2017,LR_2017_2568,PRE,2017,LR,Notre enseignement supérieur et notre recherche sont des atouts déterminants pour la performance et le rayonnement de notre pays.
LR_2017,LR_2017_2569,PRE,2017,LR,L’Etat doit accompagner la pluralité de ses acteurs pour qu’ils offrent à la Nation ce qu’ils ont de meilleur.
LR_2017,LR_2017_2570,PRE,2017,LR,"Les choix stratégiques relèvent d’abord des acteurs, selon un principe de subsidiarité."
LR_2017,LR_2017_2571,PRE,2017,LR,"Il faut affirmer la culture de responsabilité, inhérente à la logique d’autonomie."
LR_2017,LR_2017_2572,PRE,2017,LR,"Ce sont les projets développés sur différents sites qui conduisent à des rapprochements éventuels et souhaitables entre les différents acteurs, et non l’inverse comme a tenté de l’imposer le ministère depuis 2012."
LR_2017,LR_2017_2573,PRE,2017,LR,"L’avenir verra progresser l’autonomie en l’amplifiant, conformément au projet initial de 2007."
LR_2017,LR_2017_2574,PRE,2017,LR,Le temps des structures est derrière nous.
LR_2017,LR_2017_2575,PRE,2017,LR,"Le temps des hommes et des femmes est lui, résolument, devant nous."
LR_2017,LR_2017_2576,PRE,2017,LR,"L’étudiant, l’enseignant-chercheur et le chercheur doivent être placés au coeur de ce projet qui vise à faire de la France la première puissance européenne d’ici à dix ans en matière d’enseignement supérieur et de recherche."
LR_2017,LR_2017_2577,PRE,2017,LR,Pour les étudiants : une formation de haut niveau préparant à l’insertion professionnelle.
LR_2017,LR_2017_2578,PRE,2017,LR,"Informer les lycéens des conditions de réussite dans l’enseignement supérieur : pour chaque filière de formation, publication sur APB par les universités et les écoles des matières principales recommandées au lycée et des débouchés professionnels."
LR_2017,LR_2017_2579,PRE,2017,LR,"Dans les filières en tension, fin de la sélection par algorithme ou tirage au sort et préférence à ceux qui se sont préparés dès le lycée à la voie pour laquelle ils postulent et qui ont l’envie et le talent nécessaires pour y parvenir."
LR_2017,LR_2017_2580,PRE,2017,LR,"Laisser la liberté aux universités de créer des filières d’excellence, de définir et de mettre en oeuvre ellesmêmes les règles d’admission en master."
LR_2017,LR_2017_2581,PRE,2017,LR,"Revaloriser et développer les formations supérieures professionnalisantes (BTS, DUT, nouvelles filières à bac+3 de type bachelor) et revisiter le contenu des formations pour prendre en compte l’évolution des métiers à l’ère du numérique."
LR_2017,LR_2017_2582,PRE,2017,LR,Augmenter fortement le nombre de formations par la voie de l’alternance.
LR_2017,LR_2017_2583,PRE,2017,LR,Soutenir les programmes européens (Erasmus +) d’encouragement à la mobilité des étudiants.
LR_2017,LR_2017_2584,PRE,2017,LR,Adapter le numerus clausus de fin de première année d’études de santé aux besoins régionaux et territoriaux.
LR_2017,LR_2017_2585,PRE,2017,LR,Développer les bourses au mérite.
LR_2017,LR_2017_2586,PRE,2017,LR,Pour les enseignants-chercheurs : redonner de la fierté et de la liberté.
LR_2017,LR_2017_2587,PRE,2017,LR,Redonner de l’attractivité aux carrières universitaires et de recherche en France.
LR_2017,LR_2017_2588,PRE,2017,LR,Revaloriser notamment l’entrée dans la carrière des maîtres de conférences.
LR_2017,LR_2017_2589,PRE,2017,LR,"Alléger les contraintes statutaires, encourager l’internationalisation et la mobilité professionnelle."
LR_2017,LR_2017_2590,PRE,2017,LR,"Laisser les établissements choisir leurs enseignantschercheurs, fonctionnaires et/ou contractuels, tout en s’assurant de leur haut niveau par un avis favorable du CNU."
LR_2017,LR_2017_2591,PRE,2017,LR,"De même, fixer des règles éthiques qui encadrent l’éventuelle promotion d’un maître de conférences comme professeur dans son université d’exercice."
LR_2017,LR_2017_2592,PRE,2017,LR,Pour les établissements : donner l’autonomie pédagogique et budgétaire.
LR_2017,LR_2017_2593,PRE,2017,LR,"Laisser aux établissements la liberté de choisir leur structure, leurs partenaires, en simplifiant le dispositif législatif."
LR_2017,LR_2017_2594,PRE,2017,LR,Assouplir le recours au statut de « grand établissement ».
LR_2017,LR_2017_2595,PRE,2017,LR,Pouvoir déroger aux règles générales et expérimenter des dispositifs de gouvernance nouveaux.
LR_2017,LR_2017_2596,PRE,2017,LR,Augmenter le financement de l’enseignement supérieur.
LR_2017,LR_2017_2597,PRE,2017,LR,"Outre l’effort de l’Etat, il faudra rechercher le soutien du secteur privé et développer les ressources propres."
LR_2017,LR_2017_2598,PRE,2017,LR,"Dans la limite d’un plafond national, les conseils d’administration pourront fixer les frais de scolarité applicables en master et doctorat, en fonction des disciplines et des débouchés professionnels."
LR_2017,LR_2017_2599,PRE,2017,LR,Les étudiants boursiers resteront exonérés des frais de scolarité.
LR_2017,LR_2017_2600,PRE,2017,LR,Les établissements auront aussi une plus grande latitude sur la gestion de leur parc immobilier.
LR_2017,LR_2017_2601,PRE,2017,LR,Evaluer les établissements.
LR_2017,LR_2017_2602,PRE,2017,LR,"L’évaluation doit prendre une forme moins bureaucratique et porter sur la formation et l’insertion professionnelle, la recherche et la gestion."
LR_2017,LR_2017_2603,PRE,2017,LR,"Menée par une autorité indépendante, l’évaluation doit emporter de réelles conséquences, notamment sur le montant des dotations publiques versées à l’établissement."
LR_2017,LR_2017_2604,PRE,2017,LR,Pour la recherche : faire confiance à l’excellence des chercheurs.
LR_2017,LR_2017_2605,PRE,2017,LR,Remettre la créativité et les équipes au coeur de la politique de la recherche.
LR_2017,LR_2017_2606,PRE,2017,LR,Redonner à l’agence nationale de la recherche (ANR) les moyens de financer des projets à caractère original et innovant et donner une nouvelle impulsion aux investissements d’avenir et au soutien dans la durée des projets d’excellence.
LR_2017,LR_2017_2607,PRE,2017,LR,Faciliter la vie des chercheurs en simplifiant les procédures administratives qui leur sont imposées.
LR_2017,LR_2017_2608,PRE,2017,LR,Revaloriser la fonction de chercheur.
LR_2017,LR_2017_2609,PRE,2017,LR,Aider les chercheurs à préparer des réponses aux appels à projet européens.
LR_2017,LR_2017_2610,PRE,2017,LR,"Promouvoir les liens avec l’industrie : développement du label «Carnot» et des laboratoires communs, renforcement du dispositif des thèses CIFRE (Conventions Industrielles de Formation par la Recherche)."
LR_2017,LR_2017_2611,PRE,2017,LR,SANTÉ.
LR_2017,LR_2017_2612,PRE,2017,LR,Les Français sont pessimistes pour l’avenir du système de santé auquel ils sont profondément attachés.
LR_2017,LR_2017_2613,PRE,2017,LR,Je veux apporter une réponse forte à ces inquiétudes.
LR_2017,LR_2017_2614,PRE,2017,LR,"Car comment se satisfaire d’une situation dans laquelle les déserts médicaux se multiplient, où les urgences sont saturées, où un ouvrier a une espérance de vie de six ans inférieure à celle d’un cadre, où les professionnels de santé se sentent de plus en plus déconsidérés ?"
LR_2017,LR_2017_2615,PRE,2017,LR,Comment accepter que de nombreux Français renoncent à se rendre chez le dentiste ou à porter une prothèse auditive pour des raisons financières ?
LR_2017,LR_2017_2616,PRE,2017,LR,Comment prétendre qu’il n’y a pas de réforme à mener quand l’assurance maladie est en déficit depuis 1988 et qu’elle a accumulé 120 Mds€ de dette depuis 20 ans ?
LR_2017,LR_2017_2617,PRE,2017,LR,Je ferai de la prévention une priorité pour que la France ne soit plus à la traîne dans ce domaine et pour que les Français restent en bonne santé le plus longtemps possible.
LR_2017,LR_2017_2618,PRE,2017,LR,"Je prendrai les mesures nécessaires pour que chaque citoyen, où qu’il se trouve sur le territoire, ait accès à des soins de qualité."
LR_2017,LR_2017_2619,PRE,2017,LR,Je garantirai l’avenir de notre système de santé solidaire en équilibrant enfin les comptes de l’assurance maladie.
LR_2017,LR_2017_2620,PRE,2017,LR,"Je rembourserai mieux les soins encore à la charge des assurés, pour combler les trous qui existent dans notre système de protection."
LR_2017,LR_2017_2621,PRE,2017,LR,Je ferai du secteur de la santé une source d’innovation et un facteur de croissance et de souveraineté nationale.
LR_2017,LR_2017_2622,PRE,2017,LR,"Je mènerai ces réformes en m’appuyant sur nos valeurs, issues de l’histoire d’une famille politique qui a créé la sécurité sociale, au premier rang desquelles l’universalité de l’assurance maladie."
LR_2017,LR_2017_2623,PRE,2017,LR,"Je préserverai la liberté qui est au coeur de notre système de santé, liberté de choix de son établissement de santé et de son médecin et pour ces derniers, liberté de son lieu d’exercice."
LR_2017,LR_2017_2624,PRE,2017,LR,"Je veillerai à ce que liberté et responsabilité aillent de pair, et à ce que personne n’abuse de la générosité de l’assurance maladie."
LR_2017,LR_2017_2625,PRE,2017,LR,"Pour réussir, je m’appuierai sur les idées et l’engagement de tous les acteurs du système de santé car je suis convaincu que la réforme ne réussira que si elle est portée par eux."
LR_2017,LR_2017_2626,PRE,2017,LR,J’organiserai donc des Etats généraux de la santé fin 2017 / début 2018 pour arrêter définitivement les mesures de modernisation de notre système de santé solidaire.
LR_2017,LR_2017_2627,PRE,2017,LR,Mieux prévenir.
LR_2017,LR_2017_2628,PRE,2017,LR,Rembourser une consultation de prévention tous les deux ans pour tous les Français.
LR_2017,LR_2017_2629,PRE,2017,LR,Elle sera assurée par le médecin traitant qui verra reconnaître son rôle clé dans le « maintien en bonne santé » de la population.
LR_2017,LR_2017_2630,PRE,2017,LR,"Plus complète, elle durera plus longtemps qu’une consultation moyenne et sera rémunérée en conséquence."
LR_2017,LR_2017_2631,PRE,2017,LR,"Lancer un grand Plan Santé à l’école, débutant dès l’école maternelle et reposant sur l’éducation à la santé des enfants (nutrition, activité physique, sommeil) et sur la prévention des addictions (écran, tabac, alcool, cannabis et autres drogues)."
LR_2017,LR_2017_2632,PRE,2017,LR,Accompagner ce plan d’une revalorisation de la médecine scolaire dont l’importance est décisive pour orienter les comportements sanitaires des enfants et des adolescents.
LR_2017,LR_2017_2633,PRE,2017,LR,Mieux organiser pour mieux soigner.
LR_2017,LR_2017_2634,PRE,2017,LR,"Revoir les formations en santé et la sélection, pour tenir compte des nouveaux besoins de santé publique, de la répartition territoriale et du développement des nouvelles technologies."
LR_2017,LR_2017_2635,PRE,2017,LR,"Dans ce cadre, régionaliser le numerus clausus et les épreuves classantes pour s’adapter aux besoins des territoires en matière de présence médicale."
LR_2017,LR_2017_2636,PRE,2017,LR,Combattre les déserts médicaux et réduire les temps d’attente aux urgences en développant les maisons médicales et les structures d’urgences pour les premiers soins.
LR_2017,LR_2017_2637,PRE,2017,LR,Laisser une grande liberté d’organisation aux professionnels de santé pour créer les structures les plus adaptées.
LR_2017,LR_2017_2638,PRE,2017,LR,Garantir une offre de téléconsultation sur tout le territoire d’ici à la fin du quinquennat.
LR_2017,LR_2017_2639,PRE,2017,LR,"Dans ce but, permettre un remboursement incitatif des actes de télémédecine par l’assurance maladie qui soit adapté à une prise en charge pluridisciplinaire."
LR_2017,LR_2017_2640,PRE,2017,LR,"Assurer à chaque Français une prise en charge par la structure la plus adaptée à son besoin médical, au bon moment."
LR_2017,LR_2017_2641,PRE,2017,LR,"Pour cela, accélérer le développement des « parcours de soins », grâce à une meilleure coordination entre médecine hospitalière, médecine libérale et structures médico-sociales."
LR_2017,LR_2017_2642,PRE,2017,LR,Mettre en place les outils d’échange d’informations - en particulier le dossier médical partagé - facilitant et sécurisant cette coordination.
LR_2017,LR_2017_2643,PRE,2017,LR,Engager la recomposition de l’offre hospitalière dans une logique exclusive d’amélioration de la qualité des soins.
LR_2017,LR_2017_2644,PRE,2017,LR,"En matière de santé, la proximité ne garantit pas la qualité car un niveau d’activité minimum est indispensable pour assurer l’expertise des professionnels de santé."
LR_2017,LR_2017_2645,PRE,2017,LR,Assurer une transparence totale sur la qualité des établissements de santé pour aider les Français à mieux s’orienter dans le système de soins et pour donner aux gestionnaires des repères pour améliorer les performances de leurs établissements.
LR_2017,LR_2017_2646,PRE,2017,LR,"Abroger l’article 83 de la loi Touraine sur l’obligation d’appliquer le tiers payant, pour ne pas alourdir encore davantage les tâches administratives des médecins et leur redonner du temps médical au service des malades."
LR_2017,LR_2017_2647,PRE,2017,LR,Donner l’autonomie aux hôpitaux publics pour améliorer leur efficacité et les conditions de travail des personnels hospitaliers.
LR_2017,LR_2017_2648,PRE,2017,LR,"Dans ce but, leur garantir des facilités de gestion en matière de statut des personnels, rémunération, temps de travail et marchés publics."
LR_2017,LR_2017_2649,PRE,2017,LR,Transformer les groupements hospitaliers de territoire (GHT) en groupements de santé de territoire (GST) pour les ouvrir au maximum aux cliniques privés et aux médecins libéraux et faciliter ainsi la coopération de tous les professionnels de santé au service des patients.
LR_2017,LR_2017_2650,PRE,2017,LR,Mieux rembourser.
LR_2017,LR_2017_2651,PRE,2017,LR,"Demander à l’assurance maladie de rembourser la totalité du coût de lunettes de qualité pour tous les enfants de France, pour qu’aucun enfant ne soit handicapé dans sa scolarité si sa famille n’a pas les moyens suffisants pour lui acheter une paire de lunettes."
LR_2017,LR_2017_2652,PRE,2017,LR,"D’ici à 2022, viser un «reste à charge» zéro pour les dépenses de santé les plus coûteuses pour les ménages (optique pour les adultes, prothèses dentaires, audioprothèses et dépassements d’honoraires), grâce à un nouveau partenariat entre la Sécurité sociale et les organismes complémentaires."
LR_2017,LR_2017_2653,PRE,2017,LR,"Pour les dépassements, revenir sur le plafonnement du remboursement dans les contrats des complémentaires qui a dégradé les remboursements pour les assurés."
LR_2017,LR_2017_2654,PRE,2017,LR,"Créer une « Agence de garantie de la couverture solidaire des dépenses de santé » pour veiller à l’amélioration de la prise en charge des dépenses de santé, au meilleur coût pour les assurés."
LR_2017,LR_2017_2655,PRE,2017,LR,"Faire contrôler par l’Agence l’évolution des cotisations des complémentaires, la maîtrise de leur frais de gestion, la clarté des contrats, ainsi que la qualité et la sécurité des prestations remboursées."
LR_2017,LR_2017_2656,PRE,2017,LR,Faciliter l’accès des seniors à une assurance complémentaire de qualité en améliorant l’aide à l’acquisition d’une couverture santé (ACS) pour les personnes âgées qui voient leurs dépenses de santé et le coût d’une complémentaire augmenter fortement avec l’âge.
LR_2017,LR_2017_2657,PRE,2017,LR,Mieux gérer pour garantir l’avenir de l’assurance maladie.
LR_2017,LR_2017_2658,PRE,2017,LR,"Ramener l’assurance maladie à l’équilibre d’ici à 2022 en faisant 20 Mds€ d’économies en 5 ans, en luttant contre toutes les sources de « non-qualité » du système de santé : soins redondants ou inutiles, nonobservance des prescriptions, maintien en activité d’établissement de faible qualité, mauvaise coordination des soins, recours excessif à l’hôpital, prévention insuffisante, fraudes et abus, bureaucratie excessive."
LR_2017,LR_2017_2659,PRE,2017,LR,"Renforcer la lutte contre les fraudes et abus en tout genre qui minent notre système d’assurance maladie : utilisation frauduleuse de cartes Vitale, arrêts maladies injustifiés, fraudes à la CMU–C, prestations fictives de la part de professionnels de santé, fraude à la tarification dans les établissements de santé… En faire une priorité politique, responsabiliser les caisses d’assurance maladie et augmenter fortement les sanctions."
LR_2017,LR_2017_2660,PRE,2017,LR,Supprimer l’aide médicale d’Etat (AME) pour mettre fin à la pression de l’immigration irrégulière sur notre système de santé et redonner confiance à nos concitoyens dans son équité.
LR_2017,LR_2017_2661,PRE,2017,LR,"Pour les cas d’urgence et les maladies graves ou contagieuses, remplacer l’AME par une dispense de frais de santé strictement contrôlée."
LR_2017,LR_2017_2662,PRE,2017,LR,Faire de la santé un facteur de souveraineté et de croissance pour la France.
LR_2017,LR_2017_2663,PRE,2017,LR,Renouer avec l’excellence de la recherche pour qu’elle redevienne le fer de lance de l’innovation et faciliter la création de partenariats publics-privés pour donner naissance à des entreprises innovantes dans le secteur de la santé.
LR_2017,LR_2017_2664,PRE,2017,LR,"Encourager fortement la recherche médicale par le renouvellement des plans «autisme», «maladies rares», «cancers» et «maladies neurodégénératives», pour identifier et développer des traitements pour guérir ou prévenir ces maladies."
LR_2017,LR_2017_2665,PRE,2017,LR,"Créer un label « Hôpital France » pour valoriser et mieux exporter l’ensemble des savoir-faire hospitaliers français : expertise clinique, formation, compétence dans le domaine du numérique, qualité de gestion."
LR_2017,LR_2017_2666,PRE,2017,LR,Conclure un « contrat de mandature » avec les industriels de santé pour leur donner la visibilité nécessaire pour investir et développer leur activité en France.
LR_2017,LR_2017_2667,PRE,2017,LR,"Leur assurer une stabilité fiscale et réglementaire en contrepartie d’engagements sur des objectifs de recherche et de production en France, et d’accès aux traitements au coût le plus juste pour les patients."
LR_2017,LR_2017_2668,PRE,2017,LR,Faire de la France un leader dans le domaine des «biotechs».
LR_2017,LR_2017_2669,PRE,2017,LR,Favoriser une mise à disposition rapide et le remboursement des médicaments innovants pour les malades.
LR_2017,LR_2017_2670,PRE,2017,LR,"Vérifier, dans la durée, l’efficacité de ces médicaments pour être sûr qu’ils apportent bien la valeur promise et que leur prix, souvent élevé, est justifié."
LR_2017,LR_2017_2671,PRE,2017,LR,HANDICAP.
LR_2017,LR_2017_2672,PRE,2017,LR,Le redressement de notre pays doit se faire avec tous et pour tous.
LR_2017,LR_2017_2673,PRE,2017,LR,"Or, notre modèle économique et social actuel n’est pas exemplaire."
LR_2017,LR_2017_2674,PRE,2017,LR,Il rend difficile le quotidien des familles qui connaissent le handicap plutôt que de les accompagner dans leur parcours de vie.
LR_2017,LR_2017_2675,PRE,2017,LR,La manière dont nous traitons les personnes les plus vulnérables est révélatrice de notre solidarité nationale et de notre fraternité.
LR_2017,LR_2017_2676,PRE,2017,LR,Le sujet du handicap doit donc être porté de manière transversale dans l’ensemble des politiques publiques.
LR_2017,LR_2017_2677,PRE,2017,LR,"Les 10 millions de Français concernés par le handicap attendent du pouvoir politique qu’il remette la France sur le chemin d’une meilleure insertion : éducation, formation, emploi, transports, logement, politiques de compensation, accès à la santé, aux sports, à la culture..."
LR_2017,LR_2017_2678,PRE,2017,LR,Tout est lié.
LR_2017,LR_2017_2679,PRE,2017,LR,Je donnerai à la France les moyens de ses ambitions.
LR_2017,LR_2017_2680,PRE,2017,LR,"La loi de février 2005 pour l’égalité des droits et des chances, la participation et la citoyenneté des personnes handicapées est une loi fondatrice."
LR_2017,LR_2017_2681,PRE,2017,LR,Elle doit désormais être mise en oeuvre dans toutes ses dimensions.
LR_2017,LR_2017_2682,PRE,2017,LR,"Car si elle est porteuse d’avancées décisives pour que toutes les personnes en situation de handicap participent pleinement à la vie de la cité, d’importants progrès restent à faire dans son application."
LR_2017,LR_2017_2683,PRE,2017,LR,"Je souhaite mieux prendre en compte le handicap d’origine neurologique dans l’ensemble des politiques publiques, autant sur le champ sanitaire que sur l’accompagnement social des personnes concernées et leurs familles."
LR_2017,LR_2017_2684,PRE,2017,LR,"Par ailleurs, il faudra développer des politiques spécifiques concernant en particulier les handicaps visuels, les handicaps auditifs et les handicaps rares."
LR_2017,LR_2017_2685,PRE,2017,LR,Je sais les problèmes concrets que rencontrent chaque jour les personnes en situation de handicap et leur famille.
LR_2017,LR_2017_2686,PRE,2017,LR,"Je veux donc personnaliser leur accompagnement, simplifier leurs démarches administratives, mieux répondre à leur besoin d’hébergement, améliorer leur accès quotidien à la santé, et répondre à l’angoisse des familles face au vieillissement de leurs proches en situation de handicap."
LR_2017,LR_2017_2687,PRE,2017,LR,Accompagner les personnes et leurs familles.
LR_2017,LR_2017_2688,PRE,2017,LR,Reconnaître aux parents et aux aidants un droit à la formation sur le handicap via le compte personnel de formation ou le congé individuel de formation et structurer une offre de formation de qualité.
LR_2017,LR_2017_2689,PRE,2017,LR,Définir et mettre en oeuvre un véritable accompagnement des familles au moment de l’annonce d’un handicap.
LR_2017,LR_2017_2690,PRE,2017,LR,La Haute Autorité de Santé établira un référentiel de bonnes pratiques d’application obligatoire.
LR_2017,LR_2017_2691,PRE,2017,LR,"Améliorer l’accueil des enfants en situation de handicap, en crèche, à l’école, dans l’enseignement secondaire et supérieur."
LR_2017,LR_2017_2692,PRE,2017,LR,Une formation initiale et continue sur les handicaps sera proposée à tous les professionnels concernés.
LR_2017,LR_2017_2693,PRE,2017,LR,Je lancerai un plan de qualification de tous les auxiliaires de vie scolaire.
LR_2017,LR_2017_2694,PRE,2017,LR,Les liens entre le secteur médico-social et le milieu éducatif seront considérablement renforcés.
LR_2017,LR_2017_2695,PRE,2017,LR,Donner un statut légal et fiscal aux aidants familiaux.
LR_2017,LR_2017_2696,PRE,2017,LR,Diversifier les solutions de répit pour prévenir l’épuisement.
LR_2017,LR_2017_2697,PRE,2017,LR,Pour le répit à domicile il faut sortir des expérimentations et passer immédiatement à la mise en oeuvre.
LR_2017,LR_2017_2698,PRE,2017,LR,"Pour le répit en établissement, il faut développer des places d’accueil temporaire."
LR_2017,LR_2017_2699,PRE,2017,LR,Améliorer le service rendu par les « Maisons Départementales des Personnes Handicapées » en simplifiant les démarches administratives et en créant un outil internet communiquant en temps réel les disponibilités des places au niveau régional pour gommer les effets frontières des départements.
LR_2017,LR_2017_2700,PRE,2017,LR,Des guichets d’accueil de proximité seront également créés pour assurer un accompagnement réellement individualisé et accélérer les démarches.
LR_2017,LR_2017_2701,PRE,2017,LR,Former et insérer durablement dans l’emploi.
LR_2017,LR_2017_2702,PRE,2017,LR,Permettre à tous les demandeurs d’emplois handicapés d’accéder à une formation adaptée et en adéquation avec les besoins des territoires.
LR_2017,LR_2017_2703,PRE,2017,LR,"Encourager les jeunes en situation de handicap à poursuivre des études supérieures en développant les conventions multipartites sous l’égide de l’Etat, et développer la formation en alternance des personnes en situation de handicap."
LR_2017,LR_2017_2704,PRE,2017,LR,"Encourager le développement des entreprises adaptées, simplifier les démarches d’embauche et accroître le nombre de postes."
LR_2017,LR_2017_2705,PRE,2017,LR,Inciter les entreprises adaptées à devenir de véritables tremplins pour les jeunes en situation de handicap vers l’emploi adapté ou non.
LR_2017,LR_2017_2706,PRE,2017,LR,Donner pleinement accès à la vie sociale.
LR_2017,LR_2017_2707,PRE,2017,LR,Garantir la mise en oeuvre effective de l’accessibilité fixée par la loi.
LR_2017,LR_2017_2708,PRE,2017,LR,Tout espace public doit être accessible aux personnes en situation de handicap.
LR_2017,LR_2017_2709,PRE,2017,LR,L’accès aux transports en commun sera facilité.
LR_2017,LR_2017_2710,PRE,2017,LR,"L’allégement des normes d’habitabilité et d’accessibilité sur les logements neufs visera à favoriser la modularité des habitats privatifs et à faciliter ainsi l’intégration, ou l’inclusion des personnes en situation de handicap."
LR_2017,LR_2017_2711,PRE,2017,LR,"La mise en oeuvre de ces objectifs sera animée, évaluée, suivie et diffusée dans la transparence par le préfet dans chaque département."
LR_2017,LR_2017_2712,PRE,2017,LR,Améliorer l’accès aux soins.
LR_2017,LR_2017_2713,PRE,2017,LR,Mettre en place sur chaque territoire de santé un réseau ville-hôpital de soins adaptés aux spécificités des différents handicaps.
LR_2017,LR_2017_2714,PRE,2017,LR,Valoriser le développement de consultations adaptées dans les établissements.
LR_2017,LR_2017_2715,PRE,2017,LR,Inclure dans la certification des établissements de santé par la Haute Autorité de Santé un critère d’accès et d’adaptation aux handicaps.
LR_2017,LR_2017_2716,PRE,2017,LR,Inciter les professionnels de santé à se former aux soins de ces publics spécifiques et les identifier auprès du grand public.
LR_2017,LR_2017_2717,PRE,2017,LR,Favoriser l’émergence des innovations technologiques et de la conception universelle de biens et de services en matière de handicap.
LR_2017,LR_2017_2718,PRE,2017,LR,Créer un label spécifique et coordonner les incubateurs qui accueillent des start-ups dans le domaine du handicap.
LR_2017,LR_2017_2719,PRE,2017,LR,Se battre pour de grandes causes.
LR_2017,LR_2017_2720,PRE,2017,LR,"Mettre en oeuvre un 4ème «plan autisme», ambitieux, adapté aux nouveaux défis à relever notamment pour les adultes."
LR_2017,LR_2017_2721,PRE,2017,LR,"Imposer les recommandations de la Haute Autorité de Santé pour la prise en charge de l’autisme aux centres médico-psychologiques, aux centres de ressources autisme, et à l’ensemble des établissements sanitaires et médico-sociaux qui accueillent des personnes autistes."
LR_2017,LR_2017_2722,PRE,2017,LR,"Structurer, fédérer et coordonner l’effort de recherche médicale sur les handicaps."
LR_2017,LR_2017_2723,PRE,2017,LR,PERTE D’AUTONOMIE.
LR_2017,LR_2017_2724,PRE,2017,LR,"Avec l’allongement de la durée de vie et le vieillissement de la population, notre pays est de plus en plus confronté à la question de la perte d’autonomie des personnes âgées."
LR_2017,LR_2017_2725,PRE,2017,LR,"Si rien n’est fait, l’augmentation du nombre de personnes âgées en perte d’autonomie pourrait à terme fortement peser sur les familles."
LR_2017,LR_2017_2726,PRE,2017,LR,L’espérance de vie en bonne santé devient ainsi une donnée essentielle.
LR_2017,LR_2017_2727,PRE,2017,LR,C’est pourquoi la prévention des fragilités liées au vieillissement doit être une priorité des politiques publiques.
LR_2017,LR_2017_2728,PRE,2017,LR,"Le maintien à domicile étant une exigence forte, il faut aussi favoriser le développement des outils numériques, des aides de voisinage et d’actions intergénérationnelles."
LR_2017,LR_2017_2729,PRE,2017,LR,"Je veux assurer une meilleure prévention de la perte d’autonomie, favoriser le maintien à domicile, mieux soutenir les proches aidants et mieux financer l’aide à l’autonomie."
LR_2017,LR_2017_2730,PRE,2017,LR,Créer des financements innovants pour l’aide à l’autonomie.
LR_2017,LR_2017_2731,PRE,2017,LR,"Encourager le développement des formes innovantes de financement de l’aide à l’autonomie, par exemple en créant un label pour les contrats d’assurance dépendance assorti d’une incitation fiscale, pour encourager le développement de l’assurance sur la base du volontariat ; développer les fonds viagers mutualisés qui seraient chargés de sélectionner, investir et gérer les biens mis en viager ; et inciter au développement de l’épargne-autonomie."
LR_2017,LR_2017_2732,PRE,2017,LR,Favoriser la prévention et le maintien à domicile.
LR_2017,LR_2017_2733,PRE,2017,LR,"Lancer une grande campagne nationale pour financer la recherche sur la maladie d’Alzheimer, qui touche près de 900 000 personnes en France, à l’occasion de la journée mondiale contre la maladie d’Alzheimer, le 21 septembre."
LR_2017,LR_2017_2734,PRE,2017,LR,Lancer un plan de professionnalisation des aides à domicile intégrant le développement des nouvelles technologies et la recherche d’une efficacité accrue des services.
LR_2017,LR_2017_2735,PRE,2017,LR,"Créer des «moniteurs de services», sur le modèle des «care managers» japonais, suédois ou canadiens, chargés d’informer les personnes âgées et leurs familles, de coordonner la prise en charge et de contrôler la qualité des services."
LR_2017,LR_2017_2736,PRE,2017,LR,"Lancer un plan d’adaptation des logements au grand âge en rehaussant les plafonds de prise en charge des travaux par l’agence nationale pour l’amélioration de l’habitat (ANAH), développer les résidences seniors et moderniser les résidences autonomie."
LR_2017,LR_2017_2737,PRE,2017,LR,Soutenir les aidants et progresser vers un véritable statut des aidants.
LR_2017,LR_2017_2738,PRE,2017,LR,Doubler le plafond annuel du droit au répit en le portant à 1 000€.
LR_2017,LR_2017_2739,PRE,2017,LR,"Valider le congé de proche aidant pour les droits à retraite, favoriser la mobilisation du compte épargnetemps pour un congé pour aidant et permettre les dons de jours entre salariés pour les aidants de personnes dépendantes."
LR_2017,LR_2017_2740,PRE,2017,LR,"Faire de l’aide aux personnes âgées une priorité de l’engagement de service civique, étendu pour cette action spécifique aux plus de 25 ans, et définir une forme spécifique et souple du volontariat associatif afin d’aider les personnes âgées dans leur quotidien."
LR_2017,LR_2017_2741,PRE,2017,LR,ALLOCATION SOCIALE UNIQUE.
LR_2017,LR_2017_2742,PRE,2017,LR,La question sociale est une question de solidarité mais aussi une question d’équité.
LR_2017,LR_2017_2743,PRE,2017,LR,Les Français les plus fragiles et les plus modestes doivent pouvoir être aidés et soutenus par un juste effort de solidarité nationale.
LR_2017,LR_2017_2744,PRE,2017,LR,Le droit à s’appuyer sur la solidarité de tous impose pour chacun de travailler et de contribuer à l’effort collectif des Français pour le redressement du pays.
LR_2017,LR_2017_2745,PRE,2017,LR,Tous les Français ont une place au sein de ce projet.
LR_2017,LR_2017_2746,PRE,2017,LR,"Or, depuis maintenant plusieurs décennies, nous avons fabriqué un système propre à exclure, à fragiliser, à maintenir en dehors du marché du travail."
LR_2017,LR_2017_2747,PRE,2017,LR,Notre système de prestations sociales vis-à-vis des plus fragiles est noyé sous une multitude de règles complexes que les Français ne comprennent plus ou trouvent injustes.
LR_2017,LR_2017_2748,PRE,2017,LR,"L’empilement au fil des années de règles, mal articulées entre elles, a conduit à tenir éloignés du travail beaucoup de nos compatriotes."
LR_2017,LR_2017_2749,PRE,2017,LR,"Pire, nous avons créé de toute pièce un système qui encourage à vivre de l’assistance, l’un des maux de notre société que les Français ne peuvent plus tolérer."
LR_2017,LR_2017_2750,PRE,2017,LR,"De mon point de vue, il ne doit y avoir qu’une seule règle simple : ramener au travail tous les Français qui en sont exclus et s’assurer que le travail paie davantage que l’assistanat."
LR_2017,LR_2017_2751,PRE,2017,LR,Je veux créer une allocation sociale unique qui conduise à plus d’équité et d’efficacité dans le traitement des situations de pauvreté.
LR_2017,LR_2017_2752,PRE,2017,LR,Rien ne peut et ne pourra justifier que travailler paie moins que de vivre de la solidarité de tous.
LR_2017,LR_2017_2753,PRE,2017,LR,"L’incitation à reprendre un emploi, à temps complet, comme à temps partiel sera renforcée par rapport à la situation actuelle."
LR_2017,LR_2017_2754,PRE,2017,LR,Le montant de cette prestation sera plafonné et les personnes non concernées par l’allocation sociale unique continueront de bénéficier de l’aide au logement.
LR_2017,LR_2017_2755,PRE,2017,LR,Rendre les aides plus efficaces.
LR_2017,LR_2017_2756,PRE,2017,LR,"Regrouper plusieurs aides en une allocation unique : revenu de solidarité active, allocation spécifique de solidarité, prime d’activité, ainsi qu’allocation logement."
LR_2017,LR_2017_2757,PRE,2017,LR,Le montant maximal alloué sera strictement plafonné afin que les revenus du travail soient toujours supérieurs à ceux de l’assistance.
LR_2017,LR_2017_2758,PRE,2017,LR,Lier le versement de l’allocation sociale unique à un engagement individuel à se former et à rechercher un emploi.
LR_2017,LR_2017_2759,PRE,2017,LR,"En cas d’efforts insuffisants, l’allocation sera diminuée et suspendue en cas de récidive."
LR_2017,LR_2017_2760,PRE,2017,LR,SOLIDARITÉ ET LUTTE CONTRE LA PAUVRETÉ.
LR_2017,LR_2017_2761,PRE,2017,LR,"La France compte 8,7 millions de personnes ayant un revenu situé en dessous du seuil de pauvreté, soit environ 14 % de la population."
LR_2017,LR_2017_2762,PRE,2017,LR,"Parmi elles, plus de 4 millions de personnes sont bénéficiaires de minima sociaux."
LR_2017,LR_2017_2763,PRE,2017,LR,La première des pauvretés est celle qui résulte de la perte d’un emploi ou de l’extrême difficulté d’en trouver un.
LR_2017,LR_2017_2764,PRE,2017,LR,"C’est pourquoi je propose aux Français des mesures fortes qui, seules, permettront de créer un environnement réellement favorable à la création d’emplois."
LR_2017,LR_2017_2765,PRE,2017,LR,"Mais la pauvreté, c’est aussi celle des personnes frappées par le mal-logement ou qui sont sans domicile, c’est aussi celle des travailleurs pauvres, celle des femmes seules et des familles monoparentales, celle des jeunes qui ont du mal à démarrer dans la vie, celle des personnes âgées ou handicapées et isolées, en ville comme en milieu rural..."
LR_2017,LR_2017_2766,PRE,2017,LR,"Par la création d’une allocation sociale unique (ASU), je veux rendre plus simple, plus juste et plus efficace le système des minima sociaux."
LR_2017,LR_2017_2767,PRE,2017,LR,L’intégration de la prime d’activité dans l’ASU permettra d’apporter un soutien au pouvoir d’achat des personnes qui ont repris une activité mais ne perçoivent qu’un revenu très modeste.
LR_2017,LR_2017_2768,PRE,2017,LR,"Je veillerai à ce que les pouvoirs publics travaillent dans un esprit de dialogue et de concertation avec tous les intervenants et partenaires publics, privés et associatifs du travail social ainsi qu’avec les régions et territoires."
LR_2017,LR_2017_2769,PRE,2017,LR,Simplifier pour remettre l’homme au coeur des dispositifs d’aide sociale.
LR_2017,LR_2017_2770,PRE,2017,LR,Désigner un interlocuteur unique pour chaque personne en situation d’exclusion.
LR_2017,LR_2017_2771,PRE,2017,LR,La désignation d’un référent de parcours chargé d’accompagner chaque personne sur la base d’un projet individuel et global d’insertion et d’autonomie sera généralisée dans le souci d’une relation humaine et continue.
LR_2017,LR_2017_2772,PRE,2017,LR,Simplifier les démarches : développer l’outil numérique au service des personnes.
LR_2017,LR_2017_2773,PRE,2017,LR,"Pour que chaque personne accompagnée n’ait plus à exposer plusieurs fois sa situation, je mettrai en place un dossier social unique."
LR_2017,LR_2017_2774,PRE,2017,LR,Mobiliser toute la nation contre la pauvreté.
LR_2017,LR_2017_2775,PRE,2017,LR,Saisir avant la fin de l’année 2017 le Parlement d’un projet de plan pluriannuel de lutte contre la pauvreté et l’exclusion.
LR_2017,LR_2017_2776,PRE,2017,LR,Mobiliser la Nation en faveur des jeunes confrontés à la pauvreté et à la précarité.
LR_2017,LR_2017_2777,PRE,2017,LR,La « Garantie Jeunes » sera accordée à tous les jeunes les plus éloignés de l’emploi à la condition qu’ils respectent les termes du Contrat d’insertion qui leur sera proposé par une Mission locale ou par toute autre instance habilitée.
LR_2017,LR_2017_2778,PRE,2017,LR,Désengorger l’accès aux structures d’accueil et d’hébergement d’urgence.
LR_2017,LR_2017_2779,PRE,2017,LR,"Chaque citoyen français, chaque étranger en situation régulière doit pouvoir accéder à l’hébergement d’urgence."
LR_2017,LR_2017_2780,PRE,2017,LR,Les demandeurs d’asile seront accueillis dans des structures spécifiques leur permettant de vivre dans des conditions décentes en attendant que leur situation administrative soit réglée.
LR_2017,LR_2017_2781,PRE,2017,LR,Favoriser le logement pérenne : mieux vaut un vrai logement qu’un hébergement d’urgence.
LR_2017,LR_2017_2782,PRE,2017,LR,Je veillerai à ce qu’une part des attributions de logements sociaux soit réservée aux personnes accueillies dans les structures d’urgence et je multiplierai les formules de type pensions de famille et logement en studios avec un accompagnement social adapté qui sont aujourd’hui expérimentées par de nombreuses associations.
LR_2017,LR_2017_2783,PRE,2017,LR,Ouvrir plus largement l’accès des personnes les plus démunies au logement social.
LR_2017,LR_2017_2784,PRE,2017,LR,Lutter contre la précarité énergétique dans le logement.
LR_2017,LR_2017_2785,PRE,2017,LR,"La précarité énergétique, c’est la difficulté de chauffer son logement en raison de la faiblesse de ses ressources."
LR_2017,LR_2017_2786,PRE,2017,LR,J’agirai pour généraliser la formule du chèque-énergie qui vient remplacer les tarifs sociaux de l’énergie et je poursuivrai les programmes d’aide à la rénovation thermique des logements.
LR_2017,LR_2017_2787,PRE,2017,LR,Encourager toutes les initiatives solidaires.
LR_2017,LR_2017_2788,PRE,2017,LR,"Renforcer la coopération des pouvoirs publics avec le secteur de «l’Economie Sociale et Solidaire» en développant une relation basée sur le principe de conventions partenariales pluriannuelles afin que les nombreuses structures de ce secteur, en particulier celles de l’insertion par l’activité économique, puissent bénéficier d’un soutien stable dans le temps."
LR_2017,LR_2017_2789,PRE,2017,LR,Encourager toutes les initiatives solidaires de la société civile.
LR_2017,LR_2017_2790,PRE,2017,LR,"Accompagner et soutenir les associations humanitaires, les associations professionnelles, les réseaux de voisinage de proximité ainsi que les entreprises mobilisées dans le social business."
LR_2017,LR_2017_2791,PRE,2017,LR,Accompagner les évolutions des métiers du travail social.
LR_2017,LR_2017_2792,PRE,2017,LR,L’effort engagé en France par les acteurs et professionnels de l’action sociale en vue de faire évoluer leurs métiers sera maintenu et encouragé.
LR_2017,LR_2017_2793,PRE,2017,LR,Encourager les démarches d’expérimentation et d’innovation sociale.
LR_2017,LR_2017_2794,PRE,2017,LR,Les pouvoirs publics appuieront les expérimentations locales conduites dans les territoires telles que celles déployées depuis un an dans le cadre de la loi du 29 février 2016 relative aux territoires zéro chômage de longue durée.
LR_2017,LR_2017_2795,PRE,2017,LR,LOGEMENT.
LR_2017,LR_2017_2796,PRE,2017,LR,Le logement est devenu un motif d’inquiétude pour beaucoup trop de Français.
LR_2017,LR_2017_2797,PRE,2017,LR,"Je ne peux pas tolérer que les plus démunis n’accèdent pas au logement, que les classes moyennes ne puissent pas devenir propriétaires."
LR_2017,LR_2017_2798,PRE,2017,LR,Je ne peux pas tolérer la lourdeur de la fiscalité et qu’autant d’argent public soit déployé de façon aussi inefficace.
LR_2017,LR_2017_2799,PRE,2017,LR,"Je souhaite en priorité favoriser l’investissement public et privé en réduisant l’intervention de l’Etat et en allégeant la fiscalité, afin de développer les logements intermédiaires, de rééquilibrer les relations entre bailleurs et locataires et d’alléger et de stabiliser toutes les contraintes pesant sur l’investissement dans le logement."
LR_2017,LR_2017_2800,PRE,2017,LR,Je veux aussi que l’accès au logement social soit plus juste.
LR_2017,LR_2017_2801,PRE,2017,LR,"Je souhaite permettre à tous ceux qui en ont véritablement besoin d’accéder plus facilement au logement social, en baissant le plafond de ressources, en rendant obligatoire le supplément de loyer de solidarité (surloyer) et en développant en parallèle les logements intermédiaires."
LR_2017,LR_2017_2802,PRE,2017,LR,Il faut aussi absolument favoriser la mobilité et faciliter l’achat par les locataires des logements HLM.
LR_2017,LR_2017_2803,PRE,2017,LR,"Enfin, je souhaite que l’attribution de logements sociaux soit effectuée par les maires, de façon plus transparente."
LR_2017,LR_2017_2804,PRE,2017,LR,"L’usage généralisé de l’open data, afin que tous les Français aient une meilleure visibilité sur les prix, doit être encouragé."
LR_2017,LR_2017_2805,PRE,2017,LR,"Par la diminution des normes superflues, nous voulons, en lien avec les communes, les intercommunalités et les régions, encourager la construction."
LR_2017,LR_2017_2806,PRE,2017,LR,"La politique du logement ne peut plus être uniquement une donnée sociale, mais doit aussi être pensée comme un outil économique."
LR_2017,LR_2017_2807,PRE,2017,LR,Je souhaite une action forte et efficace en faveur du logement de tous les Français.
LR_2017,LR_2017_2808,PRE,2017,LR,"Je veux soutenir les plus fragiles, les aider à accéder puis à sortir du logement social pour devenir propriétaires, privilégier l’aide à la personne en raison de ses besoins et faire en sorte que chaque dépense soit réellement au service du logement de chacun de vous."
LR_2017,LR_2017_2809,PRE,2017,LR,"Ayons enfin le courage de sortir de cette idéologie socialiste qui consiste à faire croire qu’obtenir un logement social devrait être un rêve dans la vie et qu’une fois obtenu, ce logement devrait devenir une rente à vie."
LR_2017,LR_2017_2810,PRE,2017,LR,"Le logement social peut être une étape dans un parcours résidentiel ou en cas d’accident de la vie, mais devra être réservé uniquement à celles et ceux qui en ont réellement besoin, qui le méritent et qui respectent les lois et valeurs de la République."
LR_2017,LR_2017_2811,PRE,2017,LR,Favoriser l’investissement publicet privé en réduisant l’intervention publique et en allégeant la fiscalité.
LR_2017,LR_2017_2812,PRE,2017,LR,"Supprimer l’encadrement des loyers et créer un bail homologué qui accordera des avantages fiscaux supplémentaires au propriétaire, proportionnels à la faiblesse des loyers pratiqués."
LR_2017,LR_2017_2813,PRE,2017,LR,Rééquilibrer les relations entre les bailleurs et les locataires en instaurant une procédure accélérée pour réduire les délais d’expulsion en cas de non-paiement du loyer (près de 3 ans aujourd’hui).
LR_2017,LR_2017_2814,PRE,2017,LR,"En contrepartie, il sera interdit au propriétaire de demander aux locataires certaines garanties excessivement contraignantes."
LR_2017,LR_2017_2815,PRE,2017,LR,"Alléger les contraintes pesant sur l’investissement dans le logement : simplifier les normes, raccourcir les délais de procédure et encourager l’innovation."
LR_2017,LR_2017_2816,PRE,2017,LR,Développer des logements intermédiaires en zones hypertendues pour les classes moyennes (TVA à taux réduit pour le logement locatif intermédiaire et l’accession sociale).
LR_2017,LR_2017_2817,PRE,2017,LR,Etablir les règles de la fiscalité sur le logement pour une durée de 5 ans pour remédier à l’instabilité fiscale qui décourage les investisseurs.
LR_2017,LR_2017_2818,PRE,2017,LR,Généraliser l’«open data» pour garantir aux ménages qui veulent investir une meilleure visibilité sur les prix pratiqués.
LR_2017,LR_2017_2819,PRE,2017,LR,Permettre aux Français de vendre plus facilement leurs biens immobiliers en ramenant de 30 à 22 ans le délai d’exonération des plus-values.
LR_2017,LR_2017_2820,PRE,2017,LR,Rendre l’accès au logement social plus juste.
LR_2017,LR_2017_2821,PRE,2017,LR,"Permettre à ceux qui en ont véritablement besoin d’accéder plus facilement au logement social, en baissant le plafond de ressources et en couplant cette baisse avec une politique active de développement de logements intermédiaires et rendre obligatoire le supplément de loyer de solidarité (le « surloyer ») pour ceux qui bénéficient d’un logement social malgré un revenu plus élevé."
LR_2017,LR_2017_2822,PRE,2017,LR,Favoriser la mobilité et mettre en place une politique active de vente des logements HLM à leurs locataires.
LR_2017,LR_2017_2823,PRE,2017,LR,"Rendre plus transparente et décentraliser l’attribution des logements sociaux, en permettant aux maires de mieux la maîtriser."
LR_2017,LR_2017_2824,PRE,2017,LR,"Intégrer les aides au logement dans un dispositif de prestation sociale unique, modulé en fonction de chaque situation individuelle."
LR_2017,LR_2017_2825,PRE,2017,LR,Donner davantage de responsabilités aux collectivités locales pour promouvoir une politique du logement différenciée et adaptée à la situation de chaque territoire.
LR_2017,LR_2017_2826,PRE,2017,LR,"Démonter la logique de la loi SRU, assouplir les règles de plancher du nombre de logements HLM et introduire des règles de plafond en fonction des caractéristiques des territoires afin de produire un plus grand nombre de logements sociaux là où sont les besoins."
LR_2017,LR_2017_2827,PRE,2017,LR,"Faire de l’intercommunalité l’échelon compétent pour le logement, privilégier la contractualisation entre l’Etat et les territoires et coordonner les attributions de logements de manière à réduire la concentration des difficultés, à l’échelle des agglomérations."
LR_2017,LR_2017_2828,PRE,2017,LR,Mettre fin aux financements publics de logements sociaux dans les communes où il y en a trop : s’inspirer du dispositif anti-ghettos mis en place par le conseil régional d’Ile-de-France afin de stopper cette spirale infernale de ghettoïsation de certains quartiers devenus des poudrières.
LR_2017,LR_2017_2829,PRE,2017,LR,Mettre en place un programme national de requalification des centres anciens (villes petites et centre bourg) : une défiscalisation spécifique pour la réhabilitation des logements sera mise en place.
LR_2017,LR_2017_2830,PRE,2017,LR,"Cet outil est indispensable pour éviter la désertification et la dégradation des centres-villes des communes, en particulier dans les petites villes et les bourgs ruraux."
LR_2017,LR_2017_2831,PRE,2017,LR,POLITIQUE DE LA VILLE.
LR_2017,LR_2017_2832,PRE,2017,LR,"La politique de la ville ne doit pas se résumer à une politique des quartiers : elle doit s’adresser à l’ensemble des territoires en difficultés, urbains comme ruraux pour que tous les Français bénéficient des efforts en matière de développement économique, d’aménagement et de transports, et qu’on ne ressente plus que certains territoires demeurent délaissés, inaccessibles, enclavés."
LR_2017,LR_2017_2833,PRE,2017,LR,"Pour l’emploi comme pour la sécurité, la politique de la ville est un levier majeur qu’il nous faut manier en parallèle des engagements que j’ai pris pour tous les Français, et qui devraient avoir un effet important sur les zones urbaines les plus sensibles comme sur les territoires périurbains et ruraux en difficultés."
LR_2017,LR_2017_2834,PRE,2017,LR,"Je pense bien sûr à mes engagements en faveur de l’emploi, de l’éducation et de la sécurité, qui vont permettre à des milliers de Français de retrouver un travail et ainsi de participer à la mobilité sociale entre tous les territoires."
LR_2017,LR_2017_2835,PRE,2017,LR,"Je souhaite agir sur les quartiers les plus en difficulté, en poursuivant l’action lancé en 2004 en faveur de la rénovation urbaine."
LR_2017,LR_2017_2836,PRE,2017,LR,"Beaucoup a été fait, mais il ne faut pas négliger la lenteur de ces projets d’urbanisme et le fait que certains territoires en ont été jusqu’à maintenant exclus, faute de moyens et de temps."
LR_2017,LR_2017_2837,PRE,2017,LR,"Je poursuivrai activement cette politique d’aménagement, qui est déterminante pour garantir le bien-être et la sécurité des habitants de ces zones urbaines dont les constructions engendrent parfois le désordre et l’insécurité."
LR_2017,LR_2017_2838,PRE,2017,LR,Mais disons la vérité : l’argent public ne suffira pas.
LR_2017,LR_2017_2839,PRE,2017,LR,"La rénovation urbaine n’aura d’efficacité durable que si elle s’accompagne d’une lutte bien plus résolue contre l’insécurité, les incivilités, l’irrespect des règles et le communautarisme galopant de certains quartiers."
LR_2017,LR_2017_2840,PRE,2017,LR,Seule une transmission des règles de base de la vie en commun dès l’école pourra permettre de rendre la tranquillité à ces quartiers.
LR_2017,LR_2017_2841,PRE,2017,LR,"Je veux également conduire une action spécifique en faveur des centre-bourgs et des territoires périurbains, afin de les rendre plus attractifs et d’agir pour le développement de l’emploi dans ces zones souvent abandonnées."
LR_2017,LR_2017_2842,PRE,2017,LR,"La politique de la ville doit agir pour que chaque Français se sente connecté au reste du territoire, pour qu’aucune zone ne soit laissée pour compte et pour que chacun ait l’opportunité de travailler et vivre dans un environnement attractif offrant des perspectives d’avenir à ses habitants."
LR_2017,LR_2017_2843,PRE,2017,LR,"Je refuse d’accepter que certains lieux n’aient plus de commerces, plus d’emplois et soient soumis à une insécurité permanente et à un communautarisme préoccupant."
LR_2017,LR_2017_2844,PRE,2017,LR,"Je souhaite que la France soit irriguée partout par des forces vives, grâce aux politiques en faveur de l’éducation, de l’emploi et de la sécurité, mais aussi par des actions ciblées de la politique de la ville, pour rendre les territoires plus sûrs et plus attractifs."
LR_2017,LR_2017_2845,PRE,2017,LR,Soutenir les quartiers en difficulté.
LR_2017,LR_2017_2846,PRE,2017,LR,"Poursuivre la rénovation urbaine initiée en 2004, qui a déjà significativement amélioré le visage de nos quartiers, mais en mettant l’accent sur les aménagements urbains (équipements scolaires, commerces et services de proximité, sécurisation d’immeubles par le gardiennage, la vidéoprotection et la résidentialisation)."
LR_2017,LR_2017_2847,PRE,2017,LR,Maintenir et développer les dispositifs incitatifs à l’implantation d’entreprises et au développement de l’activité économique dans les quartiers de la politique de la ville.
LR_2017,LR_2017_2848,PRE,2017,LR,"Coordonner les attributions de logements sociaux de manière à réduire la concentration des difficultés, à l’échelle des agglomérations."
LR_2017,LR_2017_2849,PRE,2017,LR,Sanctionner les troubles à la tranquilité publique par certains locataires qui rendent la vie impossible au voisinage en résiliant leur bail HLM.
LR_2017,LR_2017_2850,PRE,2017,LR,"Redynamiser les centres bourg, territoires ruraux et périurbains."
LR_2017,LR_2017_2851,PRE,2017,LR,"Garantir un déploiement du numérique à tous les Français en très haut débit, véritable oxygène pour la ruralité."
LR_2017,LR_2017_2852,PRE,2017,LR,Revoir le dimensionnement et l’implantation des maisons de services au public (MSAP) en s’appuyant notamment sur les communautés de communes rurales.
LR_2017,LR_2017_2853,PRE,2017,LR,Assurer un bon accès aux soins sur l’ensemble du territoire en développant des incitations à l’installation dans les zones sous dotées.
LR_2017,LR_2017_2854,PRE,2017,LR,Mettre en place un programme national d’interventions en faveur de la requalification des centres anciens en mettant notamment en place une défiscalisation spécifique pour la réhabilitation des logements.
LR_2017,LR_2017_2855,PRE,2017,LR,"Cet outil est indispensable pour éviter la désertification et la dégradation des centres-villes des communes, en particulier dans les petites villes et les bourgs ruraux."
LR_2017,LR_2017_2856,PRE,2017,LR,"Agir concrètement pour la sécurité en mobilisant, dans chaque intercommunalité´, des réservistes de la gendarmerie nationale."
LR_2017,LR_2017_2857,PRE,2017,LR,Inciter les régions à agir concrètement sur le cadencement des TER afin de faire le lien entre les bassins de vie et les bassins d’emploi.
LR_2017,LR_2017_2858,PRE,2017,LR,Développer l’emploi et inciter les salariés et les travailleurs indépendants à s’installer dans ces territoires.
LR_2017,LR_2017_2859,PRE,2017,LR,Revoir le dispositif et les critères des Zones de Revitalisation Rurale (ZRR) afin de gagner en lisibilité et en efficacité.
LR_2017,LR_2017_2860,PRE,2017,LR,"Maintenir le « dernier commerce » installé en milieu rural et développer des projets de commerce multiservices avec la Poste, les opérateurs téléphoniques et des acteurs publics et privés."
LR_2017,LR_2017_2861,PRE,2017,LR,"Bonifier le prêt à taux 0 (PTZ+) pour l’acquisition, dans l’ancien, de leur résidence principale par des salariés ou travailleurs indépendants s’installant dans ces territoires."
LR_2017,LR_2017_2862,PRE,2017,LR,RURALITÉ.
LR_2017,LR_2017_2863,PRE,2017,LR,La vraie inégalité qui mine la République est l’inégalité territoriale.
LR_2017,LR_2017_2864,PRE,2017,LR,"Comment pouvons-nous mettre chaque Français sur un pied d’égalité si, selon son lieu d’habitation, il n’a pas accès aux mêmes opportunités ?"
LR_2017,LR_2017_2865,PRE,2017,LR,Les territoires ruraux sont les premiers territoires abandonnés de la République.
LR_2017,LR_2017_2866,PRE,2017,LR,"Ces territoires, je les connais comme aucun autre candidat à l’élection présidentielle ne les connaît."
LR_2017,LR_2017_2867,PRE,2017,LR,"Depuis une dizaine d’années, j’ai vu la situation de nos territoires se dégrader."
LR_2017,LR_2017_2868,PRE,2017,LR,La concentration des populations et des richesses vers les grandes métropoles s’est accélérée.
LR_2017,LR_2017_2869,PRE,2017,LR,La fracture territoriale n’a jamais été aussi profonde.
LR_2017,LR_2017_2870,PRE,2017,LR,Elle oppose les territoires urbains riches et dynamiques aux territoires ruraux et péri-urbains pris dans une spirale de paupérisation.
LR_2017,LR_2017_2871,PRE,2017,LR,"Avec cette fracture territoriale, c’est l’unité même de la France qui est menacée."
LR_2017,LR_2017_2872,PRE,2017,LR,"A côté des villes où se concentrent l’activité économique et les ressources, on ne peut pas accepter que s’étendent des territoires vidés de leurs emplois, désertés par les services publics, privés du soutien de l’Etat, laissés seuls face aux détresses sociales."
LR_2017,LR_2017_2873,PRE,2017,LR,Nos élus territoriaux font un travail formidable.
LR_2017,LR_2017_2874,PRE,2017,LR,Mais ils sont laissés en première ligne face à la dégradation économique et sociale… La ruralité est une chance.
LR_2017,LR_2017_2875,PRE,2017,LR,"A nous de revaloriser ces territoires, de les animer et de les faire gagner en attractivité."
LR_2017,LR_2017_2876,PRE,2017,LR,"C’est un enjeu social, humain et économique majeur pour notre pays."
LR_2017,LR_2017_2877,PRE,2017,LR,Gagner en attractivité.
LR_2017,LR_2017_2878,PRE,2017,LR,Garantir un déploiement du numérique à l’ensemble des français en très haut débit d’ici à 2022.
LR_2017,LR_2017_2879,PRE,2017,LR,Doter la France d’une structure qui coordonnera et mettra en oeuvre un plan national de revitalisation de la ruralité.
LR_2017,LR_2017_2880,PRE,2017,LR,"Services publics : poursuivre l’ouverture de maisons de services au public (MSAP), en s’appuyant notamment sur les communautés de communes (en milieu rural)."
LR_2017,LR_2017_2881,PRE,2017,LR,Services marchands : revoir en profondeur le dispositif et les critères des Zones de Revitalisation Rurale (ZRR) afin de gagner en lisibilité et en efficacité.
LR_2017,LR_2017_2882,PRE,2017,LR,"Services de santé : adapter le numerus clausus aux réalités régionales, améliorer la rémunération des médecins généralistes et poursuivre la création de maisons de santé pluri-professionnelles tout en s’assurant de leur fonctionnalité et de la simplification du cahier des charges."
LR_2017,LR_2017_2883,PRE,2017,LR,"Services de sécurité : mobiliser dans chaque intercommunalité des réservistes de la Gendarmerie nationale, placés sous l’autorité opérationnelle du commandant de brigade."
LR_2017,LR_2017_2884,PRE,2017,LR,Développer et dynamiser l’économie locale.
LR_2017,LR_2017_2885,PRE,2017,LR,"Réaffirmer la place de l’agriculture et de l’agroalimentaire au centre de l’économie en milieu rural en développant les filières, les industries de transformation des produits agricoles et forestiers."
LR_2017,LR_2017_2886,PRE,2017,LR,Accompagner la création d’incubateurs et fixer à la banque publique d’investissement (Bpifrance) des objectifs de financement d’équipements agricoles et ruraux.
LR_2017,LR_2017_2887,PRE,2017,LR,Mettre en place avec les établissements bancaires et la BPI un plan de soutien à l’économie rurale.
LR_2017,LR_2017_2888,PRE,2017,LR,Investir dans nos campagnes.
LR_2017,LR_2017_2889,PRE,2017,LR,Inciter les régions à agir concrètement sur le cadencement des TER afin de faire le lien entre les bassins de vie et d’emploi.
LR_2017,LR_2017_2890,PRE,2017,LR,Favoriser un plan d’investissement national dédié à la rénovation des infrastructures routières et à la création d’aires de stationnement consacrées au covoiturage.
LR_2017,LR_2017_2891,PRE,2017,LR,Mettre en place et accompagner un programme national d’intervention en faveur de la requalification des centre-bourgs.
LR_2017,LR_2017_2892,PRE,2017,LR,Investir dans les énergies «propres» et développer la production des énergies renouvelables là où c’est pertinent.
LR_2017,LR_2017_2893,PRE,2017,LR,Revoir le dispositif et les critères des Zones de Revitalisation Rurale (ZRR) afin de gagner en lisibilité et en efficacité.
LR_2017,LR_2017_2894,PRE,2017,LR,"Maintenir le « dernier commerce » installé en milieu rural et développer des projets de commerce multiservices avec la Poste, les opérateurs téléphoniques et des acteurs publics et privés."
LR_2017,LR_2017_2895,PRE,2017,LR,"Bonifier le prêt à taux 0 (PTZ+) pour l’acquisition, dans l’ancien, de leur résidence principale par des salariés ou travailleurs indépendants s’installant dans ces territoires."
LR_2017,LR_2017_2896,PRE,2017,LR,Adapter les normes aux territoires.
LR_2017,LR_2017_2897,PRE,2017,LR,Assouplir l’application des normes aux territoires ruraux avec un principe «d’adaptabilité» confié aux assemblées élues.
LR_2017,LR_2017_2898,PRE,2017,LR,Remplacer le «plan local d’urbanisme» par un «plan local de ruralité».
LR_2017,LR_2017_2899,PRE,2017,LR,CHASSE.
LR_2017,LR_2017_2900,PRE,2017,LR,"Pratiquée par 1 200 000 Françaises et Français, de tous âges, la pratique de la chasse, au-delà de son impact économique (25 000 emplois – 2,5 Mds€ de valeur ajoutée) est une activité transversale essentielle, avec l’agriculture et la forêt, de l’espace rural et maritime français."
LR_2017,LR_2017_2901,PRE,2017,LR,"Face à l’urbanisation, au rétrécissement des territoires ruraux, à l’incompréhension des citadins et aux directives européennes, la pratique de la chasse est une richesse, tant patrimoniale, sociale qu’économique, qui doit être préservée."
LR_2017,LR_2017_2902,PRE,2017,LR,"Les agriculteurs, les forestiers et les chasseurs sont les premiers acteurs de la ruralité et gestionnaires des territoires."
LR_2017,LR_2017_2903,PRE,2017,LR,"Depuis près de cinquante ans et la directive oiseaux de 1979, la réglementation européenne a considérablement réduit tant les périodes de chasse que la liste des espèces chassables, sous l’influence des pays de l’Europe du Nord rejetant « a priori » les pratiques cynégétiques traditionnelles françaises."
LR_2017,LR_2017_2904,PRE,2017,LR,La plupart des décisions européennes ne relèvent pas d’une gestion internationale des oiseaux migrateurs mais se fondent sur des critères morphologiques ou de sensiblerie largement relayés par les médias.
LR_2017,LR_2017_2905,PRE,2017,LR,"Aujourd’hui, l’Europe se mêle de tout et bien trop souvent de ce qui relève de la responsabilité et de la compétence des Nations et des Régions !"
LR_2017,LR_2017_2906,PRE,2017,LR,Je veux lever certaines contraintes inutiles et simplifier les démarches qui encadrent la pratique de la chasse.
LR_2017,LR_2017_2907,PRE,2017,LR,Soutenir cette belle tradition française qu’est la chasse.
LR_2017,LR_2017_2908,PRE,2017,LR,Redéfinir les relations entre l’agence de la biodiversité et l’office national de la chasse et de la faune sauvage et réorganiser la police de l’environnement autour d’un service unique.
LR_2017,LR_2017_2909,PRE,2017,LR,"Simplifier et lever les contraintes administratives en réformant le régime des multiples autorisations et comptes-rendus auxquels sont confrontés les chasseurs. (ex : simplification du permis de chasser, des procédures d’établissement des listes de nuisibles et la pratique du piégeage)."
LR_2017,LR_2017_2910,PRE,2017,LR,Mettre en place un système dérogatoire en laissant aux Etats-Nations la compétence pour les questions subsidiaires (notamment les oies) et les chasses traditionnelles.
LR_2017,LR_2017_2911,PRE,2017,LR,Renégocier la directive « oiseaux » et refuser toute sur-transposition.
LR_2017,LR_2017_2912,PRE,2017,LR,"Mettre en place des discussions avec l’Europe pour donner aux Etats et Régions la responsabilité de la gestion des populations fauniques en connaissances de l’état des populations, des traditions et contraintes naturelles régionales."
LR_2017,LR_2017_2913,PRE,2017,LR,En liaison avec les régions mettre en place une filière d’apprentissage chasse-pêche et maintenir aux fédérations des chasseurs et des pêcheurs leur agrément d’éducation à l’environnement dans les établissements scolaires.
LR_2017,LR_2017_2914,PRE,2017,LR,"ENVIRONNEMENT, ÉNERGIE ET TRANSPORT."
LR_2017,LR_2017_2915,PRE,2017,LR,"Surconsommation énergétique, dérèglement climatique, appauvrissement de la biodiversité et cette inquiétude générale quant aux menaces sur la planète toute entière sur fond de pression démographique comme jamais dans l’histoire de l’humanité, voilà ce que je constate aujourd’hui."
LR_2017,LR_2017_2916,PRE,2017,LR,"Avec la baisse des coûts de production des énergies renouvelables, du stockage de l’électricité et avec la digitalisation du secteur, une révolution énergétique mondiale est à l’oeuvre."
LR_2017,LR_2017_2917,PRE,2017,LR,"C’est une opportunité pour la France, qui peut et doit devenir un pôle mondial d’influence diplomatique, scientifique et industrielle dans ce domaine."
LR_2017,LR_2017_2918,PRE,2017,LR,Je crois possible de concilier croissance économique et préservation de l’environnement.
LR_2017,LR_2017_2919,PRE,2017,LR,Je veux préparer l’après pétrole en nous engageant vers l’économie décarbonée : nous devons concentrer nos efforts de réduction sur les secteurs les plus émetteurs de gaz à effet de serre et les plus polluants.
LR_2017,LR_2017_2920,PRE,2017,LR,Aller vers une économie décarbonée.
LR_2017,LR_2017_2921,PRE,2017,LR,"Amplifier la politique d’économie d’énergie et rendre ainsi du pouvoir d’achat aux Français, parce que la meilleure énergie est finalement celle que l’on ne consomme pas."
LR_2017,LR_2017_2922,PRE,2017,LR,"Généraliser la formule du chèque-énergie qui vient remplacer les tarifs sociaux de l’énergie car l’énergie est un bien de première nécessité auquel chacun doit avoir accès, trop de Français sont confrontés à la précarité énergétique."
LR_2017,LR_2017_2923,PRE,2017,LR,Eliminer les énergies fossiles de la production d’électricité.
LR_2017,LR_2017_2924,PRE,2017,LR,Avec un prix plancher de la tonne de carbone de 30 euros.
LR_2017,LR_2017_2925,PRE,2017,LR,Créer les conditions favorables au développement de véritables filières industrielles françaises des énergies renouvelables en misant sur les nouvelles technologies et permettre l’autonomie des collectivités d’Outremer.
LR_2017,LR_2017_2926,PRE,2017,LR,"Finaliser la restructuration de la filière industrielle nucléaire, moderniser le parc nucléaire pour en prolonger la durée d’exploitation en veillant à une sécurité et une sûreté maximales de nos installations sous le contrôle de l’Autorité de Sûreté Nucléaire et à la rentabilité économique des investissements."
LR_2017,LR_2017_2927,PRE,2017,LR,Une nouvelle loi de transition énergétique sera adoptée avec de nouveaux objectifs pour notre mix énergétique.
LR_2017,LR_2017_2928,PRE,2017,LR,Supprimer l’obligation d’achat de la production pour les nouvelles installations ainsi qu’à l’échéance des contrats en cours pour les installations existantes.
LR_2017,LR_2017_2929,PRE,2017,LR,"Utiliser les nouvelles technologies, développer la production décentralisée d’énergie, encourager l’autoconsommation d’électricité et aider la valorisation énergétique des sous-produits agricoles."
LR_2017,LR_2017_2930,PRE,2017,LR,"Augmenter la part électrique dans les transports et réduire ainsi celle du pétrole, notamment par le développement du véhicule électrique."
LR_2017,LR_2017_2931,PRE,2017,LR,"Mieux utiliser les ressources naturelles renouvelables, qui existent sur notre territoire comme le bois et la géothermie."
LR_2017,LR_2017_2932,PRE,2017,LR,"Accélérer la recherche et le développement des techniques de capture et de stockage du carbone parce qu’à défaut de pouvoir supprimer la consommation mondiale de charbon, il faut se prémunir au mieux contre ses effets et la France est bien placée en ce domaine."
LR_2017,LR_2017_2933,PRE,2017,LR,Vers une mobilité durable.
LR_2017,LR_2017_2934,PRE,2017,LR,Donner la priorité à la remise à niveau et à la modernisation du réseau ferroviaire très dégradé et améliorer ainsi la vie de millions d’usagers.
LR_2017,LR_2017_2935,PRE,2017,LR,Poursuivre l’équipement des villes en transports urbains et préserver pour cela le versement transport.
LR_2017,LR_2017_2936,PRE,2017,LR,Développer les véhicules électriques et autonomes du futur.
LR_2017,LR_2017_2937,PRE,2017,LR,Améliorer la desserte des territoires ruraux et peu denses dans une logique d’aménagement du territoire.
LR_2017,LR_2017_2938,PRE,2017,LR,Privilégier le fret massifié pour le transport de marchandises.
LR_2017,LR_2017_2939,PRE,2017,LR,Revoir les priorités sur les grands projets d’infrastructures en fonction des capacités de financement et dégager les ressources financières nécessaires.
LR_2017,LR_2017_2940,PRE,2017,LR,Faire de la préservation de notre biodiversité une priorité absolue.
LR_2017,LR_2017_2941,PRE,2017,LR,"Faire évoluer notre conception de la biodiversité ajoutant à la protection de ce que l’on peut appeler la biodiversité extraordinaire (sites exceptionnels et espèces menacées), la préservation de la biodiversité ordinaire, celle que l’on détruit sans y prendre garde."
LR_2017,LR_2017_2942,PRE,2017,LR,Intégrer un volet de protection des océans face à la pêche intensive notamment de notre domaine maritime qui est avec 11 millions de km2 le second au monde.
LR_2017,LR_2017_2943,PRE,2017,LR,"Protéger les zones humides et les paysages, lutter contre le mitage de nos campagnes, préserver les espaces naturels, essentiels à la vie sauvage."
LR_2017,LR_2017_2944,PRE,2017,LR,"Protéger les pollinisateurs, essentiels pour préserver la diversité de la vie végétale, notamment les abeilles."
LR_2017,LR_2017_2945,PRE,2017,LR,Faire de la protection animale une cause nationale.
LR_2017,LR_2017_2946,PRE,2017,LR,Améliorer le bien-être des animaux d’élevage et renforcer le contrôle des abattoirs.
LR_2017,LR_2017_2947,PRE,2017,LR,"Faire du développement durable une source de développement économique, de lien social et de création d’emplois."
LR_2017,LR_2017_2948,PRE,2017,LR,Accélérer le développement des circuits-courts afin de réduire l’empreinte carbone des produits consommés tout en permettant aux petits producteurs locaux d’atteindre un niveau de revenus décent.
LR_2017,LR_2017_2949,PRE,2017,LR,Permettre l’essor de l’Economie Sociale et Solidaire et exploiter ainsi ce gisement d’emplois en lien avec la préservation de notre environnement et de notre qualité de vie.
LR_2017,LR_2017_2950,PRE,2017,LR,Favoriser le développement des commerces responsables et équitables afin d’utiliser les leviers de la consommation pour protéger la biodiversité et promouvoir un développement économique partagé.
LR_2017,LR_2017_2951,PRE,2017,LR,"Encourager les filières du recyclage, aussi bien de déchets que de matériaux et produits qui peuvent avoir plusieurs vies."
LR_2017,LR_2017_2952,PRE,2017,LR,Verdir notre fiscalité sans l’alourdir.
LR_2017,LR_2017_2953,PRE,2017,LR,Compenser la montée en puissance de la taxation du carbone dans le cadre européen par des baisses des impôts et des charges pesant sur les ménages et sur les entreprises.
LR_2017,LR_2017_2954,PRE,2017,LR,"Inciter les villes qui n’en sont pas encore dotées à concevoir une feuille de route dans laquelle toutes les actions favorables à l’environnement sont exposées (urbanisme, politique de l’eau, assainissement, déchets, transports, chauffage urbain…) ; renforcer la vie démocratique locale et revitaliser les formes de participation et passer ainsi d’une écologie de l’immobilisme à une écologie de projet, en associant mieux les collectivités locales et la société civile aux décisions environnementales."
LR_2017,LR_2017_2955,PRE,2017,LR,Santé et environnement.
LR_2017,LR_2017_2956,PRE,2017,LR,"Développer les transports urbains et le véhicule électrique en renforçant le processus progressif de diminution de la part du diesel, le contrôle technique des véhicules les plus polluants et les solutions alternatives au diesel pour les poids lourds."
LR_2017,LR_2017_2957,PRE,2017,LR,Consolider notre agriculture et ses productions de grande qualité en développant la politique des labels.
LR_2017,LR_2017_2958,PRE,2017,LR,Instaurer une vraie transparence et une vraie traçabilité en matière d’étiquetage.
LR_2017,LR_2017_2959,PRE,2017,LR,Lutter contre la pollution liée aux perturbateurs endocriniens qui affectent particulièrement les publics fragiles.
LR_2017,LR_2017_2960,PRE,2017,LR,Poursuivre la lutte contre le bruit qui est une préoccupation essentielle des Français.
LR_2017,LR_2017_2961,PRE,2017,LR,Faire de la qualité de l’air une priorité nationale.
LR_2017,LR_2017_2962,PRE,2017,LR,Inciter plus que punir.
LR_2017,LR_2017_2963,PRE,2017,LR,Réécrire le principe de précaution pour favoriser l’innovation responsable.
LR_2017,LR_2017_2964,PRE,2017,LR,Supprimer les mesures fiscales les plus défavorables à l’environnement.
LR_2017,LR_2017_2965,PRE,2017,LR,Le verdissement de la fiscalité est un sujet essentiel et devra être intégré à une réforme plus large de la fiscalité avec l’objectif de baisse des charges pour les Français dès lors que les comptes publics seront restaurés.
LR_2017,LR_2017_2966,PRE,2017,LR,"Systématiser l’étiquetage environnemental et concentrer la réglementation sur l’essentiel, santé et cadre de vie et supprimer le superflu."
LR_2017,LR_2017_2967,PRE,2017,LR,MER.
LR_2017,LR_2017_2968,PRE,2017,LR,"Je veux que la France se dote de la politique maritime qui conciliera production et protection, écologie et économie, développement et durabilité au service de la libération de l’économie, du rayonnement de la France et du bien-être des Français."
LR_2017,LR_2017_2969,PRE,2017,LR,"L’Océan est pour notre pays un atout majeur en termes de rayonnement international, une source de croissance et un gisement d’emplois."
LR_2017,LR_2017_2970,PRE,2017,LR,La France doit être au rendez-vous de sa géographie et de ses ressources maritimes.
LR_2017,LR_2017_2971,PRE,2017,LR,Faire de la mer un moteur de l’économie nationale.
LR_2017,LR_2017_2972,PRE,2017,LR,"Lancer, dès l’été 2017, des états généraux pour refonder les politiques de la pêche et de l’aquaculture en les plaçant sous le signe de l’innovation, de la qualité, de la sécurité et de la durabilité."
LR_2017,LR_2017_2973,PRE,2017,LR,"Ces états généraux viseront à doter la France d’un plan national d’exploitation durable des ressources biologiques marines (pêche, conchyliculture, aquaculture, algoculture) en réduisant les contraintes administratives pour permettre aux professionnels de vivre de leur activité et pour accompagner le développement de nouvelles formes de production."
LR_2017,LR_2017_2974,PRE,2017,LR,"Défendre et soutenir au niveau politique, les intérêts de la pêche française à Bruxelles dans le cadre des négociations sur le BREXIT et celles en cours sur la conservation et l’utilisation durable de la biodiversité marine en haute mer en préparant la position de la France sur la réforme de la politique commune de la pêche."
LR_2017,LR_2017_2975,PRE,2017,LR,"Développer l’industrie de construction navale notamment au travers des collaborations entre grandes entreprises, ETI et PME et diversifier la filière vers les nouveaux métiers maritimes et les énergies marines renouvelables."
LR_2017,LR_2017_2976,PRE,2017,LR,"Proposer des offres de transport fiables et compétitives en donnant aux ports une dimension plus commerciale en diversifiant les trafics, en mettant en place un véritable guichet unique portuaire, la généralisation de l’auto-liquidation de la TVA, la dématérialisation et la simplification des procédures douanières et portuaires qui sont des éléments prioritaires pour améliorer la rapidité du passage portuaire."
LR_2017,LR_2017_2977,PRE,2017,LR,Donner un cap à la politique maritime et moderniser sa gouvernance.
LR_2017,LR_2017_2978,PRE,2017,LR,"Créer une «Alliance pour la Croissance Bleue» sur le modèle de «l’Alliance Industrie du Futur», qui réunira les représentants des secteurs économiques, les acteurs scientifiques et académiques et les collectivités territoriales."
LR_2017,LR_2017_2979,PRE,2017,LR,"Cette alliance sera chargée de construire, avec l’Etat, la stratégie croissance bleue et d’assurer, son déploiement en consolidant les secteurs économiques maritimes traditionnels."
LR_2017,LR_2017_2980,PRE,2017,LR,Elargir les compétences actuelles du Secrétariat Général de la mer afin de favoriser le développement économique des secteurs maritimes dont il sera le «guichet unique maritime».
LR_2017,LR_2017_2981,PRE,2017,LR,Créer en France un « hub de la connaissance marine » de niveau mondial afin de promouvoir la recherche des sciences et technologies marines.
LR_2017,LR_2017_2982,PRE,2017,LR,"Ce hub sera créé à l’image du centre national d’études spatiales-CNES, autour de l’IFREMER et des instituts et universités compétents."
LR_2017,LR_2017_2983,PRE,2017,LR,Protéger la mer et les hommes.
LR_2017,LR_2017_2984,PRE,2017,LR,"Consolider les partenariats de recherche et de partage de données au niveau européen et international afin d’identifier et comprendre les phénomènes d’érosion du littoral et d’acidification des mers et des océans, et de garantir la protection du littoral et des populations locales face aux risques liés au changement climatique et à l’acidification des mers et océans."
LR_2017,LR_2017_2985,PRE,2017,LR,Mettre en oeuvre l’ensemble des instruments juridiques (internationaux et régionaux) relatifs à la lutte contre l’acidification des mers et des océans et réduire nettement la pollution tellurique dans le milieu marin d’ici à 2025 conformément à l’Agenda 2030 sur le développement durable.
LR_2017,LR_2017_2986,PRE,2017,LR,Encourager la prévoyance par le système de retraite complémentaire.
LR_2017,LR_2017_2987,PRE,2017,LR,"Protéger nos espaces maritimes et nos ressources dans l’ensemble de notre ZEE et notre plateau continental et particulièrement Outre-mer en dotant l’Etat des moyens (bâtiments, aéronefs, drones et satellites de surveillance nouvelle génération) de protéger les zones maritimes, en particulier dans les territoires ultramarins et en développant la coopération avec les pays alliés (Australie, Etats-Unis, Europe, Brésil…)."
LR_2017,LR_2017_2988,PRE,2017,LR,Assurer le financement pérenne de la Société Nationale de Sauvetage en Mer (SNSM) dont l’engagement sans faille des 7000 bénévoles sauve chaque année des milliers de personnes en danger en mer.
LR_2017,LR_2017_2989,PRE,2017,LR,Faire rayonner la France en Europe et sur la scène internationale par sa diplomatie maritime.
LR_2017,LR_2017_2990,PRE,2017,LR,"Relancer la Politique Maritime Intégrée de l’Union européenne (PMI-UE) en organisant dans l’année qui suit l’élection présidentielle, une conférence maritime européenne."
LR_2017,LR_2017_2991,PRE,2017,LR,"Cette conférence aura pour objectif de donner à la PMI-UE les moyens de sa mise en oeuvre et de réaliser les objectifs qu’elle s’est fixée dès 2007 (connaissance de la mer et des océans, intégration de la surveillance maritime, planification spatiale maritime, approche par bassins maritimes et soutien à la croissance bleue) et de donner une base juridique à la PMI."
LR_2017,LR_2017_2992,PRE,2017,LR,"Renforcer la diplomatie maritime et l’expertise française en droit de la mer auprès des organisations et institutions internationales et régionales, et auprès des équipes du ministère des Affaires Etrangères et de la Délégation générale à la mer lors de l’accomplissement de leurs missions."
LR_2017,LR_2017_2993,PRE,2017,LR,C’EST POUR LA FRANCE MON PROJET POUR LA FRANCE.
LR_2017,LR_2017_2994,PRE,2017,LR,SÉCURITÉ.
LR_2017,LR_2017_2995,PRE,2017,LR,La première des libertés est le droit à la sécurité et à la tranquillité.
LR_2017,LR_2017_2996,PRE,2017,LR,"Pourtant le terrorisme toujours menaçant, la délinquance qui continue d’empoisonner la vie des Français, les casseurs, la fatigue et le ras le bol des forces de l’ordre et des magistrats, tous ces éléments démontrent que la sécurité des Français est de moins en moins assurée."
LR_2017,LR_2017_2997,PRE,2017,LR,"Le constat est accablant : 600 000 crimes et délits chaque année dans les années 1960, autour de 3 millions aujourd’hui."
LR_2017,LR_2017_2998,PRE,2017,LR,Le régalien est devenu le parent pauvre de l’Etat.
LR_2017,LR_2017_2999,PRE,2017,LR,La France a plus que jamais besoin que policiers et gendarmes soient dotés de moyens d’action matériels et juridiques à la hauteur des défis et que leur coordination soit renforcée.
LR_2017,LR_2017_3000,PRE,2017,LR,Nos policiers et nos gendarmes font un métier difficile.
LR_2017,LR_2017_3001,PRE,2017,LR,Ils l’exercent avec une abnégation et un sens du devoir qui méritent nos éloges.
LR_2017,LR_2017_3002,PRE,2017,LR,"Ils font souvent face aux injures, aux agressions, parfois c’est leur vie qu’ils mettent en jeu pour nous tous."
LR_2017,LR_2017_3003,PRE,2017,LR,Chaque année une dizaine d’entre eux trouvent la mort.
LR_2017,LR_2017_3004,PRE,2017,LR,"La délinquance est la conséquence d’absence de sanction, de vision globale, d’intégration et de confiance dans le terrain."
LR_2017,LR_2017_3005,PRE,2017,LR,La loi du 15 août 2014 de Christiane Taubira a officialisé la quasi impunité des délinquants.
LR_2017,LR_2017_3006,PRE,2017,LR,"Le laxisme érigé en politique pénale, ça suffit."
LR_2017,LR_2017_3007,PRE,2017,LR,Sait-on que beaucoup des infractions jugées les moins graves ne sont même pas poursuivies ?
LR_2017,LR_2017_3008,PRE,2017,LR,"La seule stratégie possible est de redonner son efficacité à la chaîne de la sécurité en renforçant chacun de ses maillons, à tous les niveaux."
LR_2017,LR_2017_3009,PRE,2017,LR,La politique de sécurité intérieure que je veux doit d’abord redonner aux forces de l’ordre des moyens accrus et assurer la sanction des délinquants.
LR_2017,LR_2017_3010,PRE,2017,LR,"Cette politique de sécurité intérieure n’oubliera pas les forces de sécurité civile, à commencer par les 250 000 sapeurs-pompiers que je veux reconnaître pleinement comme troisième force de sécurité au service de nos concitoyens."
LR_2017,LR_2017_3011,PRE,2017,LR,"Les bénévoles des associations agréées de sécurité civile, qui ont tant à apporter dans la diffusion de la culture du secourisme au sein de la population, verront leur rôle davantage reconnu."
LR_2017,LR_2017_3012,PRE,2017,LR,Nos concitoyens ont exprimé un besoin fort à la suite des attentats qui ont frappé la France en 2015 et 2016 : il est de notre devoir d’y répondre.
LR_2017,LR_2017_3013,PRE,2017,LR,"Une détermination sans faille, des principes simples : tolérance zéro, impunité zéro mais aussi prévention, une réorganisation dans le détail des politiques menées et des moyens enfin à la hauteur des besoins, telles sont les clés du succès."
LR_2017,LR_2017_3014,PRE,2017,LR,"Je veux promouvoir une vraie sécurité intérieure, soucieuse de la protection de tous les Français."
LR_2017,LR_2017_3015,PRE,2017,LR,Donner des moyens pour une chaîne pénale efficace.
LR_2017,LR_2017_3016,PRE,2017,LR,"Renforcer les moyens consacrés à la sécurité par une loi de programmation et de modernisation qui définira les investissements, les effectifs et les équipements pour l’ensemble sécurité-justice."
LR_2017,LR_2017_3017,PRE,2017,LR,"1 Md€ supplémentaires sur la durée du quinquennat sera notamment fléché vers des investissements destinés à accroître l’efficacité des forces de l’ordre : moyens technologiques performants, outils informatiques, véhicules, rénovation de locaux vétustes et des casernements, constructions de nouveaux commissariats."
LR_2017,LR_2017_3018,PRE,2017,LR,"Recruter 5 000 agents des forces de l’ordre et redéployer sur le terrain 5 000 policiers ou gendarmes occupés à des tâches administratives, soit un total de 10 000 agents supplémentaires au service de notre sécurité."
LR_2017,LR_2017_3019,PRE,2017,LR,"Construire 16 000 places de prison en séparant les primo-délinquants, et notamment les mineurs, des autres détenus."
LR_2017,LR_2017_3020,PRE,2017,LR,Impunité zéro : rétablir l’autorité par la certitude de la sanction.
LR_2017,LR_2017_3021,PRE,2017,LR,"Pour les délits du quotidien qui nous empoisonnent la vie, la tolérance zéro sera la règle : - transformer les petits délits du quotidien en contraventions avec paiement immédiat ou retenue sur les prestations sociales et appliquer la tolérance zéro pour la fraude dans les transports en commun, - punir systématiquement par ordonnance pénale (amende) l’usage de stupéfiants, - expulser les trafiquants de drogue de leurs logements sociaux."
LR_2017,LR_2017_3022,PRE,2017,LR,Rétablir les peines planchers en cas de récidive et fixer des peines minimales pour les crimes et délits les plus graves.
LR_2017,LR_2017_3023,PRE,2017,LR,La libération conditionnelle ne pourra plus intervenir qu’aux trois quarts de l’exécution de la peine et l’automaticité de sa réduction sera supprimée.
LR_2017,LR_2017_3024,PRE,2017,LR,L’aménagement sera limité aux peines inférieures à un an.
LR_2017,LR_2017_3025,PRE,2017,LR,Abaisser la majorité pénale à 16 ans face à une délinquance des mineurs qui n’a plus guère à voir avec ce qu’elle était lorsque fut écrite l’ordonnance de 1945.
LR_2017,LR_2017_3026,PRE,2017,LR,"Simplifier la procédure de façon systématique et prioritaire en autorisant la rédaction de procès-verbaux de procédure et d’auditions par simple enregistrement assorti de la rédaction d’un PV de synthèse, en cas de plaider coupable, avec la présence obligatoire d’un avocat."
LR_2017,LR_2017_3027,PRE,2017,LR,"Empêcher un délinquant multirécidiviste de revenir sur la commune où il a commis ses délits, à sa sortie de prison et prévoir une peine d’interdiction du territoire pour les délinquants étrangers condamnés en France."
LR_2017,LR_2017_3028,PRE,2017,LR,Lutter de façon implacable contre le terrorisme et le totalitarisme islamique.
LR_2017,LR_2017_3029,PRE,2017,LR,"Interdire, après déchéance de nationalité, à tout Français parti combattre à l’étranger dans les rangs terroristes de rentrer sur le territoire national ; expulser du territoire national les étrangers proches des réseaux terroristes, et faire application de peines renforcées pour les atteintes à la sécurité nationale."
LR_2017,LR_2017_3030,PRE,2017,LR,"Réformer le renseignement, pour mieux faire face au terrorisme et rendre au renseignement territorial les moyens humains et matériels dont il a été privé."
LR_2017,LR_2017_3031,PRE,2017,LR,Renforcer les coopérations au niveau européen via notamment Europol et Eurojust.
LR_2017,LR_2017_3032,PRE,2017,LR,"Permettre aux préfets, au-delà de la fin de l’état d’urgence, d’ordonner une fermeture des lieux de culte lorsque leur activité est de nature à porter une atteinte grave à l’ordre public et à la sécurité intérieure."
LR_2017,LR_2017_3033,PRE,2017,LR,Renforcer notre défense des frontières Schengen par des garde-côtes et une plus grande utilisation de Frontex.
LR_2017,LR_2017_3034,PRE,2017,LR,"Mettre en place sans délai l’accès au fichier passager PNR, indispensable pour contrôler les arrivants et les mouvements et créer une carte nationale d’identité biométrique."
LR_2017,LR_2017_3035,PRE,2017,LR,Faire confiance aux maires pour gagner la bataille de la sécurité au quotidien et de la tranquillité publique.
LR_2017,LR_2017_3036,PRE,2017,LR,"Faire des maires les pivots de la politique de tranquillité publique et de la prévention en leur donnant des pouvoirs accrus et en facilitant par la loi l’échange d’informations nominatives entre tous les acteurs de terrain (travailleurs sociaux, bailleurs sociaux, professionnels de la sécurité)."
LR_2017,LR_2017_3037,PRE,2017,LR,"Poursuivre l’armement de la police municipale et lui donner les moyens de procéder à des contrôles d’identité et de dresser des procès-verbaux dans d’autres domaines que la seule circulation pour faire respecter la tranquillité publique et doubler les subventions de l’Etat pour l’achat de caméras de vidéoprotection, notamment par les communes rurales."
LR_2017,LR_2017_3038,PRE,2017,LR,"Renforcer la coopération entre la police et la gendarmerie nationale d’une part, les polices municipales d’autre part, et mieux organiser le lien avec les acteurs privés de sécurité."
LR_2017,LR_2017_3039,PRE,2017,LR,La police nationale et les polices municipales doivent pouvoir partager les mêmes fréquences radio.
LR_2017,LR_2017_3040,PRE,2017,LR,"Créer une école nationale de formation des polices municipales, dans laquelle des formateurs de la police nationale et de la gendarmerie interviendraient."
LR_2017,LR_2017_3041,PRE,2017,LR,"Renforcer les programmes de réussite éducative et, parce que la prison n’est pas la seule réponse, développer largement les travaux d’intérêt général en partenariat avec les villes grandes et moyennes ainsi que les places en établissements éducatifs à encadrement militaire (EPIDE) tant pour les mineurs de 16 ans que pour les jeunes majeurs."
LR_2017,LR_2017_3042,PRE,2017,LR,"Accompagner les parents dans le cadre des dispositifs de réussite éducative et généraliser les Conseils pour les droits et devoirs des familles, présidés par les maires ; en cas de défaillance récurrente des parents, faire strictement appliquer à leur encontre l’infraction pénale du « défaut d’éducation » prévue par le code pénal."
LR_2017,LR_2017_3043,PRE,2017,LR,"Reconnaître à leur juste place les acteurs de la sécurité civile, à commencer par les sapeurs-pompiers."
LR_2017,LR_2017_3044,PRE,2017,LR,"Renforcer le rôle de l’Etat dans le pilotage du système de sécurité civile, à travers notamment une mutualisation accrue des moyens entre SDIS (Service Départemental d’Incendie et de Secours) et dresser un bilan de la gouvernance des services d’incendie et de secours issue de la loi de 1996 en lien étroit avec les collectivités."
LR_2017,LR_2017_3045,PRE,2017,LR,"Proposer un nouveau modèle en faveur du volontariat sapeur-pompier, basé sur des dispositifs incitatifs puissants, comparables à ceux proposés aux réservistes de la police et de la gendarmerie."
LR_2017,LR_2017_3046,PRE,2017,LR,Reconnaître le 112 comme le numéro unique des appels d’urgence et favoriser l’émergence de plateformes communes de traitement de ces appels.
LR_2017,LR_2017_3047,PRE,2017,LR,"Diffuser massivement la culture du secourisme au sein de la population en s’appuyant notamment sur le réseau des bénévoles des associations agréées de sécurité civile, et en encourageant les modules correspondants en milieu scolaire comme dans les concours d’accès à la fonction publique."
LR_2017,LR_2017_3048,PRE,2017,LR,JUSTICE.
LR_2017,LR_2017_3049,PRE,2017,LR,La Justice française est en crise et doit être réformée.
LR_2017,LR_2017_3050,PRE,2017,LR,"Aujourd’hui le constat est clair : les moyens de la Justice sont très insuffisants : avec 8 Mds€, dont plus de la moitié dédiée aux services pénitentiaires, le budget de la Justice se situe dans la moyenne basse des pays européens."
LR_2017,LR_2017_3051,PRE,2017,LR,"Les professions judiciaires (avocats, notaires, huissiers, commissaires-priseurs, administrateurs et mandataires) ont été inutilement maltraitées et traumatisées par l’actuelle majorité."
LR_2017,LR_2017_3052,PRE,2017,LR,"Enfin, depuis des années, nous subissons une inflation législative galopante qui complique le travail de tous les professionnels du droit."
LR_2017,LR_2017_3053,PRE,2017,LR,Il faut donc réformer la Justice de manière pragmatique et réaliste en s’inspirant notamment des bonnes pratiques étrangères.
LR_2017,LR_2017_3054,PRE,2017,LR,"Plutôt que de multiplier les lois, il faudra clarifier, organiser et renforcer la Justice autour des 2 axes suivants : une Justice simple et efficace."
LR_2017,LR_2017_3055,PRE,2017,LR,Une justice simple et efficace pour assurer la protection des droits et réaffirmer le sens de la peine.
LR_2017,LR_2017_3056,PRE,2017,LR,"Renforcer les moyens humains (300 postes) et le budget de fonctionnement de la Justice à raison d’une augmentation d’ 1,5 Mds€ d’ici la fin du quinquennat et accompagner le développement d’une informatique alliant qualité et sécurité en matière de gestion et de communication avec les justiciables sur l’ensemble du territoire."
LR_2017,LR_2017_3057,PRE,2017,LR,"Observer une pause législative : une fois les réformes contenues dans le projet présidentiel votées, un travail de nettoyage des textes inusités et de simplification des normes sera engagé."
LR_2017,LR_2017_3058,PRE,2017,LR,Evaluer précisément l’impact sur notre droit de la Convention Européenne des Droits de l’Homme et de son interprétation par la Cour Européenne des Droits de l’Homme.
LR_2017,LR_2017_3059,PRE,2017,LR,Renégocier si nécessaire cette convention pour y ré-adhérer avec réserves si la Cour Européenne persiste à en faire une interprétation restrictive.
LR_2017,LR_2017_3060,PRE,2017,LR,"Créer un Parquet européen, spécialement pour mieux atteindre les fraudes au budget de l’Union et renforcer les outils de coopération entre magistrats européens tels qu’Eurojust."
LR_2017,LR_2017_3061,PRE,2017,LR,Créer 16 000 places de prison en séparant les primo délinquants des autres détenus.
LR_2017,LR_2017_3062,PRE,2017,LR,"Créer un service unique d’application des peines, placé sous la supervision conjointe du Procureur et du Juge d’application des peines pour rendre les peines effectives et associer les victimes dans le cadre de mesures de réparation."
LR_2017,LR_2017_3063,PRE,2017,LR,Fixer des peines minimales pour certains délits et crimes et supprimer la mesure de contrainte pénale : Rétablir les peines planchers.
LR_2017,LR_2017_3064,PRE,2017,LR,Privilégier les mesures de sursis avec mise à l’épreuve et de suivi socio judiciaire.
LR_2017,LR_2017_3065,PRE,2017,LR,Rétablir le caractère automatique des révocations de sursis.
LR_2017,LR_2017_3066,PRE,2017,LR,"Expulser les étrangers terroristes, criminels ou délinquants après leur jugement définitifs."
LR_2017,LR_2017_3067,PRE,2017,LR,Mettre en place des sanctions rapidement exécutables comme la suspension des aides sociales. l’interdiction de séjour ou du territoire national.
LR_2017,LR_2017_3068,PRE,2017,LR,"Simplifier la procédure de façon systématique et prioritaire en cas de reconnaissance de la commission d’un délit en autorisant la rédaction des procès-verbaux de procédure et d’auditions par simple enregistrement, assortie de la rédaction d’un PV de synthèse, avec présence d’avocat obligatoire."
LR_2017,LR_2017_3069,PRE,2017,LR,"Faire du Juge des enfants, le juge spécialisé dans le traitement de la délinquance des mineurs et dédier un autre Juge de la famille pour la protection de l’enfance en danger."
LR_2017,LR_2017_3070,PRE,2017,LR,"En matière civile, généraliser le recours à la tentative préalable de conciliation et dé-judiciariser les contentieux sociétaux."
LR_2017,LR_2017_3071,PRE,2017,LR,"En matière pénale, pour que toute infraction relevant du contentieux de masse soit poursuivie et sanctionnée, recourir à la contraventionnalisation."
LR_2017,LR_2017_3072,PRE,2017,LR,Créer un Tribunal Criminel de première instance composé de magistrats professionnels pour faire cesser la pratique de correctionnalisation d’un certain nombre d’infractions criminelles due à l’engorgement des tribunaux et maintenir la compétence de la Cour d’assises dans sa composition actuelle pour connaître les appels du Tribunal Criminel de première instance y compris ceux de la victime contre la décision de 1ère instance.
LR_2017,LR_2017_3073,PRE,2017,LR,Envisager la libération conditionnelle seulement aux trois-quarts de la peine et supprimer l’automaticité des réductions de peine.
LR_2017,LR_2017_3074,PRE,2017,LR,Une justice simple et efficace pour redonner confiance aux professionnels du droit et aux justiciables.
LR_2017,LR_2017_3075,PRE,2017,LR,"Revoir la loi dite « Macron » et faire du ministère de la Justice, le seul interlocuteur des Notaires."
LR_2017,LR_2017_3076,PRE,2017,LR,"Plus généralement, repositionner le ministère de la Justice en un « ministère du Droit » et estimer, à la diligence du ministère de la justice et avec les professionnels, l’apport annuel nécessaire de nouveaux professionnels dans chaque profession."
LR_2017,LR_2017_3077,PRE,2017,LR,Diversifier l’origine et le profil des magistrats en augmentant de manière significative le nombre de magistrats recrutés hors école de la magistrature favorisant au surplus une pyramide démographique du corps plus cohérente.
LR_2017,LR_2017_3078,PRE,2017,LR,Rendre effectif un examen national pour l’obtention du certificat d’aptitude à la profession d’avocat et inciter à la création d’un barreau national.
LR_2017,LR_2017_3079,PRE,2017,LR,Réorganiser l’aide juridictionnelle pour en faire un véritable moyen d’accès à la justice et permettre une juste rétribution des professionnels du droit.
LR_2017,LR_2017_3080,PRE,2017,LR,Maintenir le maillage des tribunaux d’instance et les doter d’un guichet unique universel permettant d’effectuer des opérations relevant du Tribunal de Grande Instance et garantir ainsi la proximité avec les justiciables.
LR_2017,LR_2017_3081,PRE,2017,LR,Adopter le principe d’un Tribunal de grande instance par département en tenant compte du nombre d’habitants et de la configuration géographique pour garantir un accès raisonnable à la justice et favoriser le regroupement des Cours d’appel.
LR_2017,LR_2017_3082,PRE,2017,LR,Réaffirmer la langue française au sein des institutions européennes et des organisations internationales en tant que vecteur du Droit et des valeurs de la francophonie notamment à partir des Outre-mer qui rayonnent sur une importante population francophone et sur des pays émergents.
LR_2017,LR_2017_3083,PRE,2017,LR,DÉFENSE.
LR_2017,LR_2017_3084,PRE,2017,LR,"L’indépendance de la France, sa souveraineté, sa capacité à défendre ses intérêts vitaux et ses ressortissants, reposent entièrement sur ses forces armées."
LR_2017,LR_2017_3085,PRE,2017,LR,C’est pourquoi la Défense doit être l’un des piliers de l’Etat régalien.
LR_2017,LR_2017_3086,PRE,2017,LR,La France doit retrouver son rôle politique et militaire de premier rang.
LR_2017,LR_2017_3087,PRE,2017,LR,Il n’y a pas de diplomatie dans le concert des nations sans une armée forte.
LR_2017,LR_2017_3088,PRE,2017,LR,Il n’y a pas d’armée forte sans équipements modernes de qualité.
LR_2017,LR_2017_3089,PRE,2017,LR,"Ma responsabilité première sera de donner à nos militaires les moyens d’assurer la lourde tâche qui est la leur : protéger notre pays, garantir notre liberté et notre sécurité, en consacrant à la Défense un budget permettant de préparer l’avenir."
LR_2017,LR_2017_3090,PRE,2017,LR,"Le prochain quinquennat sera en effet marqué par des défis nombreux : retrouver la capacité opérationnelle des armées, garantir le maintien des composantes de la dissuasion nucléaire, assurer l’excellence de nos capacités et la permanence de notre base industrielle et technologique de Défense, adapter la condition militaire aux réalités d’aujourd’hui, privilégier la réserve par rapport à un service militaire volontaire fourretout et coûteux."
LR_2017,LR_2017_3091,PRE,2017,LR,Mon projet pour notre Défense s’inscrit dans le redressement général du pays.
LR_2017,LR_2017_3092,PRE,2017,LR,"Il y va de l’indépendance de notre pays, de la sauvegarde de nos atouts, de la défense de nos intérêts, de nos valeurs et de notre participation responsable au développement de la paix et de la sécurité internationale."
LR_2017,LR_2017_3093,PRE,2017,LR,Rehausser le financement de notre Défense.
LR_2017,LR_2017_3094,PRE,2017,LR,Lancer une revue stratégique dès le début du quinquennat et préparer une nouvelle loi de programmation militaire (LPM) qui sera adoptée au 1er semestre 2018.
LR_2017,LR_2017_3095,PRE,2017,LR,Lancer un audit des besoins financiers de la défense afin d’évaluer le passif laissé par le gouvernement socialiste.
LR_2017,LR_2017_3096,PRE,2017,LR,Le budget de la défense augmentera progressivement lors du quinquennat avec pour objectif d’atteindre 2% du PIB à la fin de la prochaine LPM.
LR_2017,LR_2017_3097,PRE,2017,LR,"Ces moyens supplémentaires seront affectés en priorité au renforcement des capacités opérationnelles puis à la modernisation de la force de dissuasion, afin de rétablir la cohérence entre les capacités, les contrats opérationnels et la trajectoire du budget de la Défense."
LR_2017,LR_2017_3098,PRE,2017,LR,Maintenir une coopération étroite avec le Royaume-Uni et mutualiser avec nos partenaires européens et en priorité avec l’Allemagne le financement des opérations extérieures.
LR_2017,LR_2017_3099,PRE,2017,LR,Conserver et moderniser l’ultime recours que constitue la dissuasion nucléaire.
LR_2017,LR_2017_3100,PRE,2017,LR,Maintenir la Force de dissuasion nucléaire et engager sa modernisation.
LR_2017,LR_2017_3101,PRE,2017,LR,Préparer nos armées pour maintenant et pour demain.
LR_2017,LR_2017_3102,PRE,2017,LR,Stabiliser les effectifs de nos armées et en particulier de la force opérationnelle terrestre à 77 000 soldats tout en reconfigurant progressivement l’opération Sentinelle.
LR_2017,LR_2017_3103,PRE,2017,LR,Renforcer le niveau d’entraînement des personnels et le niveau de disponibilité de nos équipements militaires.
LR_2017,LR_2017_3104,PRE,2017,LR,Poursuivre le renouvellement des équipements militaires de premier rang mais aussi de ceux nécessaires pour le quotidien de nos soldats.
LR_2017,LR_2017_3105,PRE,2017,LR,Consolider les efforts entrepris dans le domaine numérique et consacrer des ressources humaines et technologiques suffisantes pour préparer la France au combat dans l’espace numérique.
LR_2017,LR_2017_3106,PRE,2017,LR,Renforcer la surveillance de notre espace maritime et la présence de l’Etat en mer notamment dans les territoires d’Outre-mer avec des patrouilleurs océaniques ou des avions de patrouille et de surveillance maritime.
LR_2017,LR_2017_3107,PRE,2017,LR,Doter notre service de renseignement extérieur de capacités d’écoute et de renseignement au fait de la technologie et renforcer la coordination de nos services de renseignement afin de les rendre plus efficaces.
LR_2017,LR_2017_3108,PRE,2017,LR,Conforter la base industrielle et technologique de Défense française.
LR_2017,LR_2017_3109,PRE,2017,LR,"Renforcer notre tissu industriel en rapprochant la Défense des entreprises qui développent des technologies civiles et militaires dans les secteurs de l’intelligence artificielle, des robots et des lasers et favoriser l’émergence d’un arsenal juridique européen pour protéger le patrimoine immatériel (brevets, savoir-faire,...) de nos entreprises de défense."
LR_2017,LR_2017_3110,PRE,2017,LR,Etendre le concept de «bases intelligentes» pour développer des capacités d’innovation et de veille technologique tant au profit de nos armées que des industriels.
LR_2017,LR_2017_3111,PRE,2017,LR,Renforcer le lien entre l’armée et la nation.
LR_2017,LR_2017_3112,PRE,2017,LR,Faire croître significativement la réserve opérationnelle.
LR_2017,LR_2017_3113,PRE,2017,LR,Mettre en place un dispositif pour favoriser l’intégration dans un emploi des militaires en fin de contrat et inciter les entreprises et les administrations à embaucher les anciens militaires blessés en opérations au nom de la solidarité nationale.
LR_2017,LR_2017_3114,PRE,2017,LR,"Renforcer l’autonomie du service santé des armées dans ses cinq composantes (expertise, formation, soins, ravitaillement et recherche)."
LR_2017,LR_2017_3115,PRE,2017,LR,Soutenir le fonctionnement des associations liées au monde de la défense qui sont des partenaires indispensables pour faire connaître le fait militaire aux jeunes générations et développer le mouvement des cadets de la défense pour les jeunes de 12 à 18 ans.
LR_2017,LR_2017_3116,PRE,2017,LR,Améliorer la prise en compte de la «quatrième génération du feu» (opérations extérieures depuis les années 1960) dans le devoir de solidarité et de mémoire.
LR_2017,LR_2017_3117,PRE,2017,LR,Financer la rénovation des logements de service sur les bases et casernes par les crédits de rénovation urbaine.
LR_2017,LR_2017_3118,PRE,2017,LR,INSTITUTIONS.
LR_2017,LR_2017_3119,PRE,2017,LR,"L’instabilité institutionnelle a atteint des sommets au cours du quinquennat qui s’achève, sans rien simplifier au «millefeuille territorial» qui rend l’action publique de plus en plus illisible et de plus en plus coûteuse."
LR_2017,LR_2017_3120,PRE,2017,LR,"Les lois NOTRe (Nouvelle organisation territoriale de la République) et MAPTAM (Modernisation de l’action publique territoriale et d’affirmation des métropoles) ont même réussi la contre-performance de créer des strates supplémentaires, aboutissant à plus de réglementation, plus de fonctionnaires et plus d’impôts."
LR_2017,LR_2017_3121,PRE,2017,LR,Je veux faire l’inverse et simplifier notre paysage institutionnel en lui donnant la respiration dont il a besoin.
LR_2017,LR_2017_3122,PRE,2017,LR,"Il s’agit tout à la fois de réduire progressivement le nombre de strates, de clarifier la répartition des compétences, et d’avoir moins d’élus, concentrés sur l’exercice de leurs missions."
LR_2017,LR_2017_3123,PRE,2017,LR,"Cette réforme institutionnelle devra aussi passer par une réforme profonde du Parlement : moins de parlementaires, disposant de plus de moyens, pour améliorer la qualité du travail législatif, supprimer les lois inutiles, et mieux contrôler l’action du gouvernement."
LR_2017,LR_2017_3124,PRE,2017,LR,"Enfin, cette réforme comprendra la mise en place de nouvelles règles en faveur de la transparence de la vie publique qui supposent un consensus entre les différents courants politiques."
LR_2017,LR_2017_3125,PRE,2017,LR,"Je lancerai donc des travaux associant pleinement les parlementaires pour établir de nouvelles mesures dans ce sens, dans le respect de la séparation des pouvoirs."
LR_2017,LR_2017_3126,PRE,2017,LR,Cette évolution de nos institutions n’ira pas sans résistances.
LR_2017,LR_2017_3127,PRE,2017,LR,Les freins seront nombreux mais je suis déterminé à la conduire jusqu’à son terme en ayant recours si nécessaire à la consultation par référendum.
LR_2017,LR_2017_3128,PRE,2017,LR,Moderniser nos institutions.
LR_2017,LR_2017_3129,PRE,2017,LR,"Conserver la loi sur le non cumul des mandats, qui permettra d’avoir des parlementaires à plein temps concentrés sur la rédaction des lois et le contrôle du gouvernement."
LR_2017,LR_2017_3130,PRE,2017,LR,"Proposer aux Français par référendum, une réduction du nombre de parlementaires, à environ 400 députés et 200 sénateurs afin de donner à ceux-ci les moyens nécessaires pour exercer leur fonction."
LR_2017,LR_2017_3131,PRE,2017,LR,Imposer aux fonctionnaires élus parlementaires qu’ils démissionnent de la fonction publique.
LR_2017,LR_2017_3132,PRE,2017,LR,Donner aux collectivités locales plus de libertés en concluant avec elles un pacte.
LR_2017,LR_2017_3133,PRE,2017,LR,Clarifier le partage des compétences entre collectivités et entre les collectivités et l’Etat ainsi que la répartition et l’allocation des ressources pour que la collectivité qui finance soit en mesure de décider plus librement.
LR_2017,LR_2017_3134,PRE,2017,LR,Encourager la mutualisation des compétences et laisser les collectivités s’organiser librement.
LR_2017,LR_2017_3135,PRE,2017,LR,Instaurer un mécanisme de bonus sur la dotation globale de fonctionnement pour encourager la bonne gestion.
LR_2017,LR_2017_3136,PRE,2017,LR,Assouplir les modalités du contrôle de légalité en supprimant l’obligation de transmission des actes des collectivités territoriales au Préfet.
LR_2017,LR_2017_3137,PRE,2017,LR,IMMIGRATION.
LR_2017,LR_2017_3138,PRE,2017,LR,De nouvelles règles sur la transparence de la vie publique.
LR_2017,LR_2017_3139,PRE,2017,LR,Inciter les assemblées à réformer et à améliorer les mécanismes de contrôle de déontologie mis en place dans chacune d’elles.
LR_2017,LR_2017_3140,PRE,2017,LR,Instituer la transparence totale par la publication obligatoire des liens de parenté entre les parlementaires et les collaborateurs (y compris en cas de recrutement croisé).
LR_2017,LR_2017_3141,PRE,2017,LR,La France est une terre d’immigration depuis la moitié du XIXe siècle.
LR_2017,LR_2017_3142,PRE,2017,LR,A l’immigration de travail qui a été très importante pendant les « Trente Glorieuses » a succédé une immigration à dominante familiale à partir de 1975.
LR_2017,LR_2017_3143,PRE,2017,LR,Mais la France est confrontée aujourd’hui à un nouveau défi migratoire.
LR_2017,LR_2017_3144,PRE,2017,LR,"Notre démographie est une des plus dynamiques d’Europe de sorte que nous n’avons pas besoin, à la différence de la plupart de nos voisins européens, de l’immigration pour soutenir notre croissance."
LR_2017,LR_2017_3145,PRE,2017,LR,"Dans le même temps, la crise économique et sociale ; taux de chômage de l’ordre de 10%, très supérieur à la moyenne de l’Union européenne, les déficits budgétaires et sociaux records, l’insuffisance de la construction de logements ne permettent plus l’accueil des nouveaux arrivants dans de bonnes conditions."
LR_2017,LR_2017_3146,PRE,2017,LR,La France ne peut pas baisser la garde en matière de contrôle des flux migratoires et c’est pourtant ce que fait le gouvernement socialiste depuis 2012.
LR_2017,LR_2017_3147,PRE,2017,LR,Il y a des lieux en France où le sentiment d’appartenir à la même nation s’est disloqué.
LR_2017,LR_2017_3148,PRE,2017,LR,Les replis identitaires avancent et l’intégration recule.
LR_2017,LR_2017_3149,PRE,2017,LR,"La France est une Nation, en droit de choisir qui peut la rejoindre et en droit aussi d’exiger des étrangers qu’ils se plient à ses lois et à ses coutumes."
LR_2017,LR_2017_3150,PRE,2017,LR,L’unité nationale commande une autre politique de l’immigration.
LR_2017,LR_2017_3151,PRE,2017,LR,Réduire l’immigration légale au strict minimum.
LR_2017,LR_2017_3152,PRE,2017,LR,"Inscrire dans la Constitution le principe de quotas fixés par la loi, plafonnant le nombre de titres de séjour pouvant être délivrés chaque année au titre de l’immigration professionnelle et familiale, en fonction des capacités d’accueil de la France et des capacités d’intégration des demandeurs."
LR_2017,LR_2017_3153,PRE,2017,LR,"Développer l’usage des statistiques d’origine dans la politique de délivrance des titres de séjour, notamment pour prévenir la concentration communautaire dans une même commune ou un même quartier."
LR_2017,LR_2017_3154,PRE,2017,LR,"Durcir les exigences du regroupement familial et refuser la délivrance des titres de séjour pour raisons familiales en l’absence de perspective sérieuse d’intégration (tenant compte notamment des ressources, du logement, de la couverture sociale, de la maîtrise de la langue française, du respect des valeurs de la République et du projet de vie en France)."
LR_2017,LR_2017_3155,PRE,2017,LR,"Restaurer notre souveraineté migratoire en renégociant les directives européennes chaque fois qu’elles l’entravent et, si nécessaire, ré-adhérer avec réserves à la Convention Européenne des Droits de l’Homme si la Cour européenne persiste à en faire une interprétation restrictive."
LR_2017,LR_2017_3156,PRE,2017,LR,"Abroger les récentes réformes législatives élargissant inconsidérément l’accès automatique ou quasiautomatique à la nationalité française, réformes irresponsables dans le contexte actuel de fraude massive en la matière (concernant notamment les étrangers de plus de 65 ans ascendants de Français et les enfants étrangers élevés par des Français à l’étranger)."
LR_2017,LR_2017_3157,PRE,2017,LR,Faire en sorte que l’immigration ne soit plus une charge.
LR_2017,LR_2017_3158,PRE,2017,LR,Ne verser les prestations d’allocations familiales ou d’aide au logement qu’à ceux qui résident régulièrement en France depuis plus de 2 ans.
LR_2017,LR_2017_3159,PRE,2017,LR,Les prestations de sécurité sociale ou d’assurance chômage continueront à être versées à ceux qui cotisent.
LR_2017,LR_2017_3160,PRE,2017,LR,"Supprimer l’Aide Médicale d’Etat et la remplacer par une dispense de frais de santé limitée à la prise en charge des mineurs, des urgences et des maladies infectieuses, dans les établissements de santé agréés."
LR_2017,LR_2017_3161,PRE,2017,LR,"Toute utilisation de la dispense donnera lieu à une information de l’Etat, dans le respect du secret médical, en vue d’examiner la situation de l’étranger au regard du droit au séjour (notamment au regard du titre «étrangers malades»)."
LR_2017,LR_2017_3162,PRE,2017,LR,"Faire financer la politique d’immigration et d’intégration par les ressortissants étrangers plutôt que par le contribuable français, en augmentant sensiblement les frais de dossier, les taxes de titres de séjour et les frais d’octroi de la nationalité française."
LR_2017,LR_2017_3163,PRE,2017,LR,Mettre un coup d’arrêt à l’immigration clandestine et au détournement du droit d’asile.
LR_2017,LR_2017_3164,PRE,2017,LR,Obliger les étrangers à présenter leur demande d’asile dans les 15 jours de leur entrée sur le territoire.
LR_2017,LR_2017_3165,PRE,2017,LR,Les demandes tardives seront examinées en procédure accélérée.
LR_2017,LR_2017_3166,PRE,2017,LR,"Traiter les demandes d’asile en 4 mois maximum (contre 11 mois en moyenne aujourd’hui), appel compris, en renforçant les moyens de l’OFPRA et de la CNDA, en réduisant le délai de recours à 15 jours et en luttant contre les abus de procédure."
LR_2017,LR_2017_3167,PRE,2017,LR,"Cesser de financer les nuitées d’hôtel des demandeurs d’asile et les héberger exclusivement dans des centres dédiés, gérés par l’Etat ou, sous son contrôle direct, par des prestataires indépendants."
LR_2017,LR_2017_3168,PRE,2017,LR,"Placer en rétention les demandeurs d’asile présentant un risque de fuite, en particulier les ressortissants de pays d’origine sûrs et demande abusive, et prévoir que les décisions de refus d’asile valent automatiquement obligation de quitter le territoire français."
LR_2017,LR_2017_3169,PRE,2017,LR,"Eloigner systématiquement les étrangers en situation irrégulière en restaurant le principe du placement en rétention, y compris pour les familles (dans des centres adaptés), en portant la durée maximale de rétention administrative de 45 jours à 6 mois et en sanctionnant les pays non coopératifs dans la délivrance des laissez-passer consulaires par la réduction des visas délivrés à leurs ressortissants et de l’aide au développement."
LR_2017,LR_2017_3170,PRE,2017,LR,"L’éloignement des déboutés du droit d’asile doit être une priorité, notamment en notifiant les décisions de refus d’asile dans les centres d’hébergement."
LR_2017,LR_2017_3171,PRE,2017,LR,"Réformer en profondeur le contentieux des étrangers, pour empêcher les demandes successives de titres de séjour à des fins dilatoires, en réduisant les possibilités de suspension des mesures d’éloignement et en prévoyant que le juge statue définitivement par une décision unique sur le droit au séjour en France."
LR_2017,LR_2017_3172,PRE,2017,LR,Abroger sans délai la circulaire Valls sur les admissions exceptionnelles au séjour.
LR_2017,LR_2017_3173,PRE,2017,LR,Refonder le traité de Schengen.
LR_2017,LR_2017_3174,PRE,2017,LR,"Renégocier le code frontières Schengen pour autoriser des contrôles ciblés dans des zones de vulnérabilité des frontières intérieures, aussi longtemps qu’il existe un risque d’afflux d’étrangers clandestins."
LR_2017,LR_2017_3175,PRE,2017,LR,"En cas de défaillance d’un Etat membre dans le contrôle des frontières extérieures de l’Union, mettre en oeuvre une procédure de sauvegarde permettant de l’exclure temporairement de l’espace Schengen et de remettre à niveau son dispositif de contrôle."
LR_2017,LR_2017_3176,PRE,2017,LR,Réserver la nationalité française aux étrangers clairement assimilés.
LR_2017,LR_2017_3177,PRE,2017,LR,Porter à 5 ans la durée minimale de vie commune avant l’acquisition de la nationalité par les conjoints de Français et à 8 ans la durée minimale de résidence en France pour être naturalisé.
LR_2017,LR_2017_3178,PRE,2017,LR,"Subordonner l’acquisition de la nationalité française à la majorité aux conditions suivantes : respect de l’obligation scolaire au cours des périodes de résidence en France; absence de condamnation pour un crime, un délit grave (passible d’au moins 3 ans de prison) ou pour outrage à l’hymne national ou au drapeau tricolore; condition de résidence continue ou discontinue en France de 8 ans depuis l’âge de 6 ans (au lieu de 5 ans depuis l’âge de 8 ou 11 ans) ; manifestation de volonté expresse et solennelle de l’intéressé, par le dépôt d’une déclaration."
LR_2017,LR_2017_3179,PRE,2017,LR,L’administration pourrait décider de s’opposer à l’octroi de la nationalité et soumettre l’étranger à un test d’assimilation en cas de doute (notamment lorsque les parents sont en situation irrégulière).
LR_2017,LR_2017_3180,PRE,2017,LR,Mettre fin aux abus du droit du sol dans certains territoires d’Outre-mer en conditionnant le droit du sol à une condition de régularité de séjour d’au moins un parent pendant la période de résidence habituelle de l’enfant prise en compte pour l’acquisition de la nationalité.
LR_2017,LR_2017_3181,PRE,2017,LR,LAÏCITÉ.
LR_2017,LR_2017_3182,PRE,2017,LR,Je suis un ardent défenseur du principe de laïcité.
LR_2017,LR_2017_3183,PRE,2017,LR,"C’est l’un des fondements de la cohésion nationale, qui permet à chacun de croire ou de ne pas croire et garantit le respect par l’Etat des convictions intimes de chacun."
LR_2017,LR_2017_3184,PRE,2017,LR,"J’entends conforter le cadre juridique qui a permis jusqu’ici aux croyants de coexister, ainsi qu’avec les agnostiques ou les athées, dans le respect les uns des autres et des principes républicains."
LR_2017,LR_2017_3185,PRE,2017,LR,Je ferai en sorte que l’islam s’approprie pleinement ce cadre en l’aidant à se structurer.
LR_2017,LR_2017_3186,PRE,2017,LR,"Les religions ont toute leur place en France, à la condition qu’elles acceptent le cadre commun tracé par nos principes fondamentaux et nos règles de vie communes."
LR_2017,LR_2017_3187,PRE,2017,LR,Cette laïcité est un principe fort car fondateur et en même temps fragile car reposant sur un équilibre.
LR_2017,LR_2017_3188,PRE,2017,LR,Elle est aujourd’hui malmenée.
LR_2017,LR_2017_3189,PRE,2017,LR,Je serai intransigeant envers tout repli communautariste qui entendrait placer ses conceptions propres au-dessus des lois de la République.
LR_2017,LR_2017_3190,PRE,2017,LR,"La loi de 1905 a fait ses preuves et a créé une structure juridique, l’association cultuelle, qui permet aux cultes de disposer d’aide au financement (avantages fiscaux pour les dons par exemple) et à l’administration d’exercer une forme de contrôle administratif."
LR_2017,LR_2017_3191,PRE,2017,LR,"Il faut que toutes les religions se constituent en association cultuelle, pour la gestion des lieux de culte."
LR_2017,LR_2017_3192,PRE,2017,LR,"Les phénomènes de radicalisation de grande ampleur que nous avons connus depuis trois ans, avec le départ de centaines de jeunes Français vers des théâtres de guerre et les conséquences dramatiques pour notre pays qui s’en sont ensuivies, ne sont pas dépourvus de racines religieuses - fussent-elles perverties -."
LR_2017,LR_2017_3193,PRE,2017,LR,"La réponse à ces déviances de l’islam appartient pour une large part, dans un état laïc, aux musulmans eux-mêmes et au premier chef à leurs responsables."
LR_2017,LR_2017_3194,PRE,2017,LR,Conforter notre conception de la laïcité et lutter fermement contre le totalitarisme islamique seront les deux axes de mon projet pour une laïcité assumée.
LR_2017,LR_2017_3195,PRE,2017,LR,Conforter notre conception de la laïcité qui a permis d’établir une coexistence harmonieuse des cultes dans le respect des valeurs de la République.
LR_2017,LR_2017_3196,PRE,2017,LR,Rendre obligatoire pour toute religion la constitution d’association cultuelle (ou son équivalent l’association diocésaine) pour la gestion des lieux de culte.
LR_2017,LR_2017_3197,PRE,2017,LR,"Ainsi le culte musulman accédera comme tous les autres à tous les leviers de financement, la contrepartie étant la transparence des comptes."
LR_2017,LR_2017_3198,PRE,2017,LR,"Créer un statut de Fondation à objet religieux pour que les dons et legs de personnes privées puissent être recueillis en toute transparence et contribuer à un meilleur financement du culte, notamment musulman (construction d’édifices, formation des ministres du culte)."
LR_2017,LR_2017_3199,PRE,2017,LR,"Il est indispensable de mettre fin, lorsqu’ils existent, aux financements étrangers des cultes et en particulier au système dit des « imams détachés »."
LR_2017,LR_2017_3200,PRE,2017,LR,"Conformément aux principes de la loi de 1905, l’implantation des aumôniers dans les hôpitaux, les prisons et les écoles sera consolidée."
LR_2017,LR_2017_3201,PRE,2017,LR,Veiller à la diffusion et à la bonne compréhension des règles découlant du principe de laïcité et du refus du communautarisme.
LR_2017,LR_2017_3202,PRE,2017,LR,"Ces principes devront être diffusés et expliqués à l’école, dans les modules de contrat d’intégration républicaine et dans les formations de fonctionnaire."
LR_2017,LR_2017_3203,PRE,2017,LR,Les sanctions en cas de méconnaissance de ces obligations devront être identifiées et appliquées.
LR_2017,LR_2017_3204,PRE,2017,LR,"Permettre à chacun d’être enterré sur le sol français, dans le respect de ses croyances."
LR_2017,LR_2017_3205,PRE,2017,LR,Je souhaite engager une réflexion avec l’ensemble des acteurs concernés - et au premier chef les maires - avec comme objectif de donner une base juridique solide aux cimetières confessionnels.
LR_2017,LR_2017_3206,PRE,2017,LR,Lutter contre le totalitarisme islamique avec la plus grande fermeté.
LR_2017,LR_2017_3207,PRE,2017,LR,Mobiliser tous les acteurs locaux pour lutter contre la radicalisation et au premier chef les représentants du culte musulman.
LR_2017,LR_2017_3208,PRE,2017,LR,"Ils doivent prendre leurs responsabilités et ce sujet doit figurer en bonne place du dialogue local entre préfets, élus et responsables musulmans."
LR_2017,LR_2017_3209,PRE,2017,LR,L’insertion des responsables religieux dans les cellules de suivi auprès des préfets doit être poursuivie et amplifiée.
LR_2017,LR_2017_3210,PRE,2017,LR,"Permettre aux préfets, au-delà de la fin de l’état d’urgence, d’ordonner une fermeture des lieux de culte lorsque leur activité est de nature à porter une atteinte grave à l’ordre public et à la sécurité intérieure et modifier, si nécessaire, le régime juridique de dissolution des associations et des groupements, qui remonte à 1936, pour permettre la dissolution d’associations prônant le djihad."
LR_2017,LR_2017_3211,PRE,2017,LR,Je mobiliserai chaque fois que nécessaire les articles de la loi de 1905 sanctionnant l’appel à provocation contre les principes et lois de la République.
LR_2017,LR_2017_3212,PRE,2017,LR,POLITIQUE ÉTRANGÈRE.
LR_2017,LR_2017_3213,PRE,2017,LR,La France porte une voix singulière dans le monde.
LR_2017,LR_2017_3214,PRE,2017,LR,"Par son histoire, sa culture, sa langue, elle a su souvent parler à l’ensemble de l’humanité."
LR_2017,LR_2017_3215,PRE,2017,LR,"Si elle peut irriter parfois, étonner souvent, elle laisse rarement indifférent."
LR_2017,LR_2017_3216,PRE,2017,LR,"Pourtant cette voix s’est faite moins forte ces dernières années, a perdu son originalité diluée dans le grand bain de la mondialisation porteur d’uniformisation."
LR_2017,LR_2017_3217,PRE,2017,LR,"Au cours du mandat qui s’achève, de renoncement en affaiblissement et de médiocrité en initiative hasardeuse, la France est moins entendue et donc moins influente."
LR_2017,LR_2017_3218,PRE,2017,LR,Je veux restaurer cette influence et assigner à notre pays le rang qui lui revient.
LR_2017,LR_2017_3219,PRE,2017,LR,"Non par un quelconque orgueil national mais parce que c’est ainsi que les autres peuples l’attendent et, souvent, l’admirent."
LR_2017,LR_2017_3220,PRE,2017,LR,"La France, vieux pays imprégné de culture grecque et latine, façonné par ses racines judéo-chrétiennes, regroupant moins de 1% de la population mondiale, n’a aucun droit acquis sur la scène mondiale."
LR_2017,LR_2017_3221,PRE,2017,LR,"Alors que d’autres puissances émergent rapidement en Asie ou ailleurs, chaque jour nous devons montrer au monde notre capacité à l’aider à relever les défis qui se posent à lui."
LR_2017,LR_2017_3222,PRE,2017,LR,Nous serons de nouveau écoutés le jour où nous aurons enfin démontré que nous sommes capables de nous réformer.
LR_2017,LR_2017_3223,PRE,2017,LR,"De là découleront, redressement économique, moyens accrus et, enfin, crédibilité et attention de la part de nos partenaires."
LR_2017,LR_2017_3224,PRE,2017,LR,"Avec détermination, je conduirai les réformes trop longtemps différées."
LR_2017,LR_2017_3225,PRE,2017,LR,Sans elles il n’y aura pas de redressement.
LR_2017,LR_2017_3226,PRE,2017,LR,"Nous devons redevenir un partenaire prévisible, crédible et fiable."
LR_2017,LR_2017_3227,PRE,2017,LR,Nos partenaires européens comme les autres acteurs mondiaux prêteront à nouveau l’oreille à nos propos lorsqu’ils sauront ce que nous voulons.
LR_2017,LR_2017_3228,PRE,2017,LR,"Ils attendent une France qui défende ses positions et ses intérêts, qui souvent leur montre le chemin et non un pays versatile se laissant conduire au gré des influences ou des émotions."
LR_2017,LR_2017_3229,PRE,2017,LR,Refaire de la France une puissance d’équilibre et d’entraînement grâce à une diplomatie indépendante.
LR_2017,LR_2017_3230,PRE,2017,LR,"La France, pays membre permanent du Conseil de sécurité des Nations unies, se doit de dialoguer avec tout le monde."
LR_2017,LR_2017_3231,PRE,2017,LR,"Puissance indépendante et d’équilibre, elle doit jouer tout son rôle sur l’ensemble des crises mondiales."
LR_2017,LR_2017_3232,PRE,2017,LR,La France sera un allié loyal et indépendant des Etats-Unis.
LR_2017,LR_2017_3233,PRE,2017,LR,Je jugerai la nouvelle administration américaine sur ses décisions et établirai un dialogue exigeant avec elle.
LR_2017,LR_2017_3234,PRE,2017,LR,Je souhaite rétablir le dialogue et des relations de confiance avec la Russie qui doit redevenir un grand partenaire.
LR_2017,LR_2017_3235,PRE,2017,LR,"J’engagerai, avec nos partenaires européens et dans le respect des accords de Minsk, des discussions afin de parvenir à la levée des sanctions contre la Russie qui pénalisent injustement nos agriculteurs et nos entreprises."
LR_2017,LR_2017_3236,PRE,2017,LR,"Je travaillerai étroitement avec la Chine sur les grands défis de notre temps : changement climatique, lutte contre le terrorisme, régulation du commerce."
LR_2017,LR_2017_3237,PRE,2017,LR,J’établirai un partenariat stratégique avec Pékin.
LR_2017,LR_2017_3238,PRE,2017,LR,"Sur le conflit israélo-palestinien, je ferai tout pour faire émerger la solution des deux Etats, dans le respect absolu de la sécurité d’Israël et du droit des Palestiniens à vivre dans un Etat reconnu."
LR_2017,LR_2017_3239,PRE,2017,LR,Remettre la défense de nos intérêts au coeur de notre action diplomatique.
LR_2017,LR_2017_3240,PRE,2017,LR,"Afin de retrouver une diplomatie autonome et développer notre capacité à décider seul ce qui est bon pour notre pays, je recentrerai notre politique étrangère sur quelques priorités précisément définies dont les premières seront la défense de nos intérêts et la lutte contre la menace terroriste."
LR_2017,LR_2017_3241,PRE,2017,LR,"A cette fin, je concentrerai notre outil diplomatique sur son coeur de métier, l’analyse politique et l’activité diplomatique et consulaire."
LR_2017,LR_2017_3242,PRE,2017,LR,Ses méthodes de travail seront modernisées.
LR_2017,LR_2017_3243,PRE,2017,LR,Nous devons construire une nouvelle relation avec la Turquie dont la position ne peut être ignorée.
LR_2017,LR_2017_3244,PRE,2017,LR,"La place de la Turquie n’est pas dans l’UE, raison pour laquelle la France doit imaginer un nouveau partenariat avec ce pays stratégique."
LR_2017,LR_2017_3245,PRE,2017,LR,"L’Iran est une puissance régionale incontournable, à condition qu’elle respecte l’accord nucléaire et joue son rôle de stabilisateur régional."
LR_2017,LR_2017_3246,PRE,2017,LR,"Le conflit syrien a un impact direct sur nous, notamment en matière sécuritaire et migratoire."
LR_2017,LR_2017_3247,PRE,2017,LR,La France doit reprendre sa place dans la crise syrienne.
LR_2017,LR_2017_3248,PRE,2017,LR,"Je développerai des contacts avec tous ceux qui luttent contre la menace terroriste, y compris si nécessaire avec les autorités en place."
LR_2017,LR_2017_3249,PRE,2017,LR,Tout règlement de la crise syrienne doit préserver la sécurité et l’indépendance du Liban.
LR_2017,LR_2017_3250,PRE,2017,LR,"J’engagerai un dialogue franc avec l’Arabie saoudite et le Qatar, en ce qui concerne plus particulièrement l’appui, direct ou indirect, au fondamentalisme islamique."
LR_2017,LR_2017_3251,PRE,2017,LR,"Je prolongerai nos actions au Sahel tout en renforçant notre action de formation et de soutien aux armées africaines, afin qu’elles soient encore mieux préparées dans la résolution de leurs conflits."
LR_2017,LR_2017_3252,PRE,2017,LR,"J’approfondirai la coopération avec les puissances d’Amérique latine et d’Asie, dans le respect de nos intérêts économiques."
LR_2017,LR_2017_3253,PRE,2017,LR,L’aide au développement au service de la stabilité et de la sécurité.
LR_2017,LR_2017_3254,PRE,2017,LR,La politique de développement doit redevenir un axe majeur de la politique étrangère française.
LR_2017,LR_2017_3255,PRE,2017,LR,L’aide au développement est essentielle pour garantir la stabilité et la sécurité des régions en développement.
LR_2017,LR_2017_3256,PRE,2017,LR,"Je veux mieux valoriser la contribution française, aujourd’hui souvent diluée dans des programmes multilatéraux coûteux."
LR_2017,LR_2017_3257,PRE,2017,LR,"Je mettrai les instruments de l’aide au développement au service de notre diplomatie et renforcerai leur cohérence avec nos politiques étrangère, sécuritaire et migratoire."
LR_2017,LR_2017_3258,PRE,2017,LR,Je conditionnerai en particulier l’aide au développement à la coopération des pays d’origine de l’immigration afin qu’ils s’impliquent dans le retour de leurs ressortissants.
LR_2017,LR_2017_3259,PRE,2017,LR,"Nous concentrerons nos priorités sur quelques secteurs identifiés avec nos partenaires, où les ONG et entreprises françaises ont une expérience reconnue."
LR_2017,LR_2017_3260,PRE,2017,LR,Renouer avec le message universel de la France.
LR_2017,LR_2017_3261,PRE,2017,LR,Je soutiendrai et développerai la francophonie en m’appuyant sur l’inestimable atout que représente le partage de la langue française par près de 300 millions de locuteurs à travers le monde.
LR_2017,LR_2017_3262,PRE,2017,LR,"Dans cet esprit, je veillerai à ce que les 2,5 millions de Français résidant hors du territoire national soient des relais et des vecteurs d’influence."
LR_2017,LR_2017_3263,PRE,2017,LR,"Je renforcerai les liens si particuliers qui nous unissent aux pays de la rive Sud de la Méditerranée, à commencer par le Maroc, l’Algérie et la Tunisie mais également Israël, l’Egypte ou le Liban."
LR_2017,LR_2017_3264,PRE,2017,LR,"Je construirai une relation sereine et de confiance avec nos amis africains francophones d’abord, mais aussi anglophones et lusophones."
LR_2017,LR_2017_3265,PRE,2017,LR,"Je serai fidèle à l’engagement de notre pays en faveur du respect du droit international, des Droits de l’Homme et des principes universels de liberté et de dignité de la personne humaine."
LR_2017,LR_2017_3266,PRE,2017,LR,"La défense et la promotion de la liberté d’expression, de la liberté de religion ou de conviction, la protection des minorités religieuses – en particulier les chrétiens d’Orient en faveur desquels je me suis engagé depuis fort longtemps – feront partie de mes priorités."
LR_2017,LR_2017_3267,PRE,2017,LR,La lutte contre le réchauffement climatique sera aussi une de mes priorités.
LR_2017,LR_2017_3268,PRE,2017,LR,Je veillerai à ce que l’accord de Paris sur le climat (COP21) soit mis en oeuvre et appliqué par tous et pour tous.
LR_2017,LR_2017_3269,PRE,2017,LR,POLITIQUE EUROPÉENNE.
LR_2017,LR_2017_3270,PRE,2017,LR,"Face aux menaces qui l’entourent dans un monde toujours plus imprévisible, j’ai la conviction que l’Europe sera l’un des principaux sujets des années qui viennent."
LR_2017,LR_2017_3271,PRE,2017,LR,"Pour nous protéger contre les menaces de tous ordres, pour peser dans le commerce mondial et dans la compétition pour l’innovation, pour agir de manière efficace pour le climat, pour nous appuyer sur une monnaie forte, gage de stabilité, l’Union européenne devrait être la solution évidente."
LR_2017,LR_2017_3272,PRE,2017,LR,"Mais, aujourd’hui, le projet européen est à l’arrêt."
LR_2017,LR_2017_3273,PRE,2017,LR,"A force de tergiversations, de lenteurs, de complexités, mais aussi à force d’avoir voulu s’étendre sans cesse, l’ambition européenne ne répond plus aux attentes des Européens qui s’en éloignent."
LR_2017,LR_2017_3274,PRE,2017,LR,"A tel point, qu’avec le Brexit, pour la première fois, un Etat membre a décidé de quitter l’Union européenne."
LR_2017,LR_2017_3275,PRE,2017,LR,Un sursaut européen est aujourd’hui indispensable.
LR_2017,LR_2017_3276,PRE,2017,LR,"Gaulliste, je sais qu’il n’aura lieu que si la France et l’Allemagne redeviennent le moteur de la construction européenne."
LR_2017,LR_2017_3277,PRE,2017,LR,"Tant que nous serons affaiblis, ce moteur sera dissymétrique et ne pourra fonctionner."
LR_2017,LR_2017_3278,PRE,2017,LR,"Grâce aux réformes structurelles que je mènerai, nous retrouverons une relation équilibrée et notre complémentarité donnera à ce tandem toute son efficacité."
LR_2017,LR_2017_3279,PRE,2017,LR,"Sur cette base de pleine égalité, je souhaite construire une Europe nouvelle avec notre partenaire allemand et tous ceux qui croient encore dans le destin de notre continent."
LR_2017,LR_2017_3280,PRE,2017,LR,"Cette Europe renouvelée sera une Europe souveraine qui respecte pleinement les Nations ; une Europe indépendante et puissante capable de défendre nos intérêts et nos spécificités entre les Etats-Unis, la Russie et la Chine ; une Europe qui protège les Européens, leur donne des emplois et contrôle ses frontières ; une Europe qui innove ; une Europe qui défend notre civilisation et notre histoire, nos intérêts et nos valeurs ; une Europe debout, enfin."
LR_2017,LR_2017_3281,PRE,2017,LR,"Pour y parvenir et faire le bon choix, je souhaite que la France se fixe enfin des priorités claires, simples et ambitieuses pour son action européenne : gérer la crise migratoire et garantir la sécurité des Européens, protéger nos intérêts économiques et commerciaux dans la compétition internationale, défendre et promouvoir nos valeurs et notre histoire commune."
LR_2017,LR_2017_3282,PRE,2017,LR,"Cela impliquera, évidement, de fixer les frontières de l’UE, de réformer et de simplifier ses institutions dont les dysfonctionnements sont aujourd’hui criants."
LR_2017,LR_2017_3283,PRE,2017,LR,Mettre fin à la crise migratoire.
LR_2017,LR_2017_3284,PRE,2017,LR,S’assurer de la mise en place et de l’efficacité des contrôles systématiques aux frontières extérieures et doter Frontex d’un budget permettant au corps européen de garde-frontières d’être opérationnel au plus vite.
LR_2017,LR_2017_3285,PRE,2017,LR,Réformer en profondeur les accords de Schengen : expulser systématiquement de l’espace Schengen tout étranger reconnu coupable d’un crime ou d’un délit et en interdire l’accès à tout étranger condamné pénalement ou ayant participé à une entreprise terroriste.
LR_2017,LR_2017_3286,PRE,2017,LR,Harmoniser nos règles d’accueil avec notamment la création d’un droit d’asile européen.
LR_2017,LR_2017_3287,PRE,2017,LR,Imposer que les demandes d’asile soient effectuées dans les pays de départ dans les consulats européens et que la durée d’instruction soit réduite à 120 jours et s’assurer que les refus d’asile sont suivis d’un éloignement effectif.
LR_2017,LR_2017_3288,PRE,2017,LR,Réorienter la politique européenne en matière de développement pour en faire un levier efficace de la gestion des flux migratoires.
LR_2017,LR_2017_3289,PRE,2017,LR,Garantir la sécurité des Européens.
LR_2017,LR_2017_3290,PRE,2017,LR,Augmenter les efforts militaires et financiers de chaque pays européen pour donner à l’Europe la capacité de peser militairement sur la scène internationale.
LR_2017,LR_2017_3291,PRE,2017,LR,Créer une solidarité européenne pour soutenir l’industrie européenne de la défense à la fois en matière de développement de programmes militaires mais également d’achats d’armes.
LR_2017,LR_2017_3292,PRE,2017,LR,Doter l’Europe de moyens de réaction aux cyberattaques.
LR_2017,LR_2017_3293,PRE,2017,LR,Renforcer la gouvernance de la zone Euro.
LR_2017,LR_2017_3294,PRE,2017,LR,"Doter la zone Euro d’un directoire politique, composé de chefs de gouvernement se réunissant tous les trois mois."
LR_2017,LR_2017_3295,PRE,2017,LR,"En parallèle, créer un Secrétariat Général de la zone Euro - complètement autonome de la Commission européenne - qui assurera le suivi et la gestion de la zone économique."
LR_2017,LR_2017_3296,PRE,2017,LR,"Faire, d’ici dix ans, de l’Euro une monnaie de réserve et de règlement comparable au dollar Américain."
LR_2017,LR_2017_3297,PRE,2017,LR,Coordonner la politique de la Banque Centrale Européenne avec une stratégie économique globale.
LR_2017,LR_2017_3298,PRE,2017,LR,"Réaliser une véritable convergence fiscale, qui impliquera que la France fasse un mouvement pour rejoindre des taux plus modérés."
LR_2017,LR_2017_3299,PRE,2017,LR,Commencer par une initiative franco-allemande sur la fiscalité des entreprises.
LR_2017,LR_2017_3300,PRE,2017,LR,Créer un Fonds monétaire européen pour permettre à l’Europe d’être indépendante du FMI.
LR_2017,LR_2017_3301,PRE,2017,LR,Protéger nos intérêts économiques et commerciaux dans la compétition internationale.
LR_2017,LR_2017_3302,PRE,2017,LR,"Permettre à l’Europe de défendre ses intérêts dans la compétition commerciale internationale en mettant en place de nouvelles règles de réciprocité, notamment en matière d’accès aux marchés publics ainsi que de respect des normes environnementales et sociales sur les produits importés afin que nos industries ne subissent plus une concurrence déloyale."
LR_2017,LR_2017_3303,PRE,2017,LR,Refuser les accords qui ne seraient pas dans l’intérêt des Européens comme le projet actuel d’accord de libre-échange avec les Etats-Unis (TIPP) ou la reconnaissance sans condition du statut d’économie de marché à la Chine.
LR_2017,LR_2017_3304,PRE,2017,LR,Renégocier de fond en comble la directive sur le détachement des travailleurs et en suspendre l’application en France si la négociation n’a pas abouti avant la fin de 2017.
LR_2017,LR_2017_3305,PRE,2017,LR,Faire de l’Europe le champion mondial de l’innovation et de l’attractivité et faire de l’Europe de la recherche une réalité performante.
LR_2017,LR_2017_3306,PRE,2017,LR,Défendre notre propriété intellectuelle numérique et assumer l’exception culturelle.
LR_2017,LR_2017_3307,PRE,2017,LR,Mettre en place une véritable Europe de l’énergie grâce en particulier à une stratégie nucléaire modernisée alliée au développement des énergies alternatives.
LR_2017,LR_2017_3308,PRE,2017,LR,Réformer les institutions européenne et préserver nos intérêts et ceux de l’UE dans les négociations du Brexit.
LR_2017,LR_2017_3309,PRE,2017,LR,En finir avec les élargissements permanents de l’Union européenne.
LR_2017,LR_2017_3310,PRE,2017,LR,Il est urgent de définir ses frontières.
LR_2017,LR_2017_3311,PRE,2017,LR,La Turquie n’a pas sa place dans l’UE.
LR_2017,LR_2017_3312,PRE,2017,LR,"Il faut élaborer avec ce grand pays les bases d’un partenariat renouvelé, fondé sur des objectifs partagés : coopération contre le terrorisme, union douanière, grands projets dans le domaine de l’énergie et des transports."
LR_2017,LR_2017_3313,PRE,2017,LR,Mettre fin à l’inflation normative de la Commission européenne en concentrant l’exercice des compétences européennes sur quelques domaines fondamentaux et en appliquant strictement le principe de subsidiarité.
LR_2017,LR_2017_3314,PRE,2017,LR,"Défendre nos intérêts et ceux de l’Union européenne dans la négociation du Brexit tout en maintenant une relation bilatérale forte avec le Royaume-Uni, en particulier en matière de Défense."
LR_2017,LR_2017_3315,PRE,2017,LR,Renégocier les accords du Touquet.
LR_2017,LR_2017_3316,PRE,2017,LR,Défendre et protéger nos valeurs et notre histoire commune.
LR_2017,LR_2017_3317,PRE,2017,LR,"Reconnaître, défendre et promouvoir les valeurs de la civilisation européenne en Europe et dans le monde."
LR_2017,LR_2017_3318,PRE,2017,LR,Lancer avec l’Allemagne un musée de la culture européenne à Strasbourg.
LR_2017,LR_2017_3319,PRE,2017,LR,FRANÇAIS DE L’ÉTRANGER.
LR_2017,LR_2017_3320,PRE,2017,LR,"Pendant quatre ans, je suis venu à la rencontre de la communauté française dans le monde, et dans chacun de nos territoires."
LR_2017,LR_2017_3321,PRE,2017,LR,"Lors de ces visites aux quatre coins du monde, vous m’avez interpellé avec franchise."
LR_2017,LR_2017_3322,PRE,2017,LR,Vous m’avez fait partager vos espérances et vos idées.
LR_2017,LR_2017_3323,PRE,2017,LR,"Beaucoup d’entre vous m’ont dit qu’ils avaient quitté la France à contrecoeur parce qu’ils étouffaient sous les contraintes et les taxes, parce qu’ils avaient le sentiment que la réussite n’était plus possible dans notre pays, parce qu’ils craignaient pour leur sécurité au quotidien, parce qu’ils n’y voyaient plus d’avenir pour leurs enfants."
LR_2017,LR_2017_3324,PRE,2017,LR,"Les 2,5 millions de Français établis à l’étranger participent au rayonnement de la France."
LR_2017,LR_2017_3325,PRE,2017,LR,"L’expatriation est une chance, mais c’est aussi un risque."
LR_2017,LR_2017_3326,PRE,2017,LR,"Je veux qu’il soit valorisé, en faisant respecter la justice et la cohérence en matière de fiscalité du patrimoine, en assurant l’égalité et la simplicité d’accès aux prestations sociales, en accompagnant et sécurisant votre mobilité croissante, en renforçant le lien culturel et éducatif avec notre pays et en facilitant l’expression de votre citoyenneté."
LR_2017,LR_2017_3327,PRE,2017,LR,Tel est le sens de mes propositions pour les français établis hors de France.
LR_2017,LR_2017_3328,PRE,2017,LR,Vous avez besoin de votre pays comme votre pays a besoin de vous.
LR_2017,LR_2017_3329,PRE,2017,LR,Aidez-moi à faire de la France la 1ère puissance européenne dans les dix prochaines années !
LR_2017,LR_2017_3330,PRE,2017,LR,Pour une fiscalité juste et cohérente.
LR_2017,LR_2017_3331,PRE,2017,LR,Réaffirmer le principe de territorialité du système d’imposition français en exemptant définitivement de la CSG-CRDS les revenus du patrimoine des non-résidents fiscaux et en étendant à nos compatriotes résidant à l’étranger le principe de déductibilité des charges sur leurs revenus français.
LR_2017,LR_2017_3332,PRE,2017,LR,"Créer un cadre fiscal incitatif pour les entrepreneurs français basés à l’étranger qui souhaiteraient développer leur activité en France, en ouvrant plus largement les conditions d’exercice de la profession de représentant fiscal quel que soit l’Etat de résidence."
LR_2017,LR_2017_3333,PRE,2017,LR,Enseignement : un investissement stratégique.
LR_2017,LR_2017_3334,PRE,2017,LR,"Repenser le modèle de l’agence pour l’enseignement français à l’étranger en distinguant le fonctionnement, l’investissement, la pédagogie, en clarifiant les statuts des personnels et en accordant une plus grande autonomie aux chefs d’établissement afin qu’ils puissent s’adapter à la réalité du terrain et aux besoins locaux."
LR_2017,LR_2017_3335,PRE,2017,LR,Lancer un inventaire global des besoins des établissements français à l’étranger suivi d’un plan de financement incluant des acteurs locaux et des partenariats public-privé.
LR_2017,LR_2017_3336,PRE,2017,LR,Développer des accords bilatéraux dans les zones où il n’y a pas d’établissement français pour proposer des filières francophones dans des établissements locaux à l’étranger et poursuivre le développement du label «Franc’Education» et des programmes «Français langue maternelle» (FLAM)...
LR_2017,LR_2017_3337,PRE,2017,LR,"Soutenir le développement d’établissements bilingues en France, afin notamment de faciliter le retour des enfants ayant grandi dans un contexte multiculturel."
LR_2017,LR_2017_3338,PRE,2017,LR,Améliorer l’accueil post-baccalauréat en France en donnant accès depuis l’étranger au portail numérique du secondaire au supérieur.
LR_2017,LR_2017_3339,PRE,2017,LR,Favoriser la reconnaissance mutuelle des diplômes et encourager les cursus uniques avec double diplôme afin d’améliorer l’employabilité de nos compatriotes.
LR_2017,LR_2017_3340,PRE,2017,LR,Services consulaires : qualité et efficacité.
LR_2017,LR_2017_3341,PRE,2017,LR,Poursuivre la dématérialisation des formalités administratives et l’étendre à de nouveaux domaines afin que l’essentiel des démarches consulaires puissent désormais être effectuées en ligne.
LR_2017,LR_2017_3342,PRE,2017,LR,"Moderniser et rationaliser notre dispositif consulaire, en particulier en renforçant la mutualisation des moyens, notamment immobiliers, de nos différentes institutions à l’étranger ainsi qu’avec nos partenaires européens."
LR_2017,LR_2017_3343,PRE,2017,LR,"Redéfinir le rôle et les moyens des consuls honoraires, qui fournissent à nos compatriotes les plus éloignés un service consulaire de proximité."
LR_2017,LR_2017_3344,PRE,2017,LR,Sécurité : une priorité.
LR_2017,LR_2017_3345,PRE,2017,LR,Mettre à jour plus rapidement et plus régulièrement les plans de sécurité de nos ambassades et consulats à l’étranger et étendre la désignation d’îlotiers aux pays qui n’en sont pas dotés afin de mailler les territoires de façon plus efficace et de responsabiliser les Français de l’étranger en leur inculquant la culture du risque.
LR_2017,LR_2017_3346,PRE,2017,LR,Mettre en place un mécanisme de solidarité au niveau européen en faveur des ressortissants de l’Union européenne victimes de catastrophes naturelles ou de crises politiques graves.
LR_2017,LR_2017_3347,PRE,2017,LR,Protection sociale : égalité et simplicité.
LR_2017,LR_2017_3348,PRE,2017,LR,Simplifier et faciliter le retour en France en supprimant le délai de carence pour l’accès à la couverture sociale et en créant un interlocuteur unique spécialisé au niveau des collectivités territoriales.
LR_2017,LR_2017_3349,PRE,2017,LR,Améliorer l’application des règlements de coordination des régimes de retraite à l’étranger afin d’assurer la continuité des prestations et d’anticiper la problématique de la dépendance.
LR_2017,LR_2017_3350,PRE,2017,LR,Conclure des conventions de retraites multilatérales et cumulables entre elles pour simplifier les démarches.
LR_2017,LR_2017_3351,PRE,2017,LR,Culture et francophonie.
LR_2017,LR_2017_3352,PRE,2017,LR,"Optimiser les ressources et les implantations du réseau culturel français, qui constitue un atout inestimable de notre diplomatie, et faire appel de façon plus systématique au mécénat pour la mise en valeur de notre culture française."
LR_2017,LR_2017_3353,PRE,2017,LR,Faire de la francophonie non seulement un espace culturel mais aussi un lieu de partage des valeurs communes et d’échanges économiques au bénéfice de nos compatriotes établis à l’étranger.
LR_2017,LR_2017_3354,PRE,2017,LR,Représentation des Français de l’étranger.
LR_2017,LR_2017_3355,PRE,2017,LR,"Rétablir le vote électronique pour les Français à l’étranger aux élections législatives et envisager sa généralisation pour l’ensemble des scrutins, y compris l’élection présidentielle, afin de faciliter la participation électorale et renforcer les liens avec nos compatriotes."
LR_2017,LR_2017_3356,PRE,2017,LR,Améliorer la représentation politique des Français établis à l’étranger en rétablissant le suffrage universel direct lors du renouvellement de l’Assemblée des Français de l’étranger en 2020.
LR_2017,LR_2017_3357,PRE,2017,LR,OUTRE-MER.
LR_2017,LR_2017_3358,PRE,2017,LR,Les Outre-mer sont une part précieuse de la France dans sa diversité.
LR_2017,LR_2017_3359,PRE,2017,LR,"Ce sont 2,7 millions d’habitants qui vivent dans les trois océans Atlantique, Indien et Pacifique au sein de douze collectivités couvrant près de 18% du territoire national."
LR_2017,LR_2017_3360,PRE,2017,LR,C’est aussi plus d’un million de Français originaires des Outre-mer qui vivent aujourd’hui dans l’Hexagone.
LR_2017,LR_2017_3361,PRE,2017,LR,"Malgré un dynamisme réel qui a permis, sur 30 ans, une croissance plus forte qu’en métropole et un réel rattrapage, les Outre-mer restent confrontés à des difficultés considérables ; le chômage est 2 à 3,5 fois plus élevé qu’en métropole et un jeune actif sur deux y est au chômage ; des retards de développement laissent subsister des zones de pauvreté et entretiennent des inégalités inacceptables."
LR_2017,LR_2017_3362,PRE,2017,LR,"Le nombre de vols ou d’actes de violence, rapporté à la population, est considérablement plus élevé qu’en métropole."
LR_2017,LR_2017_3363,PRE,2017,LR,"Par ailleurs, les enjeux en matière de solidarité et d’éducation sont cruciaux."
LR_2017,LR_2017_3364,PRE,2017,LR,La continuité territoriale des biens et des personnes est une nécessité pour le développement des territoires ultramarins et l’épanouissement des populations.
LR_2017,LR_2017_3365,PRE,2017,LR,"Le gouvernement socialiste a fait adopter par une majorité à bout de souffle une loi de programmation relative à l’égalité réelle, rédigée à la hâte, qui ne porte aucune vision dynamique des Outre-mer."
LR_2017,LR_2017_3366,PRE,2017,LR,"Ce texte de pur affichage aux mesures non financées fixe des objectifs à 10 ou 20 ans alors que les Outre-mer ont besoin de réponses immédiates : un Etat protecteur, garant de la solidarité et de l’éducation, un puissant soutien à la création d’activités et d’emplois, une place confortée dans la communauté nationale."
LR_2017,LR_2017_3367,PRE,2017,LR,Redonner à l’Etat son rôle protecteur dans les Outre-mer Augmenter dans les Outre-mer les moyens des forces de sécurité et ceux de l’autorité judiciaire et construire des places de prison dans le cadre du programme national.
LR_2017,LR_2017_3368,PRE,2017,LR,"Stopper l’immigration irrégulière en renforçant le contrôle des frontières maritimes et terrestres, en conditionnant le bénéfice de toutes les prestations sociales à une durée de résidence préalable de deux ans pour les étrangers en situation régulière, en supprimant l’aide médicale d’Etat pour la remplacer par la seule prise en charge des urgences médicales, en conditionnant l’aide au développement des pays dont sont originaires les clandestins à une réelle coopération dans la lutte contre l’immigration, en réformant les conditions d’obtention de la nationalité française."
LR_2017,LR_2017_3369,PRE,2017,LR,"Adapter le droit de la nationalité en Guyane et à Mayotte, compte-tenu de leur situation particulière et critique, en subordonnant l’acquisition de la nationalité à la régularité du séjour des parents."
LR_2017,LR_2017_3370,PRE,2017,LR,Lutter contre la propagation des armes détenues et vendues illégalement.
LR_2017,LR_2017_3371,PRE,2017,LR,Replacer l’Etat comme garant de la solidarité et de l’éducation.
LR_2017,LR_2017_3372,PRE,2017,LR,"Refaire de l’éducation une priorité en renforçant les dispositifs d’accompagnement éducatif, en activant un plan massif de lutte contre l’illettrisme et en augmentant de 50% le nombre de places du service militaire adapté (SMA)."
LR_2017,LR_2017_3373,PRE,2017,LR,Assurer le retour de l’Etat dans le financement du dispositif de continuité territoriale et étendre le fonds de continuité territoriale au retour de jeunes entrepreneurs souhaitant créer une activité économique outre-mer.
LR_2017,LR_2017_3374,PRE,2017,LR,"Réduire les inégalités dans le domaine de la santé en modernisant l’offre hospitalière, en soutenant résolument la télémédecine et l’installation de nouveaux médecins, en améliorant la prise en charge des personnes âgées dépendantes et des personnes handicapées."
LR_2017,LR_2017_3375,PRE,2017,LR,"Atteindre l’objectif de 150 000 logements à construire ou rénover sur 10 ans (15 000 par an), en sanctuarisant une enveloppe annuelle de 550 millions €."
LR_2017,LR_2017_3376,PRE,2017,LR,Revaloriser de plus de 300€ les petites retraites de moins de 1000€ et de 10% les petites pensions de réversion.
LR_2017,LR_2017_3377,PRE,2017,LR,Redémarrer le moteur économique pour lutter contre le fléau du chômage.
LR_2017,LR_2017_3378,PRE,2017,LR,Mettre en place un principe de stabilité des aides pour donner de la visibilité aux entreprises en sanctuarisant les efforts financiers de l’Etat sur 10 ans.
LR_2017,LR_2017_3379,PRE,2017,LR,Dégager dans ce cadre près de 2 Mds € pour abaisser le coût du travail et la création d’emplois : Zéro charge sociale sur tous les salaires jusqu’à deux SMIC pour les entreprises de la LODEOM et celles de moins de 11 salariés et jusqu’à trois SMIC pour les secteurs renforcés.
LR_2017,LR_2017_3380,PRE,2017,LR,Nouveau dispositif assis sur la masse salariale pour les entreprises de la LODEOM.
LR_2017,LR_2017_3381,PRE,2017,LR,"Simplification et transformation des zones franches globales d’activité autour de deux principes : une puissante baisse d’impôts pour toutes les entreprises de la LODEOM (notamment IS ramené à 15%) et un nouveau statut d’entreprise franche pour les entreprises exportatrices ou les plus exposées à la concurrence, y compris le tourisme, pouvant aller jusqu’à une franchise totale de droits et taxes."
LR_2017,LR_2017_3382,PRE,2017,LR,"Prolonger la défiscalisation spécifique Outre-mer jusqu’en 2027 et la simplifier résolument, en déconcentrant et en accélérant le dispositif, mais aussi en limitant l’appréciation en opportunité de l’administration."
LR_2017,LR_2017_3383,PRE,2017,LR,"Orienter l’épargne des Français vers les PME ultramarines, grâce à un avantage fiscal incitatif."
LR_2017,LR_2017_3384,PRE,2017,LR,"Défendre les spécificités de l’agriculture des Outre-mer à Bruxelles et défendre l’exclusion totale des productions des DOM des accords commerciaux en cours de négociation pour permettre à la filière banane de poursuivre son développement, assurer la pérennité de la filière canne-sucre-rhum et accompagner les cultures de diversification."
LR_2017,LR_2017_3385,PRE,2017,LR,Créer un «POSEI» (programme d’options spécifiques à l’éloignement et à l’insularité) pêche et plaider à Bruxelles pour que les aides au renouvellement de la flotte des DOM soient à nouveau autorisées et financées.
LR_2017,LR_2017_3386,PRE,2017,LR,"Valoriser les grands projets environnementaux et énergétiques (valorisation des déchets et de la biomasse, géothermie) créateurs d’emplois pour atteindre l’objectif ambitieux de «0» charbon et «0» fuel en 2025."
LR_2017,LR_2017_3387,PRE,2017,LR,"Maîtriser la demande d’énergie dans les zones insulaires : l’Etat conditionnera ses soutiens aux seuls projets, dans le logement social notamment, répondant à des normes de performance énergétique exigeantes."
LR_2017,LR_2017_3388,PRE,2017,LR,"Maintenir le volume des emplois aidés et assurer la transparence de leur gestion grâce à la création d’un groupement d’intérêt public regroupant Etat, Région, Département et Pôle Emploi."
LR_2017,LR_2017_3389,PRE,2017,LR,Stabiliser les effectifs de la fonction publique tant que la situation du chômage sera critique.
LR_2017,LR_2017_3390,PRE,2017,LR,Conforter les Outre-mer dans la communauté nationale.
LR_2017,LR_2017_3391,PRE,2017,LR,"Faire entendre la voix des Outre-mer à Paris et à Bruxelles : En réactivant le comité interministériel des Outre-mer, créé en 2009, qui sera réuni au moins une fois par an à l’Elysée ou à Matignon."
LR_2017,LR_2017_3392,PRE,2017,LR,"En plaidant pour que les politiques publiques communautaires soient adaptées à la réalité des Outre-mer, et non pas subir l’inverse, en utilisant pleinement les possibilités offertes par l’article 349 du traité sur le fonctionnement de l’Union Européenne (TFUE) et l’arrêt de la CJCE « Mayotte » du 15 décembre 2016."
LR_2017,LR_2017_3393,PRE,2017,LR,"Accompagner, lorsqu’elles s’exprimeront de manière consensuelle, les demandes de réforme de l’organisation territoriale (départements et régions d’Outre-mer) ou de modernisation des statuts (collectivités d’Outre-mer)."
LR_2017,LR_2017_3394,PRE,2017,LR,Adapter les normes législatives ou règlementaires aux spécificités des Outre-mer en accompagnant les demandes d’habilitation ou d’expérimentation présentées par les collectivités ultramarines (départements et régions d’Outre-mer).
LR_2017,LR_2017_3395,PRE,2017,LR,Réaffirmer la richesse des cultures ultramarines et les faire rayonner en France et dans le monde : En valorisant l’apport des cultures d’Outre-mer à travers une nouvelle organisation de leur promotion.
LR_2017,LR_2017_3396,PRE,2017,LR,"En alimentant, en lien avec les collectivités, un fonds de soutien aux chaînes de télévision locales afin de les aider à faire vivre cette diversité culturelle et faciliter le passage des Outre-mer aux nouvelles technologies et à la modernisation de la télévision."
LR_2017,LR_2017_3397,PRE,2017,LR,"Soutenir une affirmation constructive des histoires des Outre-mer qui consolide le vivre ensemble, valorise la mémoire des victimes de l’esclavage et porte la réconciliation en s’appuyant sur la Fondation pour la mémoire de l’esclavage, de la traite et de leurs abolitions."
LR_2017,LR_2017_3398,PRE,2017,LR,"Décliner le programme dans chaque collectivité ultramarine (Guadeloupe, Martinique, Guyane, La Réunion, Mayotte, Saint-Pierre-et-Miquelon, Saint-Martin, Saint-Barthélemy, Wallis-et-Futuna, Nouvelle-Calédonie et Polynésie française) pour prendre en compte les enjeux et contraintes spécifiques auxquels elles sont confrontées."
LR_2017,LR_2017_3399,PRE,2017,LR,CULTURE.
LR_2017,LR_2017_3400,PRE,2017,LR,La culture est le socle de notre identité et aussi de l’influence française dans le monde.
LR_2017,LR_2017_3401,PRE,2017,LR,"Plus que jamais, elle constitue l’ultime rempart contre la barbarie qui nous frappe, mais aussi contre la précarité de nos territoires les plus touchés par la crise."
LR_2017,LR_2017_3402,PRE,2017,LR,"Or, la fracture culturelle est forte entre les initiés et les autres, entre Paris et le reste de la France, notamment pour les jeunes qui ont parfois l’impression d’être les délaissés de la culture."
LR_2017,LR_2017_3403,PRE,2017,LR,"Car seule la culture permet à l’homme de construire son identité, de comprendre le monde qui nous entoure et de s’adapter à un monde en perpétuel changement."
LR_2017,LR_2017_3404,PRE,2017,LR,"Avec la maîtrise de la langue française et la connaissance de l’histoire, la culture constitue le pilier de notre identité, mais aussi de l’intégration des nouveaux arrivants."
LR_2017,LR_2017_3405,PRE,2017,LR,"Je veux mettre au coeur de mon projet pour la France une politique culturelle forte, assumant des priorités claires, en lançant des réformes autour desquelles les citoyens, les associations, les collectivités territoriales et l’ensemble des acteurs du secteur seront appelés à se mobiliser."
LR_2017,LR_2017_3406,PRE,2017,LR,"Les objectifs en sont à la fois l’accomplissement de soi autour d’une cohésion nationale retrouvée, l’adaptation au monde de demain et le rayonnement de notre culture à travers le monde."
LR_2017,LR_2017_3407,PRE,2017,LR,Réduire la fracture culturelle.
LR_2017,LR_2017_3408,PRE,2017,LR,"Conforter la place de l’éducation aux arts et à la culture dans les programmes d’enseignement, en articulant mieux enseignement culturel et histoire générale, et en renforçant la place de l’histoire de l’art dans l’enseignement de l’histoire générale."
LR_2017,LR_2017_3409,PRE,2017,LR,Développer la conscience d’appartenir à cette civilisation singulière et brillante qu’est la civilisation européenne.
LR_2017,LR_2017_3410,PRE,2017,LR,"Développer une offre artistique dans tous les établissements scolaires, notamment la pratique musicale collective."
LR_2017,LR_2017_3411,PRE,2017,LR,Mettre en place un «plan musée» au profit des territoires pour mieux valoriser les collections en accompagnant les musées pour les faire entrer dans l’ère numérique.
LR_2017,LR_2017_3412,PRE,2017,LR,"Mettre en place un plan « patrimoine pour tous » qui consacre 2 milliards d’euros sur 5 ans, soit 400 millions par an en moyenne, à la restauration des monuments et objets d’art."
LR_2017,LR_2017_3413,PRE,2017,LR,Elargir les missions de la Fondation du Patrimoine pour fédérer tous les acteurs.
LR_2017,LR_2017_3414,PRE,2017,LR,Renforcer ses moyens par le reversement de la moitié des recettes de la publicité sur les bâches des monuments historiques.
LR_2017,LR_2017_3415,PRE,2017,LR,"Mobiliser tous les établissements culturels nationaux, qui devront développer systématiquement des actions sur tous les territoires, conformément à leur mission nationale, et pour tous les publics notamment les personnes atteintes d’un handicap."
LR_2017,LR_2017_3416,PRE,2017,LR,"Inciter les Fonds Régionaux d’Art Contemporain, en liaison avec les collectivités locales, à exposer davantage leurs 20 000 oeuvres dans les lieux publics et à une plus grande transparence dans le cadre des nouvelles acquisitions."
LR_2017,LR_2017_3417,PRE,2017,LR,"Élargir les heures d’ouverture des établissements culturels en y consacrant les moyens nécessaires, en développant le bénévolat qui est un élément essentiel de l’action culturelle en milieu rural et « rurbain » et en mettant à contribution les ressources constituées par les jeunes ayant opté pour un service civique culturel."
LR_2017,LR_2017_3418,PRE,2017,LR,"Soutenir la préservation du réseau de librairies indépendantes, aux côtés des collectivités locales."
LR_2017,LR_2017_3419,PRE,2017,LR,Les librairies indépendantes sont les poumons culturels des centres villes ou des quartiers.
LR_2017,LR_2017_3420,PRE,2017,LR,"Optimiser l’offre de l’audiovisuel public en lançant dès le début du mandat une mission de réflexion sur l’évolution des usages et l’adaptation de l’offre du service public aux nouveaux moyens de diffusion qu’entraîne la révolution numérique : applications, replays, téléchargements via ordinateurs, tablettes, téléphone, consoles, montres, etc."
LR_2017,LR_2017_3421,PRE,2017,LR,Soutenir la création française.
LR_2017,LR_2017_3422,PRE,2017,LR,"Préserver au niveau européen, la notion d’«exception culturelle»."
LR_2017,LR_2017_3423,PRE,2017,LR,"Préserver la rémunération de la création à travers le système français du droit d’auteur en confortant l’Hadopi et en luttant efficacement contre la contrefaçon commerciale des oeuvres musicales, littéraires ou audiovisuelles."
LR_2017,LR_2017_3424,PRE,2017,LR,Une réflexion plus large pour la protection des droits individuels à l’ère du numérique devra nourrir l’évolution de l’Hadopi.
LR_2017,LR_2017_3425,PRE,2017,LR,"Préserver le régime des intermittents du spectacle, en luttant contre les abus, en excluant toute forme d’emploi permanent et en réservant son bénéfice aux artistes et techniciens qui collaborent à des oeuvres de création originale dont la fabrication ou l’exécution est limitée dans le temps."
LR_2017,LR_2017_3426,PRE,2017,LR,"Accompagner l’ouverture de pépinières d’artistes et de créateurs d’entreprises culturelles sur le territoire avec les collectivités locales, pour amorcer le développement professionnel de leurs projets."
LR_2017,LR_2017_3427,PRE,2017,LR,"Diversifier les modes de financement de la création en soutenant le recours au mécénat, le lancement de souscriptions, les partenariats public/privé, et le financement participatif."
LR_2017,LR_2017_3428,PRE,2017,LR,Appliquer le principe d’un nombre minimum de représentations à tous les spectacles subventionnés.
LR_2017,LR_2017_3429,PRE,2017,LR,Faire de nos atouts culturels un vecteur de développement et de rayonnement.
LR_2017,LR_2017_3430,PRE,2017,LR,"Lancer un grand projet européen, au service des chefs d’oeuvre de l’Europe et de l’identité européenne."
LR_2017,LR_2017_3431,PRE,2017,LR,"Il s’agira de créer, à Strasbourg, un lieu qui rassemble, dans une présentation régulièrement renouvelée, des oeuvres d’art en provenance des grands musées européens, témoignant de la richesse et de la diversité de l’histoire de l’art en Europe, et de la force de ses artistes."
LR_2017,LR_2017_3432,PRE,2017,LR,"Vitrine des chefs d’oeuvre de l’Europe, mais aussi fonds européen d’acquisition d’oeuvres d’art, il permettra d’acquérir les oeuvres majeures qui, aujourd’hui, faute de moyens suffisants dans les Etats, sont dispersées dans le monde entier."
LR_2017,LR_2017_3433,PRE,2017,LR,"Faire de la France la championne des industries de l’image, en proposant, au plus haut niveau européen, une initiative en faveur des futurs « Airbus » de l’audiovisuel, du numérique et des nouvelles technologies."
LR_2017,LR_2017_3434,PRE,2017,LR,"Optimiser les atouts dont dispose la France en matière d’effets spéciaux et de cinéma d’animation en adaptant le crédit d’impôt afin d’attirer les tournages des films étrangers en France, dans le cadre d’une expérimentation sur 3 ans."
LR_2017,LR_2017_3435,PRE,2017,LR,"Agir pour le rayonnement de la France, en faisant de l’audiovisuel extérieur une entité au service de l’influence de la France dans le monde et de la francophonie, partie intégrante de notre diplomatie culturelle."
LR_2017,LR_2017_3436,PRE,2017,LR,SPORTS.
LR_2017,LR_2017_3437,PRE,2017,LR,"Avec près de 47 millions de pratiquants, 16,5 millions de licenciés, 3,5 millions de bénévoles engagés dans l’animation de la pratique sportive ; un tissu associatif dynamique articulé autour des 116 fédérations et groupements sportifs membres du CNOSF ; des champions et des équipes de France qui s’illustrent régulièrement lors des grands rendez-vous internationaux, plaçant notre pays à un niveau très honorable dans les divers classements internationaux ; le sport français va bien, mais il pourrait aller beaucoup mieux !"
LR_2017,LR_2017_3438,PRE,2017,LR,"Notre modèle d’organisation du sport, défini il y a plus de 50 ans, n’est plus adapté aux enjeux du XXIème siècle."
LR_2017,LR_2017_3439,PRE,2017,LR,"Il n’a pas su prendre en compte la nouvelle demande de pratique sportive, la décentralisation et la réorganisation territoriale, ainsi que l’essor du sport professionnel."
LR_2017,LR_2017_3440,PRE,2017,LR,"Dans ce contexte, la candidature de Paris à l’organisation des Jeux Olympiques d’été et aux Jeux Paralympiques de 2024 constitue une formidable opportunité pour accélérer la mutation de notre modèle et dégager les moyens nécessaires à cette transformation."
LR_2017,LR_2017_3441,PRE,2017,LR,"Parce que nous savons le rôle du sport dans la cohésion nationale, parce qu’il contribue à la formation de notre jeunesse, parce qu’il est un facteur de bien-être et d’épanouissement, mais aussi de croissance et d’emplois, parce que nos champions et les événements que nous accueillons participent au rayonnement de la France, nous voulons bâtir une politique sportive ambitieuse, laquelle, tout en garantissant l’unité et la solidarité entre le sport amateur et le sport professionnel et le principe d’unité fédérale, permettra de réformer en profondeur notre modèle."
LR_2017,LR_2017_3442,PRE,2017,LR,"Il nous faut donc faire évoluer le modèle du sport français, le moderniser, fixer des objectifs et définir avec l’ensemble des acteurs une stratégie ambitieuse et réaliste."
LR_2017,LR_2017_3443,PRE,2017,LR,L’égal accès au sport pour tous.
LR_2017,LR_2017_3444,PRE,2017,LR,Pérenniser le temps alloué au sport tout au long du parcours scolaire : 10% du temps scolaire en primaire et 14% dans le secondaire.
LR_2017,LR_2017_3445,PRE,2017,LR,Développer à l’échelle intercommunale les liens entre les établissements scolaires et les clubs sportifs.
LR_2017,LR_2017_3446,PRE,2017,LR,Encourager les établissements d’enseignement supérieur à favoriser la pratique sportive avec la prise en compte spécifique des parcours des sportifs de haut-niveau.
LR_2017,LR_2017_3447,PRE,2017,LR,Elargir à toute la population l’utilisation du sport à des fins thérapeutiques et de prévention.
LR_2017,LR_2017_3448,PRE,2017,LR,Renforcer particulièrement les actions pour préserver la santé des seniors.
LR_2017,LR_2017_3449,PRE,2017,LR,Promouvoir et développer le handisport et le sport adapté dès le plus jeune âge en concertation avec les associations sportives et avec les acteurs du mouvement sportif handisport.
LR_2017,LR_2017_3450,PRE,2017,LR,"Renforcer la visibilité, la médiatisation et le marketing sportif féminin, en rendant notamment le sponsoring plus attractif pour les entreprises."
LR_2017,LR_2017_3451,PRE,2017,LR,Promouvoir la représentation des femmes au sein des instances sportives.
LR_2017,LR_2017_3452,PRE,2017,LR,"Développer un modèle français libre, autonome et responsable."
LR_2017,LR_2017_3453,PRE,2017,LR,Transformer en Agence Nationale du Développement du Sport (ANDS) le Centre National de Développement pour le Sport (CNDS).
LR_2017,LR_2017_3454,PRE,2017,LR,"Cette agence, dont la gouvernance associera pleinement le mouvement sportif, contractualisera ses objectifs avec le mouvement olympique, les fédérations, l’Etat et les collectivités territoriales et bénéficiera aussi de concours privés."
LR_2017,LR_2017_3455,PRE,2017,LR,Son indépendance sera gage d’efficacité pour faire de la France une grande nation sportive.
LR_2017,LR_2017_3456,PRE,2017,LR,"Redéfinir dans le cadre de l’ANDS l’architecture du haut-niveau, en conférant notamment, dans le cadre du double projet, un véritable statut aux sportifs de haut niveau, élargissant leurs droits sociaux, leurs droits en matière de formation et d’insertion professionnelle."
LR_2017,LR_2017_3457,PRE,2017,LR,Investir dans la préparation des athlètes et la construction des infrastructures sportives qui permettront de faire de Paris 2024 une réussite et un héritage pour les générations futures.
LR_2017,LR_2017_3458,PRE,2017,LR,"Créer une Haute Autorité de l’intégrité sportive qui veillera scrupuleusement au respect de la règle, de l’arbitrage et de l’éthique pour un sport propre."
LR_2017,LR_2017_3459,PRE,2017,LR,Reconnaître la région comme la collectivité de référence en matière de compétence sportive à l’échelle territoriale et les communes ou intercommunalités pour la pratique sportive quotidienne.
LR_2017,LR_2017_3460,PRE,2017,LR,Poursuivre la réforme de modernisation des modes de gouvernance et de représentation des instances du sport en dialogue avec le mouvement olympique et sportif.
LR_2017,LR_2017_3461,PRE,2017,LR,Favoriser et soutenir l’économie du sport.
LR_2017,LR_2017_3462,PRE,2017,LR,Inciter les clubs professionnels et les fédérations à devenir propriétaires ou gestionnaires de leurs équipements sportifs.
LR_2017,LR_2017_3463,PRE,2017,LR,Assouplir les règles relatives au sponsoring et au mécénat pour inciter les investissements privés.
LR_2017,LR_2017_3464,PRE,2017,LR,"Mettre en place un statut adapté du bénévole responsable permettant, notamment lors de l’organisation des grands évènements sportifs internationaux, de recourir à ces derniers, sans risque de requalification en contrat de travail."
LR_2017,LR_2017_3465,PRE,2017,LR,Inclure dans le congé de représentation existant (9 jours/an) la possibilité pour un bénévole responsable de suivre une formation adaptée.
LR_2017,LR_2017_3466,PRE,2017,LR,Autoriser les centres de formation des clubs sportifs professionnels à percevoir la taxe d’apprentissage.
LR_2017,LR_2017_3467,PRE,2017,LR,"Harmoniser les législations européennes en matière de protection des mineurs, de lutte contre le dopage, de régulation financière et de lutte contre le trucage des matchs."
LR_2017,LR_2017_3468,PRE,2017,LR,CADRAGE ÉCONOMIQUE MON PROJET POUR LA FRANCE.
LR_2017,LR_2017_3469,PRE,2017,LR,"Mon ambition pour la France est double : renouer avec la croissance et le plein emploi pour que chacun ait la liberté de réussir à la hauteur de ses efforts et de son talent, et restaurer l’autorité de l’Etat afin d’assurer notre sécurité collective ainsi que la cohésion de notre société."
LR_2017,LR_2017_3470,PRE,2017,LR,"En faisant ensemble les efforts nécessaires, nous pouvons d’ici à 2022 abaisser le chômage à 7% en route vers le plein emploi, revenir à l’équilibre budgétaire et ainsi être en mesure de commencer à rembourser la dette qui s’est accumulée depuis plus de 30 ans et qui pèse sur l’avenir de nos enfants."
LR_2017,LR_2017_3471,PRE,2017,LR,Il faut agir d’urgence pour enrayer la décadence économique et sociale qui nous menace.
LR_2017,LR_2017_3472,PRE,2017,LR,"C’est ainsi que nous redonnerons à tous, citoyens et acteurs économiques, confiance en l’avenir."
LR_2017,LR_2017_3473,PRE,2017,LR,C’est ainsi que la France renouera avec sa souveraineté et retrouvera son statut de puissance de premier plan en Europe et dans le monde.
LR_2017,LR_2017_3474,PRE,2017,LR,"Les chiffres démontrent qu’il est indispensable de faire d’abord redémarrer la croissance et les créations d’emplois par une baisse massive et rapide des charges et des impôts pesant sur la compétitivité de nos entreprises, en simplifiant le droit du travail et en allégeant les normes qui freinent l’activité économique."
LR_2017,LR_2017_3475,PRE,2017,LR,Il faut simultanément engager un effort majeur pour réduire notre dépense publique à un niveau raisonnable.
LR_2017,LR_2017_3476,PRE,2017,LR,"Le nécessaire renforcement des moyens consacrés par l’Etat aux missions régaliennes (défense, sécurité, justice) et à l’investissement pour l’avenir (éducation, innovation, infrastructures) passe par là."
LR_2017,LR_2017_3477,PRE,2017,LR,Un projet présidentiel ne peut être une somme de vaines promesses.
LR_2017,LR_2017_3478,PRE,2017,LR,Les Français ne sont pas dupes.
LR_2017,LR_2017_3479,PRE,2017,LR,"L’ambition, la cohérence et la précision du projet doivent être au coeur du choix des Françaises et des Français pour l’élection présidentielle."
LR_2017,LR_2017_3480,PRE,2017,LR,"Ce projet est ma feuille de route pour transformer en profondeur notre modèle économique et social, et l’adapter aux impératifs du XXIe siècle."
LR_2017,LR_2017_3481,PRE,2017,LR,Nous allons hériter d’une situation très dégradée.
LR_2017,LR_2017_3482,PRE,2017,LR,"Le gouvernement socialiste s’apprête à laisser au pays une situation très dégradée, alors même que la conjoncture des trois dernières années a été favorable en Europe et dans le monde et que la plupart de nos voisins européens ont su en tirer parti.."
LR_2017,LR_2017_3483,PRE,2017,LR,"Les chiffres de l’Insee pour 2016, les travaux du rapport Pébereau, ceux de la Cour des comptes ou du Haut conseil des finances publiques récemment publiées viennent confirmer ce que nous disons depuis plusieurs mois : le déficit ne diminue plus et va même s’aggraver, la dette continue de s’envoler, nous mettant à la merci d’une montée des taux d’intérêts que l’on voit déjà poindre, et le taux de chômage stagne autour de 10%."
LR_2017,LR_2017_3484,PRE,2017,LR,La politique économique menée tout au long du quinquennat par François Hollande et Emmanuel Macron est un échec.
LR_2017,LR_2017_3485,PRE,2017,LR,Les règlementations ont succédé aux règlementations alors que les entrepreneurs demandaient avant tout de la liberté.
LR_2017,LR_2017_3486,PRE,2017,LR,La hausse massive des impôts au début du quinquennat puis les va-et-vient fiscaux ont découragé les investisseurs et ont cassé la confiance de nos partenaires économiques.
LR_2017,LR_2017_3487,PRE,2017,LR,"L’absence de cap a découragé tous ceux qui auraient souhaité développer leur entreprise, embaucher, et réinvestir les fruits de leur activité en France."
LR_2017,LR_2017_3488,PRE,2017,LR,"Les comparaisons internationales ne sont pas flatteuses : en 2016, la croissance allemande était de 1,9%, celle de l’Espagne devrait être de 3,2%, celle du Royaume-Uni de 1,8%, quand la France peine à atteindre 1,1%."
LR_2017,LR_2017_3489,PRE,2017,LR,"Gardons à l’esprit que, dans le même temps, la population française augmente et celle de l’Allemagne diminue, si bien que la création de richesse par habitant s’effondre en France, quand elle croît en Allemagne."
LR_2017,LR_2017_3490,PRE,2017,LR,Le déficit commercial et la faiblesse de l’investissement révèlent une nation en perte de vitesse.
LR_2017,LR_2017_3491,PRE,2017,LR,"Il est urgent d’agir, avant qu’il ne soit trop tard."
LR_2017,LR_2017_3492,PRE,2017,LR,Cadrage financier.
LR_2017,LR_2017_3493,PRE,2017,LR,"Dans ce contexte alarmant, le redressement que je suis seul à proposer est plus indispensable que jamais."
LR_2017,LR_2017_3494,PRE,2017,LR,"La démonstration a été faite par d’autres pays que la réduction des déficits et la réforme de l’Etat permettent de libérer les énergies, d’engager le retour à une croissance vigoureuse et au plein emploi et enfin de baisser les impôts."
LR_2017,LR_2017_3495,PRE,2017,LR,J’engagerai dès 2018 la réduction du déficit pour revenir à l’équilibre en 2022.
LR_2017,LR_2017_3496,PRE,2017,LR,C’est une trajectoire exigeante mais réaliste.
LR_2017,LR_2017_3497,PRE,2017,LR,"Elle est de l’intérêt même de la France et des Français, car seul le retour à l’équilibre des finances publiques nous permettra de commencer à rembourser la dette et de retrouver notre rang en Europe et dans le monde."
LR_2017,LR_2017_3498,PRE,2017,LR,"Pour retrouver croissance et plein emploi nous allons engager, dans les six mois qui suivront l’élection présidentielle, les réformes décisives pour remettre notre pays et notre économie à flot."
LR_2017,LR_2017_3499,PRE,2017,LR,"Nous ferons sauter les principaux verrous aux initiatives et aux embauches : fin des 35 heures, allégements de charges, relèvement des seuils sociaux, plafonnement des indemnités prudhommales, suppression du compte pénibilité, réforme de la fiscalité du capital, refonte du dialogue social par les nouvelles règles des élections professionnelles."
LR_2017,LR_2017_3500,PRE,2017,LR,"Nous prendrons des mesures qui auront un impact immédiat et durable sur le chômage (refonte de l’apprentissage, cadre fortement incitatif pour les services à la personne) et sur les revenus en particulier des plus modestes (petites retraites et pensions de réversion, forfait d’allègement de charges, relèvement du plafond du quotient familial, intéressement dans les petites entreprises)."
LR_2017,LR_2017_3501,PRE,2017,LR,"Nous engagerons immédiatement la baisse des dépenses publiques et le nécessaire recentrage du rôle et des missions de l’Etat et des administrations publiques, dans le cadre d’une revue de l’action publique."
LR_2017,LR_2017_3502,PRE,2017,LR,"Je suis le seul candidat à proposer un projet global, cohérent et financé."
LR_2017,LR_2017_3503,PRE,2017,LR,Mon projet est crédible car : Il crée d’emblée une rupture fiscale.
LR_2017,LR_2017_3504,PRE,2017,LR,"Au bénéfice de la compétitivité par une baisse des charges pesant sur les entreprises en nous rapprochant du niveau de prélèvement de l’Allemagne, par une baisse progressive de l’impôt sur les sociétés pour converger vers la moyenne de l’Union Européenne, par la mise en place d’un taux unique d’imposition à 30% sur les revenus de l’épargne et par la suppression de l’ISF pour relancer l’attractivité de notre pays."
LR_2017,LR_2017_3505,PRE,2017,LR,"Au bénéfice des ménages, par la diminution des charges salariales pour redonner du pouvoir d’achat à tous les salariés, par les mesures liées à la fiscalité du capital et de l’épargne, par un relèvement du plafond du quotient familial et par le rétablissement de l’universalité des allocations familiales afin de rétablir une politique de la famille efficace."
LR_2017,LR_2017_3506,PRE,2017,LR,Les personnes bénéficiant de petites retraites et de pensions de réversion verront également leur pouvoir d’achat augmenter.
LR_2017,LR_2017_3507,PRE,2017,LR,"L’intéressement dans les petites entreprises sera développé, pour que chacun puisse profiter du retour de la croissance."
LR_2017,LR_2017_3508,PRE,2017,LR,"Il permet de réactiver immédiatement la croissance et l’emploi en s’appuyant à la fois sur le levier travail avec la sortie des 35 heures, le relèvement de l’âge de la retraite, la simplification du code du travail et l’abaissement des charges, et sur le levier capital avec la réforme fiscale."
LR_2017,LR_2017_3509,PRE,2017,LR,Il permettra de restaurer la confiance retrouvée par une feuille de route assortie d’objectifs clairs et légitimés par le suffrage universel.
LR_2017,LR_2017_3510,PRE,2017,LR,"Il est financé par l’indispensable réduction des dépenses publiques et le rééquilibrage de nos finances ainsi que par une augmentation du seul taux supérieur de la TVA, la France étant aujourd’hui en dessous de la moyenne européenne."
LR_2017,LR_2017_3511,PRE,2017,LR,Allègements sociaux et fiscaux : plus de 50 Mds€.
LR_2017,LR_2017_3512,PRE,2017,LR,Compétitivité.
LR_2017,LR_2017_3513,PRE,2017,LR,"Ces allègements seront engagés dès le dernier trimestre 2017 pour un effet immédiat sur la compétitivité, la croissance et l’emploi."
LR_2017,LR_2017_3514,PRE,2017,LR,"Ils bénéficieront à l’ensemble des secteurs (industrie, services, agriculture)."
LR_2017,LR_2017_3515,PRE,2017,LR,Ils permettront de stimuler le redémarrage de l’économie et de la croissance.
LR_2017,LR_2017_3516,PRE,2017,LR,"Dès 2017, allégement des charges patronales pesant sur les salaires et la production, pour un total sur le quinquennat de 25 Mds€."
LR_2017,LR_2017_3517,PRE,2017,LR,"Dans le même temps, les allégements de charges existants et le CICE seront intégrés dans un nouveau barème des cotisations."
LR_2017,LR_2017_3518,PRE,2017,LR,"Baisse progressive du taux de l’impôt sur les sociétés à 25% (10 Mds€), ce qui renforcera notre attractivité en Europe."
LR_2017,LR_2017_3519,PRE,2017,LR,Cette baisse et son calendrier seront votés dès l’été 2017 pour donner de la visibilité aux entreprises et aux investisseurs.
LR_2017,LR_2017_3520,PRE,2017,LR,"D’autres mesures importantes pour notre compétitivité seront également mises en place : prolongation du dispositif de suramortissement qui renforce la capacité d’investissement des entreprises industrielles, report de paiement des droits de succession sur la transmission d’entreprises, déduction de l’impôt sur le revenu de 30% des investissements dans des PME innovantes à hauteur de 1 M€ pour un couple."
LR_2017,LR_2017_3521,PRE,2017,LR,Ménages.  - Baisse des cotisations sociales des salariés pour redonner immédiatement du pouvoir d’achat.
LR_2017,LR_2017_3522,PRE,2017,LR,"Elle permettra un gain de pouvoir d’achat de 350€ par salarié, et 700€ pour un ménage ou les deux travaillent (7,7 Mds€)."
LR_2017,LR_2017_3523,PRE,2017,LR,"Augmentation des retraites inférieures à 1 000€ et des pensions de réversion (2,2 Mds€)."
LR_2017,LR_2017_3524,PRE,2017,LR,"Relèvement du plafond du quotient familial à 3000€ (2,5 Mds€)."
LR_2017,LR_2017_3525,PRE,2017,LR,"Rétablissement de l’universalité des allocations familiales (0,8 Md€)."
LR_2017,LR_2017_3526,PRE,2017,LR,"Diminution des droits de donations pour faciliter la circulation du capital (0,8Md€)."
LR_2017,LR_2017_3527,PRE,2017,LR,"Baisse des plus-values immobilières, pour favoriser la mobilité (0,7Md€)."
LR_2017,LR_2017_3528,PRE,2017,LR,"Enfin, l’intéressement des salariés sera développé, particulièrement dans les petites entreprises, pour que tous bénéficient de la relance de l’activité."
LR_2017,LR_2017_3529,PRE,2017,LR,"Réforme de la fiscalité du capital et de l’épargne avec la suppression de l’ISF (4,7 Mds€) et la mise en place d’un taux unique d’imposition des revenus du patrimoine de 30% (2 Mds€, tous prélèvements compris); le régime de l’assurance-vie et des livrets règlementés restant inchangé."
LR_2017,LR_2017_3530,PRE,2017,LR,"L’impact de l’ensemble de ces allègements sociaux et fiscaux sera de plus de 50 Mds€ dont 40Mds€ pour la compétitivité des entreprises et la fiscalité du capital, et plus de 10 Mds€ pour les ménages."
LR_2017,LR_2017_3531,PRE,2017,LR,"Il est financé par les 100 Mds€ d’économies que je propose, et par l’augmentation de 2 points du taux normal de la TVA pour rendre à la France la compétitivité qui lui fait défaut."
LR_2017,LR_2017_3532,PRE,2017,LR,Réforme de l’Etat et économies sur les dépenses publiques (100Mds€).
LR_2017,LR_2017_3533,PRE,2017,LR,Cette réduction représente un effort de 8% par rapport à l’ensemble de la dépense publique.
LR_2017,LR_2017_3534,PRE,2017,LR,"C’est exigeant mais n’a rien d’impossible ou de brutal, contrairement à ce que veulent nous faire croire certains."
LR_2017,LR_2017_3535,PRE,2017,LR,"C’est un objectif que d’autres pays ont réussi à atteindre, voire à dépasser."
LR_2017,LR_2017_3536,PRE,2017,LR,"L’Allemagne, par des réformes structurelles ambitieuses, a retrouvé le chemin de l’équilibre budgétaire, et présente désormais un excédent important."
LR_2017,LR_2017_3537,PRE,2017,LR,"Cet effort n’a rien d’irréaliste pour nous : il s’agit de contrôler l’évolution des dépenses publiques par rapport à leur dérive, dans l’objectif de réduire la part de la dépense publique par rapport à la richesse nationale."
LR_2017,LR_2017_3538,PRE,2017,LR,Les dépenses publiques baisseront ainsi de 57% du PIB aujourd’hui à 50% en 2022.
LR_2017,LR_2017_3539,PRE,2017,LR,"Cet effort d’économie, de l’ordre de 20Mds€ par an, devra s’inscrire sur l’ensemble du quinquennat."
LR_2017,LR_2017_3540,PRE,2017,LR,Il sera appuyé sur un processus d’évaluation des politiques publiques passant en revue l’ensemble des missions des administrations publiques.
LR_2017,LR_2017_3541,PRE,2017,LR,"Nous engagerons simultanément une démarche ambitieuse de simplification des normes, en particulier en supprimant secteur par secteur les normes s’ajoutant aux normes européennes, lorsqu’elles nuisent à notre compétitivité."
LR_2017,LR_2017_3542,PRE,2017,LR,Les exemples étrangers montrent que seule cette démarche systématique permet d’obtenir les gains de qualité et d’efficacité recherchés.
LR_2017,LR_2017_3543,PRE,2017,LR,"Cet exercice n’est pas inédit en France, car dans ses différentes composantes, il a été réalisé ou approché de très près : L’Etat et ses établissements publics devront réaliser un effort de stabilisation en valeur de leurs dépenses hors dette et pensions, représentant ainsi le tiers environ du total des économies nécessaires."
LR_2017,LR_2017_3544,PRE,2017,LR,C’est la norme qui a été appliquée entre 2007 et 2012.
LR_2017,LR_2017_3545,PRE,2017,LR,"La limitation de la progression annuelle des dépenses de santé à 1,7%-1,8% représentera près de 20 Mds€ d’économies."
LR_2017,LR_2017_3546,PRE,2017,LR,"Des taux de progression très proches, inférieurs à 2%, ont déjà été réalisés."
LR_2017,LR_2017_3547,PRE,2017,LR,"Pour les collectivités territoriales, un effort de 10 à 15 Mds€ sera réparti sur les 5 années du mandat, prenant la forme de 2 à 3 Mds€ par an de réduction de la progression de recettes."
LR_2017,LR_2017_3548,PRE,2017,LR,Il faut garder à l’esprit que ces dépenses évoluent spontanément chaque année de 5 à 6 Mds€.
LR_2017,LR_2017_3549,PRE,2017,LR,L’effort demandé sera donc sensiblement moins exigeant que l’effort imposé sur les années 2015 à 2017 par la majorité actuelle.
LR_2017,LR_2017_3550,PRE,2017,LR,Cet objectif est atteignable.
LR_2017,LR_2017_3551,PRE,2017,LR,"Il repose sur des réformes structurelles que nous avons différées depuis trop longtemps, que je suis le seul à proposer et qui nous permettront d’atteindre l’équilibre des comptes publics, et de réformer en profondeur la sphère publique."
LR_2017,LR_2017_3552,PRE,2017,LR,"Réforme des retraites en passant à 65 ans l’âge de la retraite à taux plein, dans la continuité de la réforme de 2010."
LR_2017,LR_2017_3553,PRE,2017,LR,"C’est une mesure à la fois juste et indispensable : elle tire les conséquences de l’allongement de la durée de la vie, elle sauvegarde nos régimes de retraite pour l’avenir, elle protège dans la durée le pouvoir d’achat des retraités."
LR_2017,LR_2017_3554,PRE,2017,LR,"Passage aux 39 heures dans les fonctions publiques qui permettra de revoir en profondeur leur organisation, avec l’objectif d’être plus efficace, plus juste, et mieux adapté aux attentes des citoyens et des agents publics ; il permettra aussi de renouer le dialogue social qui a fait défaut ces dernières années."
LR_2017,LR_2017_3555,PRE,2017,LR,Réforme des allocations chômage qui sera un signal déterminant pour donner la préférence au travail et au mérite.
LR_2017,LR_2017_3556,PRE,2017,LR,Maîtrise des dépenses de santé qui est le seul moyen d’assurer la pérennité de notre modèle social.
LR_2017,LR_2017_3557,PRE,2017,LR,"Nous devons être fiers de notre système de santé, mais il est illusoire de penser que ce modèle peut se perpétuer de façon satisfaisante sans s’adapter en permanence à l’évolution des besoins, des connaissances, des traitements médicaux."
LR_2017,LR_2017_3558,PRE,2017,LR,Clarification des compétences des collectivités territoriales pour une action publique efficace au plus proche du citoyen.
LR_2017,LR_2017_3559,PRE,2017,LR,"Enfin, nous lancerons une revue générale des normes et des contraintes, en associant le Parlement et la société civile."
LR_2017,LR_2017_3560,PRE,2017,LR,Nous mesurerons en permanence l’évolution de la satisfaction des usagers et l’allégement des règles et des normes.
LR_2017,LR_2017_3561,PRE,2017,LR,Nous ne devons soumettre aucun de nos concitoyens ou aucune entreprise à plus de normes que ce qui nous est demandé par les textes communautaires.
LR_2017,LR_2017_3562,PRE,2017,LR,Le retour à l’équilibre de nos comptes publics au terme du quinquennat est le seul moyen d’engager le remboursement de la dette publique qui pèse sur nos enfants.
LR_2017,LR_2017_3563,PRE,2017,LR,Nous ne pouvons plus continuer à endetter les générations à venir pour payer nos dépenses courantes.
LR_2017,LR_2017_3564,PRE,2017,LR,"Accroissement des budgets des fonctions régaliennes Face à la menace terroriste, il est indispensable de réinvestir dans les fonctions régaliennes."
LR_2017,LR_2017_3565,PRE,2017,LR,Notre sécurité et notre cohésion nationale l’imposent.
LR_2017,LR_2017_3566,PRE,2017,LR,"Les moyens des missions régaliennes augmenteront de 12 Mds€ sur la durée du quinquennat :  Défense : réaliser un effort financier soutenu pour la politique de Défense durant tout le quinquennat, pour atteindre 2% du PIB à l’échéance de la prochaine Loi de Programmation Militaire."
LR_2017,LR_2017_3567,PRE,2017,LR,Notre armée doit avoir les moyens de répondre aux enjeux militaires contemporains et de défendre les intérêts de la France sur la scène internationale.
LR_2017,LR_2017_3568,PRE,2017,LR,Justice et pénitentiaire : les moyens de la Justice sont inférieurs à ceux de nos homologues européens et la situation des prisons en France est indigne d’un pays comme le nôtre.
LR_2017,LR_2017_3569,PRE,2017,LR,Nous renforcerons les effectifs de la Justice et nous financerons la création de 16 000 places de prison supplémentaires.
LR_2017,LR_2017_3570,PRE,2017,LR,Police et Gendarmerie : il est absolument prioritaire de remettre à niveau les moyens immobiliers d’équipement et de fonctionnement de nos forces de l’ordre.
LR_2017,LR_2017_3571,PRE,2017,LR,En parallèle l’allocation de moyens supplémentaires doit s’accompagner des efforts d’optimisation garantissant la meilleure performance possible des services.
LR_2017,LR_2017_3572,PRE,2017,LR,"Trajectoire Nous prévoyons d’hériter d’un déficit d’au moins 3,4% en 2017 et qui pourrait atteindre jusqu’à 3,8% en 2018 si rien n’est fait."
LR_2017,LR_2017_3573,PRE,2017,LR,"Face cette dérive, mon projet permettra de revenir à l’équilibre des comptes publics en 2022."
LR_2017,LR_2017_3574,PRE,2017,LR,"Partant d’un solde de 3,7% fin 2017, dû à la mise en oeuvre des premières grandes mesures du programme, indispensable pour relancer l’activité et redonner confiance aux acteurs économiques, nous commencerons à réduire le déficit dès 2018 en repassant sous le seuil des 3% en 2019."
LR_2017,LR_2017_3575,PRE,2017,LR,"Au terme du quinquennat, le niveau des dépenses publiques, qui s’élevait à 57% du PIB en 2015, repassera sous le seuil de 50%."
LR_2017,LR_2017_3576,PRE,2017,LR,Cet indicateur sera suivi tout au long de la mandature.
LR_2017,LR_2017_3577,PRE,2017,LR,"Nous avons pris pour asseoir le cadrage de notre projet des hypothèses macroéconomiques de croissance et d’inflation prudentes, en ligne avec celles des grandes organisations nationales et internationales."
LR_2017,LR_2017_3578,PRE,2017,LR,C’est un gage de crédibilité pour le calcul de notre trajectoire de baisse des dépenses publiques et du déficit.
LR_2017,LR_2017_3579,PRE,2017,LR,La mise en oeuvre de notre projet aura un impact positif sur l’activité économique qui devrait permettre d’atteindre en fin de quinquennat un taux de croissance supérieur à 2%.
LR_2017,LR_2017_3580,PRE,2017,LR,"Seule la mise en oeuvre déterminée de cette combinaison de réformes ambitieuses et complémentaires peut rendre à la France son rang en Europe et dans le monde, et surtout redonner un avenir et un espoir aux Français."
LR_2017,LR_2017_3581,PRE,2017,LR,Trajectoire de redressement des finances publiques.
LR_2017,LR_2017_3582,PRE,2017,LR,Hypothèses macro économiques utilisées pour le calcul des trajectoires.
LR_2017,LR_2017_3583,PRE,2017,LR,Taux de croissance.
LR_2017,LR_2017_3584,PRE,2017,LR,Inflation.
LR_2017,LR_2017_3585,PRE,2017,LR,"1,3% 0,9% 1,5% 1,4% 1,6% 1,6% 1,7% 1,7% 1,8% 1,8% 1,8% 1,8%."
LR_2017,LR_2017_3586,PRE,2017,LR,2017 2018 2019 2020 2021 2022.
LR_2017,LR_2017_3587,PRE,2017,LR,Dépense publique (%PIB) Déficit(%PIB).
LR_2017,LR_2017_3588,PRE,2017,LR,"3,7 % 3,5 % 2,9 % 1,9 % 0,9 % 0,0 % 56,1 % 55,3 % 53,8 % 52,5 % 51,2 % 49,9 %."
LR_2017,LR_2017_3589,PRE,2017,LR,Trajectoire de redressement des finances publiques.
PS_2017,PS_2017_3590,PRE,2017,PS,Mon projet pour faire battre le coeur de la France.
PS_2017,PS_2017_3591,PRE,2017,PS,"Election présidentielle, 23 avril et 7 mai 2017."
PS_2017,PS_2017_3592,PRE,2017,PS,Benoit Hamon.
PS_2017,PS_2017_3593,PRE,2017,PS,"Mes chères concitoyennes, Mes chers concitoyens, Ce qu’on appelle depuis de longues années « la crise » est un changement de monde."
PS_2017,PS_2017_3594,PRE,2017,PS,"Il suscite bien des inquiétudes, des tensions."
PS_2017,PS_2017_3595,PRE,2017,PS,Il peut être au contraire source d’espoir et de progrès.
PS_2017,PS_2017_3596,PRE,2017,PS,"En tournant la page des solutions du passé, nous pouvons anticiper pour ne pas subir."
PS_2017,PS_2017_3597,PRE,2017,PS,Nous avons le pouvoir de casser la machine à désespérer.
PS_2017,PS_2017_3598,PRE,2017,PS,Je vous propose de construire le projet d’un futur désirable et commun.
PS_2017,PS_2017_3599,PRE,2017,PS,"Les grandes transitions que nous vivons déjà bouleversent les repères, remettent en cause bien des institutions, perturbent des équilibres qui semblaient acquis."
PS_2017,PS_2017_3600,PRE,2017,PS,La responsabilité de la gauche est plus que jamais celle des réponses collectives aux défis posés par ces transitions.
PS_2017,PS_2017_3601,PRE,2017,PS,Toutes les grandes conquêtes sociales sont nées ainsi.
PS_2017,PS_2017_3602,PRE,2017,PS,"Le monde fait face à des défis inédits : le terrorisme qui a fait 230 victimes, en 2015 et 2016, dans nos villes et dans nos rues, le dérèglement écologique, le changement du travail, l’affaiblissement de la démocratie, le retour d’inégalités que rien ne peut justifier."
PS_2017,PS_2017_3603,PRE,2017,PS,"La fuite en avant identitaire, le repli dans l’obscurantisme, le commerce des peurs sont autant de tentations auxquelles il est trop facile de céder."
PS_2017,PS_2017_3604,PRE,2017,PS,Ce sont les impostures classiques suscitées par ceux qui sont prêts à tout pour conserver leurs privilèges.
PS_2017,PS_2017_3605,PRE,2017,PS,"Et pourtant, le coeur de la France continue de battre de milliers d’initiatives qui montrent chaque jour que l’on va plus loin ensemble."
PS_2017,PS_2017_3606,PRE,2017,PS,"Je ne détiens pas la vérité, mais je veux vous proposer un chemin."
PS_2017,PS_2017_3607,PRE,2017,PS,C’est celui du courage et de l’inventivité.
PS_2017,PS_2017_3608,PRE,2017,PS,"Toujours, notre société a voulu mettre les grandes transformations au service du progrès et de l’humanité."
PS_2017,PS_2017_3609,PRE,2017,PS,"De la Révolution française à la COP 21, de la Résistance aux grands combats ouvriers, ce fut le combat résolu de la République et, en son sein, la mission continue de la gauche et des écologistes."
PS_2017,PS_2017_3610,PRE,2017,PS,"Nous sommes dépositaires de cette histoire, et devons en être les continuateurs."
PS_2017,PS_2017_3611,PRE,2017,PS,"« Je veux vous proposer un chemin, celui du courage et de l’inventivité »."
PS_2017,PS_2017_3612,PRE,2017,PS,"Affirmons la force de la France, de son histoire et de sa géographie, de ses valeurs, de sa langue et de sa culture, de sa diplomatie indépendante et de ses armées au service de la sécurité et de la paix dans le monde."
PS_2017,PS_2017_3613,PRE,2017,PS,"Soyons fiers des atouts de la France et des Français, de notre jeunesse, de notre recherche, de notre puissance maritime, de nos services publics, de notre agriculture, de notre industrie, de notre artisanat, de nos territoires en Hexagone et dans les outre-mer, des plus anciennes aux plus récentes.La gauche et les écologistes portent une espérance qui est aussi une exigence : progresser et protéger."
PS_2017,PS_2017_3614,PRE,2017,PS,"Oui, j’affirme qu’il est possible de progresser."
PS_2017,PS_2017_3615,PRE,2017,PS,Notre pays revendique l’ouverture au monde et croit à la coopération internationale en même temps qu’il veut fixer des règles à la mondialisation et des limites à un modèle de développement dévoreur de ressources naturelles et générateur d’inégalités.
PS_2017,PS_2017_3616,PRE,2017,PS,"Cette volonté de conjuguer économie et écologie, démocratie et justice sociale est attendue par notre peuple et par ceux du monde entier."
PS_2017,PS_2017_3617,PRE,2017,PS,Je veux le progrès dans toutes ses dimensions.
PS_2017,PS_2017_3618,PRE,2017,PS,"Oui, j’affirme qu’il est indispensable de protéger."
PS_2017,PS_2017_3619,PRE,2017,PS,"La protection n’est pas dans le repli, qu’il soit territorial, identitaire, communautaire, mais dans les droits garantis par la République indivisible, laïque, démocratique, sociale, décentralisée, que je veux rénover dans une 6e République."
PS_2017,PS_2017_3620,PRE,2017,PS,Nous voulons la protection dans toutes ses dimensions.
PS_2017,PS_2017_3621,PRE,2017,PS,"Protection sociale, écologique, territoriale et physique."
PS_2017,PS_2017_3622,PRE,2017,PS,Protection de la France et du continent européen.
PS_2017,PS_2017_3623,PRE,2017,PS,"À portée de main, à portée de vote, existe un futur désirable, où le travail n’est pas facteur de souffrance mais d’émancipation, où notre modèle de production intègre réellement l’exigence écologique, où la démocratie retrouve le souffle qu’elle a perdu."
PS_2017,PS_2017_3624,PRE,2017,PS,"Au fond, nous partageons bien plus d’aspirations que nous ne l’imaginons."
PS_2017,PS_2017_3625,PRE,2017,PS,"Ce sont elles qui ont nourri ce projet : demain, il peut être le visage de la France, le quotidien des Français, la base solide sur laquelle nous pourrons nous appuyer pour avancer vers un futur désirable."
PS_2017,PS_2017_3626,PRE,2017,PS,"Ce futur désirable, je veux le rendre possible, avec vous."
PS_2017,PS_2017_3627,PRE,2017,PS,Pour faire battre à nouveau le coeur de la France.
PS_2017,PS_2017_3628,PRE,2017,PS,« À portée de vote existe un futur désirable ».
PS_2017,PS_2017_3629,PRE,2017,PS,Benoît HAMON.
PS_2017,PS_2017_3630,PRE,2017,PS,"POUR UN FUTUR DÉSIRABLE, VOULOIR LE PROGRÈS SOCIAL, ÉCOLOGIQUE ET DÉMOCRATIQUE."
PS_2017,PS_2017_3631,PRE,2017,PS,Nous entrons dans un monde nouveau.
PS_2017,PS_2017_3632,PRE,2017,PS,"Tout change : climat, technologies, économie, attentes individuelles et demandes collectives."
PS_2017,PS_2017_3633,PRE,2017,PS,"Ces bouleversements portent des promesses, des défis, des dangers aussi."
PS_2017,PS_2017_3634,PRE,2017,PS,"Dans un monde global et complexe, il existe un chemin."
PS_2017,PS_2017_3635,PRE,2017,PS,"Innover, entreprendre, se former, maîtriser la révolution numérique, soutenir l’agriculture durable et l’économie bleue, les filières industrielles d’avenir avec leurs métiers et leurs savoir-faire, les petites et moyennes entreprises à chaque étape de leur développement afin de créer des emplois."
PS_2017,PS_2017_3636,PRE,2017,PS,Bâtir les protections pour les travailleurs et les actifs face aux évolutions du travail.
PS_2017,PS_2017_3637,PRE,2017,PS,"Je propose de fonder un nouveau pilier de la protection sociale, le revenu universel d’existence."
PS_2017,PS_2017_3638,PRE,2017,PS,Il nous permettra d’aborder les mutations du travail et la révolution numérique avec sérenité.
PS_2017,PS_2017_3639,PRE,2017,PS,"Il représente un soutien inédit au revenu des classes populaires et moyennes, un instrument puissant de lutte contre la pauvrété et toutes les précarités."
PS_2017,PS_2017_3640,PRE,2017,PS,Faire naître un nouveau modèle de développement tempérant et durable.
PS_2017,PS_2017_3641,PRE,2017,PS,"Les objectifs sont clairs et mobilisateurs pour notre société : investir massivement dans la rénovation thermique des logements et les transports durables ; poursuivre la transition énergétique pour les particuliers, les entreprises, les bassins de vie ; lutter contre les pollutions et pour la santé environnementale, faire respecter des règles sociales, sanitaires, environnementales, éthiques dans la monde."
PS_2017,PS_2017_3642,PRE,2017,PS,Faire respirer la démocratie.
PS_2017,PS_2017_3643,PRE,2017,PS,Je vous propose de construire une 6e République qui remettra le citoyen au coeur de la décision publique.
PS_2017,PS_2017_3644,PRE,2017,PS,"Une démocratie qui ne se résigne plus à être intermittente et immature, mais qui croit à l’intelligence collective pour faire ensemble les choix qui décideront l’avenir de notre pays."
PS_2017,PS_2017_3645,PRE,2017,PS,"POUR LE TRAVAIL ET L’EMPLOI, RÉUSSIR LA TRANSITION ÉCONOMIQUE."
PS_2017,PS_2017_3646,PRE,2017,PS,"Pour créer les EMPLOIS DE DEMAIN et réduire vraiment le chômage, je déploierai un programme d’investissements stratégiques."
PS_2017,PS_2017_3647,PRE,2017,PS,Je porterai l’effort de recherche et développement à 3 % du PIB.
PS_2017,PS_2017_3648,PRE,2017,PS,"Je lancerai un plan de 100 milliards d’euros sur cinq ans pour la rénovation urbaine et thermique, et pour le bien vivre en ville et dans la ruralité."
PS_2017,PS_2017_3649,PRE,2017,PS,J’encouragerai les entreprises à RÉINVESTIR LEURS BÉNÉFICES par la modulation de l’impôt sur les sociétés.
PS_2017,PS_2017_3650,PRE,2017,PS,"Nous ferons de la France UN PAYS EN POINTE SUR LE NUMÉRIQUE, en développant l’accès au très haut débit fixe et mobile sur l’ensemble du territoire."
PS_2017,PS_2017_3651,PRE,2017,PS,"J’assurerai la transition numérique des organisations et l’appropriation des usages numériques par tous (la médiation numérique, le numérique éducatif et la montée en compétences des actifs)."
PS_2017,PS_2017_3652,PRE,2017,PS,"Pour une économie renforcée face à la mondialisation, j’accorderai la priorité au MADE IN FRANCE : 50 % des marchés publics seront réservés aux petites et moyennes entreprises (PME-PMI-TPE), j’introduirai des clauses sociales, environnementales, d’emploi et de « produire local »."
PS_2017,PS_2017_3653,PRE,2017,PS,Les entreprises qui délocalisent devront rembourser les aides publiques reçues.
PS_2017,PS_2017_3654,PRE,2017,PS,Je m’opposerai aux traités de libre-échange (CETA et TAFTA) qui menacent nos préférences collectives.
PS_2017,PS_2017_3655,PRE,2017,PS,J’exclurai les services publics et l’agriculture du champ des négociations commerciales.
PS_2017,PS_2017_3656,PRE,2017,PS,"Pour aider nos PETITES ET MOYENNES ENTREPRISES à se développer, je faciliterai leur accès aux financements à tous les stades de leur croissance."
PS_2017,PS_2017_3657,PRE,2017,PS,La Banque Publique d’Investissement (BPI) interviendra en garantie comme en prêteur lorsque les banques seront réticentes à accompagner les projets.
PS_2017,PS_2017_3658,PRE,2017,PS,Je créerai une monnaie alternative inter-entreprises qui leur permettra de s’échanger des services sans mobiliser leur trésorerie.
PS_2017,PS_2017_3659,PRE,2017,PS,Nous poursuivrons le changement d’échelle de l’ÉCONOMIE SOCIALE ET SOLIDAIRE (ESS) en nous donnant pour objectif la création de 500 000 emplois.
PS_2017,PS_2017_3660,PRE,2017,PS,"Le programme d’investissement d’avenir sera mobilisé au service des secteurs prioritaires (petite enfance, grand âge....)"
PS_2017,PS_2017_3661,PRE,2017,PS,"Pour PROTÉGER NOS AGRICULTEURS, je défendrai leur position dans les contrats avec la grande distribution, j’améliorerai leurs conditions de travail, l’accès aux soins et à leurs droits sociaux."
PS_2017,PS_2017_3662,PRE,2017,PS,"Je défendrai une politique agricole commune (PAC) qui prévoit des mécanismes de régulation des marchés et des risques, et donne une priorité aux petites et moyennes exploitations."
PS_2017,PS_2017_3663,PRE,2017,PS,"Afin de protéger nos entreprises et nos emplois de la finance spéculative, je réviserai la LOI DE SÉPARATION BANCAIRE en cantonnant effectivement l’ensemble des activités de marché des banques."
PS_2017,PS_2017_3664,PRE,2017,PS,"Pour promouvoir une finance plus inclusive et plus diversifiée, je favoriserai les banques éthiques en mettant en place une réglementation différenciée, adaptée aux établissements vertueux."
PS_2017,PS_2017_3665,PRE,2017,PS,"Pour répondre aux mutations du travail, je créerai une CONTRIBUTION SOCIALE SUR LES ROBOTS."
PS_2017,PS_2017_3666,PRE,2017,PS,"Elle alimentera un Fonds de Transition Travail (FTT), dont la mission sera de créer autant d’emplois nouveaux que ceux qui disparaîtront, et de financer la formation des salariés à ces nouveaux métiers."
PS_2017,PS_2017_3667,PRE,2017,PS,Les entreprises dont la robotisation s’accompagne d’une augmentation des effectifs seront dispensées de cette contribution.
PS_2017,PS_2017_3668,PRE,2017,PS,"Pour permettre à ceux qui ont moins de vivre mieux, NOUS AUGMENTERONS LE SMIC ET LES MINIMA SOCIAUX."
PS_2017,PS_2017_3669,PRE,2017,PS,"J’encouragerai la négociation des partenaires sociaux, notamment sur les salaires, l’encadrement des contrats précaires, la reconnaissance des qualifications, l’amélioration des conditions de travail."
PS_2017,PS_2017_3670,PRE,2017,PS,"Je favoriserai l’établissement de CONTREPARTIES RÉELLES et négociées, en termes d’emploi, de recherche, d’innovation, ou de réduction du temps de travail, au crédit d’impôt pour la compétitivité et l’emploi (CICE) dans les entreprises de plus de 50 salariés."
PS_2017,PS_2017_3671,PRE,2017,PS,Je créerai UN REVENU UNIVERSEL D’EXISTENCE (RUE).
PS_2017,PS_2017_3672,PRE,2017,PS,"Il permettra, dans une première étape, d’augmenter, automatiquement, le revenu des actifs, ouvriers, employés, indépendants et étudiants dont les revenus sont inférieurs à 2 200 euros net, et prioritairement ceux dont les moyens sont les plus faibles."
PS_2017,PS_2017_3673,PRE,2017,PS,DÈS 2018 : AVANT APRÈS Un étudiant qui travaille 1 jour par semaine 231 € 749 €.
PS_2017,PS_2017_3674,PRE,2017,PS,Un agriculteur ou une assistante maternelle qui perçoit 50% d’un smic 576 € 973 €.
PS_2017,PS_2017_3675,PRE,2017,PS,Un couple d’ouvriers au smic 2 304 € 2 694 €.
PS_2017,PS_2017_3676,PRE,2017,PS,EXTENSION : Je réunirai ensuite une conférence sociale pour programmer les étapes suivantes qui permettront la généralisation progressive du RUE à l’ensemble des Français et son augmentation à 750 euros.
PS_2017,PS_2017_3677,PRE,2017,PS,"Pour progresser tout au long de la vie, chaque actif aura DROIT À UN AN DE CONGÉ-FORMATION pour acquérir un diplôme ou une qualification."
PS_2017,PS_2017_3678,PRE,2017,PS,Je développerai également l’apprentissage.
PS_2017,PS_2017_3679,PRE,2017,PS,"Je reconnaîtrai le BURN-OUT (syndrome d’épuisement professionnel) comme maladie professionnelle, et j’inviterai les entreprises à engager des actions de prevention."
PS_2017,PS_2017_3680,PRE,2017,PS,"Nous REMPLACERONS LA LOI TRAVAIL PAR UNE NOUVELLE LOI, qui, en concertation avec les partenaires sociaux, encouragera la poursuite de la réduction collective du temps de travail sur la base du volontariat et par la négociation, renforcera le compte pénibilité et le compte personnel d’activité, confortera le droit à la déconnexion, rétablira le principe de faveur."
PS_2017,PS_2017_3681,PRE,2017,PS,Nous engagerons la RÉFORME DU RÉGIME SOCIAL DES INDÉPENDANTS (RSI) pour qu’ils aient les mêmes droits que les salariés.
PS_2017,PS_2017_3682,PRE,2017,PS,"Pour garantir à tous le meilleur niveau de protection et lutter contre l’ubérisation débridée, je créerai un STATUT DE L’ACTIF."
PS_2017,PS_2017_3683,PRE,2017,PS,Il permettra aux travailleurs qui ne bénéficient pas aujourd’hui de la protection du Code du travail et du régime général de la Sécurité sociale d’accéder à un socle de protections et de droits fondamentaux.
PS_2017,PS_2017_3684,PRE,2017,PS,"POUR PRÉSERVER NOTRE PLANÈTE, TRANSFORMER NOTRE MODÈLE DE DÉVELOPPEMENT."
PS_2017,PS_2017_3685,PRE,2017,PS,Au moins 50 % DE REPAS BIO ou issus des circuits courts seront servis dans la restauration collective.
PS_2017,PS_2017_3686,PRE,2017,PS,J’appliquerai un taux de TVA réduit aux produits bio et j’aiderai à la structuration des filières de production biologique et équitable.
PS_2017,PS_2017_3687,PRE,2017,PS,"Je porterai à 50 % LA PART DES ÉNERGIES RENOUVELABLES dans le mix électrique d’ici 2025 en favorisant la production décentralisée et citoyenne d’énergie, avec un objectif de 100 % de l’énergie en 2050."
PS_2017,PS_2017_3688,PRE,2017,PS,"Pour sortir du nucléaire à l’horizon d’une génération (objectif 25 ans), je fermerai les réacteurs en fin de vie durant le quinquennat et je garantirai les emplois du secteur énergétique."
PS_2017,PS_2017_3689,PRE,2017,PS,"Pour une FISCALITÉ PLUS VERTE, je modulerai la TVA en fonction de l’empreinte environnementale, je plafonnerai puis supprimerai progressivement les niches fiscales anti-environnementales en commençant par la fiscalité du diesel, en mettant en place une taxe carbone."
PS_2017,PS_2017_3690,PRE,2017,PS,Les ressources correspondantes seront rendues aux ménages et aux territoires.
PS_2017,PS_2017_3691,PRE,2017,PS,"Pour développer les NOUVELLES MOBILITÉS, j’offrirai des alternatives à la voiture individuelle."
PS_2017,PS_2017_3692,PRE,2017,PS,Je donnerai la priorité à la rénovation et au développement du ferroviaire.
PS_2017,PS_2017_3693,PRE,2017,PS,Je confierai la gestion de l’écotaxe aux Régions.
PS_2017,PS_2017_3694,PRE,2017,PS,Je m’opposerai au niveau européen au 4e paquet ferroviaire qui entend intensifier la concurrence.
PS_2017,PS_2017_3695,PRE,2017,PS,Je refuserai la privatisation des aéroports régionaux.
PS_2017,PS_2017_3696,PRE,2017,PS,"J’inscrirai dans la Constitution la PRÉSERVATION DES BIENS COMMUNS environnementaux, comme l’eau et l’air."
PS_2017,PS_2017_3697,PRE,2017,PS,"En fin de mandat, les lois de finance devront être conformes avec les OBJECTIFS DE LA COP 21."
PS_2017,PS_2017_3698,PRE,2017,PS,"Pour préserver la BIODIVERSITÉ, je créerai un Conservatoire des terres agricoles afin de rendre opposables les schémas d’aménagement et de protection de la nature."
PS_2017,PS_2017_3699,PRE,2017,PS,J’agirai pour enrayer l’artificialisation des sols et l’étalement urbain.
PS_2017,PS_2017_3700,PRE,2017,PS,Je développerai le biomimétisme.
PS_2017,PS_2017_3701,PRE,2017,PS,"Je lancerai un plan d’efficacité et de SOBRIÉTÉ ÉNERGÉTIQUE (isolation, transports en commun, véhicules propres)."
PS_2017,PS_2017_3702,PRE,2017,PS,"J’inciterai à la réutilisation des matériaux, à l’éco-conception, à des plans zéro déchet et à la sortie programmée de l’incinération."
PS_2017,PS_2017_3703,PRE,2017,PS,Je veillerai au BIEN-ÊTRE ANIMAL en mettant en oeuvre les préconisations de la commission d’enquête sur les abattoirs en s’assurant des conditions d’élevage et de transport et en développant des méthodes de remplacement à l’expérimentation animale.
PS_2017,PS_2017_3704,PRE,2017,PS,"Pour LUTTER CONTRE LES PARTICULES FINES dans l’air, responsables de plus 40 000 décès par an, je programmerai la sortie maîtrisée du diesel à horizon 2025 pour les voitures neuves."
PS_2017,PS_2017_3705,PRE,2017,PS,"J’interdirai les PERTURBATEURS ENDOCRINIENS et proposerai des ALTERNATIVES AUX PESTICIDES, en commençant par les plus dangereux."
PS_2017,PS_2017_3706,PRE,2017,PS,J’organiserai des CONFÉRENCES DE CONSENSUS lorsqu’est établie l’existence d’un lourd impact écologique d’un grand projet d’investissement local ou national.
PS_2017,PS_2017_3707,PRE,2017,PS,"Cela permettra l’émergence de solutions devant allier économie, social et écologie."
PS_2017,PS_2017_3708,PRE,2017,PS,"POUR LA DÉMOCRATIE, RENFORCER LES POUVOIRS DES CITOYENS ET LA TRANSPARENCE."
PS_2017,PS_2017_3709,PRE,2017,PS,"Je proposerai la MISE EN PLACE DU 49-3 CITOYEN, qui permet à 1 %, du corps électoral, soit de faire inscrire à l’ordre du jour du Parlement un proposition de loi citoyenne, soit de soumettre une loi votée à rédérendum sous condition de représentativité des signataires et de participation au scrutin et dans des domaines déterminés."
PS_2017,PS_2017_3710,PRE,2017,PS,"Je soumettrai à référendum la RECONNAISSANCE DU VOTE BLANC et l’extension du DROIT DE VOTE AUX ÉTRANGERS non communautaires pour les élections locales, qui existe déjà pour les ressortissants européens."
PS_2017,PS_2017_3711,PRE,2017,PS,"Je porterai une nouvelle loi anti-concentration pour les médias, créant un statut de MÉDIA INDÉPENDANT à but non lucratif et protégeant les sources des journalistes."
PS_2017,PS_2017_3712,PRE,2017,PS,"Par l’usage du numérique, je faciliterai l’entrée dans la DÉMOCRATIE 4.0 par la participation citoyenne à l’élaboration de la loi et des politiques publiques, et par la transparence des décisions publiques."
PS_2017,PS_2017_3713,PRE,2017,PS,"Nous mettrons en place, dès l’été 2017, une CONFÉRENCE POUR UNE 6e RÉPUBLIQUE réunissant parlementaires, sages et citoyens."
PS_2017,PS_2017_3714,PRE,2017,PS,"En cours de mandat, cette nouvelle constitution établira un système électoral législatif à la proportionnelle, permettant dans le même temps des majorités claires."
PS_2017,PS_2017_3715,PRE,2017,PS,Elle instaurera un septennat presidentiel non-renouvelable et limitera l’utilisation du 49/3 et le cumul dans le temps des mandats des élus.
PS_2017,PS_2017_3716,PRE,2017,PS,Nous renforcerons la DÉMOCRATIE EN ENTREPRISE.
PS_2017,PS_2017_3717,PRE,2017,PS,Les salariés représenteront la moitié des membres votants des conseils d’administration des grandes entreprises et des entreprises de taille intermédiaire (ETI).
PS_2017,PS_2017_3718,PRE,2017,PS,Je conforterai la démocratie sociale et maintiendrai le paritarisme.
PS_2017,PS_2017_3719,PRE,2017,PS,"Je veux un SERVICE PUBLIC DE L’AUDIOVISUEL d’information et de la culture, à l’image de la diversité de la France, en soutien à la création, moteur de l’innovation citoyenne, du rayonnement de la France et indépendant des pouvoirs politique et commercial."
PS_2017,PS_2017_3720,PRE,2017,PS,"Pour PRÉVENIR LES CONFLITS D’INTÉRÊT, j’obligerai tout candidat à une élection à publier la liste de ses grands donateurs."
PS_2017,PS_2017_3721,PRE,2017,PS,Nous protégerons les DONNÉES PERSONNELLES de nos concitoyens et garantirons la loyauté des algorithmes.
PS_2017,PS_2017_3722,PRE,2017,PS,Je renforcerai le statut des LANCEURS D’ALERTE.
PS_2017,PS_2017_3723,PRE,2017,PS,Je saisirai nos partenaires européens pour qu’une législation protectrice existe dans l’Union européenne.
PS_2017,PS_2017_3724,PRE,2017,PS,Nous mettrons en place un BUDGET PARTICIPATIF au niveau national.
PS_2017,PS_2017_3725,PRE,2017,PS,POUR UNE RÉPUBLIQUE BIENVEILLANTE ET HUMANISTE.
PS_2017,PS_2017_3726,PRE,2017,PS,"La République, c’est une promesse."
PS_2017,PS_2017_3727,PRE,2017,PS,"C’est la promesse que chacun, quelque soit son milieu d’origine, puisse réussir, s’émanciper et trouver sa place dans la société."
PS_2017,PS_2017_3728,PRE,2017,PS,"La République, je la veux bienveillante et humaniste, afin que la dignité de l’être humain soit au coeur de tous nos choix politiques."
PS_2017,PS_2017_3729,PRE,2017,PS,"Une République bienveillante et humaniste, c’est une République qui ne tolère pas les discriminations en raison de son sexe, de sa religion, de sa couleur de peau, de son handicap ou de son orientation sexuelle."
PS_2017,PS_2017_3730,PRE,2017,PS,"Elle lutte, sans complaisance, contre le racisme et l’antisémitisme."
PS_2017,PS_2017_3731,PRE,2017,PS,"C’est une République qui donne toutes ses chances à chaque citoyen depuis la petite enfance et l’école, et tout au long de la vie."
PS_2017,PS_2017_3732,PRE,2017,PS,"Une République qui fait confiance à sa jeunesse, valorise son engagement au service de la collectivité, lui donne les moyens de s’impliquer pour façonner le monde de demain, ouvre des horizons, notamment grâce à la culture, prend soin des familles et de ses aînés."
PS_2017,PS_2017_3733,PRE,2017,PS,"Une République bienveillante et humaniste, c’est une République où les services publics garantissent à chacune et chacun, et dans tous les territoires, l’égalité réelle, la protection sociale, la sécurité, la justice, la redistribution des richesses."
PS_2017,PS_2017_3734,PRE,2017,PS,"Une République bienveillante et humaniste, c’est une République qui protège les libertés, ouvre de nouveaux droits et garantit la liberté de conscience."
PS_2017,PS_2017_3735,PRE,2017,PS,"LA RÉPUBLIQUE INDIVISIBLE, LAÏQUE, DÉMOCRATIQUE, SOCIALE, DÉCENTRALISÉE EST UNE ESPÉRANCE ET UNE EXIGENCE."
PS_2017,PS_2017_3736,PRE,2017,PS,POUR L’ALLIANCE DES GÉNÉRATIONS.
PS_2017,PS_2017_3737,PRE,2017,PS,POUR LES DROITS DES FEMMES.
PS_2017,PS_2017_3738,PRE,2017,PS,"Pour LUTTER CONTRE LE SEXISME, je doublerai les moyens à disposition du ministère des Droits des femmes, pour mieux soutenir les associations et mener des campagnes de sensibilisation."
PS_2017,PS_2017_3739,PRE,2017,PS,"Pour RÉDUIRE LES INÉGALITÉS SALARIALES entre les femmes et les hommes, je renforcerai le contrôle et les sanctions contre les entreprises qui ne respectent pas leurs obligations en matière d’égalité, et je publierai la liste des entreprises concernées."
PS_2017,PS_2017_3740,PRE,2017,PS,"Pour LUTTER CONTRE LES VIOLENCES faites aux femmes, je créerai 4 500 places d’hébergement spécialisé."
PS_2017,PS_2017_3741,PRE,2017,PS,"Les plaintes seront mieux traitées, les poursuites systématiques et les délais de justice réduits."
PS_2017,PS_2017_3742,PRE,2017,PS,J’en ferai une priorité nationale de mon mandat.
PS_2017,PS_2017_3743,PRE,2017,PS,Nous augmenterons le nombre de CENTRES DE PLANIFICATION FAMILIALE et de structures pratiquant des interruptions volontaires de grossesse (IVG).
PS_2017,PS_2017_3744,PRE,2017,PS,"Pour LA PARITÉ EN POLITIQUE, j’augmenterai les amendes infligées aux partis en cas de non-respect de la parité lors des élections."
PS_2017,PS_2017_3745,PRE,2017,PS,Je mobiliserai les partenaires sociaux pour aboutir à DES ACCORDS REVALORISANT LES RÉMUNÉRATIONS des métiers majoritairement occupés par des femmes.
PS_2017,PS_2017_3746,PRE,2017,PS,POUR LA PETITE ENFANCE.
PS_2017,PS_2017_3747,PRE,2017,PS,"Pour répondre à l’attente des jeunes parents et favoriser le partage des tâches parentales, j’allongerai le CONGÉ PATERNITÉ À SIX SEMAINES, dont 11 jours obligatoires."
PS_2017,PS_2017_3748,PRE,2017,PS,"Pour que les jeunes parents, notamment les mères isolées, puissent mener de front vie parentale et vie professionnelle, je créerai un SERVICE PUBLIC DE LA PETITE ENFANCE, avec 250 000 nouvelles places d’accueil à horaires adaptés en 5 ans."
PS_2017,PS_2017_3749,PRE,2017,PS,Nous ouvrirons le DROIT AUX ALLOCATIONS FAMILLIALES dès le premier enfant.
PS_2017,PS_2017_3750,PRE,2017,PS,POUR L’ÉCOLE.
PS_2017,PS_2017_3751,PRE,2017,PS,"Pour lutter contre les inégalités scolaires, nous rendrons l’INSTRUCTION OBLIGATOIRE DÈS L’ÂGE DE 3 ANS, et garantirons un droit à la scolarisation dès l’âge de 2 ans dans les écoles en éducation prioritaire et en outre-mer."
PS_2017,PS_2017_3752,PRE,2017,PS,"Parce que beaucoup se joue dans les premières années d’apprentissage, j’établirai un seuil MAXIMUM DE 25 ÉLÈVES PAR CLASSE en CP/CE1/CE2, et à 20 ce nombre dans les écoles en éducation prioritaire, dans les territoires ruraux et en outre-mer."
PS_2017,PS_2017_3753,PRE,2017,PS,"Pour DÉVELOPPER LA MIXITÉ SOCIALE ET SCOLAIRE sur tout le territoire, je rebâtirai la carte scolaire dans le cadre d’un dialogue qui associera l’enseignement public et l’enseignement privé."
PS_2017,PS_2017_3754,PRE,2017,PS,"Pour donner à tous les élèves les mêmes chances de réussir à l’école, je mettrai en place UN SERVICE PUBLIC DU SOUTIEN SCOLAIRE, et développerai la coéducation avec les parents et les mouvements d’éducation populaire."
PS_2017,PS_2017_3755,PRE,2017,PS,Tous les pays ayant investi dans la FORMATION CONTINUE DES ENSEIGNANTS ont vu les résultats des élèves progresser.
PS_2017,PS_2017_3756,PRE,2017,PS,"En France aussi, je veux un plan de formation continue des enseignants."
PS_2017,PS_2017_3757,PRE,2017,PS,"Chaque enseignant bénéficiera de trois, cinq ou dix jours de formation tous les ans."
PS_2017,PS_2017_3758,PRE,2017,PS,"Nous mènerons LA RÉFORME DU LYCÉE avec les enseignants, les parents et les élèves."
PS_2017,PS_2017_3759,PRE,2017,PS,J’allouerai plus de moyens aux lycées qui en ont le plus besoin grâce à un nouvel indicateur social plus juste et plus proche des réalités du territoire.
PS_2017,PS_2017_3760,PRE,2017,PS,Je défendrai LES LYCÉES PROFESSIONNELS pour qu’ils deviennent des voies d’excellence.
PS_2017,PS_2017_3761,PRE,2017,PS,J’y favoriserai les possibilités de poursuites d’études.
PS_2017,PS_2017_3762,PRE,2017,PS,"Je revaloriserai les CONDITIONS DE TRAVAIL DES ENSEIGNANTS et des personnels administratifs, en matière de rémunération comme de gestion des carrières et de médecine du travail."
PS_2017,PS_2017_3763,PRE,2017,PS,"Pour atteindre ces objectifs ambitieux, je recruterai 40 000 ENSEIGNANTS EN CINQ ANS, je garantirai le droit à l’innovation pédagogique, et favoriserai l’usage du numérique pour faire réussir tous les élèves dans leurs apprentissages."
PS_2017,PS_2017_3764,PRE,2017,PS,POUR L’ENSEIGNEMENT SUPÉRIEUR ET LA RECHERCHE.
PS_2017,PS_2017_3765,PRE,2017,PS,"Nous ferons de l’ENSEIGNEMENT SUPÉRIEUR ET LA RECHERCHE UNE PRIORITÉ BUDGÉTAIRE, en y investissant un milliard d’euros supplémentaire par an."
PS_2017,PS_2017_3766,PRE,2017,PS,"Pour permettre LA RÉUSSITE DE TOUS LES ÉTUDIANTS et parce qu’il est difficile de mener de front ses études avec une activité salariée intensive, je ferai bénéficier les étudiants du Revenu Universel d’Existence (RUE)."
PS_2017,PS_2017_3767,PRE,2017,PS,Je créerai un droit à un semestre de MOBILITÉ INTERNATIONALE pour tous.
PS_2017,PS_2017_3768,PRE,2017,PS,"Parce que la recherche se nourrit des échanges, nos universités accueilleront 25 % d’ÉTUDIANTS INTERNATIONAUX supplémentaires, et je soutiendrai l’asile scientifique et universitaire en France pour les chercheurs et étudiants en danger."
PS_2017,PS_2017_3769,PRE,2017,PS,"Pour aider à la MOBILITÉ GÉOGRAPHIQUE DES ÉTUDIANTS, j’assurerai la construction et la réhabilitation de 60 000 logements pour les jeunes et les étudiants durant mon mandat."
PS_2017,PS_2017_3770,PRE,2017,PS,"Nous créerons 7 500 EMPLOIS dans les universités et les laboratoires, revaloriserons de 10 % la rémunération des universitaires et chercheurs en début de carrière, et mettrons fin aux thèses non financées notamment en doublant les doctorats préparés en entreprise."
PS_2017,PS_2017_3771,PRE,2017,PS,Nous augmenterons les MOYENS DES LABORATOIRES.
PS_2017,PS_2017_3772,PRE,2017,PS,"Je réformerai les premiers cycles pour éviter l’orientation par défaut et DÉMOCRATISER LA RÉUSSITE : synergies entre lycées et enseignement supérieur, accueil des bacheliers pro et techno en STS et IUT facilité, cours en amphi supprimés en première année, spécialisation diciplinaire plus progressive, pédagogie rénovée."
PS_2017,PS_2017_3773,PRE,2017,PS,POUR LES DROITS DES PERSONNES EN SITUATION DE HANDICAP.
PS_2017,PS_2017_3774,PRE,2017,PS,"Pour que les personnes en situation de handicap et leurs aidants aient accès à une vie sociale et citoyenne active, je ferai de l’ACCESSIBILITÉ un des principes de la 6e République."
PS_2017,PS_2017_3775,PRE,2017,PS,"Pour faciliter la SCOLARISATION des personnes en situation de handicap et pour une école inclusive, je propose de diminuer les effectifs des classes en fonction du nombre d’élèves en situation de handicap."
PS_2017,PS_2017_3776,PRE,2017,PS,Je renforcerai aussi leur accompagnement en permettant aux personnes en contrat précaire d’accéder à un emploi d’accompagnant d’élèves en situation de handicap (AESH) pérenne.
PS_2017,PS_2017_3777,PRE,2017,PS,Je ferai également de l’ACCESSIBILITÉ DE L’ENSEIGNEMENT SUPÉRIEUR un des chantiers prioritaires du quinquennat.
PS_2017,PS_2017_3778,PRE,2017,PS,"Nous améliorerons le fonctionnement des MAISONS DÉPARTEMENTALES DES PERSONNES HANDICAPÉES : simplification, personnalisation, réduction des délais, participation des usagers."
PS_2017,PS_2017_3779,PRE,2017,PS,"Pour lutter contre le manque d’activité physique dès le plus jeune âge, je multiplierai le nombre d’ÉQUIPEMENTS SPORTIFS LÉGERS de proximité dans et aux abords des écoles."
PS_2017,PS_2017_3780,PRE,2017,PS,Je mettrai en oeuvre un plan de DÉVELOPPEMENT DE LA PRATIQUE D’ACTIVITÉS PHYSIQUES ET SPORTIVES à tous les âges de la vie.
PS_2017,PS_2017_3781,PRE,2017,PS,POUR LE SPORT.
PS_2017,PS_2017_3782,PRE,2017,PS,"Je soutiendrai le développement du SPORT-SANTÉ EN ENTREPRISE, en lien avec les partenaires sociaux."
PS_2017,PS_2017_3783,PRE,2017,PS,Je soutiendrai la candidature de Paris aux JEUX OLYMPIQUES ET PARALYMPIQUES de 2024.
PS_2017,PS_2017_3784,PRE,2017,PS,"Pour améliorer le pouvoir d’achat, j’augmenterai le MINIMUM VIEILLESSE de 10 %."
PS_2017,PS_2017_3785,PRE,2017,PS,"POUR NOS AÎNÉS Pour que chacun puisse bénéficier d’une même durée de retraite en bonne santé, je maintiendrai et j’étendrai les COMPTES PÉNIBILITÉ, qui permettent à ceux qui ont eu les carrières les plus difficiles de partir plus tôt."
PS_2017,PS_2017_3786,PRE,2017,PS,Je ne repousserai pas l’âge de départ en retraite.
PS_2017,PS_2017_3787,PRE,2017,PS,Nous permettrons des transferts de trimestres validés entre conjoints pour favoriser les retraites à taux-plein.
PS_2017,PS_2017_3788,PRE,2017,PS,"Pour permettre le MAINTIEN À DOMICILE, j’augmenterai l’allocation personnalisée d’autonomie (APA) à domicile de 30 %, j’instaurerai un CRÉDIT D’IMPÔT DE 50 % des travaux d’adaptation des logements au vieillissement, et je lancerai un plan domotique."
PS_2017,PS_2017_3789,PRE,2017,PS,"Pour DIMINUER LA FACTURE DES FAMILLES, je créerai une allocation unique « Bien Vivre en EHPAD » proportionnée aux moyens de chacun."
PS_2017,PS_2017_3790,PRE,2017,PS,"Je sacraliserai le FINANCEMENT DE PLACES D’ACCUEIL en établissements sociaux, ou médico-sociaux, notamment pour les enfants en situation de polyhandicap."
PS_2017,PS_2017_3791,PRE,2017,PS,Je faciliterai la vie des salariés en situation de HANDICAP DANS L’ENTREPRISE par l’aménagement des postes de travail et en favorisant le télétravail.
PS_2017,PS_2017_3792,PRE,2017,PS,J’augmenterai l’ALLOCATION ADULTE HANDICAPÉE de 10 % dès 2017.
PS_2017,PS_2017_3793,PRE,2017,PS,"Pour développer le SPORT DE HAUT NIVEAU, je rendrai systématiques les horaires aménagés dans tous les cursus scolaires et universitaires et soutiendrai la recherche et le développement dans les nouvelles technologies du sport."
PS_2017,PS_2017_3794,PRE,2017,PS,"Pour AIDER LES AIDANTS et les familles, je garantirai le droit au répit et créerai un panier de services publics « Bien Vivre » accessible pour tous à moins de 30 minutes : accueil de jour Alzheimer, EHPAD avec places accessibles, service de soins à domicile."
PS_2017,PS_2017_3795,PRE,2017,PS,"Je favoriserai la création d’UNIVERSITÉS POPULAIRES sur tout le territoire, et ouvrirai des universités d’été dans chaque campus."
PS_2017,PS_2017_3796,PRE,2017,PS,POUR L’ÉDUCATION POPULAIRE ET LE MOUVEMENT ASSOCIATIF Nous soutiendrons le financement de la FORMATION DES BÉNÉVOLES.
PS_2017,PS_2017_3797,PRE,2017,PS,"J’augmenterai les SUBVENTIONS AUX MOUVEMENTS ASSOCIATIFS et d’éducation populaire, et engagerai avec eux une réflexion sur la valorisation du temps d’engagement dans la prise en compte des cotisations retraite."
PS_2017,PS_2017_3798,PRE,2017,PS,"Pour AMÉLIORER LA QUALITÉ DES SOINS, j’augmenterai le nombre d’aide-soignants en établissements d’hébergement pour personnes âgées dépendantes (EHPAD) à hauteur de 3 à 5 personnes par établissement."
PS_2017,PS_2017_3799,PRE,2017,PS,"Pour favoriser l’engagement de notre jeunesse, je généraliserai la prise en compte d’un SERVICE CIVIQUE ou d’un bénévolat long dans la validation d’unités d’enseignements (UE) universitaires."
PS_2017,PS_2017_3800,PRE,2017,PS,Je permettrai aux jeunes de certifier leur engagement associatif afin qu’ils puissent le valoriser sur leur CV.
PS_2017,PS_2017_3801,PRE,2017,PS,"POUR DES SERVICES PUBLICS FORTS, MODERNES ET PROTECTEURS."
PS_2017,PS_2017_3802,PRE,2017,PS,Je décréterai l’urgence contre LES DÉSERTS MÉDICAUX.
PS_2017,PS_2017_3803,PRE,2017,PS,Objectif : 1500 maisons de santé.
PS_2017,PS_2017_3804,PRE,2017,PS,Un soutien financier et logistique sera apporté aux médecins qui s’installent dans les zones sous-dotées.
PS_2017,PS_2017_3805,PRE,2017,PS,"Dans les territoires en pénurie, l’État implantera des médecins salariés."
PS_2017,PS_2017_3806,PRE,2017,PS,"POUR LA SANTÉ ET LE BIEN-ÊTRE Pour lutter contre les inégalités, je supprimerai les FRANCHISES MÉDICALES qui freinent l’accès aux soins et ferai baisser le prix des prothèses dentaires, auditives et des lunettes."
PS_2017,PS_2017_3807,PRE,2017,PS,"Pour aider les personnes précaires à se soigner, l’accès aux dispositifs de solidarité sera simplifié (CMU-C, ACS, AME)."
PS_2017,PS_2017_3808,PRE,2017,PS,"Comme l’Organisation Mondiale de la Santé (OMS), je ferai de la FIN DE L’ÉPIDÉMIE DE SIDA UN OBJECTIF À L’HORIZON 2030."
PS_2017,PS_2017_3809,PRE,2017,PS,"Pour lutter contre la malbouffe, je lancerai un PLAN ALIMENTATION ET SANTÉ PUBLIQUE, j’agirai pour la prévention des maladies chroniques (cancer, diabète, maladie cardiovasculaire et respiratoire), la prise en charge des maladies neurodégénératives (Alzheimer, démence...) et des handicaps."
PS_2017,PS_2017_3810,PRE,2017,PS,"Je proposerai UNE POLITIQUE AMBITIEUSE DE PRÉVENTION en luttant contre le tabac, l’abus d’alcool, l’air pollué."
PS_2017,PS_2017_3811,PRE,2017,PS,"J’interdirai les pesticides et les perturbateurs endocriniens dangereux, et je renforcerai la vaccination et le dépistage."
PS_2017,PS_2017_3812,PRE,2017,PS,"J’établirai, pour chaque élève, un parcours éducation-santé, avec plus de sport, l’apprentissage de la nutrition et des comportements favorables à sa santé."
PS_2017,PS_2017_3813,PRE,2017,PS,LES LOBBIES NE FRANCHIRONT PLUS LES PORTES DE L’ÉCOLE.
PS_2017,PS_2017_3814,PRE,2017,PS,"Je légaliserai l’USAGE DU CANNABIS pour les majeurs, j’encadrerai sa distribution pour tarir les trafics à la source et protéger nos citoyens des pratiques des dealers."
PS_2017,PS_2017_3815,PRE,2017,PS,J’utiliserai les moyens dégagés pour mieux prévenir la consommation de drogues.
PS_2017,PS_2017_3816,PRE,2017,PS,"Pour GARANTIR L’ACCÈS AUX MÉDICAMENTS innovants, j’en ferai baisser le prix."
PS_2017,PS_2017_3817,PRE,2017,PS,Je limiterai le gaspillage et l’automédication dangereuse par la distribution des médicaments à l’unité.
PS_2017,PS_2017_3818,PRE,2017,PS,"Pour protéger la Sécurité sociale, je renforcerai la LUTTE CONTRE LA FRAUDE aux cotisations, le travail dissimulé et les dépenses injustifiées."
PS_2017,PS_2017_3819,PRE,2017,PS,"Je lancerai POUR L’HÔPITAL un plan d’amélioration des conditions de travail et de recrutement, la rénovation des bâtiments vétustes, pour qu’ils soient plus fonctionnels et plus accueillants."
PS_2017,PS_2017_3820,PRE,2017,PS,Je développerai le numérique (« Hôpital digital 2022 »).
PS_2017,PS_2017_3821,PRE,2017,PS,Un quatrième PLAN CANCER sera lancé.
PS_2017,PS_2017_3822,PRE,2017,PS,L’ACTIVITÉ PHYSIQUE prescrite par un médecin sera remboursée pour les malades chroniques.
PS_2017,PS_2017_3823,PRE,2017,PS,22 POUR LA SÉCURITÉ DE TOUS LES FRANÇAIS ET CONTRE LE TERRORISME Je rétablirai la POLICE DE PROXIMITÉ.
PS_2017,PS_2017_3824,PRE,2017,PS,La police sera redéployée et la présence sur le terrain en uniforme sera privilégiée.
PS_2017,PS_2017_3825,PRE,2017,PS,Je proposerai une LOI DE PROGRAMMATION sur la sécurité intérieure.
PS_2017,PS_2017_3826,PRE,2017,PS,"POUR UNE JUSTICE ACCESSIBLE, PROCHE ET RAPIDE POUR UNE SOCIÉTÉ APAISÉE Je veux des moyens renforcés et mieux répartis pour la gendarmerie et la police."
PS_2017,PS_2017_3827,PRE,2017,PS,Je remplacerai tous les départs en retraite et je créerai 5 000 POSTES SUPPLÉMENTAIRES.
PS_2017,PS_2017_3828,PRE,2017,PS,"Une PRIME EN ZONE DE SÉCURITÉ PRIORITAIRE sera attribuée à l’ensemble des gendarmes et policiers, ainsi que dans les outre-mer."
PS_2017,PS_2017_3829,PRE,2017,PS,Je convoquerai dès l’été un débat parlementaire sur l’ÉTAT D’URGENCE.
PS_2017,PS_2017_3830,PRE,2017,PS,Le recours à l’état d’urgence tiendra compte des nouveaux moyens des lois anti-terroristes qui permettent de limiter son usage.
PS_2017,PS_2017_3831,PRE,2017,PS,"Pour lutter contre les contrôles au faciès et améliorer la relation entre la police et les citoyens, j’expérimenterai LE RÉCÉPISSÉ DE CONTRÔLE D’IDENTITÉ, en préservant l’anonymat des agents et sans alourdir leur charge de travail."
PS_2017,PS_2017_3832,PRE,2017,PS,J’inscrirai dans le Code de procédure pénal un DROIT DE LA VICTIME définissant l’ensemble des droits reconnus à celle-ci lors de son procès.
PS_2017,PS_2017_3833,PRE,2017,PS,Le recouvrement des indemnités qui leur sont accordées doit être favorisé par la mise en place d’un fonds dédié.
PS_2017,PS_2017_3834,PRE,2017,PS,"NOUS METTRONS FIN À TOUT STATUT D’EXCEPTION en supprimant la Cour de justice de la République, et nous réformerons le statut pénal du chef de l’État."
PS_2017,PS_2017_3835,PRE,2017,PS,Je renforcerai le RENSEIGNEMENT grâce à un coordonnateur national directement rattaché au Premier ministre.
PS_2017,PS_2017_3836,PRE,2017,PS,"J’amplifierai les moyens du renseignement territorial qui, sur le terrain, est à même d’identifier les signaux faibles pouvant échapper aux technologies."
PS_2017,PS_2017_3837,PRE,2017,PS,"Face à la nouvelle menace du terrorisme, la France s’est dotée DE NOUVEAUX MOYENS HUMAINS, FINANCIERS, JURIDIQUES ET TECHNIQUES : création de 9000 postes de policiers et de gendarmes et appel aux réservistes, poursuites pour les personnes ayant participé à des camps d’entraînement terroriste à l’étranger, interdiction du territoire des suspects candidats au djihad, création d’un délit d’entreprise terroriste individuelle, alourdissement des peines, renforcement des contrôles d’accès aux lieux publics et aux transports en commun, fermeture des lieux de culte au sein desquels sont tenus des propos constituant une provocation à la haine ou à la violence..."
PS_2017,PS_2017_3838,PRE,2017,PS,Je renforcerai la PRÉVENTION DE LA RÉCIDIVE en accroissant les moyens des services pénitentiaires d’insertion et de probation.
PS_2017,PS_2017_3839,PRE,2017,PS,Je préserverai la spécificité de la JUSTICE DES MINEURS.
PS_2017,PS_2017_3840,PRE,2017,PS,"La primauté de l’éducatif sur le répressif, plus efficace dans la lutte contre la délinquance et la récidive, sera réaffirmée."
PS_2017,PS_2017_3841,PRE,2017,PS,Le dispositif des établissements et services de la protection judiciaire de la jeunesse doit permettre une prise en charge adaptée.
PS_2017,PS_2017_3842,PRE,2017,PS,Nous agirons avec les collectivités locales pour en finir avec le logement rare et cher.
PS_2017,PS_2017_3843,PRE,2017,PS,"Nous mobiliserons les RÉSERVES FONCIÈRES disponibles dans les collectivités, et utiliserons le levier des dotations versées aux collectivités pour assurer le respect des objectifs de construction."
PS_2017,PS_2017_3844,PRE,2017,PS,"POUR LE LOGEMENT ET LE RENOUVELLEMENT URBAIN Parce que chacun doit pouvoir se loger, je renforcerai l’ENCADREMENT DES LOYERS dans les métropoles."
PS_2017,PS_2017_3845,PRE,2017,PS,"Je créerai une GARANTIE UNIVERSELLE DES LOYERS, pour sécuriser les locataires comme les propriétaires."
PS_2017,PS_2017_3846,PRE,2017,PS,"Je mobiliserai des moyens supplémentaires pour aller vers la construction de 150 000 LOGEMENTS SOCIAUX par an, dont 130 000 logements très sociaux."
PS_2017,PS_2017_3847,PRE,2017,PS,"Jusqu’en 2022, nous construirons 60 000 logements sociaux pour les jeunes et les étudiants, et adapterons 150 000 logements pour le vieillissement."
PS_2017,PS_2017_3848,PRE,2017,PS,"Pour DÉVELOPPER L’OFFRE DE LOGEMENT SOCIAL, je renforcerai l’application de la loi SRU, et j’augmenterai les aides à la pierre par des crédits de l’État et une contribution prélevée sur les transactions et les logements haut de gamme."
PS_2017,PS_2017_3849,PRE,2017,PS,Nous mettrons en place un BOUCLIER ÉNERGÉTIQUE qui garantira que les ménages habitant les logements les moins bien isolés ne dépenseront pas plus de 10 % de leur revenu dans leur facture d’énergie.
PS_2017,PS_2017_3850,PRE,2017,PS,"Pour lutter contre la grande pauvreté, nous ferons de la France UN PAYS « ZÉRO BIDONVILLE »."
PS_2017,PS_2017_3851,PRE,2017,PS,Nous créerons 15 000 places d’hébergement pérennes.
PS_2017,PS_2017_3852,PRE,2017,PS,Je généraliserai le droit à un accompagnement global des personnes en détresse.
PS_2017,PS_2017_3853,PRE,2017,PS,"Pour nos QUARTIERS POPULAIRES, le plan national de renouvellement urbain sera doté de 10 milliards d’euros."
PS_2017,PS_2017_3854,PRE,2017,PS,Ces moyens nouveaux permettront de poursuivre leur rénovation et d’y créer 20 000 emplois de proximité pour soutenir le travail des acteurs associatifs.
PS_2017,PS_2017_3855,PRE,2017,PS,"Pour les peines de moins de six mois, les alternatives prévues par la loi Taubira, qui préviennent mieux contre la récidive et préparent plus efficacement la réinsertion, seront maintenues."
PS_2017,PS_2017_3856,PRE,2017,PS,"Pour MIEUX PRÉPARER À LA RÉINSERTION, un effort sera fait pour la dignité dans les prisons."
PS_2017,PS_2017_3857,PRE,2017,PS,"Pour assurer la protection des citoyens avec plus d’efficacité et de rapidité, LES MOYENS DE LA JUSTICE – civile, sociale, pénale – seront augmentés."
PS_2017,PS_2017_3858,PRE,2017,PS,"Je poursuivrai sa modernisation et sa simplification afin qu’elle soit plus accessible et plus proche, pour les petites comme pour les grandes affaires."
PS_2017,PS_2017_3859,PRE,2017,PS,"Nous étendrons l’ACTION DE GROUPE, et les délais d’instruction et d’exécution seront réduits."
PS_2017,PS_2017_3860,PRE,2017,PS,J’instaurerai une « GARANTIE SERVICE PUBLIC » universelle.
PS_2017,PS_2017_3861,PRE,2017,PS,"Chaque bassin de vie aura le droit à la présence, garantie par la loi, d’un panier de services publics à moins de 30 minutes, intégrant la lutte contre les déserts médicaux."
PS_2017,PS_2017_3862,PRE,2017,PS,"POUR DES SERVICES PUBLICS PROTECTEURS Je créerai des TERRITOIRES PRIORITAIRES d’action publique pour coordonner l’action de l’ensemble des services publics là où sont les besoins : zones rurales, péri-urbaines, quartiers périphériques, avec une attention particulière aux outre-mer."
PS_2017,PS_2017_3863,PRE,2017,PS,"Je créerai des OBSERVATOIRES CITOYENS DE LA QUALITÉ du service public, avec les associations d’usagers, les organisations syndicales, l’expertise des agents publics, pour identifier les réussites, les blocages, les améliorations."
PS_2017,PS_2017_3864,PRE,2017,PS,"Pour INNOVER dans les services publics, je valoriserai les initiatives co-développées avec les acteurs locaux."
PS_2017,PS_2017_3865,PRE,2017,PS,Je préserverai LA PART DU CAPITAL PUBLIC DANS LES GRANDES ENTREPRISES PUBLIQUES et permettrai à l’État d’utiliser la possibilité d’une nationalisation temporaire en cas de nécessité.
PS_2017,PS_2017_3866,PRE,2017,PS,"Une loi-cadre sera adoptée en début de quinquennat pour fixer UNE FEUILLE DE ROUTE AUX GRANDES ENTREPRISES DE SERVICES PUBLICS (La Poste, EDF, SNCF, etc.)."
PS_2017,PS_2017_3867,PRE,2017,PS,POUR UNE FONCTION PUBLIQUE CONSIDÉRÉE ET MOBILISÉE.
PS_2017,PS_2017_3868,PRE,2017,PS,"Je revaloriserai le POINT D’INDICE DES FONCTIONNAIRES, avec un dispositif de hausse supérieure de pouvoir d’achat pour les fonctionnaires de catégorie C."
PS_2017,PS_2017_3869,PRE,2017,PS,"Je poursuivrai le chantier de l’amélioration des conditions de travail, par le renforcement de la médecine du travail, la prévention de la pénibilité et la RECONNAISSANCE DU BURN-OUT, syndrome d’épuisement professionnel."
PS_2017,PS_2017_3870,PRE,2017,PS,"Je permettrai aux agents publics de construire de véritables parcours professionnels par la priorité donnée à la FORMATION CONTINUE, et par la mobilité et la création d’un droit à la reconversion."
PS_2017,PS_2017_3871,PRE,2017,PS,Je poursuivrai la féminisation de la fonction publique à tous les degrés hiérarchiques.
PS_2017,PS_2017_3872,PRE,2017,PS,"Je défendrai le STATUT DE LA FONCTION PUBLIQUE, qui protège le citoyen autant que l’agent public."
PS_2017,PS_2017_3873,PRE,2017,PS,"Je m’appuierai sur un DIALOGUE SOCIAL RENFORCÉ, impliquant, à tous les niveaux, tous les acteurs."
PS_2017,PS_2017_3874,PRE,2017,PS,J’élargirai la définition de la situation de conflit d’intérêts.
PS_2017,PS_2017_3875,PRE,2017,PS,La fonction publique sera protégée du « pantouflage » par un renforcement des règles de nomination.
PS_2017,PS_2017_3876,PRE,2017,PS,POUR LA RÉPUBLIQUE DES TERRITOIRES.
PS_2017,PS_2017_3877,PRE,2017,PS,Je créerai un FONDS UNIQUE DÉDIÉ À LA REVITALISATION des centres-bourgs et des centres-villes.
PS_2017,PS_2017_3878,PRE,2017,PS,Je stabiliserai notre ORGANISATION TERRITORIALE.
PS_2017,PS_2017_3879,PRE,2017,PS,Je renouerai avec l’esprit de la décentralisation dans un pacte de confiance avec les collectivités.
PS_2017,PS_2017_3880,PRE,2017,PS,LES DOTATIONS AUX COLLECTIVITÉS TERRITORIALES NE BAISSERONT PLUS.
PS_2017,PS_2017_3881,PRE,2017,PS,Aucune dépense supplémentaire ne sera demandée sans ressources nouvelles.
PS_2017,PS_2017_3882,PRE,2017,PS,Je proposerai qu’une feuille de route soit établie avant fin 2017 entre l’État et les collectivités lors d’une CONFÉRENCE DES TERRITOIRES.
PS_2017,PS_2017_3883,PRE,2017,PS,"Elle définira un cadre financier pour le quinquennat, décliné chaque année par une loi de financement des collectivités."
PS_2017,PS_2017_3884,PRE,2017,PS,Je veillerai à ce qu’AUCUN TERRITOIRE NE SOIT OUBLIÉ.
PS_2017,PS_2017_3885,PRE,2017,PS,"État et collectivités locales doivent être, ensemble, les acteurs de la cohésion sociale, territoriale et économique."
PS_2017,PS_2017_3886,PRE,2017,PS,Je relancerai un mouvement ambitieux d’aménagement du territoire.
PS_2017,PS_2017_3887,PRE,2017,PS,"Je consoliderai le MAILLAGE DU RÉSEAU FERROVIAIRE, afin que tous nos territoires restent correctement desservis et que la sécurité soit assurée."
PS_2017,PS_2017_3888,PRE,2017,PS,"Tous les arrêts de train des lignes d’équilibre du territoire, tel que reconnu par le schéma national des services de transport, seront maintenus."
PS_2017,PS_2017_3889,PRE,2017,PS,"Je doterai les outre-mer d’un FONDS POUR L’ÉGALITÉ RÉELLE OUTRE-MER de 2,5 milliards d’euros sur 5 ans, principalement affecté à la construction d’infrastructures structurantes et en fonction des priorités définies par les plans de convergences de chaque territoire."
PS_2017,PS_2017_3890,PRE,2017,PS,"Dans les outre-mer, je maintiendrai la sur-rémunération des fonctionnaires, et j’assurerai l’égalité dans l’ACCÈS AUX SERVICES PUBLICS dans ces collectivités en tenant compte des spécificités de chaque territoire."
PS_2017,PS_2017_3891,PRE,2017,PS,L’HISTOIRE DES OUTRE-MER sera ajoutée aux programmes scolaires de tous les élèves.
PS_2017,PS_2017_3892,PRE,2017,PS,Je financerai une chaire d’excellence consacrée aux outre-mer.
PS_2017,PS_2017_3893,PRE,2017,PS,Je soutiendrai le projet de Mémorial national des victimes de la traite négrière et de l’esclavage à Paris.
PS_2017,PS_2017_3894,PRE,2017,PS,"Je doterai la France d’UNE STRATÉGIE MARITIME de long terme basée sur le développement des énergies marines renouvelables, la modernisation de la pêche, notamment côtière, la protection des ressources halieutiques."
PS_2017,PS_2017_3895,PRE,2017,PS,Je mènerai le combat pour la reconnaissance d’un espace maritime européen et pour une gouvernance mondiale des océans.
PS_2017,PS_2017_3896,PRE,2017,PS,"J’investirai dans l’ÉCONOMIE BLEUE (ports, construction navale, formation aux emplois de demain, recherche, innovation...)."
PS_2017,PS_2017_3897,PRE,2017,PS,J’assurerai la PROTECTION DE LA MONTAGNE comme patrimoine naturel exceptionnel tout en permettant un développement raisonné favorisant l’accès aux services publics et le développement économique local.
PS_2017,PS_2017_3898,PRE,2017,PS,"Je lutterai contre les zones blanches, et j’investirai dans le TRÈS HAUT DÉBIT FIXE ET MOBILE, pour garantir une égalité effective à tous les citoyens."
PS_2017,PS_2017_3899,PRE,2017,PS,"À cet effet, je créerai un droit à la connexion haut débit."
PS_2017,PS_2017_3900,PRE,2017,PS,POUR LA JUSTICE FISCALE.
PS_2017,PS_2017_3901,PRE,2017,PS,"Pour lutter contre la présence des banques dans les PARADIS FISCAUX, j’établirai une liste crédible des paradis fiscaux."
PS_2017,PS_2017_3902,PRE,2017,PS,Les juridictions qui refusent de changer leurs pratiques subiront des sanctions commerciales.
PS_2017,PS_2017_3903,PRE,2017,PS,Je ferai de la LUTTE CONTRE L’ÉVASION FISCALE et la fraude une priorité.
PS_2017,PS_2017_3904,PRE,2017,PS,Les moyens du parquet national financier et des brigades financières spécialisées ainsi que ceux des services fiscaux seront renforcés.
PS_2017,PS_2017_3905,PRE,2017,PS,Un concours spécifique pour devenir enquêteur financier sera mis en place.
PS_2017,PS_2017_3906,PRE,2017,PS,Je soutiendrai également la création d’un parquet européen.
PS_2017,PS_2017_3907,PRE,2017,PS,La justice pourra poursuivre les fraudeurs fiscaux sans autorisation préalable de l’administration fiscale (suppression du « verrou de Bercy »).
PS_2017,PS_2017_3908,PRE,2017,PS,"Pour mettre fin à l’optimisation fiscale qui prive notre pays des ressources qui lui sont dues, j’instaurerai une TAXE SUR LES BÉNÉFICES DÉTOURNÉS par les multinationales et j’imposerai la TRANSPARENCE FISCALE aux entreprises, qui devront transmettre les activités et impôts payés dans tous les pays où elles sont présentes."
PS_2017,PS_2017_3909,PRE,2017,PS,Ces informations seront rendues publiques.
PS_2017,PS_2017_3910,PRE,2017,PS,Je réformerai l’imposition sur le patrimoine.
PS_2017,PS_2017_3911,PRE,2017,PS,Ceux qui héritent d’un patrimoine et ceux qui sont obligés de s’endetter pour l’acquérir doivent être traités différemment.
PS_2017,PS_2017_3912,PRE,2017,PS,"Pour aider les primo-accédants, la TAXE FONCIÈRE TIENDRA COMPTE DES EMPRUNTS."
PS_2017,PS_2017_3913,PRE,2017,PS,Je mènerai à bien le PRÉLÈVEMENT À LA SOURCE de l’impôt sur le revenu.
PS_2017,PS_2017_3914,PRE,2017,PS,"Je souhaite que les banques, que nous avons collectivement aidées à survivre à la crise, participent activement à la sortie de crise : elle s’acquitteront, à hauteur de 5 millards d’euros, d’une CONTRIBUTION ASSISE SUR LES SUPER-PROFITS qu’elles réalisent."
PS_2017,PS_2017_3915,PRE,2017,PS,Nous lutterons activement contre les risques systémiques.
PS_2017,PS_2017_3916,PRE,2017,PS,"POUR LA CULTURE PARTOUT, PAR TOUS, POUR TOUS."
PS_2017,PS_2017_3917,PRE,2017,PS,"Je porterai l’EFFORT PUBLIC À 1 % DU PIB, en créant un ministère de la Culture, des Médias et du Temps libre, et en soutenant le réengagement des collectivités locales pour lutter contre les inégalités entre les territoires."
PS_2017,PS_2017_3918,PRE,2017,PS,"Je lancerai un plan pour les ARTS À L’ÉCOLE : en inscrivant et en accompagnant tous les enfants de CP dans une bibliothèque, en développant les pratiques musicales collectives, l’éducation à l’image et en renforçant la présence des artistes dans les écoles, collèges et lycées."
PS_2017,PS_2017_3919,PRE,2017,PS,"Je créerai une journée annuelle « RUE LIBRE POUR LA CULTURE », lors de laquelle les institutions et acteurs culturels proposeront de construire avec les habitants des programmations hors les murs."
PS_2017,PS_2017_3920,PRE,2017,PS,"Pour faire vivre au quotidien les droits culturels, je soutiendrai la CRÉATION DE FABRIQUES DE CULTURE, les projets dans l’espace public et les lieux de vie, la participation des artistes et des habitants."
PS_2017,PS_2017_3921,PRE,2017,PS,Je développerai un plan de mise en ligne des collections patrimoniales publiques.
PS_2017,PS_2017_3922,PRE,2017,PS,J’encouragerai le développement des BIENS COMMUNS DE LA CONNAISSANCE et je garantirai la diversité culturelle sur les plateformes numériques.
PS_2017,PS_2017_3923,PRE,2017,PS,"Je veux PROMOUVOIR LE FRANÇAIS comme langue en partage dans le monde, selon une démarche ouverte, et proposerai la création d’un « Palais de la langue française »."
PS_2017,PS_2017_3924,PRE,2017,PS,"Je mettrai en oeuvre un STATUT DE L’ARTISTE pour ceux qui n’ont pas accès à l’intermittence, je défendrai le droit d’auteur et je m’engagerai pour de nouvelles formes de financement de la création des acteurs mondiaux du numérique."
PS_2017,PS_2017_3925,PRE,2017,PS,Je veux que les artistes prennent toute leur place dans la société et puissent vivre de leur travail.
PS_2017,PS_2017_3926,PRE,2017,PS,"Je soutiendrai l’ENTREPRENARIAT CULTUREL et l’export de la culture française pour trouver des modèles économiques pérennes novateurs et solidaires : jeu vidéo, design, métiers d’art, édition, librairies, galeries d’art."
PS_2017,PS_2017_3927,PRE,2017,PS,POUR DE NOUVEAUX DROITS ET DE NOUVELLES LIBERTÉS.
PS_2017,PS_2017_3928,PRE,2017,PS,"Parce qu’elle protège la liberté de conscience, la possibilité de croire ou de ne pas croire, je ferai scrupuleusement respecter la loi de 1905 sur la LAÏCITÉ."
PS_2017,PS_2017_3929,PRE,2017,PS,Je ferai appliquer les sanctions avec fermeté.
PS_2017,PS_2017_3930,PRE,2017,PS,Un numéro vert sera mis en place 24h/24h et 7j/7j pour que les individus puissent trouver une protection de l’État.
PS_2017,PS_2017_3931,PRE,2017,PS,J’assurerai un meilleur accès aux SOINS PALLIATIFS.
PS_2017,PS_2017_3932,PRE,2017,PS,Je garantirai le DROIT À MOURIR DANS LA DIGNITÉ.
PS_2017,PS_2017_3933,PRE,2017,PS,J’ouvrirai l’accès à la PROCRÉATION MÉDICALEMENT ASSISTÉE aux femmes seules et aux couples de femmes.
PS_2017,PS_2017_3934,PRE,2017,PS,Je simplifierai dans notre droit la possibilité pour les personnes trans de CHANGER LA MENTION DU SEXE à l’état civil sur déclaration devant un officier d’état civil.
PS_2017,PS_2017_3935,PRE,2017,PS,Je ferai ratifier par la France la CHARTE DES LANGUES RÉGIONALES ou minoritaires.
PS_2017,PS_2017_3936,PRE,2017,PS,"Pour assurer la reconnaissance de la filiation de tous les enfants, je créerai un STATUT DU BEAU-PARENT et j’élargirai les possibilités de reconnaissance en parenté d’un enfant."
PS_2017,PS_2017_3937,PRE,2017,PS,"Pour l’égalité réelle, je créerai un CORPS DE CONTRÔLE ANTI-DISCRIMINATIONS."
PS_2017,PS_2017_3938,PRE,2017,PS,La discrimination à l’adresse sera incluse comme critère d’évaluation des politiques publiques.
PS_2017,PS_2017_3939,PRE,2017,PS,"Pour lutter contre les plafonds de verre, des objectifs de recrutement de diplômés issus des quartiers seront assignés au service public de l’emploi."
PS_2017,PS_2017_3940,PRE,2017,PS,"Je renforcerai les CORPS D’INSPECTION qui font respecter le droit du travail, les règles sanitaires et vétérinaires, et les règles fiscales."
PS_2017,PS_2017_3941,PRE,2017,PS,"POUR SORTIR DE L’AUSTÉRITÉ ET PRÉPARER L’AVENIR, REFONDER L’EUROPE."
PS_2017,PS_2017_3942,PRE,2017,PS,L’Europe est en danger.
PS_2017,PS_2017_3943,PRE,2017,PS,"Sur tout le continent, des forces nationalistes prônent le repli sur soi et la xénophobie, tandis que les peuples souffrent d’une croissance trop faible et du chômage de masse."
PS_2017,PS_2017_3944,PRE,2017,PS,"Alors que la mondialisation exige une Europe puissante et protectrice, elle se retrouve dangereusement menacée de fragmentation, de désagrégation."
PS_2017,PS_2017_3945,PRE,2017,PS,"La France, pays fondateur et moteur de l’Union européenne, ne peut s’y résoudre."
PS_2017,PS_2017_3946,PRE,2017,PS,"Face aux défis que les Européens doivent relever, la solution ne peut venir ni du retour à des États-nations divisés, ni de la poursuite de l’austérité économique et de son pendant, le déficit démocratique."
PS_2017,PS_2017_3947,PRE,2017,PS,"Les peuples seront mieux entendus et l’Europe sera mieux comprise si les choix faits par les institutions européennes sont rendus plus transparents, tournés vers les projets au service des Européens."
PS_2017,PS_2017_3948,PRE,2017,PS,"Bâtissons l’Europe de l’investissement pour financer les infrastructures et les projets favorables aux énergies renouvelables et décarbonées, au numérique, à la santé, à l’éducation."
PS_2017,PS_2017_3949,PRE,2017,PS,"Démocratisons le gouvernement économique de la zone euro pour la croissance durable et l’emploi, l’harmonisation fiscale et sociale, des objectifs partagés de réduction des déficits."
PS_2017,PS_2017_3950,PRE,2017,PS,"Pour y parvenir, nous avons besoin d’un nouveau traité budgétaire et d’une assemblée démocratique représentative, car ces choix politiques doivent être décidés par des parlementaires élus par les citoyens."
PS_2017,PS_2017_3951,PRE,2017,PS,Mettons en oeuvre l’Europe des énergies.
PS_2017,PS_2017_3952,PRE,2017,PS,Agissons pour l’Europe de la défense.
PS_2017,PS_2017_3953,PRE,2017,PS,"Dans un monde instable, les Européens doivent être capables de prendre en main leur destin, et assurer, ensemble, la sécurité du continent."
PS_2017,PS_2017_3954,PRE,2017,PS,"L’Europe du progrès sera solide et solidaire, une puissance qui affirme ses valeurs et défend ses intérêts dans une mondialisation régulée."
PS_2017,PS_2017_3955,PRE,2017,PS,Je proposerai aux États membres de la zone euro un TRAITÉ DE DÉMOCRATISATION DE GOUVERNANCE DE LA ZONE EURO qui prévoira la mise en place d’une assemblée démocratique représentative et qui sera l’émanation des Parlements nationaux et du Parlement européen.
PS_2017,PS_2017_3956,PRE,2017,PS,"Elle sera l’enceinte où seront débattus publiquement le budget de la zone euro, les politiques d’harmonisation fiscale et sociale."
PS_2017,PS_2017_3957,PRE,2017,PS,Elle décidera de la mutualisation d’une partie des DETTES SOUVERAINES afin d’abaisser le coût du crédit.
PS_2017,PS_2017_3958,PRE,2017,PS,"Je refuserai la ratification du CETA et du TAFTA, et m’opposerai au statut d’économie de marché de la Chine."
PS_2017,PS_2017_3959,PRE,2017,PS,"Je porterai le changement des règles de nos accords commerciaux au profit du JUSTE ÉCHANGE, en proposant de nouveaux critères protecteurs de notre environnement et de nos citoyens à l’image de l’ajustement carbone aux frontières."
PS_2017,PS_2017_3960,PRE,2017,PS,Je soutiendrai un « Buy European Act » pour protéger les secteurs stratégiques européens face à la concurrence internationale.
PS_2017,PS_2017_3961,PRE,2017,PS,"Sur le volet social, je veux mettre fin à la concurrence entre les peuples."
PS_2017,PS_2017_3962,PRE,2017,PS,Je demandrai une révision de la DIRECTIVE SUR LES TRAVAILLEURS DÉTACHÉS.
PS_2017,PS_2017_3963,PRE,2017,PS,J’oeuvrerai aussi à la création d’un socle européen des droits sociaux comprenant un salaire minimum garanti pour que le salaire des uns ne soit plus un avantage comparatif contre les autres.
PS_2017,PS_2017_3964,PRE,2017,PS,Je lutterai CONTRE L’OPTIMISATION FISCALE en mettant en place une taxe sur les multinationales.
PS_2017,PS_2017_3965,PRE,2017,PS,Je proposerai une Taxe sur les Transactions Financières à mes partenaires européens.
PS_2017,PS_2017_3966,PRE,2017,PS,"Elle accompagnera une refonte du budget de l’Union et de la fiscalité pour sortir de la concurrence et de l’injustice fiscale, mais aussi pour retrouver des marges de manoeuvre budgétaires."
PS_2017,PS_2017_3967,PRE,2017,PS,"Je prendrai l’initiative d’un ambitieux programme POUR LA TRANSITION ÉCOLOGIQUE ET ÉCONOMIQUE, avec la mise en oeuvre par un plan d’investissement de 1 000 milliards d’euros."
PS_2017,PS_2017_3968,PRE,2017,PS,Je proposerai à nos partenaires une EUROPE DE L’ÉNERGIE.
PS_2017,PS_2017_3969,PRE,2017,PS,La première communauté européenne fut celle du charbon et de l’acier.
PS_2017,PS_2017_3970,PRE,2017,PS,"Le temps d’un nouveau souffle est venu, celui d’une stratégie européenne pour l’environnement, la sobriété, l’efficacité et l’indépendance énergétiques, la maîtrise du prix de l’énergie, la réindustrialisation et la souveraineté."
PS_2017,PS_2017_3971,PRE,2017,PS,Je proposerai aux Européens une initiative pour renforcer leur sécurité grâce à une plus grande COOPÉRATION EUROPÉENNE DANS LE DOMAINE DE LA DÉFENSE.
PS_2017,PS_2017_3972,PRE,2017,PS,Celle-ci comprendra une amélioration du hub européen afin que nos partenaires accentuent leur soutien logistique et financier aux opérations extérieures faites par la France.
PS_2017,PS_2017_3973,PRE,2017,PS,Les états-majors européens et les brigades binationales seront renforcés.
PS_2017,PS_2017_3974,PRE,2017,PS,"Pour CONTRER LE TERRORISME, nos moyens de renseignement seront progressivement mutualisés avec la mise en place de task forces multilatérales pour aboutir à une agence de renseignement européenne."
PS_2017,PS_2017_3975,PRE,2017,PS,Je défendrai la mise en place d’un MÉCANISME DE L’ÉTAT DE DROIT auquel devront se conformer les États-membres.
PS_2017,PS_2017_3976,PRE,2017,PS,"Il sera assorti de sanctions financières en cas de non-respect, car le projet européen est celui du respect de l’État de droit, des la protections des droits humains et de la liberté de la presse."
PS_2017,PS_2017_3977,PRE,2017,PS,"POUR UN MONDE PLUS JUSTE ET PLUS SÛR, UNE FRANCE INDÉPENDANTE ET PROTECTRICE."
PS_2017,PS_2017_3978,PRE,2017,PS,"Le monde est global, connecté, instable."
PS_2017,PS_2017_3979,PRE,2017,PS,"Aucune nation, si puissante soit-elle par sa géographie, son économie ou sa capacité militaire, ne peut résoudre seule les défis du futur."
PS_2017,PS_2017_3980,PRE,2017,PS,"Face au réchauffement climatique, au terrorisme, qui n’a pas de frontières, aux évolutions technologiques, aux migrations internationales, aux dérèglements du capitalisme financier, les réponses nationales trouvent leur efficacité dans la coopération internationale – la COP 21 et l’accord de Paris sur le climat l’ont démontré."
PS_2017,PS_2017_3981,PRE,2017,PS,La France est une puissance indépendante.
PS_2017,PS_2017_3982,PRE,2017,PS,"Partout sur la planète, la France est aujourd’hui respectée, sa voix est attendue et entendue."
PS_2017,PS_2017_3983,PRE,2017,PS,La France est plus grande que la France.
PS_2017,PS_2017_3984,PRE,2017,PS,"Son devoir est de protéger ses citoyens des nouvelles menaces, et d’abord du terrorisme qui l’a frappée dans sa chair et sur son sol."
PS_2017,PS_2017_3985,PRE,2017,PS,"Sa mission est d’agir dans le monde pour servir la paix, la stabilité et la sécurité, le dialogue entre les peuples, les droits de l’homme."
PS_2017,PS_2017_3986,PRE,2017,PS,"Je porterai l’ambition d’un environnement sûr, d’un monde solidaire et d’une planète préservée pour les générations futures."
PS_2017,PS_2017_3987,PRE,2017,PS,"Régulation collective, respect du droit international et des droits humains, lutte contre le terrorisme, solidarité, protection des biens communs : c’est la feuille de route de ma diplomatie, ce sont les intérêts de la France."
PS_2017,PS_2017_3988,PRE,2017,PS,"Mal régulée, la mondialisation blesse nos sociétés et attise les peurs ; mal défendu, l’ordre international vacille."
PS_2017,PS_2017_3989,PRE,2017,PS,"Animée d’un projet européen ambitieux, forte de ses responsabilités au sein des organisations internationales, armée d’une diplomatie efficace, la France est prête à relever ces défis."
PS_2017,PS_2017_3990,PRE,2017,PS,LA DÉFENSE NATIONALE.
PS_2017,PS_2017_3991,PRE,2017,PS,"Pour garantir notre SOUVERAINETÉ, notre autonomie de décision et notre liberté d’action, je pérenniserai notre capacité de projection et notre dissuasion nucléaire."
PS_2017,PS_2017_3992,PRE,2017,PS,"J’investirai dans l’entraînement de nos forces armées, garantirai un groupe aéronaval à la France et assurerai la protection de notre zone économique exclusive (ZEE) en modernisant notre flotte."
PS_2017,PS_2017_3993,PRE,2017,PS,JE DONNERAI À NOS FORCES ARMÉES LES MOYENS D’AGIR.
PS_2017,PS_2017_3994,PRE,2017,PS,Le modèle de défense français continue à être l’un des plus complets et perfectionnés au monde.
PS_2017,PS_2017_3995,PRE,2017,PS,Je ferai préparer pour l’automne 2017 une loi de programmation en matière de défense qui prévoira des moyens pour la défense nationale à hauteur d’au moins de 2 % DU PIB à la fin du quinquennat.
PS_2017,PS_2017_3996,PRE,2017,PS,"Pour parer aux situations de mal-être dans l’armée, je porterai une attention sans faille à la situation sociale des militaires français."
PS_2017,PS_2017_3997,PRE,2017,PS,Le burn-out existe aussi pour les soldats.
PS_2017,PS_2017_3998,PRE,2017,PS,Je mettrai fin à la décrue des effectifs et j’améliorerai la COUVERTURE SOCIALE des militaires ainsi que celle de leur famille.
PS_2017,PS_2017_3999,PRE,2017,PS,"Pour nos militaires qui interviennent dans les opérations extérieures, je consoliderai l’accompagnement psychologique au moment du retour au pays."
PS_2017,PS_2017_4000,PRE,2017,PS,"Ces mesures iront de pair avec une meilleure gestion des mutations et des CARRIÈRES DES MILITAIRES, notamment pour faciliter leur reconversion vers la vie civile."
PS_2017,PS_2017_4001,PRE,2017,PS,"Je demanderai que LE BUDGET DE LA DÉFENSE SOIT EXCLU DU CALCUL DU DÉFICIT, pour la part qui excède la dépense moyenne des États européens."
PS_2017,PS_2017_4002,PRE,2017,PS,"Après le Brexit, la France sera le seul pays de l’Union européenne à disposer de l’ensemble de l’outil militaire dans toutes ses composantes."
PS_2017,PS_2017_4003,PRE,2017,PS,"Pour que notre action militaire s’inscrive dans le cadre d’une STRATÉGIE GÉOPOLITIQUE, je développerai les moyens nécessaires tels que les capacités de médiation et de facilitation des processus politiques, la projection de capacités civiles, les enjeux du post-conflit (réforme de la sécurité, désarmement et réinsertion, justice transitionnelle) ou encore l’articulation du civil et du militaire."
PS_2017,PS_2017_4004,PRE,2017,PS,"Je renforcerai les moyens de l’aide sociale en faveur des VEUFS, DES VEUVES ET DES ANCIENS COMBATTANTS les plus démunis."
PS_2017,PS_2017_4005,PRE,2017,PS,UN MONDE DE PAIX.
PS_2017,PS_2017_4006,PRE,2017,PS,La France restera attachée à l’ORGANISATION DES NATIONS UNIES (ONU).
PS_2017,PS_2017_4007,PRE,2017,PS,"Loin de l’unilatéralisme et de la brutalité esquissés par la Russie de Vladimir Poutine, la Chine de Xi Jinping ou les États-Unis de Donald Trump, elle défendra une autre vision en Syrie, en Ukraine, au Sahel et partout dans le monde."
PS_2017,PS_2017_4008,PRE,2017,PS,"Pour allier développement et sécurité, droits humains et nouvelles règles commerciales, la France nouera ou consolidera, en Asie, dans le Pacifique et dans les Amériques, des PARTENARIATS FÉCONDS avec les États amènes."
PS_2017,PS_2017_4009,PRE,2017,PS,"Je préserverai les politiques internationales qui s’inscrivent dans notre vision du monde, juste et humaniste (accord de Paris sur le climat, Cour pénale internationale, accord sur le nucléaire iranien)."
PS_2017,PS_2017_4010,PRE,2017,PS,"Pour favoriser la coexistence de deux États vivant en paix et en sécurité, JE RECONNAÎTRAI L’ÉTAT PALESTINIEN aux côtés de l’État d’Israël."
PS_2017,PS_2017_4011,PRE,2017,PS,"J’inscrirai notre AIDE PUBLIQUE AU DÉVELOPPEMENT dans une trajectoire de 0,7 % du revenu national brut."
PS_2017,PS_2017_4012,PRE,2017,PS,"Je porterai nos subventions à un milliard d’euros par an à partir de 2020, financées notamment par l’élargissement de la taxe sur les transactions financières."
PS_2017,PS_2017_4013,PRE,2017,PS,"La France accompagnera les transitions avec nos partenaires d’Afrique, en Méditerranée et au Sahel."
PS_2017,PS_2017_4014,PRE,2017,PS,"Pour développer la COOPÉRATION MILITAIRE ET DIPLOMATIQUE, je ferai en sorte que notre action militaire et nos sanctions soient largement appuyées par les partenaires européens et régionaux concernés."
PS_2017,PS_2017_4015,PRE,2017,PS,"Au-delà des interventions, notre diplomatie déploiera une action politique et civile déterminée et efficace."
PS_2017,PS_2017_4016,PRE,2017,PS,"Pour un monde durable et vivant, je m’emploierai à GARANTIR LA MISE EN OEUVRE DE LA COP 21 et les objectifs de développement durable, y compris dans les lois de finance."
PS_2017,PS_2017_4017,PRE,2017,PS,"La France prendra une initiative internationale et proposera la création d’un OFFICE MONDIAL DES BIENS COMMUNS chargé de leur définir un statut juridique international : l’air, les eaux, l’espace et la biodiversité."
PS_2017,PS_2017_4018,PRE,2017,PS,"L’essentiel des migrations internationales ne se fait pas selon un axe Sud-Nord, mais selon un axe Sud-Sud."
PS_2017,PS_2017_4019,PRE,2017,PS,J’agirai sur les deux volets.
PS_2017,PS_2017_4020,PRE,2017,PS,"Dans les régions fragiles ou à forte mobilité, j’oeuvrerai en faveur de l’accompagnement des migrations intra-régionales."
PS_2017,PS_2017_4021,PRE,2017,PS,"En Europe, j’instaurerai un VISA HUMANITAIRE pour l’accueil des réfugiés, et l’expérimentation de nouvelles formes de circulation permettant une fluidification des allers-retours pour les migrations de travail."
PS_2017,PS_2017_4022,PRE,2017,PS,Je soutiendrai une révision du règlement de Dublin fondée sur les valeurs d’accueil et de solidarité entre les États de l’Union européenne.
PS_2017,PS_2017_4023,PRE,2017,PS,"Parce que notre vision du monde ne s’arrête pas aux seuls États, j’associerai les acteurs de la SOCIÉTÉ CIVILE, notamment les organisations non gouvernementales (ONG), à la construction de notre politique étrangère."
PS_2017,PS_2017_4024,PRE,2017,PS,"Parce que partager une même langue est un atout exceptionnel, culturel, scientifique et économique dans le monde d’aujourd’hui, je DÉFENDRAI LA FRANCOPHONIE."
PS_2017,PS_2017_4025,PRE,2017,PS,"Pour cultiver le sentiment d’appartenance à la francophonie, je proposerai un visa francophone pour les étudiants, les chercheurs, les chefs d’entreprise et les artistes."
PS_2017,PS_2017_4026,PRE,2017,PS,"Pour garantir la sécurité et la confiance dans le monde numérique, je proposerai un accord international pour la protection des données personnelles et la NEUTRALITÉ DU NET, qui scellerait les engagements des États, des acteurs économiques et de la société civile."
PS_2017,PS_2017_4027,PRE,2017,PS,"Je prendrai, à cet effet, l’initiative d’un sommet en France dès 2018."
PS_2017,PS_2017_4028,PRE,2017,PS,"Pour que le monde numérique tienne ses promesses d’émancipation et de progrès démocratique, je m’emploierai à assurer la protection des intérêts de la nation, en développant nos capacités de CYBERDÉFENSE."
PS_2017,PS_2017_4029,PRE,2017,PS,"Je soutiendrai le logiciel libre, qui contribue à notre souveraineté numérique."
PS_2017,PS_2017_4030,PRE,2017,PS,"Pour continuer à accompagner nos 2,5 millions de COMPATRIOTES ÉTABLIS À L’ÉTRANGER qui participent activement au rayonnement de notre pays dans le monde, je proposerai un service public de qualité à l’étranger."
PS_2017,PS_2017_4031,PRE,2017,PS,Un futur désirable est possible.
PS_2017,PS_2017_4032,PRE,2017,PS,"S’agissant des finances publiques, les politiques d’austérité ont échoué."
PS_2017,PS_2017_4033,PRE,2017,PS,"Il faut aujourd’hui inverser la logique : investir d’abord pour l’avenir, pour l’emploi, pour la compétitivité, dans la prévention des risques, de la santé, dans la protection de l’environnement et des salariés."
PS_2017,PS_2017_4034,PRE,2017,PS,C’est le plus sûr moyen de réduire sérieusement et durablement les déficits et la dette.
PS_2017,PS_2017_4035,PRE,2017,PS,"Sous l’hypothèse d’une croissance potentielle de 1,3 % du PIB, de retombées économiques annuelles de 0,6 % du PIB, et d’économies structurelles annuelles de 0,15 % du PIB, les déficits seront, en fin de période, au niveau de ceux du budget prévisionnel de 2017, soit 2,7 % du PIB."
PS_2017,PS_2017_4036,PRE,2017,PS,Élection présidentielle | 23 avril et 7 mai 2017.
PS_2017,PS_2017_4037,PRE,2017,PS,Faire Battre le Coeur de la France.
PS_2017,PS_2017_4038,PRE,2017,PS,"Pour un futur désirable, vouloir le progrès social, écologique et démocratique."
PS_2017,PS_2017_4039,PRE,2017,PS,Pour une République bienveillante et humaniste.
PS_2017,PS_2017_4040,PRE,2017,PS,"Pour sortir de l’austérité et préparer l’avenir, refonder l’Europe."
PS_2017,PS_2017_4041,PRE,2017,PS,"Pour un monde plus juste et plus sûr, une France indépendante et protectrice."
PS_2017,PS_2017_4042,PRE,2017,PS,"Le 23 et le 7 mai, je vote pour Benoît Hamon."
